"Time (s)","Acceleration x (m/s^2)","Acceleration y (m/s^2)","Acceleration z (m/s^2)"
1.161812100E-2,-6.281159520E-1,4.875675201E0,8.914461136E0
2.157093400E-2,-6.017948985E-1,4.945066929E0,8.268099785E0
3.153530900E-2,-5.802595019E-1,4.933103085E0,8.571988106E0
4.151598600E-2,-6.065805554E-1,4.863711357E0,8.519346237E0
5.151510000E-2,-5.706881881E-1,5.004887581E0,8.414061546E0
6.148395500E-2,-5.539384484E-1,4.894817829E0,8.461917877E0
7.137333000E-2,-5.682953596E-1,4.952245712E0,8.612666130E0
8.131208000E-2,-6.810571551E-1,4.866104126E0,8.445168495E0
9.131890200E-2,-7.959126234E-1,4.894817829E0,8.567202568E0
1.012859340E-1,-7.648059130E-1,4.851747036E0,8.344670296E0
1.112794750E-1,-6.930212379E-1,4.959424019E0,8.560024261E0
1.212574440E-1,-8.270193338E-1,4.875675201E0,8.481060982E0
1.311780690E-1,-8.868398666E-1,4.846961498E0,8.653642654E0
1.411321840E-1,-8.222336769E-1,4.811069012E0,8.418847084E0
1.511102570E-1,-7.815557122E-1,4.880460739E0,8.548059464E0
1.610742670E-1,-8.246265054E-1,4.863711357E0,8.490632057E0
1.710499960E-1,-7.791628838E-1,4.942674160E0,8.605487823E0
1.810187980E-1,-7.863413692E-1,4.890032291E0,8.574380875E0
1.909786940E-1,-7.624131441E-1,4.858925343E0,8.622237206E0
2.009437460E-1,-7.313064337E-1,4.837389946E0,8.473882675E0
2.109209860E-1,-6.954140663E-1,4.849354267E0,8.471489906E0
2.208910900E-1,-7.265207767E-1,4.839782715E0,8.488239288E0
2.308748920E-1,-7.576274872E-1,4.839782715E0,8.519346237E0
2.408506210E-1,-7.600203156E-1,4.844568729E0,8.588737488E0
2.508351000E-1,-6.906284094E-1,4.870889664E0,8.552845001E0
2.608144750E-1,-6.065805554E-1,4.894817829E0,8.524131775E0
2.707378610E-1,-5.635097623E-1,4.887639523E0,8.488239288E0
2.806937980E-1,-6.017948985E-1,4.868496895E0,8.514560699E0
2.906903610E-1,-6.185446382E-1,4.878067970E0,8.514560699E0
3.006632770E-1,-6.065805554E-1,4.897210598E0,8.488239288E0
3.106230170E-1,-5.922235847E-1,4.885246754E0,8.488239288E0
3.205903610E-1,-5.587241054E-1,4.875675201E0,8.521739006E0
3.305723400E-1,-4.917250574E-1,4.945066929E0,8.402097702E0
3.405457770E-1,-5.635097623E-1,4.923531532E0,8.469096184E0
3.504961420E-1,-6.472585201E-1,4.913960457E0,8.607880592E0
3.604598920E-1,-6.065805554E-1,4.933103085E0,8.545666695E0
3.704093710E-1,-5.443671346E-1,4.959424019E0,8.509774208E0
3.803716630E-1,-5.060819983E-1,4.952245712E0,8.483453751E0
3.903514550E-1,-5.180460811E-1,4.937888622E0,8.449954033E0
4.003155170E-1,-5.300102234E-1,4.892425060E0,8.497810364E0
4.103196320E-1,-5.802595019E-1,4.918745995E0,8.497810364E0
4.202877050E-1,-6.496513486E-1,4.897210598E0,8.493024826E0
4.302281730E-1,-6.616154313E-1,4.923531532E0,8.524131775E0
4.401934340E-1,-6.810571551E-1,4.954638481E0,8.519346237E0
4.501722880E-1,-6.834499836E-1,4.937888622E0,8.533702850E0
4.601389550E-1,-6.786643267E-1,4.935495853E0,8.440382957E0
4.701652050E-1,-7.265207767E-1,4.921138763E0,8.466703415E0
4.801378610E-1,-7.791628838E-1,4.911567688E0,8.507381439E0
4.900387460E-1,-7.695915699E-1,4.954638481E0,8.411668777E0
5.000041110E-1,-7.719843984E-1,4.952245712E0,8.406883240E0
5.099666630E-1,-7.887341380E-1,4.937888622E0,8.440382957E0
5.199317150E-1,-8.126623631E-1,4.916353226E0,8.519346237E0
5.298996840E-1,-8.485547304E-1,4.906782150E0,8.555238724E0
5.398650480E-1,-7.935197949E-1,4.959424019E0,8.512166977E0
5.498433300E-1,-6.762714982E-1,4.973781109E0,8.488239288E0
5.598099960E-1,-6.858428121E-1,4.966602325E0,8.440382957E0
5.697788500E-1,-7.049853802E-1,4.945066929E0,8.495417595E0
5.797457250E-1,-6.978068948E-1,4.947459698E0,8.473882675E0
5.896921840E-1,-6.930212379E-1,4.947459698E0,8.392526627E0
5.996569750E-1,-6.762714982E-1,4.937888622E0,8.540881157E0
6.096409860E-1,-6.786643267E-1,4.988137722E0,8.258528709E0
6.196077050E-1,-6.954140663E-1,4.976173878E0,8.461917877E0
6.295734340E-1,-7.384848595E-1,4.949852943E0,8.569595337E0
6.395399960E-1,-6.810571551E-1,5.019244671E0,8.390133858E0
6.494988500E-1,-6.281159520E-1,5.028815746E0,8.325527191E0
6.594646840E-1,-6.376872063E-1,4.995316505E0,8.461917877E0
6.694477570E-1,-7.265207767E-1,4.911567688E0,8.373383522E0
6.794152570E-1,-6.762714982E-1,5.105386257E0,8.035696983E0
6.893840070E-1,-5.252245665E-1,4.581058979E0,1.004686451E1
6.993516630E-1,-6.690930128E-1,5.196612358E0,8.136494637E0
7.093029130E-1,-5.108676553E-1,5.000102043E0,8.897710800E0
7.192689020E-1,-5.994020700E-1,5.110171795E0,8.021339417E0
7.292417150E-1,-6.257231236E-1,5.081458092E0,7.817949772E0
7.392083820E-1,-6.667001843E-1,4.866104126E0,8.502595901E0
7.491841630E-1,-6.520441771E-1,5.069493771E0,8.490632057E0
7.591517670E-1,-6.089733839E-1,5.100600719E0,8.349455833E0
7.691688500E-1,-5.635097623E-1,5.083850861E0,8.648857117E0
7.791414020E-1,-4.893322289E-1,5.107779026E0,8.296813011E0
7.890455170E-1,-4.079762697E-1,5.105386257E0,8.461917877E0
7.990111420E-1,-5.084748268E-1,5.059922695E0,8.483453751E0
8.089893710E-1,-4.677968323E-1,5.117350101E0,8.418847084E0
8.189562460E-1,-3.601198196E-1,5.146064281E0,8.363812447E0
8.289132770E-1,-3.361915946E-1,5.091029167E0,8.615058899E0
8.388791630E-1,-2.380858511E-1,5.146064281E0,8.251349449E0
8.488517150E-1,-3.002992272E-1,5.134099960E0,8.421239853E0
8.588182250E-1,-3.505485058E-1,5.040780067E0,8.519346237E0
8.687955170E-1,-4.510470629E-1,5.107779026E0,8.385348320E0
8.787631730E-1,-4.821537733E-1,5.004887581E0,8.473882675E0
8.887161940E-1,-5.036891699E-1,5.040780067E0,8.519346237E0
8.986823400E-1,-4.797609448E-1,5.052743912E0,8.280063629E0
9.086641630E-1,-5.084748268E-1,5.038387299E0,8.473882675E0
9.186318710E-1,-6.882356405E-1,5.012066364E0,8.478668213E0
9.285974960E-1,-6.786643267E-1,5.045565605E0,8.390133858E0
9.385649440E-1,-6.592226624E-1,4.997709274E0,8.536095619E0
9.485166630E-1,-7.073782086E-1,4.918745995E0,8.478668213E0
9.584825480E-1,-7.097710371E-1,4.933103085E0,8.390133858E0
9.684712980E-1,-6.667001843E-1,4.992923737E0,8.593523026E0
9.784394750E-1,-7.193422914E-1,5.088636398E0,8.382954597E0
9.884021840E-1,-7.528418303E-1,5.107779026E0,8.332705498E0
9.983698400E-1,-8.102695942E-1,5.057529926E0,8.550452232E0
1.008324892E0,-9.346963167E-1,5.024030209E0,8.504988670E0
1.018291246E0,-9.801599979E-1,5.052743912E0,8.332705498E0
1.028265309E0,-9.801599979E-1,5.045565605E0,8.375776291E0
1.038232444E0,-1.061515927E0,5.105386257E0,8.380561829E0
1.048202132E0,-1.063908815E0,5.172385216E0,8.294420242E0
1.058169475E0,-9.849455953E-1,5.169992447E0,8.397312164E0
1.068133798E0,-8.796614408E-1,5.201398373E0,8.390133858E0
1.078100830E0,-7.576274872E-1,5.270790100E0,8.299205780E0
1.088068382E0,-7.217351198E-1,5.256433010E0,8.359026909E0
1.098035413E0,-7.839485407E-1,5.213362217E0,8.406883240E0
1.108012288E0,-8.222336769E-1,5.215754986E0,8.303992271E0
1.117980361E0,-7.552346587E-1,5.254040241E0,8.404490471E0
1.127938277E0,-7.336992621E-1,5.306682587E0,8.375776291E0
1.137905257E0,-8.174480200E-1,5.297111034E0,8.215457916E0
1.147882392E0,-1.121336460E0,5.282754421E0,8.287241936E0
1.157850413E0,-1.145264745E0,5.287539959E0,8.236992836E0
1.167820934E0,-1.011266708E0,5.443073273E0,8.071588516E0
1.177789215E0,-1.902294010E-1,6.108577251E0,7.748558044E0
1.187739736E0,-4.558327198E-1,5.670391560E0,7.197909832E0
1.197706194E0,-6.544370055E-1,5.450251579E0,9.211469650E0
1.207686038E0,1.824527234E-2,5.864509106E0,6.747759819E0
1.217653850E0,-6.550352275E-2,5.862116337E0,8.670392990E0
1.227620152E0,4.301098585E-1,5.969793320E0,8.562417030E0
1.237587809E0,-4.271188378E-1,5.933900833E0,7.365406990E0
1.247545361E0,-2.356930375E-1,5.670391560E0,8.725427628E0
1.257512027E0,-7.552346587E-1,5.651248932E0,7.348657608E0
1.267490725E0,-6.667001843E-1,5.998507500E0,7.782057285E0
1.277458538E0,-9.825528264E-1,5.653641701E0,7.664809227E0
1.287428902E0,-9.059824944E-1,5.728118420E0,8.344670296E0
1.297397027E0,-7.839485407E-1,5.795117378E0,7.643273830E0
1.307343173E0,-1.344168067E0,5.311468124E0,8.959924698E0
1.317309007E0,-1.171585798E0,5.471786976E0,8.878568649E0
1.327290361E0,-1.303490162E0,5.878866196E0,7.226623535E0
1.337257757E0,-1.210170031E0,5.672784328E0,7.779664516E0
1.347224684E0,-1.154836059E0,5.478965759E0,8.076375008E0
1.357192027E0,-9.777671695E-1,5.543571949E0,7.580761433E0
1.367154423E0,-1.183549881E0,5.254040241E0,8.624629974E0
1.377121246E0,-1.322632670E0,5.581857204E0,8.292027473E0
1.387100777E0,-1.176371455E0,5.840580940E0,7.568797112E0
1.397068902E0,-9.059824944E-1,5.512465000E0,8.699107170E0
1.407038330E0,-1.075872898E0,5.395216942E0,8.160422325E0
1.417006559E0,-1.147657514E0,5.141278744E0,7.609774113E0
1.426970517E0,-1.322632670E0,4.662714005E0,8.866603851E0
1.436938330E0,-1.140479088E0,5.009673119E0,8.263314247E0
1.446907288E0,-1.183549881E0,5.562714577E0,7.547261715E0
1.456875152E0,-1.214955688E0,5.091029167E0,8.435597420E0
1.466843434E0,-3.244966507E0,3.805485249E0,9.357432365E0
1.476811350E0,-7.624131441E-1,4.674678326E0,8.749356270E0
1.486766975E0,-1.461416483E0,4.921138763E0,8.648857117E0
1.496733642E0,-1.820638895E0,5.342574596E0,8.404490471E0
1.506709788E0,-1.099801064E0,5.541179180E0,6.783652306E0
1.516677444E0,-1.322632670E0,5.150849819E0,8.770891190E0
1.526649267E0,-2.172383785E0,4.585844517E0,8.437990189E0
1.536617288E0,-1.322632670E0,5.306682587E0,8.030911446E0
1.546572444E0,-1.588235974E0,4.964209557E0,9.323932648E0
1.556539163E0,-1.839781523E0,4.849354267E0,7.980661869E0
1.566501559E0,-4.066302776E0,2.704188585E0,8.292027473E0
1.576467861E0,-3.384049416E0,3.144767046E0,1.050179958E1
1.586446142E0,-1.839781523E0,5.222933769E0,4.920839787E0
1.596413590E0,9.137591720E-1,8.213064194E0,7.236194611E0
1.606371038E0,-2.721835673E-2,6.024828434E0,8.940781593E0
1.616337496E0,-2.854936600E0,5.447858810E0,1.059751225E1
1.626295517E0,-3.575475216E0,4.708177567E0,6.536892414E0
1.636261142E0,-2.596212626E0,4.640879631E0,8.449954033E0
1.646251975E0,-1.959422588E0,5.165206909E0,6.300003052E0
1.656220152E0,-4.414757788E-1,5.464608669E0,7.003791809E0
1.666174267E0,-9.658030272E-1,5.098207951E0,1.136381340E1
1.676140986E0,-2.979363203E0,6.470192432E0,7.446763039E0
1.686091871E0,-4.329812527E0,7.823034763E0,5.181956768E0
1.696056975E0,-3.637688637E0,6.515655994E0,7.176374435E0
1.706046298E0,-1.473380566E0,6.218945980E0,7.944769382E0
1.716013798E0,-1.152443171E0,5.706583023E0,7.317550659E0
1.725977392E0,-2.634497643E0,5.615356445E0,9.199505806E0
1.735944527E0,-2.850150824E0,6.223731518E0,5.694319725E0
1.745929215E0,-1.818246126E0,6.675975323E0,5.964708805E0
1.755898121E0,-1.430309772E0,5.309075356E0,8.500203133E0
1.765847184E0,-1.528415442E0,5.783153057E0,9.134600639E0
1.775814059E0,-1.660020709E0,6.661618233E0,5.979065418E0
1.785814944E0,-2.055135489E0,6.379265308E0,7.305586815E0
1.795785257E0,-1.413560033E0,5.634499073E0,6.764509678E0
1.805733277E0,-1.181157112E0,6.324230194E0,6.388537407E0
1.815701350E0,-1.059123158E0,7.375277519E0,4.863411903E0
1.825644423E0,-3.337987661E-1,7.638488293E0,7.679165840E0
1.835609944E0,5.401797295E-1,6.659225464E0,8.414061546E0
1.845603850E0,9.209375978E-1,5.313860893E0,8.624629974E0
1.855572236E0,4.109672904E-1,4.561916351E0,9.879366875E0
1.865521871E0,-1.325025558E-1,6.106184483E0,6.649653912E0
1.875488382E0,5.653043464E-2,6.791129589E0,3.197110176E0
1.885475257E0,1.106680464E-2,5.974578857E0,8.778069496E0
1.895443798E0,-1.591227055E-1,5.325825214E0,8.030911446E0
1.905397027E0,-4.342973232E-1,7.327421188E0,8.768498421E0
1.915364007E0,-1.870888233E0,7.130910397E0,5.708676815E0
1.925347340E0,-2.483749866E0,6.010471344E0,7.949554920E0
1.935315986E0,-1.593021631E0,4.430311203E0,8.234600067E0
1.945251663E0,-1.700698733E0,4.928317547E0,8.382954597E0
1.955216975E0,-1.830210209E0,5.790331841E0,7.650452137E0
1.965206090E0,-1.128515005E0,6.498906136E0,8.174779892E0
1.975173746E0,-8.940183520E-1,6.218945980E0,5.835496426E0
1.985150673E0,-1.533201098E0,4.435096741E0,1.262542915E1
1.995119319E0,-2.376072884E0,3.989732742E0,1.290568924E1
2.005067652E0,-1.897209287E0,7.432705402E0,4.365406036E0
2.015034215E0,-1.154836059E0,5.699404240E0,6.434000969E0
2.024983642E0,-1.214955688E0,3.647558928E0,1.547229004E1
2.034948486E0,-2.098206282E0,4.720141888E0,8.370990753E0
2.044937132E0,-8.988040090E-1,6.094220161E0,7.403692245E0
2.054904319E0,-4.007977843E-1,5.706583023E0,5.193920612E0
2.064877288E0,-9.083753228E-1,3.661916018E0,8.246563911E0
2.074845100E0,-1.329811215E0,4.497310162E0,1.478973770E1
2.084783642E0,-6.667001843E-1,8.874081612E0,2.447857618E0
2.094748434E0,3.978067636E-2,9.120542526E0,4.200301170E0
2.104763017E0,3.053839803E-1,5.878866196E0,9.771689415E0
2.114732861E0,3.990031779E-1,5.953043461E0,2.028814554E0
2.124697965E0,1.129113197E0,6.043971062E0,5.947958946E0
2.134667340E0,1.531406522E0,4.839782715E0,9.802796364E0
2.144605413E0,1.211366430E-1,6.223731518E0,4.205086708E0
2.154571559E0,-5.084748268E-1,5.780760288E0,3.592225075E0
2.164540621E0,-1.408774376E0,5.242076397E0,7.506583691E0
2.174507132E0,-6.329016089E-1,4.255635262E0,1.357119274E1
2.184462965E0,6.478567123E-1,6.233303070E0,1.829492378E1
2.194428382E0,1.392323732E0,9.601799011E0,4.755734921E0
2.204425621E0,2.347658157E0,6.120541096E0,7.310372353E0
2.214394267E0,5.234299302E-1,9.299107194E-1,2.301865387E1
2.224349788E0,-6.906284094E-1,4.985744953E0,6.429215431E0
2.234317080E0,-2.261217386E-1,7.593024254E0,-5.521438122E-1
2.244281767E0,-7.097710371E-1,2.081755638E0,1.330289745E1
2.254248798E0,-1.712961912E0,3.111267567E0,1.022662449E1
2.264206350E0,-1.751247048E0,5.672784328E0,1.011864853E1
2.274172392E0,-2.297109842E0,5.201398373E0,2.115853500E1
2.284157705E0,-2.610569477E0,7.308278561E0,3.704687595E0
2.294125673E0,-2.960220814E0,6.302694798E0,-2.924926519E0
2.304089996E0,-3.482155085E0,1.107278705E0,1.042283630E1
2.314057600E0,-2.232503414E0,4.267599106E0,8.435597420E0
2.324019632E0,-1.669592023E0,7.980960846E0,5.236991405E0
2.333986663E0,-1.609771490E0,6.415157318E0,1.011386299E1
2.343927548E0,-1.205384374E0,5.299503803E0,5.299204826E0
2.353891923E0,-1.075872898E0,3.273979664E0,5.497808933E0
2.363883069E0,-9.227322340E-1,2.536391973E0,1.077248764E1
2.373850152E0,-1.114158034E0,5.016851902E0,7.772486210E0
2.383830309E0,-9.897312522E-1,6.374479294E0,6.460321903E0
2.393798746E0,-5.371887088E-1,5.069493771E0,7.511369228E0
2.403763902E0,-3.505485058E-1,4.894817829E0,7.348657608E0
2.413731923E0,-6.550352275E-2,3.965804338E0,1.172273731E1
2.423697496E0,-1.008873820E0,5.694618702E0,9.182756424E0
2.433665309E0,-1.317847013E0,6.987341404E0,3.134896755E0
2.443631715E0,-1.341775298E0,4.308277130E0,9.261718750E0
2.453599371E0,-7.743772268E-1,3.417548895E0,6.024528980E0
2.463597132E0,-2.325823545E0,4.123730659E0,6.180361748E0
2.473567809E0,-3.805485249E0,4.408775806E0,9.757332802E0
2.483585621E0,-4.173980236E0,5.835795403E0,1.039172935E1
2.493561090E0,-2.280359983E0,5.938686848E0,1.760788536E1
2.503458277E0,-1.360917926E0,7.169195652E0,5.660820007E0
2.513425777E0,-1.423131227E0,5.227719307E0,3.553341627E-1
2.523389423E0,-2.553141832E0,1.427916884E0,1.244596767E1
2.533356559E0,-3.144468069E0,3.527618885E0,7.497012615E0
2.543311663E0,-2.864507914E0,6.699903488E0,1.257757282E1
2.553277548E0,-2.804687262E0,7.578667641E0,8.528917313E0
2.563232861E0,-1.671984792E0,7.310671329E0,3.361915946E-1
2.573197705E0,-6.550352275E-2,2.933899641E0,5.538786411E0
2.583194007E0,6.598208547E-1,1.478166223E0,8.785248756E0
2.593161975E0,-7.959126234E-1,4.444668293E0,9.486644745E0
2.603136402E0,-3.364906788E0,7.411170006E0,5.050351143E0
2.613105048E0,-3.791128397E0,6.934699059E0,5.172385216E0
2.623055100E0,-3.156432152E0,3.874877214E0,8.213064194E0
2.633021871E0,-2.574677229E0,2.316252232E0,9.460323334E0
2.642993434E0,-4.880460739E0,3.728914976E0,7.693522930E0
2.652960673E0,-6.137290955E0,4.224528313E0,3.022433996E0
2.662929007E0,-5.636891842E0,2.912364244E0,9.230612755E0
2.672896350E0,-6.213861465E0,2.237289190E0,7.829914093E0
2.682861663E0,-5.483751297E0,2.606082916E0,1.418405437E1
2.692828798E0,-4.664807796E0,1.482951880E0,7.985447407E0
2.702796871E0,-5.117350101E0,1.830210209E0,6.853044033E0
2.712764111E0,-5.684748173E0,1.277169108E0,6.924828529E0
2.722737496E0,-6.091827393E0,3.003291607E0,8.854640007E0
2.732705309E0,-4.645665169E0,5.289932728E0,8.404490471E0
2.742667444E0,-4.032803535E0,5.991328716E0,5.148457050E0
2.752634684E0,-2.852543592E0,3.819842339E0,1.050658512E1
2.762602809E0,-3.108575821E0,5.280361176E0,1.259910870E1
2.772570100E0,-2.912364244E0,6.185147285E0,6.331109524E0
2.782536767E0,-1.712961912E0,4.870889664E0,1.235743332E1
2.792504007E0,1.619940877E0,2.878864765E0,1.412901974E1
2.802448955E0,5.603990555E0,4.830211639E0,1.480409431E1
2.812413902E0,6.726822853E0,8.368897438E0,4.083052635E0
2.822386715E0,6.650252342E0,6.884449959E0,1.431326675E1
2.832352496E0,8.096115112E0,3.331407309E0,1.741137314E1
2.842324267E0,7.294220924E0,6.204289913E0,8.038089752E0
2.852290621E0,5.754738331E0,7.442276478E0,5.734997749E0
2.862257913E0,2.015055656E0,6.333801746E0,4.978267670E0
2.872224319E0,2.005484581E0,5.988935947E0,1.001097202E1
2.882182600E0,6.430711150E-1,7.540382385E0,8.081160545E0
2.892148173E0,-1.047158957E0,8.926724434E0,4.540380955E0
2.902125517E0,-1.451845169E0,6.896413803E0,4.475774765E0
2.912092288E0,-2.636890650E0,3.999304056E0,5.344668388E0
2.922064371E0,-2.929114103E0,4.727320194E0,1.978565216E0
2.932031663E0,-4.193122387E0,3.774378538E0,1.075872898E0
2.941993850E0,-3.489333630E0,2.469393015E0,1.109551907E1
2.951960621E0,-2.560320139E0,3.398406267E0,9.345467567E0
2.961930621E0,-1.693520188E0,3.886841297E0,5.449952602E0
2.971897705E0,-1.102193952E0,3.058326483E0,1.256800175E1
2.981866455E0,-1.037587762E0,2.984148979E0,7.083054066E0
2.991833694E0,-1.408774376E0,1.832603097E0,9.022137642E0
3.001802444E0,-2.407179594E0,9.466604590E-1,1.443081379E1
3.011769840E0,-1.878066659E0,1.739282966E0,6.707081795E0
3.021733434E0,-1.626521230E0,9.227322340E-1,1.675783348E1
3.031700413E0,-2.091027975E0,4.438686073E-1,1.645155334E1
3.041669632E0,-4.427918434E0,4.284348965E0,2.213061810E0
3.051636871E0,-8.555537224E0,5.237290382E0,6.821937561E0
3.061601142E0,-7.786843300E0,3.247658491E0,1.955923080E1
3.071568017E0,-5.809175014E0,4.573880672E0,1.067408276E1
3.081530986E0,-3.465405464E0,6.678368092E0,4.786841869E0
3.091497444E0,-1.980958104E0,4.552345276E0,7.703094482E0
3.101478330E0,-3.333800077E0,2.658725023E0,5.394917965E0
3.111446246E0,-4.451846600E0,3.666701555E0,5.744568825E0
3.121411402E0,-4.585844517E0,4.830211639E0,5.411667347E0
3.131379059E0,-3.879662752E0,4.799104691E0,1.179242802E1
3.141347809E0,-3.510869026E0,4.403990269E0,6.594619274E0
3.151315569E0,-4.844568729E0,4.710570335E0,4.506881237E0
3.161280621E0,-4.559523582E0,1.712961912E0,8.708678246E0
3.171248069E0,-2.804687262E0,4.018446445E0,1.312822151E1
3.181218746E0,-3.537189960E0,7.518846989E0,3.900899172E0
3.191186507E0,-1.480558991E0,5.682355404E0,8.097909927E0
3.201147080E0,5.449653864E-1,1.823031783E0,1.482802296E1
3.211114111E0,9.951151013E-1,2.242074728E0,8.653642654E0
3.221079892E0,1.593619823E0,4.447061062E0,1.018564796E1
3.231046767E0,4.348955154E-1,6.309873104E0,9.644570351E0
3.241020413E0,1.474576890E-1,7.310671329E0,4.743771076E0
3.250988017E0,9.999007583E-1,5.790331841E0,8.210671425E0
3.260945725E0,3.018246651E0,4.186243057E0,7.923233986E0
3.270912288E0,2.955734253E0,5.876473427E0,9.209076881E0
3.280894163E0,3.257529020E0,7.243373394E0,5.768496990E0
3.290862288E0,1.864008784E0,6.043971062E0,7.367800236E0
3.300824267E0,2.062912226E0,5.196612358E0,9.774082184E0
3.310791715E0,6.382854581E-1,4.992923737E0,3.491726398E0
3.320762861E0,1.279860973E0,5.069493771E0,6.479464531E0
3.330730673E0,1.031007409E0,5.617749214E0,7.226623535E0
3.340689423E0,1.677368641E0,5.038387299E0,1.222552872E1
3.350656298E0,2.639881611E0,3.573082447E0,1.592244053E1
3.360623121E0,3.798605800E-1,7.224230766E0,3.273680449E0
3.370589996E0,-8.509475589E-1,5.567500114E0,4.619344234E0
3.380546871E0,-1.715354681E0,2.754437923E0,1.409552002E1
3.390512757E0,-2.256431818E0,6.142076492E0,3.652045488E0
3.400495569E0,-1.104586720E0,6.556334019E0,5.895316601E0
3.410463173E0,-2.148455620E0,4.128516197E0,1.249860954E1
3.420428955E0,-1.830210209E0,4.102195263E0,1.181874943E1
3.430396350E0,-3.077469110E0,2.495713949E0,1.369561958E1
3.440369319E0,-5.016851902E0,5.543571949E0,4.339084625E0
3.450337236E0,-4.051946163E0,5.756832123E0,4.095016956E0
3.460301455E0,-2.993720293E0,2.146361828E0,1.523270893E1
3.470268955E0,-2.469393015E0,4.130908966E0,8.986245155E0
3.480232757E0,-3.752544165E0,4.593023300E0,5.368596554E0
3.490199944E0,-3.345764160E0,2.184647083E0,1.601815224E1
3.500165830E0,-5.074279308E0,4.387240410E0,9.117850304E0
3.510132809E0,-4.028017998E0,6.786344051E0,3.422035456E0
3.520109111E0,-5.529214859E0,5.316253662E0,-3.439682424E-1
3.530077027E0,-3.795913935E0,2.428714991E0,7.214659214E0
3.540038798E0,-2.658426046E0,3.522833109E0,9.292825699E0
3.550006090E0,-1.813460469E0,9.168398857E0,1.377667665E0
3.559974736E0,-2.778366089E0,8.813961983E0,-3.375076294E0
3.569942132E0,-2.641676188E0,2.713759899E0,1.434676647E1
3.579896767E0,-2.584248543E0,1.581356645E0,1.925504303E1
3.589862861E0,1.570289880E-1,6.357729912E0,1.016171932E1
3.599843277E0,2.096710801E-1,5.816652775E0,1.205085278E1
3.609810830E0,1.505085468E0,1.368096352E0,1.674826241E1
3.619782965E0,1.052542806E0,3.293122053E0,8.088338852E0
3.629750934E0,9.376873970E-1,6.882057190E0,5.569892883E0
3.639713382E0,-3.918246925E-2,4.403990269E0,9.144171715E0
3.649680777E0,-1.504487276E0,3.465405464E0,1.119123173E1
3.659644527E0,-1.554736495E0,5.347360611E0,5.557928562E0
3.669611559E0,5.162515044E-1,5.697011471E0,7.930412292E0
3.679585569E0,-4.941178858E-1,4.140779495E0,9.568000793E0
3.689553330E0,-5.204389095E-1,4.971388340E0,1.341326618E1
3.699515673E0,-1.902294010E-1,5.435894966E0,6.024528980E0
3.709482861E0,7.531409264E-1,6.846164703E0,6.168397903E0
3.719446142E0,1.658226132E0,5.672784328E0,1.194796181E1
3.729412913E0,5.090730190E-1,6.364908218E0,8.256134987E0
3.739383225E0,6.358926296E-1,7.133303165E0,8.512166977E0
3.749350361E0,1.562513232E0,5.596213818E0,8.603095055E0
3.759321975E0,3.226422310E0,6.443871498E0,3.419642687E0
3.769289580E0,3.820141315E0,4.573880672E0,1.522313786E1
3.779260048E0,2.125125647E0,3.084647417E0,1.662622833E1
3.789227913E0,4.181756496E0,7.248158932E0,8.509475589E-1
3.799203902E0,5.517549992E0,6.939484596E0,4.892126083E0
3.809172600E0,4.682155609E0,4.741677284E0,9.879366875E0
3.819139423E0,3.082852840E0,5.258825779E0,1.030558777E1
3.829107861E0,1.596012712E0,5.986543179E0,7.544868946E0
3.839075934E0,1.658226132E0,6.024828434E0,1.894816399E0
3.849044319E0,2.788236618E0,5.938686848E0,8.208278656E0
3.859016194E0,2.551347017E-1,7.334599495E0,-3.745963812E0
3.868984944E0,-5.443671346E-1,8.019246101E0,-3.073281527E0
3.878950309E0,3.293122053E-1,2.533999205E0,8.105088234E0
3.888918694E0,1.763510346E0,-8.177471161E-1,1.533320713E1
3.898881975E0,-4.157529399E-2,5.107779026E0,1.132792187E1
3.908849840E0,-4.636093974E-2,7.346563816E0,7.571189880E0
3.918817705E0,-1.549950838E0,5.028815746E0,7.784450054E0
3.928785569E0,-2.416750908E0,3.283550978E0,9.007781029E0
3.938746038E0,-1.154836059E0,3.226123095E0,1.112423229E1
3.948713173E0,-2.694318295E0,5.895616055E0,-1.679761529E0
3.958668955E0,-4.142873287E0,3.218346536E-1,2.389741898E1
3.968634892E0,-1.954637051E0,-6.957131624E-1,3.352194977E1
3.978592080E0,9.720841795E-2,7.576274872E0,4.582255483E-1
3.988557132E0,1.023828983E0,4.667499542E0,7.530511856E0
3.998535517E0,-2.165205479E0,2.292324066E0,8.073982239E0
4.008501923E0,-1.358525038E0,9.216255188E0,-1.110090256E1
4.018471455E0,-4.396811500E-2,8.905188560E0,-1.435693622E0
4.028438173E0,-2.004886389E0,6.204289913E0,1.180917835E1
4.038404632E0,-2.270788670E0,5.242076397E0,1.055444145E1
4.048371298E0,-2.380858511E-1,8.203493118E0,8.213064194E0
4.058336298E0,1.196112275E0,5.775974751E0,4.941178858E-1
4.068302757E0,1.473978758E0,3.518047571E0,7.978269100E0
4.078262496E0,1.498505175E-1,4.480560303E0,-2.189731836E0
4.088228277E0,-9.179465771E-1,1.976172447E0,4.765306473E0
4.098205205E0,-1.255633712E0,-1.064207911E0,3.926562119E1
4.108172080E0,1.176969647E0,2.553141832E0,2.963151932E1
4.118138590E0,4.150650024E0,9.187541962E0,4.470989227E0
4.128105465E0,-1.509272933E0,7.135696411E0,6.424728632E-1
4.138076455E0,-2.905185699E0,2.277967215E0,8.064410210E0
4.148043746E0,-2.646461725E0,5.057529926E0,-1.435693622E0
4.158020986E0,-1.435095429E0,9.244969368E0,2.617149651E-1
4.167989267E0,-2.091027975E0,1.937887192E0,2.165893364E1
4.177945413E0,-1.901994944E0,1.021137118E0,2.924358368E1
4.187912444E0,2.608774900E0,7.612166882E0,3.345465183E0
4.197879111E0,1.389930844E0,7.664809227E0,3.448655605E0
4.207846090E0,-1.238883972E0,5.114957333E0,3.309572935E0
4.217816090E0,-1.758425593E0,7.748558044E0,-1.167817116E1
4.227783382E0,4.181457460E-1,-6.622136831E-1,1.787588120E1
4.237748955E0,-5.443671346E-1,-7.411768436E-1,4.521298218E1
4.247716090E0,2.228017092E0,1.063609695E1,-6.767500877E0
4.257684788E0,2.232802629E0,6.711867332E0,-1.133898854E0
4.267652027E0,2.982055247E-1,-2.021935225E0,2.638744926E1
4.277625048E0,-6.065805554E-1,8.826225281E0,-1.363879013E1
4.287592861E0,-2.333002090E-1,1.473500156E1,-2.424288177E1
4.297552861E0,-2.213061810E0,-1.141077280E0,1.344676590E1
4.307519840E0,-1.413560033E0,-4.957330227E0,3.544458389E1
4.317489892E0,1.828116536E0,4.983352184E0,1.391605854E1
4.327457184E0,4.176970959E0,9.891630173E0,1.017129040E1
4.337430934E0,-2.524427772E-1,5.807081223E0,8.931210518E0
4.347398850E0,-2.447857618E0,6.158826351E0,-6.111567974E0
4.357361923E0,-4.582255483E-1,6.436692715E0,1.458156204E1
4.367329371E0,1.283151209E-1,1.054277611E1,-1.618146300E-1
4.377282965E0,-4.606183469E-1,1.021944618E1,-1.170688438E1
4.387249007E0,-8.605188727E-1,-6.846463680E0,3.157090187E1
4.397234996E0,7.328019291E-2,-1.502393484E0,3.143660545E1
4.407203069E0,2.187339067E0,1.413649750E1,-2.154467583E1
4.417163955E0,1.318146229E0,5.153242588E0,2.324148560E1
4.427131246E0,-4.558327198E-1,-1.042343426E1,3.301915741E1
4.437097757E0,-2.972184896E0,7.008876801E0,-5.967998981E0
4.447064996E0,-1.293918848E0,7.301100254E0,-7.148258686E0
4.457034059E0,-5.483751297E0,4.039981842E0,2.199871445E1
4.467001455E0,-5.646463394E0,3.281157970E0,1.887637973E0
4.476967548E0,-3.747758389E0,9.072686195E0,1.119362450E1
4.486934788E0,-1.983350873E0,6.767201424E0,5.620141983E0
4.496902496E0,-4.664807796E0,1.330558968E1,4.703093052E0
4.506869788E0,-2.831008196E0,1.068873882E1,2.074278116E0
4.516838850E0,-2.294716835E0,1.193420291E0,1.427737427E1
4.526806298E0,-1.660020709E0,5.973083377E-1,1.675544167E1
4.536773486E0,6.167500615E-1,7.396812916E0,4.770092010E0
4.546740882E0,2.484348059E0,7.073482990E0,5.850451589E-1
4.556710673E0,9.927222729E-1,4.265206337E0,1.385384464E1
4.566678330E0,1.854437590E0,3.412763357E0,2.458685112E1
4.576651819E0,1.102792144E0,8.510073662E0,-8.256733894E0
4.586620048E0,1.035793066E0,5.548357487E0,1.459113312E1
4.596574423E0,-1.109372377E0,-1.258325577E0,2.036830521E1
4.606541246E0,6.370890141E-2,8.404789925E0,1.066301584E0
4.616512027E0,1.344467282E0,9.819545746E0,-4.957629204E0
4.626479267E0,1.579262972E0,5.256433010E0,9.589535713E0
4.636443850E0,-1.525424421E-2,4.128516197E0,1.319940805E0
4.646410777E0,-1.537986755E0,4.492524624E0,3.876971006E0
4.656375152E0,-1.037886813E-1,3.525225878E0,1.370997620E1
4.666341819E0,-1.887637973E0,1.863709688E0,1.880967903E1
4.676320882E0,3.918247223E-1,6.180361748E0,2.218086815E1
4.686288798E0,1.617548108E0,7.964210987E0,-4.665405750E0
4.696250517E0,3.750749528E-1,4.262813568E0,3.122633696E-1
4.706217809E0,-3.361915946E-1,5.201398373E0,8.557332158E-1
4.716169059E0,-9.155537486E-1,4.411168575E0,-1.843699837E1
4.726134684E0,-9.370891452E-1,-4.561318159E-1,3.188675499E1
4.736123225E0,-2.301895380E0,-1.905284971E-1,3.437917709E1
4.746091142E0,-2.012064695E0,1.331516075E1,6.244967937E0
4.756038538E0,7.794619799E-1,6.360122681E0,5.229813099E0
4.766004371E0,-4.897210598E0,-9.804590940E-1,1.119362450E1
4.775990934E0,-5.191527843E0,7.873283863E0,-2.841177702E0
4.785958850E0,-4.545166492E0,5.802295685E0,-2.577668190E0
4.795926246E0,-2.335394859E0,1.025922656E0,3.120210838E1
4.805894111E0,2.038984060E0,5.184648514E0,1.613779449E1
4.815860934E0,2.654238462E0,6.668796539E0,-1.814058661E0
4.825828694E0,1.411466241E0,1.926222295E-1,2.073709869E1
4.835777236E0,-2.591426849E0,4.530809879E0,8.198707581E0
4.845743017E0,-2.095813513E0,1.122502995E1,-7.416254520E0
4.855728746E0,6.047859192E-1,3.247658491E0,2.883889580E1
4.865696559E0,-2.715853751E-1,7.839784145E0,1.207478142E1
4.875659840E0,3.738785535E-2,1.222104263E1,-1.851835442E1
4.885627184E0,-1.746461391E0,6.053542137E0,1.129920769E1
4.895587965E0,-1.698305845E0,4.791926384E0,-4.971089065E-1
4.905554632E0,-2.778366089E0,8.845368385E0,-5.446064472E0
4.915544423E0,5.066801906E-1,-2.385943174E0,4.304149628E1
4.925513434E0,2.194517374E0,1.566999674E0,4.037200165E1
4.935492913E0,5.388337612E0,1.216361523E1,-1.640668678E1
4.945462965E0,1.282253861E0,6.913163662E0,-1.292124271E0
4.955394007E0,-1.949851394E0,2.907279432E-1,1.003968525E1
4.965360100E0,-2.670390129E0,4.269991875E0,-1.514716530E1
4.975334059E0,-2.067099571E0,6.774380207E0,-1.198684502E1
4.985300934E0,-3.166003466E0,-2.895913601E0,1.760549164E1
4.995269892E0,-1.856531262E0,-6.487241268E0,4.583541489E1
5.005236975E0,3.058924675E0,5.026422977E0,2.949034309E1
5.015191350E0,5.210371017E-1,1.410539055E1,-3.489931822E0
5.025157132E0,-3.874877214E0,7.604988575E0,3.577867985E0
5.035155725E0,-3.690330744E0,6.643074155E-1,-1.181755304E0
5.045124840E0,-2.732603550E0,1.600499272E0,3.417249918E0
5.055062705E0,-1.971386790E0,3.214159012E0,9.271290779E0
5.065028694E0,-2.227717876E0,5.218147755E0,8.801998138E0
5.075018746E0,-1.657627940E0,2.555534601E0,1.885992813E1
5.084987132E0,-1.475773335E0,2.814258575E0,2.333241272E1
5.094926611E0,-4.255335808E0,6.319444656E0,1.514656734E1
5.104892027E0,-3.918246925E-2,2.972184896E0,2.264746857E1
5.114857757E0,-5.342275620E0,8.991330147E0,-1.228624725E1
5.124823277E0,-5.303990364E0,4.952245712E0,-3.925724745E0
5.134809111E0,-2.026421785E0,-9.960123897E-2,2.738824844E1
5.144776611E0,-4.059124470E0,1.308066368E1,-1.574327755E1
5.154766507E0,-2.225025892E0,1.134467125E1,-1.620539093E1
5.164736298E0,-2.524427891E0,-2.436192513E0,3.441985703E1
5.174681663E0,-3.362514019E0,3.841377735E0,8.490632057E0
5.184648955E0,-4.573880672E0,1.581954861E1,-2.515963364E1
5.194632705E0,-5.276173949E-1,1.253240824E0,3.311277771E1
5.204601663E0,-4.734199524E0,-1.651047587E0,2.422044945E1
5.214567496E0,2.699702263E0,7.806284904E0,-1.007856941E1
5.224536142E0,-4.295116663E-1,4.549952030E0,9.848259926E0
5.234464892E0,-2.627319336E0,3.441477060E0,1.255364513E1
5.244429527E0,-1.921137452E0,4.710570335E0,-4.780261517E0
5.254416455E0,1.401894927E0,1.942672849E0,2.350708961E1
5.264383330E0,1.409073472E0,4.526023865E0,1.343958759E1
5.274333642E0,1.200897813E0,9.759725571E0,1.461416483E0
5.284298798E0,1.619940877E0,5.651248932E0,1.124895859E1
5.294314267E0,3.212065220E0,2.845365286E0,1.025294590E1
5.304284580E0,4.033401489E0,4.415954113E0,-2.046162367E0
5.314249684E0,2.292623281E0,1.528415442E0,4.942375183E0
5.324219423E0,6.981059909E-1,1.744068623E0,4.366901219E-1
5.334151611E0,1.184148073E0,4.325026989E0,2.967399120E0
5.344117496E0,2.766701281E-1,6.687939167E0,1.314018536E1
5.354080100E0,-1.573879123E0,1.155793190E1,1.015932655E1
5.364045673E0,-2.859722137E0,1.014526844E1,-9.879366755E-1
5.374044996E0,-3.816552162E-1,2.979064286E-1,1.872832298E1
5.384013955E0,6.334998012E-1,2.335394859E0,1.106441212E1
5.393958538E0,1.653440475E0,5.495715618E0,-1.344766378E0
5.403925048E0,6.131608039E-2,7.013662338E0,4.904089928E0
5.413909423E0,-8.126623631E-1,6.017649651E0,-1.037079239E1
5.423877705E0,4.325026870E-1,-2.469691992E0,2.719412994E1
5.433830569E0,1.564906001E0,-2.809772015E0,5.327888870E1
5.443797288E0,-5.276173949E-1,7.097411156E0,1.314736366E1
5.453767184E0,-1.243669510E0,7.741379261E0,1.754088593E1
5.463734215E0,-7.217051983E0,8.081459045E0,-5.572884083E0
5.473733590E0,-2.440679073E0,5.888437271E0,-1.816391754E1
5.483703902E0,1.605584025E0,-3.283849955E0,3.101786041E1
5.493644059E0,-6.789634377E-2,9.192327499E0,1.224467182E1
5.503611298E0,-1.818246126E0,1.540289879E1,-1.633729553E1
5.513627392E0,-1.681556106E0,9.753743410E-1,3.434807205E1
5.523599580E0,1.651047587E0,1.088734269E-1,1.477298832E1
5.533579840E0,1.514656782E0,1.022901726E1,-1.515673637E1
5.543552861E0,1.081256747E0,3.992125511E0,1.523031616E1
5.553456298E0,-2.787638307E-1,3.271586657E0,3.594617844E0
5.563422236E0,1.684547186E0,4.765605450E0,-1.126391315E1
5.573385309E0,2.239981174E0,-2.144268274E0,1.601576042E1
5.583350934E0,-1.286142133E-2,-2.228017092E0,1.950868225E1
5.593313330E0,-1.102193952E0,3.297907829E0,1.186421299E1
5.603278642E0,-2.165205479E0,6.518048763E0,1.732523155E1
5.613252705E0,-2.203490496E0,1.219950676E1,4.390829504E-1
5.623218902E0,-1.846959949E0,1.418674660E1,-4.674977303E0
5.633165777E0,-1.772782445E0,4.971388340E0,1.069801140E1
5.643129996E0,1.474576890E-1,-3.128017426E0,1.181396389E1
5.653105413E0,2.781656384E-2,-2.290230274E0,1.372881979E-1
5.663070777E0,1.643869162E0,6.619145870E-1,-3.118745327E0
5.673031975E0,1.203290701E0,-3.647558928E0,1.713619995E1
5.682996871E0,1.050150037E0,-2.824128866E0,3.029463005E1
5.692968173E0,-1.439880967E0,6.695117950E0,1.861346817E1
5.702933694E0,-7.289136052E-1,7.166802883E0,2.822364235E1
5.712918121E0,4.827519655E-1,1.803889155E0,1.598704624E1
5.722885569E0,-2.225025892E0,3.273979664E0,-3.781856298E0
5.732859840E0,-1.736890078E0,2.103291035E0,8.354241371E0
5.742827965E0,-3.709473372E0,7.722237110E0,-1.357418346E1
5.752771507E0,8.703892231E-1,1.475653744E1,-1.676800346E1
5.762737132E0,-3.745365620E0,1.274297714E1,6.774080753E0
5.772712132E0,-1.444666624E0,6.748058796E0,2.350948334E1
5.782678694E0,-1.171585798E0,3.750450373E0,1.965015793E1
5.792663017E0,-3.142075300E0,1.337019539E1,1.194078350E1
5.802631350E0,-3.293122053E0,1.154835987E1,-7.665407181E0
5.812578538E0,-4.276871204E0,9.690931439E-2,1.336780262E1
5.822544736E0,-1.767996788E0,-9.470493317E0,2.186471558E1
5.832531819E0,1.588834286E0,8.015955985E-2,1.791655922E1
5.842500100E0,3.391526937E0,8.287241936E0,2.541177750E0
5.852460361E0,-1.046859939E-2,5.993721485E0,1.882403755E1
5.862427809E0,-3.433700502E-1,2.857329369E0,1.883839417E1
5.872382444E0,6.598208547E-1,7.990531921E0,1.698305845E0
5.882348642E0,6.574280262E-1,7.576274872E0,7.300800800E0
5.892334215E0,-7.767700553E-1,6.791129589E0,-1.861915112E0
5.902302340E0,-3.199502945E0,8.028817177E0,-3.020639420E0
5.912268225E0,-1.557129383E0,3.161516905E0,9.658927917E0
5.922236090E0,-1.636092424E0,1.246062398E0,1.371954727E1
5.932185361E0,6.215356588E-1,2.981756210E0,1.414337635E1
5.942151350E0,3.508476317E-1,5.871687889E0,1.377458286E1
5.952132913E0,1.401894927E0,2.699403048E0,5.730212212E0
5.962100465E0,1.474576890E-1,-2.376372099E0,1.427019596E1
5.972066038E0,-4.031906128E-1,8.916255236E-1,9.934401512E0
5.982033382E0,1.203290701E0,4.679463863E0,4.030410767E0
5.991990361E0,3.556332588E-1,7.980960846E0,1.973390770E1
6.001956663E0,2.436192513E0,1.255633640E1,1.475773335E0
6.011935257E0,2.651845694E0,1.453400517E1,2.482553571E-2
6.021902757E0,6.789634228E-1,7.303493023E0,1.865414619E1
6.031867705E0,-6.906284094E-1,5.196612358E0,-3.343969584E-1
6.041834944E0,2.606382132E0,-2.773879766E0,1.059990501E1
6.051793277E0,9.759725332E-1,-2.311765671E0,2.244407845E1
6.061759632E0,3.590430260E0,3.697808266E0,-1.518305779E1
6.071741194E0,4.332504272E0,2.596212626E-1,8.485846519E0
6.081709059E0,2.709273338E0,2.380858511E-1,2.005933189E1
6.091676559E0,3.580260873E-1,7.487740040E0,5.454738140E0
6.101644371E0,-1.154836059E0,7.913961887E0,1.322632694E1
6.111594215E0,-1.322632670E0,6.079863071E0,7.329514980E0
6.121560205E0,2.431706041E-1,7.236194611E0,-1.323230863E0
6.131545569E0,-8.174480200E-1,7.628916740E0,5.215456009E0
6.141513486E0,-1.856531262E0,5.883651733E0,6.644868374E0
6.151487132E0,-4.425525665E0,4.063910007E0,1.259910870E1
6.161455621E0,-3.254537821E0,4.068696022E0,1.508435440E1
6.171400257E0,-1.796710730E0,7.779963493E0,-4.780261517E0
6.181366350E0,-1.487737536E0,3.671487331E0,-4.085744619E-1
6.191345621E0,-4.923531532E0,-1.179362416E0,1.662383652E1
6.201313017E0,-3.889234066E0,1.698604941E0,2.526431847E1
6.211304215E0,-2.620140791E0,5.912365437E0,-1.459621787E0
6.221274007E0,-1.188634634E0,4.116552353E0,2.597080040E1
6.231232236E0,-1.044766188E0,6.058327675E0,3.927220106E0
6.241200882E0,-1.554736495E0,9.719047546E0,-2.006979942E1
6.251172340E0,-1.459023595E0,-1.086042404E0,7.078268528E0
6.261141246E0,-3.941876173E0,-5.350949764E-1,2.956930542E1
6.271105621E0,-3.711866140E0,4.207778454E0,2.027019882E1
6.281074059E0,-2.093719840E-1,1.698604941E0,4.438685989E1
6.291016194E0,3.460619748E-1,1.921137452E0,1.686790466E1
6.300981975E0,4.758726120E0,8.201100349E0,-1.296371460E1
6.310975465E0,2.558525562E0,5.586642742E0,-4.562514782E0
6.320944059E0,8.201399446E-1,9.563513756E0,-1.141077280E0
6.330913642E0,2.814557552E-1,1.260419369E1,-6.588038921E0
6.340882340E0,-9.610173702E-1,3.740879059E0,2.091177368E1
6.350817080E0,-3.314059377E-1,-1.978864312E0,3.543501282E1
6.360782340E0,2.747558594E0,3.601796389E0,1.382722473E1
6.370775934E0,7.830512047E0,5.605785370E0,8.361419678E0
6.380744059E0,2.105983019E0,1.538285851E0,1.323589802E1
6.390695830E0,9.305089116E-1,5.857330799E0,5.593222752E-2
6.400662288E0,2.419442892E0,9.826724052E0,-8.948558807E0
6.410641142E0,3.137887716E0,1.190967655E1,-1.007139015E1
6.420608850E0,2.232802629E0,9.805189133E0,-1.307617760E1
6.430568746E0,-5.084748268E-1,-1.267896891E0,1.526022673E0
6.440535621E0,4.683950245E-1,-8.445766449E0,4.188725662E1
6.450501194E0,2.405085802E0,-3.963710785E0,4.418586349E1
6.460467965E0,5.175376415E0,7.916354656E0,4.664807796E0
6.470416246E0,4.282255173E0,1.029123116E1,5.916851997E0
6.480381142E0,-4.630111754E-1,3.949054718E0,1.461266899E1
6.490366246E0,1.411466241E0,7.681559086E0,-5.018945336E-1
6.500333173E0,2.443371058E0,6.597012043E0,2.941078186E0
6.510307080E0,-1.123729348E0,2.246860504E0,1.294397449E1
6.520274736E0,-1.686939895E-1,-3.053839803E-1,1.180678558E1
6.530227652E0,4.701298237E0,-2.239981174E0,2.167089653E1
6.540193746E0,3.860819340E0,7.140481949E0,1.167488098E1
6.550177548E0,3.681357622E0,1.153161049E1,-1.123519993E1
6.560145465E0,3.056531906E0,9.970592499E0,-1.749153376E0
6.570110777E0,5.235197067E0,7.552346706E0,-4.684548378E0
6.580078434E0,5.292624474E0,5.557928562E0,-6.698108673E0
6.590052548E0,4.703691006E0,1.018744230E0,1.018804073E1
6.600020830E0,5.760720372E-1,1.193420291E0,2.657409096E1
6.609980882E0,1.617548108E0,8.792427063E0,1.661905098E1
6.619948330E0,4.713262558E0,8.790034294E0,1.999950981E1
6.629911663E0,1.512263894E0,2.615654230E0,1.784955978E1
6.639878642E0,-1.561915040E0,1.110778141E1,-6.358926296E-1
6.649849267E0,-1.578664780E0,9.961021423E0,-1.432612801E1
6.659816611E0,6.167500615E-1,1.332203984E0,1.093519974E1
6.669776142E0,1.212862015E0,1.071386337E0,2.163021851E1
6.679742705E0,1.284646630E0,7.504489899E0,5.634499073E0
6.689717600E0,1.497906923E0,3.003291607E0,7.279265404E0
6.699684996E0,6.622136831E-1,-1.196411322E-3,1.133749294E1
6.709639944E0,-1.121336460E0,3.321835995E0,-5.151448250E0
6.719606038E0,-4.454239368E0,9.299107194E-1,5.859424591E0
6.729582132E0,-4.832604408E0,-2.093719721E0,3.120928574E1
6.739549267E0,-2.816651344E0,3.242872953E0,1.501017666E1
6.749521559E0,-2.438286304E0,8.452646255E0,9.347860336E0
6.759489215E0,-4.645665169E0,9.661619186E0,-1.643869162E0
6.769464632E0,-8.246563911E0,8.067102432E0,-1.567149258E1
6.779433069E0,-7.662416458E0,6.467799664E0,-1.211366463E1
6.789392861E0,-5.615356445E0,9.921240807E-1,-8.515158653E0
6.799360361E0,-5.464608669E0,-9.161520004E0,4.792554474E1
6.809321767E0,-5.280062199E0,1.372882009E0,5.230710220E1
6.819288642E0,-4.202693939E0,1.670309830E1,-2.818116951E1
6.829249267E0,-7.817949772E0,4.992923737E0,-5.424529076E0
6.839215517E0,-5.890830040E0,-1.497697639E1,4.052514267E1
6.849195205E0,-3.733401537E0,-5.393123150E0,1.024098206E1
6.859162809E0,3.269194067E-1,3.824627876E0,-2.589632273E0
6.869119007E0,-2.057528257E0,4.499702930E0,2.395245361E1
6.879085413E0,-4.949852943E0,6.807879448E0,3.218346536E-1
6.889047080E0,-5.313561916E0,1.846959949E0,6.118148327E0
6.899013017E0,-2.107777596E0,1.078564763E0,2.172593307E1
6.908998798E0,-1.971386790E0,1.236939716E1,-2.028515434E1
6.918966715E0,-4.861318111E0,1.683709717E1,-2.224607277E1
6.928931298E0,-6.376573086E0,2.476571500E-1,2.372274208E1
6.938898902E0,-5.162814140E0,-3.858426571E0,4.804997253E1
6.948858121E0,2.312064916E-1,1.202722359E1,9.035896659E-1
6.958824840E0,2.582453728E0,2.310270309E1,-1.423729515E1
6.968808277E0,-4.140480518E0,2.797508717E0,6.290431499E0
6.978776663E0,-1.846959949E0,-1.223330593E1,3.009363365E1
6.988733486E0,2.860021353E0,-3.712464333E0,2.048076630E1
6.998700725E0,5.668596745E0,6.910770893E0,4.727021217E0
7.008658121E0,-1.004088163E0,5.653641701E0,2.131885338E1
7.018624371E0,1.283151209E-1,1.830210209E0,1.720559120E1
7.028605100E0,2.378764868E0,8.191529274E0,-1.499881077E1
7.038572809E0,4.507180691E0,6.903592587E0,-2.005484581E0
7.048543902E0,1.356431365E0,2.342573404E0,2.306411743E1
7.058511871E0,1.411466241E0,8.909974098E0,1.370758343E1
7.068469111E0,3.140280724E0,4.497310162E0,1.118405342E1
7.078436038E0,1.315753341E0,5.327021480E-1,3.299044418E1
7.088409840E0,3.161816120E0,7.267600536E0,-9.894321442E0
7.098377444E0,5.139483929E0,5.869294643E0,2.464607239E0
7.108355361E0,4.682155609E0,-3.427419424E0,2.960759163E1
7.118324007E0,3.554538012E0,8.098209381E0,-5.565705299E0
7.128266455E0,3.235993624E0,9.213862419E0,-8.742775917E0
7.138232444E0,-4.534398913E-1,2.455035925E0,3.310081482E1
7.148212548E0,3.104388237E0,4.427918434E0,1.773470497E1
7.158179944E0,3.906282902E0,8.174779892E0,1.118883896E1
7.168152184E0,2.510669231E0,1.937887192E0,2.031327057E1
7.178120048E0,2.862414122E0,4.298706055E0,-5.017449856E0
7.188071923E0,4.009174347E0,8.733802289E-2,-1.240110207E1
7.198038173E0,4.820939541E0,1.933101535E0,2.438286304E0
7.208018850E0,3.056531906E0,1.184746265E1,-3.047498894E1
7.217986559E0,-2.807080030E0,2.213360965E-1,4.820101929E1
7.227958434E0,2.814557552E-1,-5.977271080E0,7.623951721E1
7.237926559E0,5.098805904E0,1.752174377E1,-1.743859291E1
7.247876871E0,9.743574142E0,1.491924953E1,-5.036831665E1
7.257843173E0,-4.044767380E0,3.051147938E0,-3.178565741E0
7.267810934E0,1.777867198E0,-4.011567116E0,2.664826775E1
7.277777340E0,7.220342159E-1,5.301896572E0,1.054487038E1
7.287761715E0,-6.978068948E-1,7.267600536E0,1.889821434E1
7.297729944E0,9.720841795E-2,2.912364244E0,1.625982857E1
7.307688121E0,4.875974178E0,2.670689106E0,5.493023396E0
7.317655361E0,6.087340832E0,3.956233025E0,4.549952030E0
7.327622913E0,2.503490746E-1,2.555534601E0,7.705487251E0
7.337590152E0,-1.887637973E0,7.607381344E0,1.063340473E1
7.347567496E0,-8.318049908E-1,8.658429146E0,-4.348955154E-1
7.357535725E0,1.756331801E0,1.605284929E0,2.703859711E1
7.367490257E0,1.203290701E0,1.256231815E-1,1.887907219E1
7.377457080E0,-2.093719840E-1,8.234600067E0,-4.485944271E0
7.387451975E0,1.211366430E-1,3.348157167E0,5.670391560E0
7.397421663E0,-1.389631748E0,5.730511189E0,4.151547253E-1
7.407381923E0,-2.752045155E0,7.202695370E0,-1.312403393E1
7.417350621E0,-4.597808838E0,3.951447487E0,2.031566238E1
7.427309163E0,-2.627319336E0,4.980959415E0,1.285783291E1
7.437276871E0,-3.731008768E0,7.363313675E0,7.849056244E0
7.447233173E0,-4.229014874E0,-2.642274380E0,3.992185211E1
7.457199684E0,-4.650450706E0,-4.417748749E-1,2.390699005E1
7.467181350E0,-2.316252232E0,3.982554197E0,-2.357528448E0
7.477149371E0,-6.690930128E-1,7.456633449E-1,9.728618622E0
7.487109163E0,-3.367299557E0,2.984148979E0,-8.098807335E0
7.497076350E0,-3.817449331E0,7.858926773E0,-1.397169113E1
7.507048434E0,-3.472583771E0,8.445467949E0,-2.699702263E0
7.517016142E0,-5.031208515E0,4.662714005E0,1.382004642E1
7.526977705E0,-3.910769463E0,3.039183855E0,3.931138229E1
7.536944736E0,-1.504487276E0,7.020840645E0,1.536192131E1
7.546904319E0,-1.748854280E0,9.745368004E0,-1.744367719E0
7.556870621E0,-2.292324066E0,3.192623615E0,4.157230377E0
7.566829944E0,-1.789532185E0,1.665105462E0,-3.200101137E0
7.576795517E0,-3.098705411E-1,3.676272869E0,-5.237589836E0
7.586774944E0,-3.472583771E0,4.494917393E0,2.091177368E1
7.596741871E0,-3.290729284E0,4.126123428E0,1.827817345E1
7.606707965E0,-2.086242199E0,1.045065284E0,3.077349472E1
7.616674840E0,3.508476317E-1,3.652344704E0,2.485993195E1
7.626650361E0,1.155434251E0,7.961818218E0,-9.142676353E0
7.636618121E0,-4.677968323E-1,1.543370634E-1,1.682722664E1
7.646581455E0,-1.471585929E-1,5.814260006E0,1.389691544E1
7.656548746E0,4.348955154E-1,1.383470249E1,-2.122852516E1
7.666500361E0,-9.059824944E-1,3.360121250E0,1.295593834E1
7.676466038E0,-2.016850471E0,1.396810174E0,2.381606293E1
7.686464059E0,2.323729992E0,7.997710705E0,-8.917451859E0
7.696432965E0,4.763511658E0,4.942674160E0,8.794819832E0
7.706386663E0,-1.420738399E-1,-2.938984394E0,3.046960449E1
7.716354059E0,-2.498106956E0,4.655535698E0,1.839542198E1
7.726306298E0,-1.061815023E-1,4.157529354E0,4.267300129E0
7.736272132E0,3.166601658E0,1.633998752E0,1.691097450E1
7.746259319E0,3.178565741E0,5.280361176E0,-1.272443295E1
7.756227288E0,1.514656782E0,8.663214684E0,-1.086401272E1
7.766193798E0,-9.900303930E-2,1.310668588E0,1.312822151E1
7.776161611E0,-1.652842283E0,-2.168495506E-1,2.928665352E1
7.786126194E0,1.361217022E0,4.396811485E0,2.074427605E1
7.796093642E0,6.195316792E0,1.152921772E1,-4.372883439E-1
7.806042652E0,9.113663435E-1,6.841379166E0,-1.870977974E1
7.816008277E0,-3.259323597E0,1.059422255E0,2.919542789E0
7.825976559E0,-1.130907774E0,-1.618146300E-1,6.963113785E0
7.835942444E0,3.949353695E0,7.289135933E0,6.539285183E0
7.845934632E0,-4.079762697E-1,-9.326026440E-1,3.565754318E1
7.855903173E0,-3.815056562E0,-1.523928881E0,7.244210815E1
7.865845100E0,1.550549030E0,-3.173480928E-1,9.613464355E0
7.875810934E0,4.349254131E0,1.427916884E0,-1.338036537E1
7.885774736E0,4.663012981E0,6.506084919E0,2.950649500E0
7.895740361E0,4.217648983E0,1.757438469E1,-2.279193497E1
7.905720621E0,5.752345562E0,1.478046513E1,-1.324158096E1
7.915687705E0,2.436192513E0,-3.173780203E0,3.870301056E1
7.925664319E0,-4.387240410E0,-3.621237993E0,3.620370483E1
7.935632392E0,4.014258862E0,1.181635666E1,-2.153031921E1
7.945584267E0,9.894321442E0,9.460622787E0,-1.001396275E1
7.955550673E0,3.109174013E0,9.346963167E-1,1.429173183E1
7.965512548E0,-3.980161428E0,3.948157281E-2,1.628375626E1
7.975478486E0,-5.201098919E0,4.415954113E0,4.247649002E1
7.985470048E0,-1.372881979E-1,1.545464277E0,3.748685837E1
7.995438538E0,6.051448345E0,5.242076397E0,-6.305386543E0
8.005414840E0,3.386741400E0,4.612165451E0,-8.931808472E0
8.015384163E0,3.772284985E0,8.732605934E0,1.636092424E0
8.025317340E0,5.967699528E0,1.604447365E1,-2.099133492E1
8.035282965E0,7.899903774E0,1.329362488E1,-8.886344910E0
8.045286090E0,4.646263599E0,1.971386790E0,1.613061523E1
8.055255517E0,3.781856298E0,-2.345265388E0,2.023670006E1
8.065221402E0,1.053111172E1,2.242074728E0,1.133031464E1
8.075190465E0,9.460921288E0,4.274777889E0,1.871636009E1
8.085137705E0,8.692526817E0,1.315454245E0,2.647359085E1
8.095104527E0,4.768297195E0,3.173480988E0,9.735796928E0
8.105074788E0,2.122732878E0,4.547559261E0,-2.208874464E0
8.115041975E0,2.017448664E0,6.199504375E0,3.161217928E0
8.125013798E0,2.587239504E0,4.952245712E0,-2.946461916E0
8.134981455E0,2.312064916E-1,-6.311069727E-1,1.274507046E1
8.144942809E0,1.674975872E0,7.480561733E-1,1.460549068E1
8.154909788E0,-1.760818362E0,7.150053024E0,-1.175713444E1
8.164881038E0,-4.121337891E0,6.101398468E0,3.268894911E0
8.174848486E0,-4.655236244E0,-1.782652855E0,1.349701500E1
8.184806194E0,-4.066302776E0,-7.770691514E-1,1.569242954E1
8.194772600E0,-6.656832695E0,6.640082836E0,-3.767499208E0
8.204742757E0,-1.086820030E1,3.489333630E0,-1.615155339E0
8.214709527E0,-9.465108871E0,-2.903092146E0,4.378117752E1
8.224701663E0,-3.199502945E0,-9.493523836E-1,5.059743118E1
8.234671038E0,2.161017895E0,-1.064207911E0,6.788437843E0
8.244612600E0,-5.677569866E0,3.111267567E0,1.243400383E1
8.254579111E0,-1.044676495E1,4.689034939E0,-4.804189682E0
8.264557600E0,-9.740582466E0,9.446265221E0,-2.276800728E1
8.274525361E0,-4.743771076E0,1.026969528E1,-9.300602913E0
8.284492861E0,-4.985744953E0,1.119153023E1,-1.340907860E1
8.294460569E0,-6.711867332E0,1.448584938E1,-1.554228020E1
8.304424527E0,-2.174776793E0,-5.880361795E-1,2.837917519E1
8.314391871E0,1.322931767E0,-6.238088608E0,6.575506592E1
8.324371559E0,2.510669231E0,4.097409725E0,1.140927792E1
8.334340100E0,1.857428551E-1,1.448584938E1,-1.885334778E1
8.344298434E0,8.153542876E-1,4.222135544E0,1.035194874E0
8.354265934E0,-3.726222992E0,1.820638895E0,-1.902593136E0
8.364250048E0,-5.119743347E0,4.806283474E0,-9.659825325E0
8.374219215E0,-4.660022259E0,2.711367130E0,3.203779984E1
8.384173121E0,-2.742174864E0,4.799104691E0,3.895694733E1
8.394140777E0,-1.068694472E0,3.996911049E0,1.405244923E1
8.404079736E0,-1.344168067E0,-3.803391695E0,1.789502335E1
8.414044423E0,-1.430309772E0,-3.240779161E0,5.117350101E0
8.424032080E0,2.838485837E-1,4.995316505E0,-1.068455124E1
8.433999111E0,1.253539920E0,5.000102043E0,6.819544315E0
8.443970830E0,4.827519655E-1,5.627320766E0,3.764508247E0
8.453938330E0,1.380359530E0,4.454239368E0,4.212265015E0
8.463927132E0,3.207279682E0,4.514060020E0,1.968365860E1
8.473896767E0,4.651049137E0,1.259462166E1,-8.077271461E0
8.483845777E0,4.035794258E0,1.696630859E1,-1.284945726E0
8.493813277E0,1.543370605E0,7.238587379E0,1.338694572E1
8.503781507E0,8.201399446E-1,3.982554197E0,1.068126106E1
8.513749059E0,-4.127618968E-1,-1.339681625E0,1.182592773E1
8.523697184E0,5.158626556E0,-6.365207195E0,5.705236816E1
8.533662809E0,6.667002201E0,-6.398706913E0,3.719942093E1
8.543647965E0,6.322136402E0,1.413560033E0,6.649653912E0
8.553615517E0,2.831307411E0,6.788736820E0,-8.084450722E0
8.563582861E0,-2.859423161E-1,1.153400326E1,-1.729472351E1
8.573550413E0,-1.926222295E-1,1.159143066E1,-1.962922096E1
8.583673277E0,1.926222205E0,7.748558044E0,-9.192925453E0
8.593656507E0,-1.615155339E-1,4.265206337E0,-6.011069775E0
8.603510882E0,-5.970092416E-1,9.118149757E0,-1.061994553E1
8.613481090E0,-1.988136530E0,1.238854027E1,-2.431945229E1
8.623381559E0,-2.723032236E0,-6.659524441E0,3.226033401E1
8.633344736E0,3.777070522E0,-1.389003658E1,7.853303528E1
8.643307132E0,9.017950058E0,4.968995094E0,5.108586502E1
8.653270205E0,1.140748310E1,1.653769493E1,-4.194079590E1
8.663269215E0,-1.234098315E0,3.744767308E-1,3.790829182E0
8.673235934E0,-8.452346802E0,-1.256142139E1,2.260200500E1
8.683204892E0,-2.100599289E0,1.084666538E1,-2.696501732E1
8.693171819E0,9.640084505E-1,1.049970531E1,-5.850451469E0
8.703146767E0,-3.963411570E0,5.783153057E0,3.045494843E1
8.713114527E0,-3.793521166E0,6.803093910E0,-8.524729729E0
8.723066402E0,-2.047957182E0,2.929114103E0,1.734916115E1
8.733032496E0,-2.545963287E0,-3.056232691E0,5.247699356E1
8.742974007E0,1.105184913E0,5.507679462E0,1.072941685E1
8.752937600E0,2.297408819E0,3.372085333E0,3.924827337E0
8.762903798E0,1.689931005E-1,-4.258327007E0,3.209283829E1
8.772867652E0,6.550351977E-1,5.342574596E0,-5.218447208E0
8.782844944E0,-4.199403822E-1,6.886842728E0,-9.176176071E0
8.792810205E0,-1.222134113E0,-1.588834286E0,2.983490944E1
8.802793434E0,-4.366901219E-1,7.164410114E0,4.865804672E0
8.812760465E0,-2.902792931E0,1.636541176E1,-1.626521111E1
8.822724996E0,-1.456630826E0,1.468714523E1,1.506999683E1
8.832691767E0,-3.561118364E0,1.295115280E1,9.442676306E-1
8.842649059E0,-1.552343726E0,2.266003132E0,7.334001660E-1
8.852614892E0,-2.000100613E0,-5.754738331E0,2.348794746E1
8.862610361E0,-1.502094388E0,-2.242373943E0,7.628916740E0
8.872579163E0,4.253541470E0,-1.013958573E0,1.535952854E1
8.882535621E0,1.600798368E0,-7.387840152E-1,2.019602203E1
8.892503121E0,-9.562317729E-1,8.890831947E0,3.529413342E-1
8.902467027E0,-1.648056626E0,1.387777328E1,-1.027747250E1
8.912434215E0,-3.281157970E0,1.829043770E1,-1.065822983E1
8.922399007E0,-3.750151396E0,1.483071518E1,-2.466910362E1
8.932365934E0,-2.213061810E0,-3.719642878E0,4.116552353E0
8.942322809E0,7.292127013E-1,-4.969294548E0,3.595455170E1
8.952288694E0,2.745165825E0,8.052745819E0,-1.180020523E1
8.962262652E0,3.604189157E-1,1.462732506E1,-6.154638767E0
8.972229371E0,1.307079345E-1,5.853442550E-1,1.269960690E1
8.982201611E0,-2.093420744E0,-1.166830063E1,3.676631927E1
8.992168850E0,-1.820638895E0,-8.060222626E0,4.637649155E1
9.002134059E0,5.888736725E0,3.082254648E0,4.631308079E0
9.012101090E0,6.053841114E0,3.072683334E0,9.227322340E-1
9.022072132E0,8.577371597E0,-4.303790569E0,2.926990318E1
9.032039527E0,2.608774900E0,2.869293451E0,1.037886813E-1
9.041991975E0,-2.715853751E-1,7.171588421E0,9.658927917E0
9.051957861E0,-2.816651344E0,8.328219414E0,2.024866295E1
9.061953642E0,-9.156435013E0,9.101400375E0,-1.430907965E0
9.071922548E0,-2.905185699E0,2.792723179E0,2.757010269E1
9.081871715E0,-1.214955688E0,4.114159584E0,1.020748234E1
9.091838590E0,-6.604190350E0,1.531436443E1,-1.424686623E1
9.101809007E0,-2.280359983E0,1.100967598E1,-9.592227936E-1
9.111776246E0,-1.173978567E0,4.200600147E0,6.867401123E0
9.121748225E0,2.175374985E0,3.932304859E0,-1.570289880E-1
9.131715934E0,6.071787477E-1,2.342573404E0,2.150310135E1
9.141680725E0,-2.333002090E0,1.234098315E0,2.795325279E1
9.151648121E0,-1.289133191E0,2.373680115E0,5.725426197E0
9.161610673E0,-3.200400248E-2,3.601198196E-1,1.625982857E1
9.171577548E0,-2.397608280E0,1.327418327E0,8.078767776E0
9.181551663E0,-2.536391973E0,5.667998791E0,-5.632704735E0
9.191519319E0,-2.646461725E0,6.300302029E0,5.222634315E0
9.201487027E0,-3.778865099E0,8.416753769E0,-9.161519408E-1
9.211454684E0,-3.403192043E0,1.255633640E1,-3.607180119E-1
9.221417913E0,-3.575475216E0,1.245823097E1,5.768496990E0
9.231385100E0,-2.962613583E0,7.020840645E0,5.002494812E0
9.241353902E0,-8.054839373E-1,-4.847260475E0,1.677936935E1
9.251321246E0,-1.628913999E0,-2.979662418E0,1.410987663E1
9.261283538E0,1.618146300E-1,4.157529354E0,-1.111047363E1
9.271250361E0,1.330110312E0,2.105684042E0,9.443573952E0
9.281230777E0,-3.290131092E-1,-3.334099293E0,2.268844604E1
9.291198955E0,-6.400800347E-1,3.385843933E-1,1.132074261E1
9.301160777E0,1.363609791E0,2.263610125E0,9.774082184E0
9.311128277E0,3.154637575E0,3.331407309E0,1.567089462E1
9.321092236E0,3.391526937E0,3.913162231E0,1.665972900E1
9.331059423E0,3.576073408E0,4.372883320E0,1.612104416E1
9.341030777E0,3.125923634E0,6.170790672E0,8.220243454E0
9.350998382E0,3.602394581E0,4.842175961E0,2.179562330E0
9.360956559E0,9.017950296E-1,-1.734796405E0,1.481127262E1
9.370923121E0,-1.253240854E-1,-1.143470168E0,1.713619995E1
9.380895100E0,-3.290131222E-3,4.439882278E0,3.618546009E0
9.390862288E0,1.734796405E0,4.459024906E0,1.730608940E1
9.400832496E0,7.052844763E-1,3.305086374E0,1.736590958E1
9.410799944E0,-1.444666684E-1,5.644070625E0,2.979363203E0
9.420766507E0,1.977069676E-1,3.929912090E0,9.026923180E0
9.430733850E0,1.169791222E0,2.450250387E0,1.437099361E1
9.440698382E0,2.362015009E0,2.984148979E0,1.691576004E1
9.450665413E0,2.680559635E0,3.443870068E0,1.392802238E1
9.460637340E0,2.687737942E0,4.415954113E0,7.403692245E0
9.470604840E0,2.015055656E0,3.846163273E0,4.655236244E0
9.480565986E0,1.043868884E-1,5.720939636E0,3.383750439E0
9.490532861E0,-2.003988996E-2,6.798308372E0,5.296812057E0
9.500503902E0,-1.298704505E0,5.581857204E0,8.385348320E0
9.510471194E0,-1.006481051E0,5.941079617E0,2.524427891E0
9.520435673E0,-6.568298340E-1,6.281159401E0,1.810768485E0
9.530402652E0,-5.946164131E-1,6.108577251E0,2.878565550E0
9.540368434E0,-1.693520188E0,8.028817177E0,-1.977069676E-1
9.550335309E0,-3.177967548E0,1.020030403E1,7.764709592E-1
9.560295413E0,-4.837389946E0,1.296311665E1,-3.499503136E0
9.570261611E0,-4.851747036E0,7.973782539E0,-2.434098721E0
9.580246038E0,-3.680759430E0,8.581260443E-1,1.104766178E1
9.590214007E0,-3.055933714E0,-4.345964193E-1,1.186899853E1
9.600171455E0,-3.099004507E0,2.924328327E0,1.339412403E1
9.610138382E0,-2.584248543E0,4.581058979E0,1.300140190E1
9.620107913E0,-1.193420291E0,-1.241575837E0,2.582483673E1
9.630075100E0,1.890329838E0,-4.342075825E0,3.314388275E1
9.640050882E0,1.040578723E0,3.111267567E0,1.983350873E0
9.650018902E0,-3.601198196E-1,5.395216942E0,-5.637490273E0
9.659990309E0,-2.337787628E0,1.902294010E-1,9.865009308E0
9.669958642E0,-2.347358942E0,6.643074155E-1,6.771687984E0
9.679916507E0,-1.470987678E0,3.029612541E0,8.021339417E0
9.689883798E0,-3.481557071E-1,3.139981508E0,1.494556999E1
9.699854944E0,8.225327730E-1,5.160421371E0,1.041326523E1
9.709822652E0,2.168196440E0,5.993721485E0,9.218647957E0
9.719784944E0,2.958127022E0,6.053542137E0,1.154327583E1
9.729752080E0,1.435693622E0,6.522834301E0,6.865008354E0
9.739722184E0,3.436691463E-1,4.677071095E0,9.041280746E0
9.749689580E0,9.424729943E-1,2.383251429E0,1.488574982E1
9.759644267E0,1.830509305E0,2.057827473E0,1.086580753E1
9.769610361E0,1.773081541E0,5.853442550E-1,1.428455257E1
9.779603486E0,1.787438512E0,4.319044948E-1,1.586710644E1
9.789572288E0,2.280659199E0,2.888436079E0,8.526524544E0
9.799539736E0,4.923232496E-1,3.412763357E0,8.684749603E0
9.809508434E0,-1.152443171E0,3.400799274E0,1.120798111E1
9.819479267E0,-1.588235974E0,3.209373474E0,8.749356270E0
9.829448121E0,-1.444666624E0,2.335394859E0,9.683155060E0
9.839411246E0,-1.403988719E0,1.997707844E0,8.624629974E0
9.849379527E0,-1.456630826E0,1.648355722E0,7.559226036E0
9.859344163E0,-8.581260443E-1,1.645962834E0,1.055922699E1
9.869312080E0,-7.576274872E-1,2.483749866E0,8.232207298E0
9.879280517E0,-1.018445134E0,2.594118834E0,8.354241371E0
9.889248434E0,-2.059921265E0,1.415952802E0,1.186182022E1
9.899216715E0,-1.930708766E0,2.366501570E0,1.145234871E1
9.909184684E0,-1.118943691E0,3.278765202E0,1.182353497E1
9.919151142E0,-1.241276741E0,2.950649500E0,1.312104321E1
9.929118955E0,-1.645663738E0,2.428714991E0,9.579964638E0
9.939074996E0,-2.179562330E0,1.114457130E0,7.575975418E0
9.949041559E0,-1.796710730E0,8.374879137E-3,9.826724052E0
9.958993694E0,-1.408774376E0,4.677968323E-1,9.601499557E0
9.968958798E0,-8.389834166E-1,6.547361016E-1,1.133988571E1
9.978936767E0,-4.079762697E-1,6.595217586E-1,1.217767239E1
9.988903173E0,-2.763710022E-1,1.482951880E0,1.049701405E1
9.998872913E0,-4.271188378E-1,2.649153709E0,9.879366875E0
1.000883968E1,-4.438686073E-1,3.405584812E0,8.473882675E0
1.001881406E1,-4.941178858E-1,3.726522207E0,8.909674644E0
1.002878156E1,-5.012963414E-1,4.205385685E0,8.612666130E0
1.003874229E1,-1.049551845E0,4.547559261E0,7.485048294E0
1.004870911E1,-1.470987678E0,4.554738045E0,8.677571297E0
1.005866406E1,-1.787139416E0,5.105386257E0,7.683951855E0
1.006862963E1,-2.028814554E0,5.658427238E0,6.616154671E0
1.007861765E1,-2.337787628E0,5.756832123E0,7.810771465E0
1.008858552E1,-2.845365286E0,6.077470303E0,7.162017345E0
1.009854864E1,-3.158824921E0,6.106184483E0,6.745367050E0
1.010851599E1,-3.319443226E0,5.771189213E0,7.657630444E0
1.011848151E1,-3.556332588E0,5.407180786E0,7.331907749E0
1.012844869E1,-3.570689678E0,5.478965759E0,6.790830612E0
1.013842442E1,-2.874078989E0,5.189434052E0,7.437191963E0
1.014839244E1,-2.450250387E0,4.873282433E0,7.018148899E0
1.015833812E1,-2.636890650E0,4.399204254E0,5.754140377E0
1.016830390E1,-1.794317842E0,4.265206337E0,6.754938126E0
1.017827979E1,-9.661021084E-2,4.966602325E0,6.592226505E0
1.018824656E1,1.270289779E0,6.067899227E0,7.516155243E0
1.019822494E1,1.251147151E0,6.170790672E0,9.115457535E0
1.020819286E1,2.086840391E0,6.386443615E0,9.091529846E0
1.021816182E1,2.433799744E0,5.083850861E0,1.069801140E1
1.022812984E1,3.805784464E0,3.750450373E0,1.248664570E1
1.023809151E1,5.070092201E0,3.477369547E0,1.121755219E1
1.024805885E1,5.580062389E0,3.154338360E0,1.219202995E1
1.025801739E1,5.239982605E0,2.859722137E0,1.277139187E1
1.026798385E1,4.600799561E0,3.046362400E0,1.116251755E1
1.027796119E1,4.899902344E0,3.228515863E0,1.090648556E1
1.028792875E1,4.366003990E0,3.034398317E0,9.321539879E0
1.029789448E1,3.777070522E0,2.936292410E0,8.775676727E0
1.030786182E1,3.070888758E0,3.211766243E0,9.462716103E0
1.031783411E1,1.991127491E0,3.760021687E0,8.490632057E0
1.032780198E1,8.946165442E-1,3.771985769E0,8.940781593E0
1.033775974E1,5.114658475E-1,3.417548895E0,9.719047546E0
1.034772656E1,-2.003988996E-2,3.446262836E0,9.199505806E0
1.035769296E1,-6.329016089E-1,3.498904943E0,9.029315948E0
1.036765974E1,-9.466604590E-1,3.415156126E0,9.400503159E0
1.037762630E1,-7.217351198E-1,3.539582968E0,9.228219986E0
1.038759307E1,-8.078767657E-1,3.618845224E0,9.077172279E0
1.039756770E1,-1.234098315E0,3.762414455E0,9.149256706E0
1.040753520E1,-1.399203062E0,4.020839214E0,8.593523026E0
1.041749708E1,-1.173978567E0,4.241278172E0,9.093922615E0
1.042746401E1,-7.815557122E-1,4.267599106E0,8.476275444E0
1.043743640E1,-6.544370055E-1,4.325026989E0,8.648857117E0
1.044740385E1,-3.768695593E-1,4.231706619E0,9.154042244E0
1.045737187E1,-6.550352275E-2,4.401597023E0,8.782855988E0
1.046733937E1,-1.830509305E-1,4.205385685E0,8.924032211E0
1.047731088E1,-1.806581169E-1,3.870091438E0,9.323932648E0
1.048727880E1,1.283151209E-1,4.032803535E0,8.749356270E0
1.049723869E1,3.149552941E-1,4.085445404E0,8.766105652E0
1.050720583E1,-2.763710022E-1,3.817449331E0,9.541679382E0
1.051718494E1,-3.146561682E-1,4.075874329E0,8.955139160E0
1.052715323E1,-4.797609448E-1,4.102195263E0,8.768498421E0
1.053710927E1,-1.241276741E0,3.594617844E0,9.501001358E0
1.054707630E1,-1.511665702E0,3.937090635E0,9.024530411E0
1.055704093E1,-8.605188727E-1,4.447061062E0,7.715058327E0
1.056700776E1,-1.054337502E0,4.044767380E0,9.800403595E0
1.057697885E1,-6.786643267E-1,4.346562386E0,9.285647392E0
1.058694609E1,-6.616154313E-1,4.717749119E0,8.672785759E0
1.059691510E1,-4.007977843E-1,4.406383038E0,9.295218468E0
1.060688250E1,-2.907279432E-1,4.758427143E0,8.335098267E0
1.061684906E1,1.498505175E-1,4.966602325E0,7.913662910E0
1.062681635E1,1.259222925E-1,4.741677284E0,8.971888542E0
1.063679416E1,-5.874379873E-1,4.724927425E0,8.308777809E0
1.064676250E1,-2.174776793E0,4.621737003E0,8.461917877E0
1.065669948E1,-1.154836059E0,5.004887581E0,8.234600067E0
1.066666463E1,-1.820638895E0,5.057529926E0,7.884948730E0
1.067665448E1,-2.476571321E0,4.820640087E0,8.785248756E0
1.068662213E1,-2.409572363E0,5.119743347E0,8.528917313E0
1.069659369E1,-2.591426849E0,5.187041283E0,7.789236069E0
1.070656172E1,-2.787937403E0,4.985744953E0,8.459525108E0
1.071652119E1,-2.433500528E0,5.194219589E0,7.681559086E0
1.072648838E1,-1.801496387E0,5.419145107E0,7.963912010E0
1.073645822E1,-1.875673890E0,5.289932728E0,8.689535141E0
1.074642562E1,-1.906780601E0,5.502893925E0,7.959126472E0
1.075637312E1,-1.399203062E0,5.689534187E0,7.743772507E0
1.076633849E1,-1.157228827E0,5.402395248E0,8.110173225E0
1.077632396E1,-9.993025661E-1,5.431109428E0,8.392526627E0
1.078629135E1,-6.640082598E-1,5.490929604E0,7.839485168E0
1.079625708E1,-6.185446382E-1,5.364109993E0,8.493024826E0
1.080622432E1,-1.830509305E-1,5.390431404E0,8.169993401E0
1.081619453E1,-4.486542344E-1,5.330610752E0,8.449954033E0
1.082616203E1,-6.209374666E-1,4.966602325E0,8.363812447E0
1.083613948E1,-3.672982752E-1,5.110171795E0,8.514560699E0
1.084610802E1,-3.864408433E-1,5.071886539E0,8.287241936E0
1.085607307E1,-6.738786697E-1,4.901996136E0,8.648857117E0
1.086604125E1,-8.006982803E-1,4.928317547E0,8.244171143E0
1.087599994E1,-1.140479088E0,4.803890705E0,8.562417030E0
1.088596713E1,-1.123729348E0,4.652843475E0,8.641678810E0
1.089591270E1,-1.118943691E0,4.772783756E0,8.560024261E0
1.090587765E1,-1.360917926E0,4.600201607E0,8.509774208E0
1.091584375E1,-1.408774376E0,4.559523582E0,8.708678246E0
1.092580885E1,-1.382453322E0,4.636094093E0,8.481060982E0
1.093579838E1,-1.466202021E0,4.566701889E0,8.670392990E0
1.094576593E1,-1.612164259E0,4.559523582E0,8.581559181E0
1.095574432E1,-1.310668588E0,4.631308079E0,8.402097702E0
1.096571291E1,-1.135693431E0,4.674678326E0,8.646464348E0
1.097566531E1,-1.157228827E0,4.691427708E0,8.576773643E0
1.098563229E1,-1.267597795E0,4.775176525E0,8.595915794E0
1.099563234E1,-1.111765265E0,4.818247318E0,8.323134422E0
1.100560265E1,-9.586246014E-1,4.909174919E0,8.543273926E0
1.101556151E1,-7.815557122E-1,4.966602325E0,8.435597420E0
1.102553067E1,-6.930212379E-1,5.026422977E0,8.414061546E0
1.103546677E1,5.401797295E-1,5.177470207E0,9.831509590E0
1.104543260E1,-1.006481051E0,5.091029167E0,6.884150982E0
1.105542932E1,-9.131609201E-1,5.771189213E0,7.236194611E0
1.106539823E1,-9.182456881E-2,4.432703972E0,1.095194912E1
1.107535838E1,-8.174480200E-1,5.500501156E0,6.553941250E0
1.108532640E1,-2.715853751E-1,5.579464436E0,8.066802979E0
1.109528739E1,-5.539384484E-1,4.791926384E0,9.879366875E0
1.110525468E1,-4.414757788E-1,5.893223286E0,7.083054066E0
1.111522234E1,-9.945169091E-1,5.143671513E0,7.667201996E0
1.112518968E1,-9.131609201E-1,4.964209557E0,9.244969368E0
1.113514172E1,-7.719843984E-1,5.543571949E0,7.532904625E0
1.114510750E1,-9.131609201E-1,4.882853508E0,9.139386177E0
1.115508041E1,-8.054839373E-1,5.035994530E0,8.713463783E0
1.116504687E1,-7.049853802E-1,5.294718266E0,8.040482521E0
1.117500838E1,-6.882356405E-1,4.973781109E0,8.612666130E0
1.118497437E1,-7.313064337E-1,5.114957333E0,8.344670296E0
1.119495526E1,-6.041877270E-1,4.961816788E0,7.899305820E0
1.120492271E1,-4.749752879E-1,4.904388905E0,8.792427063E0
1.121487526E1,-3.505485058E-1,4.973781109E0,8.337491035E0
1.122484125E1,-3.744767308E-1,4.885246754E0,8.593523026E0
1.123480125E1,-3.170489967E-1,4.827818871E0,8.691927910E0
1.124476656E1,-4.175475538E-1,4.928317547E0,8.574380875E0
1.125475130E1,-3.672982752E-1,4.873282433E0,8.370990753E0
1.126471859E1,-2.931207716E-1,4.894817829E0,8.607880592E0
1.127469224E1,-2.644068897E-1,4.846961498E0,8.593523026E0
1.128466015E1,-2.476571500E-1,4.899603367E0,8.571988106E0
1.129461338E1,-3.194418252E-1,4.985744953E0,8.311170578E0
1.130457984E1,-3.002992272E-1,4.964209557E0,8.528917313E0
1.131456328E1,-3.194418252E-1,4.901996136E0,8.557631493E0
1.132453146E1,-4.199403822E-1,4.940281391E0,8.476275444E0
1.133449963E1,-4.414757788E-1,4.968995094E0,8.457132339E0
1.134446781E1,-4.701896608E-1,5.016851902E0,8.426025391E0
1.135441885E1,-5.324030519E-1,5.014459133E0,8.423632622E0
1.136438531E1,-5.419743061E-1,5.028815746E0,8.449954033E0
1.137436817E1,-4.965106845E-1,5.086243629E0,8.433204651E0
1.138433625E1,-5.108676553E-1,5.126921654E0,8.485846519E0
1.139432385E1,-6.448656917E-1,5.110171795E0,8.390133858E0
1.140429390E1,-5.994020700E-1,5.129314423E0,8.380561829E0
1.141425406E1,-5.300102234E-1,5.093421936E0,8.445168495E0
1.142422312E1,-4.390829504E-1,5.110171795E0,8.473882675E0
1.143418922E1,-4.654040039E-1,5.129314423E0,8.378169060E0
1.144415791E1,-4.199403822E-1,5.134099960E0,8.380561829E0
1.145408713E1,-3.840480447E-1,5.153242588E0,8.356634140E0
1.146405182E1,-3.601198196E-1,5.119743347E0,8.485846519E0
1.147404953E1,-3.481557071E-1,5.074279308E0,8.466703415E0
1.148401760E1,-3.601198196E-1,5.088636398E0,8.397312164E0
1.149397458E1,-4.725824594E-1,5.035994530E0,8.392526627E0
1.150394151E1,-4.534398913E-1,5.067101002E0,8.440382957E0
1.151392015E1,-5.347958803E-1,5.007280350E0,8.447561264E0
1.152388828E1,-5.467599630E-1,5.007280350E0,8.588737488E0
1.153384385E1,-5.898307562E-1,4.995316505E0,8.437990189E0
1.154381067E1,-5.419743061E-1,5.009673119E0,8.342276573E0
1.155376828E1,-5.419743061E-1,4.928317547E0,8.571988106E0
1.156373416E1,-5.491527915E-1,4.945066929E0,8.583951950E0
1.157373484E1,-5.467599630E-1,5.009673119E0,8.308777809E0
1.158370427E1,-4.989035130E-1,4.997709274E0,8.375776291E0
1.159366088E1,-4.965106845E-1,4.980959415E0,8.418847084E0
1.160362896E1,-4.701896608E-1,5.009673119E0,7.619345665E0
1.161364130E1,-3.672982752E-1,5.313860893E0,8.165207863E0
1.162361390E1,-3.672982752E-1,4.554738045E0,1.024337482E1
1.163359218E1,-5.036891699E-1,5.016851902E0,8.794819832E0
1.164356531E1,-3.577269912E-1,5.177470207E0,8.289634705E0
1.165351682E1,-5.156532526E-1,5.091029167E0,8.301599503E0
1.166348781E1,-4.342973232E-1,5.285147190E0,7.798807144E0
1.167337515E1,-6.185446382E-1,4.997709274E0,7.825128078E0
1.168333765E1,-5.994020700E-1,5.095814705E0,8.545666695E0
1.169331833E1,-6.352944374E-1,5.095814705E0,8.296813011E0
1.170328271E1,-6.616154313E-1,5.102993488E0,8.828319550E0
1.171918428E1,-3.672982752E-1,4.947459698E0,8.567202568E0
1.172916683E1,-4.295116663E-1,4.873282433E0,8.658429146E0
1.173913386E1,-4.725824594E-1,4.942674160E0,8.500203133E0
1.174913282E1,-4.582255483E-1,4.909174919E0,8.459525108E0
1.175906402E1,-4.869394004E-1,4.899603367E0,8.658429146E0
1.176903136E1,-5.539384484E-1,4.868496895E0,8.445168495E0
1.177899881E1,-5.659025311E-1,4.911567688E0,8.576773643E0
1.178893308E1,-5.826523304E-1,4.885246754E0,8.512166977E0
1.179889813E1,-6.161518097E-1,4.911567688E0,8.495417595E0
1.180885975E1,-5.706881881E-1,4.842175961E0,8.521739006E0
1.181882444E1,-5.682953596E-1,4.916353226E0,8.469096184E0
1.182882220E1,-5.347958803E-1,4.901996136E0,8.418847084E0
1.183879022E1,-5.347958803E-1,4.923531532E0,8.569595337E0
1.184873751E1,-4.342973232E-1,4.930710316E0,8.488239288E0
1.185870345E1,-4.007977843E-1,4.959424019E0,8.543273926E0
1.186865746E1,-3.840480447E-1,4.923531532E0,8.483453751E0
1.187862214E1,-4.677968323E-1,4.911567688E0,8.550452232E0
1.188862923E1,-5.204389095E-1,4.882853508E0,8.531310081E0
1.189859824E1,-5.276173949E-1,4.918745995E0,8.478668213E0
1.190856527E1,-4.534398913E-1,4.935495853E0,8.476275444E0
1.191853402E1,-3.625126183E-1,4.913960457E0,8.591130257E0
1.192849673E1,-3.218346536E-1,4.930710316E0,8.598309517E0
1.193846485E1,-3.601198196E-1,4.937888622E0,8.509774208E0
1.194841313E1,-4.606183469E-1,4.880460739E0,8.536095619E0
1.195837928E1,-4.869394004E-1,4.851747036E0,8.521739006E0
1.196838017E1,-4.749752879E-1,4.887639523E0,8.445168495E0
1.197834985E1,-4.223332107E-1,4.887639523E0,8.502595901E0
1.198831121E1,-4.797609448E-1,4.890032291E0,8.531310081E0
1.199828001E1,-5.324030519E-1,4.933103085E0,8.495417595E0
1.200824438E1,-5.682953596E-1,4.918745995E0,8.521739006E0
1.201821272E1,-6.714858413E-1,4.899603367E0,8.571988106E0
1.202818209E1,-7.887341380E-1,4.909174919E0,8.406883240E0
1.203815053E1,-7.624131441E-1,4.913960457E0,8.442775726E0
1.204810798E1,-6.690930128E-1,4.916353226E0,8.461917877E0
1.205807532E1,-6.786643267E-1,4.978566647E0,8.392526627E0
1.206802230E1,-6.858428121E-1,4.992923737E0,8.387741089E0
1.207798756E1,-7.193422914E-1,4.988137722E0,8.500203133E0
1.208795214E1,-8.006982803E-1,4.964209557E0,8.394919395E0
1.209791735E1,-6.978068948E-1,4.995316505E0,8.411668777E0
1.210789912E1,-8.437690735E-1,5.445466042E0,5.526822090E0
1.211786600E1,-7.049853802E-1,4.509274483E0,1.342762375E1
1.212783657E1,-1.974078715E-1,4.573880672E0,8.399704933E0
1.213780381E1,-8.557332158E-1,6.024828434E0,5.459524155E0
1.214776100E1,-2.907279432E-1,4.576273441E0,9.936794281E0
1.215772720E1,-7.265207767E-1,4.875675201E0,8.636893272E0
1.216769688E1,-6.690930128E-1,4.966602325E0,7.095018387E0
1.217766345E1,-3.337987661E-1,4.799104691E0,1.002532864E1
1.218765907E1,-5.826523304E-1,5.234897614E0,7.279265404E0
1.219762860E1,-5.132604837E-1,5.093421936E0,8.454739571E0
1.220759480E1,-3.744767308E-1,4.669892311E0,9.762118340E0
1.221756397E1,-5.563312769E-1,5.095814705E0,7.633702278E0
1.222752829E1,-4.893322289E-1,4.995316505E0,8.366205215E0
1.223749694E1,-2.045863420E-1,4.756033897E0,9.010173798E0
1.224745584E1,-4.749752879E-1,5.007280350E0,8.327919960E0
1.225742350E1,-2.859423161E-1,4.863711357E0,8.636893272E0
1.226738975E1,-4.677968323E-1,4.913960457E0,8.571988106E0
1.227735725E1,-5.443671346E-1,4.973781109E0,7.619345665E0
1.228732079E1,-4.127618968E-1,4.777569294E0,9.338289261E0
1.229728793E1,-2.476571500E-1,4.672285080E0,8.701499939E0
1.230726204E1,-3.385843933E-1,5.012066364E0,8.117351532E0
1.231722985E1,-8.464609832E-2,4.708177567E0,9.053244591E0
1.232717631E1,-3.385843933E-1,4.839782715E0,8.682356834E0
1.233714194E1,-5.682953596E-1,4.846961498E0,7.966304779E0
1.234712902E1,-7.552346587E-1,4.796711922E0,8.852247238E0
1.235709683E1,-5.682953596E-1,4.978566647E0,7.932805061E0
1.236703256E1,-4.875376076E-2,4.992923737E0,8.691927910E0
1.237699709E1,3.197409213E-1,4.885246754E0,9.216255188E0
1.238698345E1,1.091725305E-1,5.143671513E0,8.225028992E0
1.239695016E1,-2.093719840E-1,5.035994530E0,8.406883240E0
1.240692787E1,-7.456633449E-1,4.868496895E0,8.632107735E0
1.241689568E1,-1.042373419E0,5.126921654E0,7.851449490E0
1.242685954E1,-7.743772268E-1,5.256433010E0,8.287241936E0
1.243682699E1,-2.572284341E-1,5.395216942E0,8.567202568E0
1.244678032E1,4.695914313E-2,5.510072231E0,8.519346237E0
1.245674631E1,1.106680464E-2,5.426323414E0,8.694320679E0
1.246673027E1,-5.754738450E-1,5.385645390E0,8.167600632E0
1.247669808E1,-1.071087241E0,5.323431969E0,7.834699631E0
1.248664183E1,-1.255633712E0,5.199005604E0,8.332705498E0
1.249660720E1,-1.032802105E0,5.388038158E0,8.040482521E0
1.250660105E1,-7.313064337E-1,5.411966801E0,8.306385040E0
1.251656928E1,-7.193422914E-1,5.354538918E0,8.600702286E0
1.252656204E1,-7.480561733E-1,5.411966801E0,8.097909927E0
1.253653277E1,-1.016052365E0,5.220541000E0,8.339883804E0
1.254648954E1,-1.186241865E0,5.134099960E0,8.146065712E0
1.255645881E1,-1.217348576E0,5.246861935E0,8.071588516E0
1.256640985E1,-9.538389444E-1,5.239683151E0,8.370990753E0
1.257637730E1,-8.629116416E-1,5.311468124E0,8.323134422E0
1.258634501E1,-1.159621716E0,5.304289818E0,8.069195747E0
1.259631246E1,-6.041877270E-1,5.119743347E0,8.373383522E0
1.260625553E1,7.579265833E-1,4.923531532E0,8.950352669E0
1.261622053E1,8.009973764E-1,5.026422977E0,8.675178528E0
1.262623006E1,7.770691514E-1,5.246861935E0,7.750950813E0
1.263619954E1,3.888336709E-3,5.423930645E0,8.737391472E0
1.264613490E1,-5.970092416E-1,5.603392601E0,7.834699631E0
1.265610095E1,-8.294121623E-1,5.534000397E0,8.471489906E0
1.266607871E1,-3.505485058E-1,5.179862976E0,8.543273926E0
1.267604589E1,-4.875376076E-2,5.196612358E0,8.318348885E0
1.268602204E1,4.157529473E-1,5.266004562E0,8.280063629E0
1.269599017E1,-8.006982803E-1,5.234897614E0,8.292027473E0
1.270593563E1,-1.382453322E0,5.368896008E0,8.248956680E0
1.271590142E1,-1.578664780E0,5.498108387E0,8.399704933E0
1.272585933E1,-1.154836059E0,5.615356445E0,7.990232944E0
1.273582433E1,-9.993025661E-1,5.316253662E0,8.062017441E0
1.274579595E1,-1.238883972E0,5.201398373E0,8.502595901E0
1.275576162E1,-1.698305845E0,5.206183910E0,7.856235027E0
1.276575949E1,-1.717747569E0,5.246861935E0,8.454739571E0
1.277572839E1,-1.818246126E0,5.122136116E0,8.232207298E0
1.278566470E1,-1.758425593E0,5.313860893E0,8.076375008E0
1.279563027E1,-1.772782445E0,5.242076397E0,8.014161110E0
1.280560652E1,-2.028814554E0,5.201398373E0,8.452346802E0
1.281557319E1,-2.114956141E0,5.199005604E0,7.999804497E0
1.282556584E1,-1.928315997E0,5.364109993E0,8.069195747E0
1.283553517E1,-1.545165181E0,5.309075356E0,8.102695465E0
1.284550657E1,-1.315454245E0,5.388038158E0,8.191529274E0
1.285547605E1,-1.413560033E0,5.404788017E0,8.095517159E0
1.286545522E1,-1.176371455E0,5.517251015E0,8.198707581E0
1.287542568E1,-1.164407372E0,5.612963676E0,7.875377655E0
1.288543574E1,-8.748757839E-1,5.517251015E0,8.057231903E0
1.289541022E1,-7.719843984E-1,5.510072231E0,8.047660828E0
1.290534079E1,-3.194418252E-1,5.447858810E0,7.947162151E0
1.291531084E1,1.021436214E0,5.395216942E0,8.868997574E0
1.292521392E1,2.362015009E0,5.718546867E0,7.983054638E0
1.293517720E1,1.720439434E0,6.022435665E0,7.705487251E0
1.294516168E1,-4.157529399E-2,5.706583023E0,7.738986492E0
1.295512709E1,-1.957029819E0,5.807081223E0,9.759725571E0
1.296509600E1,-1.683948994E0,6.094220161E0,8.122137070E0
1.297506178E1,-5.682953633E-3,5.984150410E0,7.181159973E0
1.298502668E1,1.399502158E0,5.433502197E0,7.667201996E0
1.299499230E1,1.929213256E-1,5.239683151E0,8.603095055E0
1.300496563E1,-1.370489120E0,5.373681545E0,6.999006271E0
1.301493204E1,-1.913959026E0,5.632106304E0,8.366205215E0
1.302487892E1,-2.007279158E0,5.701797485E0,8.411668777E0
1.303484334E1,-1.490130305E0,5.917151451E0,7.621738434E0
1.304483173E1,-7.480561733E-1,5.699404240E0,9.240183830E0
1.305479855E1,-1.413560033E0,5.842973709E0,8.208278656E0
1.306474871E1,-1.454237938E0,5.886044502E0,6.786045074E0
1.307471381E1,-1.226919770E0,4.935495853E0,8.560024261E0
1.308468355E1,-1.109372377E0,4.631308079E0,8.840283394E0
1.309464912E1,-1.018445134E0,5.282754421E0,7.288836956E0
1.310462225E1,-1.322632670E0,5.675177097E0,7.832306862E0
1.311458860E1,-1.882852316E0,5.593821049E0,8.150851250E0
1.312458464E1,-2.169991016E0,5.648856163E0,7.808378696E0
1.313455397E1,-1.834995866E0,5.402395248E0,8.021339417E0
1.314451574E1,-1.628913999E0,5.438287735E0,8.282456398E0
1.315448433E1,-1.593021631E0,5.529214859E0,6.790830612E0
1.316445173E1,-1.619342685E0,5.593821049E0,7.214659214E0
1.317442016E1,-1.671984792E0,5.574678421E0,7.944769382E0
1.318439230E1,-1.952244163E0,5.742475033E0,7.930412292E0
1.319436110E1,-2.366501570E0,5.344967365E0,8.687142372E0
1.320431980E1,-2.148455620E0,5.199005604E0,8.071588516E0
1.321428756E1,-1.566700578E0,5.440680504E0,7.441977501E0
1.322425959E1,-1.370489120E0,5.723332882E0,7.034898758E0
1.323422777E1,-1.250848055E0,5.565107346E0,6.850651264E0
1.324415985E1,-6.714858413E-1,6.067899227E0,7.487441063E0
1.325412433E1,-3.242274821E-1,6.369693756E0,7.631309509E0
1.326411944E1,1.067797095E-1,6.264409542E0,9.019744873E0
1.327408709E1,2.910270393E-1,6.690331936E0,7.197909832E0
1.328405959E1,5.784648657E-1,6.508477688E0,4.882554531E0
1.329402772E1,1.200897813E0,5.823831081E0,7.575975418E0
1.330399397E1,1.450050473E0,5.512465000E0,7.537690639E0
1.331396188E1,1.155434251E0,5.716154099E0,7.470691204E0
1.332392918E1,1.473978758E0,6.187540054E0,8.938388824E0
1.333389699E1,1.045364380E0,7.360920429E0,8.406883240E0
1.334384918E1,2.838485837E-1,7.837391376E0,6.611369133E0
1.335381542E1,1.106680464E-2,7.502097130E0,8.579166412E0
1.336378345E1,1.307079345E-1,7.221837997E0,5.301597595E0
1.337374985E1,3.245265782E-1,6.656832695E0,5.258526802E0
1.338370240E1,5.473581553E-1,6.194718838E0,8.540881157E0
1.339366740E1,9.352945685E-1,8.124529839E0,5.555535793E0
1.340365751E1,1.624726534E0,8.725427628E0,6.326323986E0
1.341362501E1,2.022234201E0,7.576274872E0,7.441977501E0
1.342358642E1,1.706082582E0,6.707081795E0,1.045155048E1
1.343355329E1,2.153839588E0,6.769594193E0,8.658429146E0
1.344349964E1,2.072483540E0,7.473383427E0,4.801198483E0
1.345346449E1,2.108375788E0,6.300302029E0,4.272085667E0
1.346344709E1,2.053340912E0,6.075077534E0,5.670391560E0
1.347341365E1,1.457229018E0,5.833402634E0,7.138089180E0
1.348339037E1,1.552941918E0,5.991328716E0,1.533081436E1
1.349335803E1,6.669993401E-1,6.760023117E0,1.466531086E1
1.350330490E1,-2.141576260E-1,8.505288124E0,8.806783676E0
1.351327042E1,-4.319044948E-1,8.284849167E0,2.813959360E0
1.352325970E1,-1.310668588E0,6.692724705E0,5.160421371E0
1.353322756E1,-1.628913999E0,5.854938030E0,8.603095055E0
1.354319204E1,-1.286740422E0,7.909176350E0,8.569595337E0
1.355315954E1,-7.815557122E-1,6.518048763E0,1.254168034E1
1.356311074E1,-4.247260094E-1,5.091029167E0,9.060422897E0
1.357307662E1,1.977069676E-1,4.394418716E0,5.177170753E0
1.358306480E1,6.502495408E-1,5.237290382E0,6.194718838E0
1.359303293E1,-2.285145670E-1,6.530013084E0,1.133300662E0
1.360299142E1,-1.616949916E0,5.723332882E0,5.162814140E0
1.361295855E1,-2.244467735E0,5.373681545E0,8.890532494E0
1.362291042E1,-2.512463808E0,6.908378124E0,5.315954685E0
1.363287600E1,-1.415952802E0,6.678368092E0,7.760521889E0
1.364286053E1,-1.954637051E0,6.101398468E0,8.244171143E0
1.365282798E1,-2.064706802E0,5.428716183E0,6.597012043E0
1.366279761E1,-2.878864765E0,4.147958279E0,1.348265839E1
1.367276532E1,-3.728615999E0,5.522036552E0,8.042875290E0
1.368271907E1,-5.062315464E0,5.273182869E0,1.275942802E1
1.369268537E1,-5.682355404E0,3.331407309E0,1.661665726E1
1.370265428E1,-5.624927998E0,6.312266350E0,3.381357431E0
1.371262079E1,-5.380859852E0,5.764010429E0,6.398108482E0
1.372260350E1,-4.880460739E0,4.631308079E0,1.174666500E1
1.373257168E1,-4.001696587E0,5.819045544E0,4.016053677E0
1.374252006E1,-3.020041227E0,5.838188171E0,8.725427628E0
1.375248626E1,-3.364906788E0,6.685546398E0,7.001399040E0
1.376247048E1,-3.230609655E0,8.567501068E0,2.931506872E0
1.377243845E1,-3.302693367E0,7.164410114E0,6.457929134E0
1.378240636E1,-2.799901485E0,6.396014690E0,4.478167534E0
1.379237428E1,-1.901994944E0,4.470989227E0,4.217051029E0
1.380232365E1,-1.056730270E0,2.826222658E0,8.402097702E0
1.381228970E1,-1.904387712E0,4.856532574E0,6.673582554E0
1.382227365E1,-2.644068956E0,6.156433582E0,4.334299088E0
1.383224152E1,-2.641676188E0,5.251647472E0,1.043719292E1
1.384220871E1,-4.252943039E0,5.055137157E0,7.346264839E0
1.385217647E1,-4.640879631E0,4.640879631E0,3.051147938E0
1.386212365E1,-3.838984728E0,3.587439299E0,8.174779892E0
1.387208938E1,-3.515654564E0,5.062315464E0,5.998208046E0
1.388208183E1,-3.240180969E0,5.567500114E0,1.111466122E1
1.389205022E1,-2.778366089E0,5.088636398E0,1.258953762E1
1.390199980E1,-3.122932673E0,6.245266914E0,2.591426849E0
1.391196626E1,-3.410370588E0,3.678665638E0,7.832306862E0
1.392195293E1,-3.099004507E0,2.050349951E0,1.483280849E1
1.393192147E1,-2.383251429E0,5.004887581E0,4.918447018E0
1.394187897E1,-1.068694472E0,5.691926956E0,3.924827337E0
1.395184636E1,-1.612164259E0,3.326621771E0,1.108833981E1
1.396181339E1,-1.468594909E0,4.516452789E0,1.156959629E1
1.397178074E1,-1.495514214E-1,6.259624004E0,1.020269680E1
1.398174157E1,-3.314059377E-1,6.403193474E0,5.598606586E0
1.399170824E1,-6.089733839E-1,3.611367464E0,8.356634140E0
1.400167246E1,-4.157529399E-2,1.028315544E0,1.248903847E1
1.401163886E1,1.473978758E0,4.095016956E0,5.713462353E0
1.402161824E1,1.569691658E0,7.616952896E0,3.505485058E-1
1.403158595E1,8.368897438E-1,4.686642170E0,6.311966896E0
1.404152855E1,3.260220960E-2,1.639083475E-1,1.247707462E1
1.405149371E1,5.784648657E-1,3.795913935E0,1.234546947E1
1.406148579E1,2.728415966E0,8.309076309E0,2.754138947E0
1.407145365E1,1.392323732E0,6.618547440E0,7.398906708E0
1.408141011E1,6.837490797E-1,2.936292410E0,1.241246796E1
1.409137683E1,1.260718465E0,4.370490551E0,1.257757282E1
1.410133803E1,1.741974831E0,6.723831654E0,6.357430458E0
1.411130418E1,2.551347256E0,6.170790672E0,3.515654564E0
1.412127501E1,2.450549603E0,3.678665638E0,7.925626755E0
1.413124168E1,2.306980133E0,5.926722527E0,6.388537407E0
1.414121933E1,1.765903115E0,8.636893272E0,1.782054663E0
1.415118709E1,7.603194118E-1,7.265207767E0,4.164408684E0
1.416114162E1,7.914260626E-1,4.049553394E0,1.550339699E1
1.417110803E1,1.232004523E0,5.648856163E0,1.832603073E1
1.418108855E1,1.600798368E0,1.089212894E1,6.687939167E0
1.419105636E1,1.389930844E0,6.760023117E0,1.862064743E1
1.420102975E1,3.580260873E-1,4.564309120E0,2.303540421E1
1.421099808E1,-7.268198580E-2,4.322634220E0,4.236193180E0
1.422094230E1,-3.189931631E0,2.823829889E0,2.699103832E0
1.423090818E1,-4.039981842E0,3.060719252E0,3.714258909E0
1.424090017E1,-2.706282377E0,3.855734587E0,6.266503334E0
1.425086876E1,-2.787937403E0,4.744070053E0,1.312343597E1
1.426083032E1,-2.636890650E0,4.559523582E0,6.300003052E0
1.427079818E1,-1.875673890E0,5.565107346E0,2.849851847E0
1.428078990E1,6.131608039E-2,4.882853508E0,9.553643227E0
1.429076017E1,2.714059114E0,3.190230846E0,2.459163666E1
1.430070730E1,1.289432287E0,8.309076309E0,1.669592023E0
1.431067517E1,-1.274776220E0,7.669594765E0,5.866602898E0
1.432063673E1,-5.635097623E-1,-1.181755304E0,2.344248390E1
1.433060397E1,-1.214955688E0,7.432705402E0,1.109372377E0
1.434060454E1,-3.020041227E0,9.546764374E0,-1.535324764E1
1.435057516E1,-6.209374666E-1,2.582154751E0,1.621915054E1
1.436051418E1,3.171387196E0,2.084148407E0,9.939187050E0
1.437048157E1,2.333301067E0,4.753641129E0,2.780459881E0
1.438045204E1,3.415455103E0,1.059422255E0,1.800060654E1
1.439041975E1,3.822534084E0,4.401597023E0,6.390930176E0
1.440037527E1,2.584846735E0,5.689534187E0,-2.374278307E0
1.441034173E1,3.472882986E0,3.894019842E0,2.224068832E1
1.442031918E1,2.572882652E0,7.363313675E0,9.271290779E0
1.443028673E1,2.239981174E0,7.777570724E0,6.795616150E0
1.444025761E1,2.852842808E0,2.984148979E0,1.537149239E1
1.445022548E1,2.723630428E0,6.477370739E0,5.088636398E0
1.446019871E1,1.198505044E0,6.788736820E0,-6.885347366E-1
1.447016709E1,9.807581902E-1,5.991328716E0,1.341087341E1
1.448012209E1,1.282253861E0,6.539584160E0,3.347857952E0
1.449008912E1,1.452443361E0,6.699903488E0,4.829912663E0
1.450004527E1,7.076773047E-1,4.964209557E0,7.032505512E0
1.451001121E1,7.507480979E-1,4.684249401E0,9.508179665E0
1.451996522E1,2.871985435E0,2.929114103E0,2.608086967E1
1.452992996E1,4.229314029E-1,7.585845947E0,6.166004658E0
1.453990839E1,-2.519642353E0,5.102993488E0,-2.704487801E0
1.454987449E1,-5.682953633E-3,1.669891119E0,1.833799362E1
1.455984928E1,-1.892423630E0,5.986543179E0,-3.197708368E0
1.456981621E1,-3.912265003E-1,6.022435665E0,-9.616156220E-1
1.457977261E1,1.464407444E0,1.878066659E0,1.339651680E1
1.458973850E1,1.447657704E0,3.707379580E0,5.970092416E-1
1.459972115E1,1.761117458E0,2.275574446E0,1.010668468E1
1.460968876E1,-6.762714982E-1,3.563511133E0,1.321914864E1
1.461965168E1,-1.169192910E0,6.386443615E0,-3.935296059E0
1.462961876E1,1.260718465E0,2.921935558E0,1.341565895E1
1.463957501E1,5.449653864E-1,2.045564175E0,1.635554123E1
1.464954100E1,-1.741675735E0,6.360122681E0,6.192326069E0
1.465951985E1,-3.084647417E0,3.329014540E0,1.103569794E1
1.466948714E1,-2.967399120E0,3.886841297E0,9.022137642E0
1.467944642E1,-3.343371391E0,5.483751297E0,-8.300103545E-1
1.468941287E1,-2.344966173E0,4.341776848E0,9.259325981E0
1.469938839E1,-1.676770449E0,3.829413652E0,1.943450546E1
1.470935574E1,-1.526022673E0,5.416752338E0,1.253928757E1
1.471932511E1,-1.834995866E0,5.083850861E0,1.201735306E1
1.472929267E1,-2.802294493E0,3.451048374E0,1.342044449E1
1.473925339E1,-4.037589073E0,5.826223850E0,5.713462353E0
1.474922027E1,-2.447857618E0,2.615654230E0,7.106982231E0
1.475917777E1,-4.801198483E0,2.371287346E0,8.691927910E0
1.476914365E1,-3.707080364E0,6.908378124E0,-1.585244946E-2
1.477912199E1,-2.471785784E0,6.721438885E0,6.678368092E0
1.478908918E1,-3.525225878E0,5.105386257E0,8.090731621E0
1.479904839E1,-1.401595831E0,3.032005310E0,1.614736557E1
1.480901475E1,-2.213360965E-1,2.256431818E0,2.045683861E1
1.481897980E1,-1.811067581E0,6.477370739E0,7.719843864E0
1.482894600E1,-1.581057549E0,5.976971626E0,4.159623146E0
1.483892694E1,1.404287815E0,4.229313850E0,1.517767429E1
1.484889464E1,2.505883455E0,5.538786411E0,4.832305431E0
1.485886459E1,4.909473896E0,6.199504375E0,1.209153080E1
1.486883246E1,4.935794830E0,3.501297712E0,9.697511673E0
1.487878657E1,2.984747171E0,7.633702278E0,4.305585384E0
1.488875303E1,3.705285788E0,4.427918434E0,5.504987717E0
1.489872115E1,3.451347589E0,5.706583023E0,1.219202995E1
1.490868782E1,2.654238462E0,9.357730865E0,-4.313362122E0
1.491866730E1,2.809772015E0,5.459823132E0,6.355037689E0
1.492863522E1,2.742773056E0,2.929114103E0,1.840977859E1
1.493858798E1,2.632703066E0,6.941877365E0,2.926721096E0
1.494855438E1,1.562513232E0,6.336194515E0,3.764508247E0
1.495853985E1,9.855438471E-1,3.400799274E0,9.881759644E0
1.496850813E1,2.527418852E0,3.798306942E0,4.813162804E0
1.497847256E1,2.268694878E0,4.066302776E0,1.111226845E1
1.498844048E1,1.418943882E0,5.074279308E0,9.570393562E0
1.499839089E1,1.217647672E0,4.652843475E0,3.230609655E0
1.500835699E1,-7.839485407E-1,5.031208515E0,1.318804169E1
1.501834626E1,-4.319044948E-1,5.443073273E0,5.641677380E0
1.502831470E1,-1.090229869E0,5.464608669E0,-4.456632212E-2
1.503827709E1,-8.700901270E-1,3.053540707E0,6.860222340E0
1.504824490E1,-2.476571500E-1,5.347360611E0,6.268896103E0
1.505819803E1,-1.025623560E0,4.118945122E0,2.960220814E0
1.506816438E1,-1.439880967E0,6.619145870E-1,1.775145340E1
1.507815006E1,-1.837388635E0,4.954638481E0,7.401299477E0
1.508811834E1,-5.220241547E0,8.545966148E0,-2.670988321E0
1.509808522E1,-4.042374611E0,5.596213818E0,1.798355675E1
1.510805334E1,-1.289133191E0,4.382454872E0,8.289634705E0
1.511800110E1,-3.290729284E0,6.336194515E0,1.582642841E1
1.512796714E1,-3.317050457E0,6.879664421E0,1.544118404E1
1.513795647E1,-4.545166492E0,7.521239758E0,-1.100040436E1
1.514792485E1,-4.470989227E0,3.479762316E0,1.382483196E1
1.515789272E1,-2.713460922E0,1.945065737E0,5.399703503E0
1.516786105E1,-2.136491537E0,7.660023689E0,-5.072484970E0
1.517781548E1,-8.703892678E-2,1.495514214E-1,2.785245514E1
1.518778240E1,-1.303490162E0,3.597010612E0,2.290619278E1
1.519774392E1,-3.577867985E0,1.075813103E1,-1.635404587E1
1.520771027E1,-2.323430777E0,1.047458172E0,1.796202278E1
1.521766542E1,-2.795115948E0,9.323035479E-1,2.154138565E1
1.522763063E1,-3.314059377E-1,7.968996525E0,-1.144098282E1
1.523761563E1,-1.030409217E0,5.761617661E0,2.195564270E1
1.524758287E1,-4.606183469E-1,4.262813568E0,1.238614750E1
1.525756225E1,5.856433511E-1,7.047161579E0,5.347061157E0
1.526753068E1,2.000997961E-1,3.671487331E0,2.244168472E1
1.527748907E1,7.567301393E-2,6.910770893E0,2.248954296E0
1.528745647E1,1.593619823E0,6.795915604E0,-3.247957706E0
1.529741735E1,-2.237289101E-1,1.191027522E0,3.009363365E1
1.530738412E1,9.376873970E-1,3.053540707E0,4.944767952E0
1.531734110E1,-8.796614408E-1,9.311968803E0,2.969791889E0
1.532730683E1,5.641079545E-1,1.861316919E0,1.947039795E1
1.533728621E1,5.641079545E-1,4.447061062E0,5.880959988E0
1.534725334E1,1.622333765E0,5.550750256E0,1.870888233E0
1.535724089E1,1.052542806E0,3.831806421E0,2.011705780E1
1.536721006E1,1.014257669E0,6.029613972E0,4.985445976E0
1.537715662E1,1.880758643E0,6.530013084E0,8.131709099E0
1.538712350E1,-2.883351147E-1,5.400002480E0,4.236193180E0
1.539708662E1,7.088737190E-2,5.821438313E0,6.620940208E0
1.540705308E1,-1.902294010E-1,4.427918434E0,1.663340759E1
1.541704459E1,3.738785535E-2,6.664011002E0,1.432702541E0
1.542701360E1,3.870390654E-1,4.186243057E0,7.006184578E0
1.543698548E1,-5.922235847E-1,-9.828519225E-1,2.292772675E1
1.544695475E1,-5.730810165E-1,5.684748173E0,-1.040668488E1
1.545689694E1,-1.224527001E0,6.084649086E0,3.728615999E0
1.546686345E1,-2.002493382E0,-1.492822170E0,2.028455544E1
1.547683464E1,-1.365703583E0,4.092624187E0,8.158029556E0
1.548680162E1,-1.796710730E0,7.427919865E0,6.130112648E0
1.549675725E1,-1.336989641E0,8.102994919E0,2.621008110E1
1.550672308E1,-1.909173369E0,5.728118420E0,7.087839603E0
1.551671579E1,-1.389631748E0,3.647558928E0,1.508913994E1
1.552668433E1,-2.883650303E0,6.812664986E0,-7.339684486E0
1.553663871E1,-3.984946966E0,1.016680431E1,-1.586561012E1
1.554660579E1,-9.897312522E-1,-3.212065220E0,2.166611099E1
1.555658058E1,-3.647259951E0,9.634101987E-1,3.135524940E1
1.556654845E1,-1.695913076E0,9.630513191E0,-2.316850424E0
1.557652110E1,-2.261217386E-1,1.052243710E0,2.374906349E1
1.558648944E1,1.235294715E-1,4.571487427E0,1.256082344E1
1.559644449E1,-1.495514214E-1,8.828618050E0,-1.819980812E1
1.560641147E1,-5.587241054E-1,5.574678421E0,4.930410862E0
1.561636220E1,6.311069727E-1,8.938688278E0,6.789634377E-2
1.562632751E1,9.329017401E-1,1.076052380E1,-1.737398529E1
1.563629183E1,2.546561480E0,4.047160625E0,1.026490974E1
1.564625704E1,1.722832322E0,5.038387299E0,-3.190529823E0
1.565625709E1,2.074876308E0,5.040780067E0,8.088338852E0
1.566622584E1,1.275075316E0,-3.812962770E0,5.431318665E1
1.567617240E1,-1.303490162E0,5.333003521E0,2.617179680E1
1.568613892E1,1.106680464E-2,1.108624649E1,-1.281057453E1
1.569610631E1,2.144268274E0,-8.321040869E-1,1.867807388E1
1.570607287E1,1.962413669E0,-3.221337497E-1,1.139013481E1
1.571606438E1,1.631905079E0,1.011416245E1,-1.081137085E1
1.572603345E1,2.627917528E0,9.465408325E0,4.534398913E-1
1.573598511E1,1.457229018E0,9.180362701E0,5.204389095E-1
1.574595246E1,7.938188910E-1,3.937090635E0,1.027926731E1
1.575590412E1,7.004988194E-1,1.937887192E0,4.167190552E1
1.576586980E1,1.634297848E0,6.386443615E0,1.627657700E1
1.577582751E1,1.929213256E-1,8.064709663E0,1.059990501E1
1.578579240E1,2.158625126E0,2.333002090E-1,3.051147938E0
1.579578824E1,1.727617979E0,6.479763508E0,-2.180160522E0
1.580575626E1,-3.337987661E-1,1.025533867E1,-1.597807312E1
1.581570798E1,-3.984049559E-1,1.058106136E1,3.297608614E0
1.582567433E1,-7.289136052E-1,2.378465652E0,2.876232719E1
1.583566183E1,8.775677085E-1,7.375277519E0,2.322712898E1
1.584563032E1,3.573680639E0,7.490133286E0,1.516092396E1
1.585556579E1,1.706082582E0,1.253958702E1,-2.383849621E0
1.586553095E1,2.709273338E0,6.235695839E0,-1.004028416E1
1.587554496E1,-9.897312522E-1,5.685944557E-1,1.665015793E1
1.588551501E1,1.016650558E0,6.364908218E0,3.216252804E0
1.589545392E1,-1.823031783E0,7.494918823E0,-1.969592094E0
1.590542084E1,-2.021935135E-1,3.621237993E0,1.801735687E1
1.591544074E1,-1.169192910E0,3.697808266E0,3.034398317E0
1.592541298E1,-1.229312658E0,3.908376694E0,1.097827053E1
1.593538652E1,-3.048755169E0,1.856531262E0,1.952782631E1
1.594535892E1,-2.840579510E0,4.346562386E0,9.584750175E0
1.595527319E1,-3.122932673E0,1.011266708E0,6.924828529E0
1.596523970E1,-8.653044701E-1,2.108076811E0,1.007079220E1
1.597518475E1,-2.560320139E0,7.791628838E-1,9.486644745E0
1.598514907E1,-2.486142635E0,-3.699901998E-1,1.417209053E1
1.599513470E1,-4.583451748E0,8.973085135E-2,2.208007050E1
1.600510115E1,-3.618546009E0,1.753131485E1,-1.132612705E1
1.601507194E1,-7.983054519E-1,1.720589066E1,-1.127109241E1
1.602503881E1,-6.515655994E0,6.393621922E0,1.264935780E1
1.603500845E1,-2.742174864E0,6.271588326E0,6.747759819E0
1.604497563E1,-3.721437454E0,2.261217356E0,1.998036766E1
1.605492798E1,-6.032006741E0,1.521237016E0,2.187668037E1
1.606489360E1,-2.639283419E0,5.371288776E0,-8.448159218E0
1.607486918E1,-4.674378872E0,3.503690481E0,-1.670100403E1
1.608483584E1,-2.615355253E0,1.114457130E0,1.984158516E1
1.609479647E1,-4.116552353E0,6.654439926E0,1.667169189E1
1.610476246E1,-2.196312189E0,1.518754482E1,5.847460270E0
1.611473824E1,-5.577071190E0,3.111267567E0,2.003779602E1
1.612470522E1,-2.354537487E0,6.690930128E-1,6.450750828E0
1.613466631E1,-1.008873820E0,6.116653085E-1,7.621738434E0
1.614463272E1,-3.946661949E0,-6.082555294E0,3.243022537E1
1.615460225E1,-1.130907774E0,3.664308786E0,4.889732838E0
1.616456897E1,2.141875267E0,1.032951641E1,-6.698108673E0
1.617452740E1,1.871187329E0,2.201396942E0,1.787109566E1
1.618449329E1,2.060519457E0,6.996912479E0,-5.436492920E0
1.619447688E1,3.628715515E0,6.764808655E0,4.741377831E0
1.620444454E1,-1.708176255E0,1.461416483E0,2.411995125E1
1.621440938E1,2.225624084E0,1.005434132E1,-6.068497181E0
1.622437673E1,3.226422310E0,8.272885323E0,-1.578874111E1
1.623434688E1,5.309374332E0,-8.512466550E-1,1.034387302E1
1.624431454E1,2.747558594E0,-2.431706041E-1,2.536511612E1
1.625428037E1,-2.261217386E-1,4.640879631E0,1.942732620E1
1.626424777E1,1.241575837E0,8.428717613E0,4.526562500E1
1.627420277E1,1.818545222E0,4.878067970E0,1.193121147E1
1.628416897E1,5.730810165E0,3.510869026E0,5.132604837E-1
1.629414865E1,7.878368378E0,4.200600147E0,-5.335695267E0
1.630411615E1,5.831308842E0,1.305912876E1,-1.829312897E1
1.631408355E1,4.935794830E0,1.609741592E1,-1.791506386E1
1.632405105E1,4.986044407E0,2.795115948E0,6.568298340E-1
1.633400647E1,6.188138485E0,-3.422633648E0,2.416541481E1
1.634397277E1,2.690130949E0,6.297909260E0,-1.557727575E0
1.635395063E1,4.684548378E0,9.872487068E0,-1.495514154E0
1.636391803E1,2.153839588E0,1.700997829E0,2.894687271E1
1.637387548E1,-4.917250574E-1,2.728116989E0,2.539622307E1
1.638384188E1,-9.370891452E-1,5.095814705E0,4.871099091E1
1.639382230E1,8.201399446E-1,-6.104090691E0,2.157727814E1
1.640379011E1,3.269194067E-1,5.083850861E0,3.491726398E0
1.641373100E1,1.880758643E0,5.206183910E0,-1.069651508E1
1.642369610E1,1.450648755E-1,7.380063057E0,-9.903294444E-1
1.643368652E1,1.337288737E0,1.236221886E1,-1.494138241E1
1.644365418E1,1.277468204E0,9.613762856E0,-1.210170078E1
1.645362173E1,2.496312141E0,9.777671695E-1,2.578386116E1
1.646358938E1,-6.113362789E0,4.815854549E0,2.540818787E1
1.647355282E1,-9.146863937E0,9.927521706E0,-5.922235966E0
1.648352001E1,-6.506084919E0,3.338585854E0,1.821117401E1
1.649349345E1,-6.776473522E0,-5.848058701E0,1.361665630E1
1.650346126E1,-9.225827217E0,9.079864502E0,-1.792702675E1
1.651342183E1,-2.603390932E0,1.997707844E0,-7.114758968E0
1.652338886E1,7.100701332E-1,-6.454638839E-1,5.422704315E1
1.653336100E1,6.406782866E-1,3.685844183E0,2.928665352E1
1.654332860E1,-1.511665702E0,7.844570160E0,-9.664610863E0
1.655329704E1,-1.286142133E-2,4.820640087E0,2.361416817E0
1.656326470E1,2.063809521E-2,3.171088219E0,-1.999083710E1
1.657322860E1,6.095715761E-1,4.032803535E0,-1.182174015E1
1.658319589E1,-2.790330410E0,3.642773390E0,2.628425980E1
1.659317240E1,-1.348953694E-1,9.448657990E0,-1.270588875E0
1.660314058E1,2.879163742E0,1.194586754E1,1.557278919E1
1.661309850E1,-7.507480681E-2,2.641975403E0,3.273441315E1
1.662306563E1,-1.506880045E0,5.638088584E-1,7.379764080E0
1.663303319E1,-1.964208245E0,-5.050650597E0,2.752942467E1
1.664300037E1,2.383849621E-1,-4.631607533E0,3.989313889E1
1.665296808E1,1.351645708E0,5.507679462E0,-9.123533249E0
1.666293532E1,3.340978622E-1,4.509274483E0,-1.854736686E0
1.667290142E1,2.659024239E0,9.370891452E-1,7.083054066E0
1.668286850E1,6.370890141E-2,1.430638790E1,-1.870499420E1
1.669283761E1,5.282155871E-1,1.377009583E1,-1.014347458E1
1.670280490E1,-4.856532574E0,1.873101616E1,-5.517848969E0
1.671276928E1,4.253242314E-1,1.112692451E1,-1.147687435E1
1.672273626E1,5.072484970E0,-3.771686554E-1,6.278646851E1
1.673272496E1,1.474576890E-1,-2.967698336E0,5.151208878E1
1.674269412E1,-2.833401203E0,6.870092869E0,-2.170738792E1
1.675265746E1,-1.657627940E0,2.519642353E0,8.023732185E0
1.676262605E1,-6.398407936E0,-1.847259045E0,4.975874901E0
1.677259412E1,5.892325938E-2,1.066600680E0,2.892922640E0
1.678256261E1,2.254338026E0,-2.998805046E0,3.857379532E1
1.679253350E1,2.809772015E0,7.734200954E0,2.451506615E1
1.680250225E1,2.630310297E0,7.128517628E0,-1.600678635E1
1.681246595E1,2.568096876E0,2.103291035E0,2.162513542E1
1.682243418E1,-5.324030519E-1,7.145566344E-1,1.606122398E1
1.683239475E1,-4.394418716E0,9.771689415E0,-1.085204887E1
1.684236220E1,-6.304788589E0,9.292825699E0,-7.461718082E0
1.685232392E1,-8.921639442E0,2.065574265E1,-1.701476288E1
1.686229079E1,-5.402395248E0,9.752547264E0,-1.798445511E1
1.687225782E1,1.864008784E0,-7.021139622E0,4.904119873E1
1.688222470E1,4.803591371E-1,-4.899902344E0,1.927897263E1
1.689216839E1,6.813562512E-1,6.230910301E0,-2.404397964E1
1.690213287E1,-1.537986755E0,-1.327717423E0,3.980161428E0
1.691211095E1,-5.837889194E0,-4.054637909E0,2.261157608E1
1.692207683E1,-2.459821701E0,5.919544220E0,3.175275612E1
1.693204845E1,1.076471090E0,1.147418308E1,4.771976471E1
1.694201490E1,-3.218346536E-1,1.632951927E1,7.540083408E0
1.695198438E1,-7.662416458E0,1.771107483E1,-2.839921570E1
1.696195115E1,-5.069493771E0,7.169494629E-1,-2.157099724E1
1.697191553E1,-1.741675735E0,-2.519941330E0,-3.959224224E0
1.698188199E1,-4.236193180E0,-5.519942760E0,3.055933714E0
1.699185142E1,-4.880460739E0,-8.210970879E0,3.793700790E1
1.700181818E1,-9.125328064E0,-2.283051968E0,4.010849380E1
1.701178418E1,-6.781259537E0,6.894021034E0,5.342275620E0
1.702175089E1,-8.196314812E0,7.626523972E0,6.879364848E-1
1.703171803E1,-1.187139130E1,9.015258789E0,-2.800200701E0
1.704168475E1,-1.067677498E1,9.110971451E0,-9.966106415E0
1.705165074E1,-1.166321564E1,6.630511761E0,1.641057587E1
1.706161740E1,-1.430638790E1,1.842174292E0,1.298943806E1
1.707158720E1,-1.175653553E1,5.038387299E0,5.150849819E0
1.708155412E1,-1.016201878E1,-1.498505175E-1,2.326302147E1
1.709152746E1,-8.725427628E0,2.574976206E0,8.512166977E0
1.710149506E1,-3.443870068E0,5.716154099E0,-8.635098934E-1
1.711145392E1,-6.731009960E0,2.237289190E0,8.835497856E0
1.712142063E1,-4.547559261E0,2.249253273E0,4.487739086E0
1.713139027E1,-8.124529839E0,1.152742267E0,2.046640968E1
1.714135725E1,-7.937591076E0,-1.574178219E0,3.060120964E1
1.715132459E1,-4.252943039E0,-2.309372902E0,1.326221943E1
1.716129157E1,5.266303539E0,-9.049057007E0,2.380888367E1
1.717125569E1,6.867999077E0,-1.076770201E-2,1.567089462E1
1.718122240E1,4.401896477E0,-9.002995491E-2,-5.405087471E0
1.719118777E1,3.896711588E0,4.298706055E0,-1.902832413E1
1.720115433E1,9.765109062E0,1.634866142E1,-1.927956963E1
1.721112621E1,3.019712257E1,2.676342201E1,5.071886539E0
1.722109329E1,1.762283897E1,2.219043922E1,3.833451462E1
1.723106074E1,4.440181732E0,8.639286041E0,6.169953156E1
1.724102787E1,1.179362416E0,-7.523931503E0,4.534937286E1
1.725099464E1,-1.088734341E1,-1.812533188E1,1.887667847E1
1.726096168E1,-6.103791237E0,-2.236062813E1,-1.124327540E0
1.727093506E1,7.102495670E0,-6.192625046E0,-2.106102753E1
1.728090277E1,-1.169192910E0,7.121638656E-1,-1.499881077E1
1.729089438E1,9.614062309E0,5.716154099E0,4.195934296E1
1.730086449E1,8.637192726E0,1.364088345E1,3.297848129E1
1.731080240E1,5.105984211E0,1.969562149E1,1.827817345E1
1.732076923E1,1.335135174E1,5.040780067E0,4.600291443E1
1.733074053E1,9.204590797E0,-4.279862404E0,3.027219772E0
1.734070782E1,-1.968993902E0,-1.626281929E1,-2.412802696E1
1.735067355E1,-6.834499836E-1,-1.388525105E1,-2.705355263E1
1.736064068E1,2.615953445E0,2.639582396E0,-2.613171768E1
1.737060360E1,1.035793066E0,1.397348595E1,-2.688844681E1
1.738057032E1,-9.370891452E-1,2.451536560E1,-2.490599442E1
1.739055527E1,-1.965255165E1,1.811067581E1,5.251049423E1
1.740052376E1,8.970093727E-1,-7.181458950E0,7.853303528E1
1.741046892E1,-2.232503414E0,-4.660321236E0,2.984926605E1
1.742043511E1,-5.447858810E0,-1.481187153E1,-4.974349213E1
1.743041147E1,-1.525424421E-2,-1.543430424E1,-9.896714211E0
1.744037865E1,-2.838186741E0,-3.499203920E0,1.633161354E1
1.745037183E1,6.319743633E0,1.329601765E1,-1.725165367E1
1.746034162E1,-2.476571500E-1,2.879133987E1,-1.299242878E1
1.747027694E1,-1.930708766E0,2.277697945E1,-1.557338715E1
1.748024324E1,-6.010471344E0,9.733404160E0,5.121508026E1
1.749020397E1,-1.106949711E1,-1.002353382E1,7.497521210E1
1.750016970E1,-7.918448448E0,-2.943770170E0,2.295404816E1
1.751014855E1,-2.823829889E0,1.945065737E0,-2.314158630E1
1.752011558E1,7.315756321E0,-1.636690736E0,-1.795574188E1
1.753008235E1,-3.735794306E0,1.052841949E1,-3.367359543E1
1.754004933E1,7.088737190E-2,1.337019539E1,-3.574219131E1
1.755001511E1,-2.533999205E0,4.906782150E0,2.033719826E1
1.755998199E1,-6.137589812E-1,1.837388635E0,7.853303528E1
1.756995136E1,-1.179242802E1,-1.638006783E1,5.764847946E1
1.757991850E1,-4.097409725E0,-1.944467545E1,2.349512482E1
1.758988287E1,2.922234535E0,-1.838405609E1,-1.112363458E0
1.759984970E1,4.380361080E0,-8.129614830E0,-2.329711914E1
1.760981277E1,-3.747758389E0,1.407189083E1,-3.745963812E0
1.761977918E1,-1.044766188E0,2.505644226E1,4.875405884E1
1.762975126E1,-6.071787328E-2,1.611655807E1,4.828237534E1
1.763971824E1,4.131507397E0,7.437490940E0,5.210670471E0
1.764969006E1,4.667798996E0,-2.982055187E0,-4.255934238E0
1.765965751E1,7.310970306E0,3.314059377E-1,-2.860499763E1
1.766962131E1,3.465704441E0,1.503410435E1,-7.348418427E1
1.767958834E1,-3.324228764E0,1.733271027E1,1.476820183E1
1.768955292E1,-4.030410767E0,-1.709582138E1,7.853303528E1
1.769951975E1,-5.117350101E0,-4.852046013E0,3.856901169E1
1.770949100E1,1.192702484E1,-6.381957054E0,-5.094768143E1
1.771945824E1,6.396314144E0,-1.231466198E1,3.302394390E0
1.772942402E1,8.285148442E-2,-1.049761200E1,1.581057549E0
1.773939115E1,4.220041752E0,1.031755257E1,-2.800410080E1
1.774936157E1,1.420858097E1,2.008595085E1,1.507478237E1
1.775932897E1,1.555424404E1,2.000698853E1,5.259663391E1
1.776929444E1,8.694919586E0,1.355713463E1,-7.902296543E0
1.777926168E1,7.387540817E0,6.197111607E0,9.977472305E0
1.778921626E1,-1.001695395E0,-5.496014595E0,2.170200348E1
1.779918220E1,-4.004089355E0,-1.835294962E0,-5.752345562E0
1.780915975E1,-7.571488857E0,9.681958556E-1,1.184746265E1
1.781912688E1,7.674978375E-1,7.425527096E0,4.439643097E1
1.782910162E1,1.765903115E0,6.862914562E0,1.286142133E-2
1.783906949E1,3.597608805E0,9.681958556E-1,-7.821539044E-1
1.784903433E1,5.144269466E0,2.502892494E0,-1.655265045E1
1.785900183E1,7.737192154E0,2.031207323E0,-4.294398880E1
1.786896839E1,-7.499704361E0,4.346562386E0,4.923531723E1
1.787893579E1,-8.217850685E0,-3.547060490E0,6.439295197E1
1.788889938E1,-5.026422977E0,1.208225918E1,-1.303310680E1
1.789886642E1,-1.870888233E0,-1.102792144E0,6.070291996E0
1.790884454E1,2.747558594E0,-1.026999474E1,3.746292877E1
1.791881272E1,9.923035622E0,4.039981842E0,-2.485095787E1
1.792878142E1,6.896713257E0,1.377727413E1,-2.938087082E1
1.793874959E1,3.044567823E0,9.082257271E0,2.904258537E1
1.794872834E1,-7.746763527E-2,2.993720293E0,3.277748108E1
1.795869756E1,-1.801496387E0,6.819843769E0,5.443671346E-1
1.796864527E1,2.785843849E0,-2.800200701E0,4.346263123E1
1.797861230E1,6.405885220E0,-8.656334877E0,3.459453201E1
1.798857595E1,1.367707539E1,-2.924627542E0,-1.626760483E1
1.799854267E1,1.526919937E1,8.916255236E-1,-1.402672672E1
1.800852121E1,1.009292603E1,3.762414455E0,-7.258328438E0
1.801848907E1,4.169792652E0,9.130113602E0,-1.503709602E1
1.802845339E1,3.420240879E0,8.445467949E0,8.622237206E0
1.803842089E1,4.042973042E0,3.850949049E0,4.355146408E1
1.804839225E1,6.025127411E0,3.539582968E0,3.511646652E1
1.805836011E1,6.520740986E0,1.866102576E0,4.384548187E0
1.806831371E1,3.980460405E0,-6.973283291E0,1.034387302E1
1.807828011E1,5.149055004E0,-3.973282099E0,1.396810263E-1
1.808824194E1,1.607976794E0,4.887639523E0,-1.776880264E1
1.809820787E1,-3.721437454E0,8.612964630E0,1.640878081E0
1.810818313E1,-2.850150824E0,5.263611794E0,2.827628517E1
1.811815001E1,-2.531606436E0,6.515655994E0,6.754938126E0
1.812812720E1,-3.768695593E-1,7.976175308E0,6.113662124E-1
1.813809511E1,-1.715354681E0,3.123231649E0,1.044676495E1
1.814805412E1,-1.389631748E0,2.047957182E0,-4.794618607E0
1.815802110E1,-3.233002424E0,2.170290232E0,5.986244202E0
1.816798767E1,-5.229813099E0,7.128517628E0,1.303490162E1
1.817795459E1,-3.843770504E0,7.293921471E0,9.417252541E0
1.818791230E1,-5.294419289E0,-1.098006487E0,1.603251076E1
1.819787834E1,-5.840281963E0,-4.107280254E0,6.963113785E0
1.820786454E1,-6.077470303E0,-2.237588167E0,-1.259970665E1
1.821783261E1,-5.581857204E0,-2.194517374E0,-5.611168861E0
1.822776980E1,-7.394121170E0,-6.933203340E-1,8.248956680E0
1.823773470E1,-9.113364220E0,4.181457520E0,3.438635635E1
1.824773371E1,-6.130112648E0,2.249253273E0,4.008935165E1
1.825770204E1,-1.181157112E0,1.516451359E0,2.065095711E1
1.826764194E1,-3.601198196E-1,1.097707391E0,5.213063240E0
1.827760735E1,2.158625126E0,-1.054636598E0,9.699904442E0
1.828760454E1,1.991127491E0,2.452643216E-1,1.356132269E0
1.829757318E1,1.835294962E0,8.790034294E0,4.973481655E0
1.830753850E1,1.818545222E0,7.676773071E0,1.126331520E1
1.831750678E1,1.447657704E0,1.132792187E1,2.287239313E0
1.832745454E1,1.129113197E0,8.785248756E0,7.379764080E0
1.833742079E1,3.460619748E-1,6.453442574E0,2.025823402E1
1.834738944E1,4.054936886E0,7.001698017E0,1.212024498E1
1.835735589E1,4.624728203E0,7.114161015E0,1.286979675E1
1.836734423E1,6.891927242E0,4.451846600E0,1.239811134E1
1.837731287E1,7.366005421E0,3.386442184E0,8.026124954E0
1.838728334E1,7.660621643E0,2.249253273E0,9.381360054E0
1.839725214E1,6.582954407E0,3.623630762E0,8.840283394E0
1.840722444E1,5.127519608E0,5.179862976E0,2.732603550E0
1.841719360E1,2.575275421E0,7.181159973E0,-5.094020367E0
1.842713782E1,2.565704107E0,6.199504375E0,-7.703692436E0
1.843710449E1,4.768297195E0,6.307480335E0,1.779661775E-1
1.844707506E1,2.440978289E0,6.762415886E0,-1.395015597E0
1.845704204E1,-1.480558991E0,3.628416538E0,1.755045700E1
1.846698261E1,7.316055298E-1,-4.345964193E-1,4.339802551E1
1.847694694E1,1.928615093E0,2.792723179E0,1.243639660E1
1.848694933E1,2.350050926E0,-6.837490797E-1,9.924830437E0
1.849691751E1,1.522433460E-1,-6.762415886E0,2.368894386E1
1.850686261E1,1.251147151E0,4.606183469E-1,-3.293421268E0
1.851682845E1,2.678166628E0,2.366501570E0,2.545963287E0
1.852679220E1,1.337288737E0,2.665903568E0,2.191975021E1
1.853675777E1,-3.888336718E-1,8.732605934E0,-6.803392887E0
1.854675032E1,-6.954140663E-1,5.423930645E0,-4.612763882E0
1.855671865E1,-6.305087805E-1,-2.424228430E0,1.267567921E1
1.856665282E1,2.120639086E-1,7.504490018E-1,-1.713261008E0
1.857661766E1,2.934198678E-1,1.619641781E0,9.991828918E0
1.858660652E1,-1.667199135E0,6.978068948E-1,3.060360336E1
1.859657381E1,-2.653640270E0,1.617249012E0,1.693490410E1
1.860655595E1,-2.768795013E0,-9.242277592E-2,1.610429382E1
1.861652475E1,-2.153241158E0,1.607677698E0,1.752413559E1
1.862648418E1,-3.546761274E0,8.691927910E0,-3.695714474E0
1.863645199E1,-4.078267097E0,7.748558044E0,3.309572935E0
1.864643183E1,-3.637688637E0,3.362514019E0,1.473231030E1
1.865640089E1,-2.359323025E0,6.901199818E0,2.845066071E0
1.866636662E1,-1.753639936E0,7.178767204E0,-3.521038532E0
1.867633532E1,-4.159623146E0,4.949852943E0,5.132604837E-1
1.868626110E1,-3.396013498E0,1.794317842E0,2.467777824E1
1.869622542E1,-2.483749866E0,2.356930375E-1,3.497289658E1
1.870623636E1,-5.284847736E0,5.752046585E0,5.289633751E0
1.871620543E1,-1.758724600E-1,-5.982056726E-3,1.989183426E1
1.872613959E1,-3.505485058E-1,-2.177767754E0,2.593251419E1
1.873610516E1,-1.348953694E-1,7.284350395E0,-1.326311684E1
1.874609412E1,-8.485547304E-1,8.016853333E0,-8.306982994E0
1.875606204E1,-6.209374666E-1,5.321039200E0,1.669083595E1
1.876601266E1,-5.802595019E-1,7.363313675E0,1.166800141E0
1.877597881E1,-1.145264745E0,1.055713367E1,-2.850749016E0
1.878595459E1,-1.461416483E0,3.355335474E0,7.300800800E0
1.879592173E1,-8.748757839E-1,1.626820326E0,5.983851433E0
1.880589214E1,8.524430543E-2,3.412763357E0,-1.792523265E0
1.881585954E1,5.784648657E-1,4.566701889E0,3.101397276E0
1.882582558E1,4.899304509E-1,3.752843142E0,3.752544165E0
1.883579287E1,8.524430543E-2,3.398406267E0,6.738188744E0
1.884578548E1,4.157529473E-1,1.121635556E0,1.261107254E1
1.885575532E1,1.473978758E0,6.140581369E-1,2.800828743E1
1.886569990E1,5.653043464E-2,1.076770201E-2,2.833610535E1
1.887566720E1,6.281159353E-3,-4.322035909E-1,2.947598648E1
1.888564777E1,5.330012441E-1,-3.738785267E0,2.656212616E1
1.889561636E1,-3.297907829E0,-1.570289880E-1,4.901697159E0
1.890557600E1,-5.677569866E0,3.024827003E0,-1.372762394E1
1.891554371E1,-5.050351143E0,1.329811215E0,3.672982752E-1
1.892551537E1,-4.966602325E0,2.167897224E0,1.311865044E1
1.893548345E1,-4.236193180E0,8.002495766E0,8.797212601E0
1.894543470E1,-4.411168575E0,9.553942680E0,9.311968803E0
1.895540105E1,-3.889234066E0,6.087041855E0,6.091827393E0
1.896542928E1,-4.451846600E0,1.662712693E0,1.039980531E0
1.897540188E1,-4.839782715E0,1.851745605E0,2.632104874E0
1.898535464E1,-2.941078186E0,4.715356350E0,-2.278266191E0
1.899532527E1,-5.108676553E-1,4.461417675E0,2.596212626E0
1.900524860E1,-2.835494876E-1,4.008875370E0,9.577571869E0
1.901521444E1,-5.539384484E-1,4.325026989E0,5.251348495E0
1.902517714E1,-4.965106845E-1,2.634796858E0,8.021339417E0
1.903514261E1,-3.918246925E-2,1.691426516E0,1.156959629E1
1.904509751E1,8.847461939E-1,3.005684376E0,1.392562962E1
1.905506194E1,2.572882652E0,3.477369547E0,2.552782822E1
1.906503449E1,5.210371017E-1,2.067398787E0,1.474666691E1
1.907499975E1,2.687737942E0,-8.045866340E-2,8.380561829E0
1.908498949E1,3.367598772E0,-2.261516571E0,1.977219200E1
1.909495720E1,1.928615093E0,3.803092480E0,9.362217903E0
1.910491115E1,1.255932808E0,9.328718185E0,-1.651047587E0
1.911487746E1,7.818548083E-1,8.328219414E0,1.052094173E1
1.912484980E1,-3.385843933E-1,6.427121639E0,6.314359665E0
1.913481668E1,-1.894816399E0,4.674678326E0,3.448655605E0
1.914478740E1,-2.172383785E0,2.105684042E0,1.068126106E1
1.915475470E1,-2.203490496E0,2.665903568E0,7.650452137E0
1.916472240E1,-9.969097376E-1,3.338585854E0,9.407681465E0
1.917468970E1,1.761715710E-1,4.258028030E0,1.607797432E1
1.918466178E1,7.100701332E-1,4.913960457E0,1.157198906E1
1.919462954E1,7.794619799E-1,3.561118364E0,1.303011608E1
1.920457277E1,1.720439434E0,1.990529299E0,1.193360519E1
1.921453803E1,1.375573874E0,2.134397745E0,7.734200954E0
1.922452933E1,-4.127618968E-1,2.120040894E0,9.881759644E0
1.923449725E1,-4.725824594E-1,3.846163273E0,8.514560699E0
1.924447652E1,-1.591227055E-1,6.065506458E0,5.536393166E0
1.925444558E1,3.798605800E-1,6.446264267E0,8.016553879E0
1.926439371E1,7.052844763E-1,6.448657036E0,5.481059551E0
1.927436063E1,1.031007409E0,6.431907177E0,3.553939819E0
1.928429355E1,9.568299651E-1,5.407180786E0,6.002993584E0
1.929425704E1,1.031007409E0,5.201398373E0,6.321538448E0
1.930425407E1,9.664012194E-1,5.021637440E0,6.817151546E0
1.931422095E1,1.560120344E0,4.866104126E0,1.187139130E1
1.932417360E1,1.923829436E0,4.435096741E0,1.282433319E1
1.933413902E1,1.401894927E0,3.544368505E0,1.278335571E1
1.934411850E1,8.946165442E-1,8.700901270E-1,1.190967655E1
1.935408532E1,7.196413875E-1,-1.088435173E0,1.219920826E1
1.936405949E1,3.750749528E-1,-8.297112584E-1,1.218245792E1
1.937402704E1,-2.093719840E-1,8.150551915E-1,1.154088306E1
1.938398787E1,-6.113662124E-1,2.383251429E0,1.161745262E1
1.939395475E1,-5.754738450E-1,3.376870871E0,1.166291714E1
1.940391964E1,-8.174480200E-1,3.147160053E0,1.112423229E1
1.941388631E1,-8.509475589E-1,2.668296337E0,1.051137066E1
1.942385516E1,-7.073782086E-1,2.483749866E0,8.792427063E0
1.943382204E1,-3.678964823E-2,1.978565216E0,8.545666695E0
1.944377871E1,2.000997961E-1,1.775175333E0,1.007079220E1
1.945374454E1,1.761715710E-1,2.177468538E0,9.872187614E0
1.946372558E1,3.101696372E-1,2.199003935E0,9.833903313E0
1.947369292E1,6.382854581E-1,1.710569143E0,1.049940681E1
1.948366803E1,3.460619748E-1,1.523629785E0,8.912068367E0
1.949363615E1,9.472586513E-1,1.665105462E0,8.483453751E0
1.950358095E1,9.496514797E-1,1.897209287E0,1.011625576E1
1.951354673E1,7.052844763E-1,2.031207323E0,9.654142380E0
1.952353001E1,-5.084748268E-1,2.459821701E0,1.065733337E1
1.953349751E1,-5.108676553E-1,2.948256493E0,1.008036327E1
1.954346542E1,-7.265207767E-1,2.670689106E0,8.167600632E0
1.955343293E1,-5.922235847E-1,2.495713949E0,9.556035995E0
1.956338069E1,-4.654040039E-1,2.383251429E0,9.774082184E0
1.957334621E1,-2.961117961E-2,2.447857618E0,9.745368004E0
1.958333819E1,-4.989035130E-1,2.062613010E0,1.074138069E1
1.959330642E1,-5.108676553E-1,2.294716835E0,1.064536858E1
1.960326475E1,-6.520441771E-1,1.921137452E0,1.057837009E1
1.961323194E1,8.763712645E-2,1.135992527E0,1.074855900E1
1.962318761E1,2.120639086E-1,2.447857618E0,7.851449490E0
1.963315360E1,-2.859423161E-1,2.555534601E0,1.123220825E1
1.964313746E1,-1.567298770E-1,2.557927370E0,1.376979733E1
1.965310527E1,-2.907279432E-1,3.195016384E0,6.936792850E0
1.966307313E1,-1.902294010E-1,2.653939486E0,1.035583687E1
1.967304095E1,1.720439434E0,2.682653189E0,1.192881870E1
1.968298683E1,6.610172242E-2,5.105386257E0,7.928019524E0
1.969295240E1,1.095613718E0,4.526023865E0,6.766902447E0
1.970294845E1,2.833700180E0,5.134099960E0,1.115773201E1
1.971291709E1,2.213660002E0,7.066304207E0,5.849853039E0
1.972287600E1,2.393121719E0,6.817451000E0,6.716653347E0
1.973284365E1,3.501895905E0,6.101398468E0,1.012343407E1
1.974279725E1,3.451347589E0,7.346563816E0,5.129314423E0
1.975276350E1,3.695714474E0,6.956234455E0,6.266503334E0
1.976274454E1,3.384348631E0,5.764010429E0,1.011386299E1
1.977271225E1,1.880758643E0,6.479763508E0,6.599404812E0
1.978267527E1,1.375573874E0,6.247660160E0,7.111767769E0
1.979264251E1,1.332503080E0,5.531607628E0,9.936794281E0
1.980259792E1,1.028614640E0,6.003293037E0,7.080661297E0
1.981256392E1,1.098006487E0,5.759224892E0,7.892127514E0
1.982255287E1,1.275075316E0,5.110171795E0,9.663713455E0
1.983252121E1,6.263213158E-1,5.342574596E0,7.604988575E0
1.984247938E1,6.191428304E-1,4.772783756E0,8.567202568E0
1.985244668E1,6.382854581E-1,4.516452789E0,9.745368004E0
1.986239647E1,2.407777756E-1,4.937888622E0,7.559226036E0
1.987236199E1,-4.396811500E-2,4.851747036E0,8.758927345E0
1.988234397E1,3.460619748E-1,4.760819912E0,9.014959335E0
1.989231115E1,-5.682953633E-3,5.033601761E0,7.609774113E0
1.990229214E1,1.402792335E-1,4.724927425E0,8.347063065E0
1.991226074E1,4.444667995E-1,4.751248360E0,8.502595901E0
1.992220511E1,1.594218016E-1,5.016851902E0,7.719843864E0
1.993217121E1,1.546361595E-1,4.885246754E0,8.885746956E0
1.994215912E1,2.048854381E-1,4.966602325E0,8.928817749E0
1.995212740E1,5.653043464E-2,5.076672554E0,7.995018482E0
1.996208996E1,9.720841795E-2,4.937888622E0,8.512166977E0
1.997205766E1,-9.182456881E-2,4.897210598E0,8.225028992E0
1.998201792E1,-3.625126183E-1,4.973781109E0,7.918448448E0
1.999198485E1,-1.974078715E-1,4.909174919E0,8.519346237E0
2.000196292E1,-3.720839322E-1,5.047958374E0,8.203493118E0
2.001193100E1,-2.045863420E-1,5.191826820E0,8.066802979E0
2.002189548E1,5.521438122E-1,5.162814140E0,8.770891190E0
2.003186318E1,5.569294691E-1,5.239683151E0,8.399704933E0
2.004181006E1,1.283151209E-1,5.340181828E0,7.997411251E0
2.005177558E1,-2.243271284E-2,5.102993488E0,8.445168495E0
2.006175928E1,1.570289880E-1,5.047958374E0,8.368597984E0
2.007172668E1,2.192423791E-1,5.064708233E0,8.162815094E0
2.008168121E1,-3.864408433E-1,5.129314423E0,8.270492554E0
2.009164725E1,-5.874379873E-1,5.249254704E0,7.808378696E0
2.010161975E1,-3.098705411E-1,5.153242588E0,8.387741089E0
2.011158647E1,-1.686939895E-1,4.801497936E0,9.166006088E0
2.012154808E1,-2.476571500E-1,4.971388340E0,8.454739571E0
2.013151428E1,-4.151547253E-1,5.433502197E0,7.624131203E0
2.014150068E1,-7.289136052E-1,5.167599678E0,8.892925262E0
2.015146892E1,-9.370891452E-1,4.813461781E0,8.675178528E0
2.016144574E1,-5.419743061E-1,4.779962540E0,8.514560699E0
2.017141480E1,-1.567298770E-1,4.698606491E0,8.263314247E0
2.018135980E1,-3.266202807E-1,4.899603367E0,8.119744301E0
2.019132647E1,-3.409772217E-1,5.016851902E0,8.011768341E0
2.020127824E1,-1.710868180E-1,5.000102043E0,8.665607452E0
2.021124339E1,1.495514181E-3,5.040780067E0,8.751749039E0
2.022121209E1,4.456632212E-2,5.035994530E0,8.746963501E0
2.023117756E1,-3.266202807E-1,4.885246754E0,8.327919960E0
2.024117824E1,-5.276173949E-1,4.904388905E0,8.423632622E0
2.025114730E1,-2.404786795E-1,4.949852943E0,8.423632622E0
2.026110246E1,-3.050848842E-1,5.131707191E0,8.907281876E0
2.027107011E1,-6.352944374E-1,5.141278744E0,8.629415512E0
2.028105001E1,-1.519442350E-1,5.256433010E0,8.615058899E0
2.029101892E1,-3.290131092E-1,5.074279308E0,8.485846519E0
2.030097537E1,-5.659025311E-1,5.021637440E0,8.466703415E0
2.031094298E1,-6.137589812E-1,5.012066364E0,8.524131775E0
2.032092376E1,-7.528418303E-1,4.971388340E0,8.433204651E0
2.033089266E1,-8.126623631E-1,4.935495853E0,8.571988106E0
2.034084100E1,-4.199403822E-1,5.028815746E0,8.586344719E0
2.035080782E1,-3.744767308E-1,5.050351143E0,8.471489906E0
2.036079574E1,-5.754738450E-1,4.880460739E0,8.528917313E0
2.037076470E1,-7.360920906E-1,5.033601761E0,8.380561829E0
2.038073089E1,-5.036891699E-1,4.925924301E0,7.954340458E0
2.039069959E1,-4.845465720E-1,4.854139805E0,8.675178528E0
2.040067714E1,-3.840480447E-1,4.782355309E0,8.545666695E0
2.041064668E1,-5.946164131E-1,5.081458092E0,8.497810364E0
2.042059662E1,-4.031906128E-1,5.416752338E0,8.629415512E0
2.043056418E1,-1.449452281E0,6.132505417E0,8.682356834E0
2.044053412E1,-1.461416483E0,6.055934906E0,8.153244019E0
2.045050194E1,-1.200598717E0,5.445466042E0,6.532106876E0
2.046046355E1,-1.401595831E0,5.835795403E0,7.128517628E0
2.047043074E1,-1.444666624E0,5.718546867E0,7.319943428E0
2.048038772E1,-1.418345571E0,6.530013084E0,8.378169060E0
2.049035381E1,-9.490532875E-1,6.187540054E0,7.465905666E0
2.050031235E1,-1.224527001E0,6.046363831E0,8.253742218E0
2.051027772E1,-1.164407372E0,5.766403675E0,7.408477783E0
2.052025631E1,-1.044766188E0,5.747261047E0,7.908876896E0
2.053022303E1,-7.839485407E-1,5.636891842E0,8.294420242E0
2.054017782E1,-7.528418303E-1,5.728118420E0,8.186743736E0
2.055014329E1,-5.922235847E-1,5.792724609E0,7.963912010E0
2.056011975E1,-6.496513486E-1,5.596213818E0,7.980661869E0
2.057008631E1,-9.394819736E-1,5.426323414E0,8.306385040E0
2.058004022E1,-8.222336769E-1,5.275575638E0,8.090731621E0
2.059000553E1,-5.036891699E-1,5.254040241E0,8.150851250E0
2.059999293E1,-3.936193287E-1,5.234897614E0,8.234600067E0
2.060996042E1,-4.821537733E-1,5.254040241E0,8.555238724E0
2.061992532E1,-4.175475538E-1,5.510072231E0,8.483453751E0
2.062989256E1,-1.830509305E-1,5.337789059E0,8.172386169E0
2.063984563E1,-2.380858511E-1,5.275575638E0,8.366205215E0
2.064981142E1,-3.936193287E-1,5.409573555E0,8.045268059E0
2.065979032E1,-3.744767308E-1,5.411966801E0,8.035696983E0
2.066975746E1,-3.672982752E-1,5.421537876E0,8.126922607E0
2.067972266E1,-3.984049559E-1,5.476572990E0,8.038089752E0
2.068968954E1,-3.696911037E-1,5.562714577E0,8.083553314E0
2.069964766E1,-5.874379873E-1,5.500501156E0,7.932805061E0
2.070961365E1,-7.073782086E-1,5.493322372E0,8.138887405E0
2.071960881E1,-6.544370055E-1,5.395216942E0,8.064410210E0
2.072957772E1,-6.640082598E-1,5.407180786E0,8.131709099E0
2.073953568E1,-6.496513486E-1,5.493322372E0,8.085946083E0
2.074950350E1,-4.199403822E-1,5.555535793E0,7.856235027E0
2.075945308E1,-3.074777126E-1,5.512465000E0,8.066802979E0
2.076941902E1,-2.572284341E-1,5.395216942E0,8.375776291E0
2.077940537E1,-3.649054468E-1,5.622535229E0,6.551548481E0
2.078937334E1,-4.558327198E-1,4.995316505E0,1.090648556E1
2.079932834E1,-2.787638307E-1,5.031208515E0,8.564809799E0
2.080929506E1,-4.606183469E-1,5.821438313E0,6.719046116E0
2.081925740E1,-2.955136001E-1,5.210969448E0,7.939983845E0
2.082922365E1,-7.552346587E-1,5.234897614E0,8.931210518E0
2.085659882E1,-3.696911037E-1,4.887639523E0,8.825926781E0
2.086653757E1,-4.127618968E-1,4.983352184E0,8.514560699E0
2.087650491E1,-4.127618968E-1,4.952245712E0,8.184350967E0
2.088652080E1,-4.654040039E-1,4.959424019E0,8.890532494E0
2.089643314E1,-5.371887088E-1,4.957031250E0,8.404490471E0
2.090640049E1,-5.395814776E-1,5.076672554E0,8.469096184E0
2.091633538E1,-4.438686073E-1,4.945066929E0,8.605487823E0
2.092629934E1,-4.845465720E-1,4.976173878E0,8.607880592E0
2.093627694E1,-5.060819983E-1,4.882853508E0,8.299205780E0
2.094624231E1,-5.874379873E-1,4.911567688E0,8.648857117E0
2.095620528E1,-6.954140663E-1,4.909174919E0,8.196314812E0
2.096617038E1,-5.946164131E-1,4.997709274E0,8.387741089E0
2.097614314E1,-4.725824594E-1,4.901996136E0,8.624629974E0
2.098610903E1,-4.869394004E-1,4.966602325E0,8.615058899E0
2.099607455E1,-5.204389095E-1,4.911567688E0,8.504988670E0
2.100604038E1,-5.371887088E-1,4.909174919E0,8.567202568E0
2.101603741E1,-5.970092416E-1,4.954638481E0,8.287241936E0
2.102600637E1,-5.946164131E-1,4.980959415E0,8.502595901E0
2.103596882E1,-5.132604837E-1,4.997709274E0,8.550452232E0
2.104593715E1,-4.701896608E-1,5.009673119E0,8.457132339E0
2.105587611E1,-4.438686073E-1,4.959424019E0,8.615058899E0
2.106584148E1,-4.486542344E-1,4.913960457E0,8.641678810E0
2.107584778E1,-5.515456200E-1,4.918745995E0,8.445168495E0
2.108581720E1,-4.773681164E-1,4.947459698E0,8.485846519E0
2.109579439E1,-4.103690982E-1,4.983352184E0,8.636893272E0
2.110576460E1,-4.558327198E-1,5.043172836E0,8.167600632E0
2.111572840E1,-5.874379873E-1,5.095814705E0,8.181958199E0
2.112569799E1,-5.659025311E-1,4.880460739E0,8.845068932E0
2.113566085E1,-6.472585201E-1,4.995316505E0,8.239385605E0
2.114562970E1,-5.994020700E-1,5.004887581E0,8.280063629E0
2.115558491E1,-5.706881881E-1,4.957031250E0,8.588737488E0
2.116555236E1,-6.906284094E-1,5.024030209E0,8.387741089E0
2.117552892E1,-6.762714982E-1,5.009673119E0,8.366205215E0
2.118549731E1,-6.400800347E-1,5.007280350E0,8.567202568E0
2.119545648E1,-6.161518097E-1,5.012066364E0,8.488239288E0
2.120542392E1,-5.802595019E-1,5.026422977E0,8.459525108E0
2.121539345E1,-4.630111754E-1,5.033601761E0,8.421239853E0
2.122536111E1,-4.701896608E-1,5.024030209E0,8.531310081E0
2.123531288E1,-5.347958803E-1,5.004887581E0,8.435597420E0
2.124527892E1,-6.161518097E-1,4.985744953E0,8.461917877E0
2.125524549E1,-5.395814776E-1,4.985744953E0,8.437990189E0
2.126521153E1,-5.180460811E-1,4.995316505E0,8.466703415E0
2.127519200E1,-5.084748268E-1,4.957031250E0,8.502595901E0
2.128515950E1,-5.635097623E-1,4.973781109E0,8.519346237E0
2.129510653E1,-5.826523304E-1,4.949852943E0,8.478668213E0
2.130507194E1,-6.017948985E-1,4.954638481E0,8.476275444E0
2.131505939E1,-6.185446382E-1,4.957031250E0,8.514560699E0
2.132502705E1,-6.113662124E-1,5.019244671E0,8.423632622E0
2.133499116E1,-6.281159520E-1,4.976173878E0,8.406883240E0
2.134495840E1,-6.930212379E-1,4.947459698E0,8.442775726E0
2.135493460E1,-7.432705164E-1,4.952245712E0,8.404490471E0
2.136490278E1,-6.930212379E-1,4.933103085E0,8.423632622E0
2.137485861E1,-6.400800347E-1,4.976173878E0,8.488239288E0
2.138482554E1,-6.041877270E-1,4.985744953E0,8.461917877E0
2.139478944E1,-5.706881881E-1,4.983352184E0,8.639286041E0
2.140475606E1,-6.400800347E-1,4.971388340E0,8.524131775E0
2.141472007E1,-6.281159520E-1,4.992923737E0,8.440382957E0
2.142468642E1,-5.802595019E-1,4.940281391E0,8.560024261E0
2.143465403E1,-5.563312769E-1,4.954638481E0,8.433204651E0
2.144462049E1,-5.324030519E-1,5.002494812E0,8.418847084E0
2.145459012E1,-5.084748268E-1,4.997709274E0,8.598309517E0
2.146455689E1,-5.922235847E-1,5.024030209E0,8.437990189E0
2.147453939E1,-6.520441771E-1,4.995316505E0,8.430811882E0
2.148450772E1,-7.073782086E-1,4.971388340E0,8.454739571E0
2.149445366E1,-8.461619020E-1,4.990530491E0,8.378169060E0
2.150441970E1,-8.509475589E-1,4.971388340E0,8.366205215E0
2.151440924E1,-8.533403873E-1,4.964209557E0,8.528917313E0
2.152437762E1,-9.299107194E-1,5.009673119E0,8.399704933E0
2.153434158E1,-9.418748021E-1,4.988137722E0,8.452346802E0
2.154430955E1,-9.251250625E-1,4.923531532E0,8.528917313E0
2.155426434E1,-9.490532875E-1,4.868496895E0,8.423632622E0
2.156423101E1,-9.227322340E-1,4.863711357E0,8.351848602E0
2.157418085E1,-7.839485407E-1,4.894817829E0,8.488239288E0
2.158414575E1,-6.762714982E-1,4.906782150E0,8.583951950E0
2.159414470E1,-6.257231236E-1,4.985744953E0,8.481060982E0
2.160411304E1,-6.882356405E-1,5.059922695E0,8.203493118E0
2.161408674E1,-5.922235847E-1,4.296313286E0,1.082273674E1
2.162405559E1,-6.352944374E-1,5.162814140E0,6.690331936E0
2.163399111E1,-7.384848595E-1,5.000102043E0,7.846663475E0
2.164395658E1,-4.821537733E-1,4.631308079E0,9.553643227E0
2.165392913E1,-6.954140663E-1,4.916353226E0,7.923233986E0
2.166389533E1,-5.539384484E-1,4.787140846E0,8.595915794E0
2.167388163E1,-5.515456200E-1,4.758427143E0,9.201898575E0
2.168384981E1,-5.347958803E-1,4.665106773E0,8.260921478E0
2.169382304E1,-3.409772217E-1,4.511667252E0,8.981459618E0
2.170379179E1,-3.960121572E-1,4.435096741E0,8.892925262E0
2.171376465E1,-7.695915699E-1,4.842175961E0,7.942376614E0
2.172373377E1,-8.485547304E-1,4.665106773E0,8.718249321E0
2.173369043E1,-6.882356405E-1,4.557130814E0,9.352646828E0
2.174365830E1,-5.611169338E-1,4.609772682E0,8.485846519E0
2.175363080E1,-5.060819983E-1,4.561916351E0,8.880961418E0
2.176359913E1,-6.185446382E-1,4.571487427E0,8.490632057E0
2.177354497E1,-7.983054519E-1,4.638486862E0,8.385348320E0
2.178351101E1,-9.418748021E-1,4.583451748E0,8.890532494E0
2.179349314E1,-8.270193338E-1,4.866104126E0,8.440382957E0
2.180346075E1,-4.917250574E-1,4.885246754E0,8.528917313E0
2.181339205E1,-4.845465720E-1,4.806283474E0,8.983852386E0
2.182335601E1,-7.169494629E-1,4.851747036E0,8.198707581E0
2.183335616E1,-8.437690735E-1,5.009673119E0,8.337491035E0
2.184332382E1,-7.983054519E-1,5.031208515E0,8.210671425E0
2.185329418E1,-6.616154313E-1,5.220541000E0,8.493024826E0
2.186326210E1,-2.644068897E-1,5.325825214E0,8.627022743E0
2.187322549E1,-1.229312643E-1,5.488536835E0,8.481060982E0
2.188319293E1,-3.385843933E-1,5.529214859E0,8.102695465E0
2.189317595E1,-7.719843984E-1,5.443073273E0,8.002197266E0
2.190314497E1,-8.964111805E-1,5.400002480E0,7.995018482E0
2.191313903E1,-9.418748021E-1,5.486144066E0,8.141280174E0
2.192311059E1,-8.102695942E-1,5.672784328E0,8.303992271E0
2.193300674E1,-6.690930128E-1,5.797510147E0,8.184350967E0
2.194297064E1,-8.964111805E-1,5.804688454E0,8.284849167E0
2.195294470E1,-1.315454245E0,5.634499073E0,7.865806103E0
2.196290965E1,-1.643270969E0,5.646463394E0,7.648059368E0
2.197287095E1,-1.116550922E0,5.730511189E0,7.434799194E0
2.198283549E1,-7.313064337E-1,5.778367519E0,8.323134422E0
2.199281757E1,-8.389834166E-1,5.809474468E0,8.452346802E0
2.200278387E1,-1.013659477E0,5.962615013E0,8.033304214E0
2.201275533E1,-1.049551845E0,5.967400551E0,7.585546970E0
2.202272210E1,-1.181157112E0,5.656034470E0,7.636095047E0
2.203271491E1,4.945366383E0,4.705784798E0,9.673583984E0
2.204268434E1,-1.399203062E0,6.570691109E0,8.373383522E0
2.205262163E1,-5.874080658E0,6.877271175E0,3.768695593E-1
2.206258783E1,-1.643270969E0,6.386443615E0,1.687986755E1
2.207261637E1,1.378864050E-1,6.484549522E0,3.936791420E0
2.208258887E1,1.035793066E0,5.237290382E0,7.360621452E0
2.209258418E1,9.472586513E-1,3.982554197E0,1.399741459E1
2.210255898E1,-9.394819736E-1,7.717451096E0,-3.020938672E-2
2.211244720E1,-3.968197346E0,7.166802883E0,7.916055679E0
2.212241325E1,-4.648057938E0,5.455037594E0,1.066690445E1
2.213237788E1,-1.695913076E0,6.848557472E0,4.681557655E0
2.214234377E1,-9.442676306E-1,6.168397903E0,8.825926781E0
2.215231163E1,-6.113662124E-1,5.679962635E0,7.774878979E0
2.216227767E1,-2.031207323E0,6.053542137E0,7.154839039E0
2.217223382E1,-2.129312992E0,6.314659119E0,8.085946083E0
2.218219887E1,-2.574677229E0,6.850950241E0,6.240182400E0
2.219215267E1,-1.722533226E0,6.807879448E0,7.585546970E0
2.220211658E1,-1.171585798E0,6.075077534E0,8.306385040E0
2.221211002E1,-8.533403873E-1,6.599404812E0,7.837092400E0
2.222207689E1,-7.767700553E-1,6.451049805E0,6.991827965E0
2.223202017E1,-3.170489967E-1,6.201897144E0,8.481060982E0
2.224198465E1,-7.432705164E-1,5.866901875E0,7.631309509E0
2.225197049E1,-5.826523304E-1,6.034399509E0,7.600203037E0
2.226193715E1,9.002995491E-2,5.888437271E0,8.030911446E0
2.227191918E1,2.455634177E-1,6.199504375E0,7.820342541E0
2.228188736E1,-2.721835673E-2,6.161219120E0,7.037291527E0
2.229186215E1,1.211366430E-1,5.981757641E0,8.694320679E0
2.230183101E1,4.695914313E-2,5.608178139E0,8.263314247E0
2.231178924E1,-1.061815023E-1,5.565107346E0,7.853842258E0
2.232175700E1,-4.414757788E-1,5.208576679E0,8.320741653E0
2.233171960E1,-4.319044948E-1,5.567500114E0,8.014161110E0
2.234168684E1,-8.174480200E-1,5.936294079E0,7.899305820E0
2.235166017E1,-1.497308731E0,5.914758682E0,9.441181183E0
2.236162799E1,-1.777568102E0,5.548357487E0,8.675178528E0
2.237159361E1,-1.628913999E0,5.519643784E0,7.734200954E0
2.238156122E1,-1.032802105E0,4.966602325E0,6.786045074E0
2.239153720E1,-1.269990563E0,4.751248360E0,7.906484127E0
2.240150564E1,-2.038385868E0,5.242076397E0,7.274479866E0
2.241145528E1,-2.114956141E0,6.431907177E0,7.219445229E0
2.242142179E1,-2.062314034E0,6.755237579E0,6.671189308E0
2.243139497E1,-1.492523074E0,5.697011471E0,1.037497997E1
2.244136215E1,-1.533201098E0,4.200600147E0,1.116012478E1
2.245133137E1,-1.384846091E0,4.978566647E0,9.041280746E0
2.246129877E1,-1.231705427E0,4.549952030E0,7.159624577E0
2.247126705E1,-1.674377680E0,5.667998791E0,7.822735310E0
2.248123450E1,-2.081456661E0,5.646463394E0,5.600999832E0
2.249118080E1,-2.165205479E0,4.806283474E0,9.486644745E0
2.250114611E1,-2.340180635E0,4.782355309E0,9.615857124E0
2.251111319E1,-2.545963287E0,6.319444656E0,5.868995667E0
2.252107866E1,-2.636890650E0,6.553941250E0,6.496214390E0
2.253104653E1,-2.720639229E0,6.089434624E0,6.984649181E0
2.254101226E1,-2.919542789E0,5.354538918E0,8.682356834E0
2.255098382E1,-2.840579510E0,5.251647472E0,1.114098263E1
2.256095012E1,-3.113361359E0,6.175576210E0,6.589833736E0
2.257090439E1,-3.106182814E0,6.012864113E0,6.477071762E0
2.258086944E1,-3.237788200E0,4.581058979E0,8.579166412E0
2.259085236E1,-3.827020645E0,5.009673119E0,7.245766163E0
2.260081924E1,-4.063910007E0,6.920341969E0,5.806782246E0
2.261078674E1,-3.546761274E0,7.468597889E0,6.350252151E0
2.262075366E1,-2.612962246E0,6.874878407E0,1.017607689E1
2.263071840E1,-2.378465652E0,6.221338749E0,8.004590034E0
2.264068512E1,-1.976172447E0,4.277170658E0,6.154040813E0
2.265065059E1,-1.274776220E0,2.225325108E0,9.960722923E0
2.266061710E1,-1.801496387E0,3.417548895E0,7.027719975E0
2.267058382E1,-2.373680115E0,6.592226505E0,6.158826351E0
2.268055038E1,-8.270193338E-1,8.275278091E0,5.435595512E0
2.269052314E1,3.436691463E-1,8.373682976E0,6.185147285E0
2.270049033E1,-7.746763527E-2,7.542775154E0,8.636893272E0
2.271044934E1,4.683950245E-1,7.394420147E0,7.923233986E0
2.272041569E1,8.225327730E-1,6.103791237E0,7.808378696E0
2.273039148E1,9.640084505E-1,4.198207378E0,8.335098267E0
2.274035877E1,3.699901998E-1,5.033601761E0,5.895316601E0
2.275031778E1,-2.003988996E-2,7.102196693E0,3.695116282E0
2.276028418E1,-9.900303930E-2,9.089435577E0,6.319145679E0
2.277025132E1,5.018945336E-1,1.080120182E1,3.383750439E0
2.278021778E1,8.285148442E-2,6.944270611E0,7.264908791E0
2.279019215E1,5.832505226E-1,2.912364244E0,1.557039642E1
2.280015944E1,5.330012441E-1,5.752046585E0,8.718249321E0
2.281012205E1,8.679963946E-1,9.118149757E0,-2.003091574E0
2.282008887E1,1.282253861E0,8.064709663E0,3.400500059E0
2.283005304E1,1.933400750E0,5.589035511E0,8.711071014E0
2.284001955E1,3.066103220E0,4.856532574E0,1.125852966E1
2.284999095E1,3.054138899E0,6.273981094E0,9.673583984E0
2.285995793E1,2.450549603E0,6.082255840E0,7.511369228E0
2.286992345E1,1.478764415E0,5.620141983E0,1.258235836E1
2.287989028E1,2.335694075E0,4.945066929E0,9.297611237E0
2.288985892E1,1.438086390E0,4.890032291E0,9.532108307E0
2.289982590E1,1.988734722E0,3.750450373E0,1.142124176E1
2.290979345E1,2.194517374E0,2.783151865E0,1.084427261E1
2.291976049E1,1.308574915E0,2.785544634E0,1.805324936E1
2.292972637E1,7.555337548E-1,4.820640087E0,4.609772682E0
2.293969330E1,-7.507480681E-2,3.819842339E0,3.943969965E0
2.294965465E1,5.401797295E-1,7.001997232E-1,1.592722607E1
2.295962101E1,1.139581800E-1,3.946661949E0,7.207480907E0
2.296959924E1,-6.714858413E-1,4.224528313E0,7.439584732E0
2.297956674E1,-1.480558991E0,2.294716835E0,1.447149181E1
2.298953142E1,-2.612962246E0,3.283550978E0,5.682355404E0
2.299949866E1,-1.528415442E0,3.369692564E0,4.581058979E0
2.300946465E1,-1.655235052E0,2.057827473E0,1.076291656E1
2.301943179E1,-2.967399120E0,3.532404423E0,7.935198307E0
2.302939622E1,-5.138885498E0,4.748855591E0,6.448358059E0
2.303936304E1,-5.663212776E0,5.167599678E0,1.061426258E1
2.304934106E1,-5.677569866E0,3.965804338E0,1.060947609E1
2.305930898E1,-7.511668682E0,3.139981508E0,1.149541950E1
2.306926944E1,-8.040781021E0,5.009673119E0,8.605188727E-1
2.307923663E1,-7.250551701E0,2.380858421E0,5.150849819E0
2.308920241E1,-7.324729443E0,1.998006850E-1,1.942732620E1
2.309916944E1,-7.789236069E0,5.426323414E0,8.773283958E0
2.310913939E1,-6.451049805E0,5.605785370E0,8.095517159E0
2.311910668E1,-5.557928562E0,3.379263878E0,1.667887115E1
2.312906814E1,-6.264110565E0,5.062315464E0,1.368096352E0
2.313903486E1,-3.867698669E0,4.545166492E0,2.172383785E0
2.314899825E1,-3.360121250E0,2.780759096E0,1.443799305E1
2.315896460E1,-1.095015407E0,4.188635826E0,7.987840176E0
2.316893455E1,-4.582255483E-1,4.787140846E0,1.446192074E1
2.317890127E1,7.806584239E-2,5.914758682E0,9.182756424E0
2.318887418E1,-5.419743061E-1,7.315456867E0,-6.837490797E-1
2.319884153E1,-7.576274872E-1,6.951448917E0,3.484548092E0
2.320880267E1,-5.563312769E-1,5.541179180E0,6.891329288E0
2.321876939E1,8.464609981E-1,5.720939636E0,8.699107170E0
2.322873736E1,1.016650558E0,6.082255840E0,1.012821960E1
2.323870418E1,6.071787477E-1,5.816652775E0,6.517749786E0
2.324867351E1,-2.261217386E-1,4.087838173E0,8.397312164E0
2.325864054E1,-8.246265054E-1,3.597010612E0,1.016171932E1
2.326860366E1,-2.482553571E-2,5.126921654E0,5.634499073E0
2.327857033E1,1.560120344E0,5.514857769E0,7.164410114E0
2.328854372E1,1.864008784E0,4.839782715E0,8.464310646E0
2.329851106E1,1.667797327E0,4.157529354E0,7.698308468E0
2.330847325E1,1.133898854E0,2.780759096E0,1.206521034E1
2.331844007E1,2.694916427E-1,4.291527271E0,1.012104130E1
2.332840731E1,-8.461619020E-1,5.134099960E0,6.869793892E0
2.333837413E1,-7.863413692E-1,3.130410194E0,1.173709393E1
2.334834554E1,-4.414757788E-1,3.925126553E0,9.438788414E0
2.335831283E1,4.971089065E-1,3.757628918E0,5.909673691E0
2.336827382E1,-9.729815125E-1,2.895614386E0,1.291526031E1
2.337824049E1,-2.002493382E0,3.693022728E0,8.921639442E0
2.338821736E1,-1.945065737E0,3.731307745E0,6.826723099E0
2.339818502E1,-2.462214470E0,2.433500528E0,9.747760773E0
2.340815345E1,-3.022433996E0,4.121337891E0,9.197113037E0
2.341812122E1,-1.535593987E0,3.958626032E0,5.873781204E0
2.342808262E1,-5.946164131E-1,2.392822742E0,1.382722473E1
2.343804965E1,-2.117647976E-1,7.001698017E0,8.402097702E0
2.344801851E1,1.952842355E0,6.513263226E0,8.581260443E-1
2.345798575E1,2.244766712E0,2.661117792E0,7.944769382E0
2.346794939E1,8.129615188E-1,3.384049416E0,1.132074261E1
2.347791627E1,2.371586323E0,6.060720444E0,1.002772141E1
2.348789778E1,4.301098585E-1,7.068696976E0,9.668798447E0
2.349786611E1,-1.950150430E-1,6.910770893E0,8.852247238E0
2.350783658E1,-9.421738982E-2,4.327419758E0,8.387741089E0
2.351780517E1,1.466800332E0,4.885246754E0,1.031037331E1
2.352777366E1,2.335694075E0,7.432705402E0,3.668795347E0
2.353774220E1,2.271087885E0,6.987341404E0,6.802794933E0
2.354770127E1,1.512263894E0,4.990530491E0,1.265653610E1
2.355766887E1,2.149053812E0,5.589035511E0,5.806782246E0
2.356763418E1,3.702893019E0,6.961019993E0,4.023231983E0
2.357760153E1,5.237589836E0,6.158826351E0,1.263021564E1
2.358757236E1,5.481657505E0,6.755237579E0,5.895316601E0
2.359754007E1,5.161019325E0,5.704190254E0,6.568298340E0
2.360751330E1,4.715655327E0,3.139981508E0,1.183071327E1
2.361748153E1,4.483252525E0,5.612963676E0,4.032803535E0
2.362744226E1,2.752344131E0,6.652047157E0,3.087040424E0
2.363740970E1,1.270289779E0,4.616951466E0,8.730213165E0
2.364736382E1,-1.461416483E0,3.465405464E0,1.050897789E1
2.365732991E1,-1.923530340E0,4.243670940E0,8.995817184E0
2.366729450E1,-1.645663738E0,6.372086525E0,1.021466064E1
2.367726043E1,-1.954637051E0,6.000900269E0,7.537690639E0
2.368722069E1,-2.091027975E0,5.086243629E0,1.027208805E1
2.369718606E1,-3.261716366E0,5.110171795E0,5.153242588E0
2.370716163E1,-3.103790045E0,3.171088219E0,8.299205780E0
2.371712799E1,-3.261716366E0,4.779962540E0,4.638486862E0
2.372709747E1,-1.564307809E0,4.837389946E0,1.080359459E1
2.373706418E1,-1.430309772E0,2.165504456E0,2.125663948E1
2.374702658E1,-5.802595019E-1,6.295516491E0,9.753743410E-1
2.375699283E1,-7.504490018E-1,2.869293451E0,2.696711063E0
2.376696575E1,-9.610173702E-1,-2.574976206E0,1.945364761E1
2.377693262E1,1.570289880E-1,4.585844517E0,6.565905571E0
2.378689002E1,1.095613718E0,1.073180962E1,-1.198505044E0
2.379685595E1,5.162515044E-1,6.791129589E0,1.285065365E1
2.380683200E1,6.370890141E-2,5.814260006E0,7.870592117E0
2.381679892E1,-1.035194874E0,4.291527271E0,1.352333641E1
2.382676767E1,-3.020041227E0,3.067897797E0,2.908565712E1
2.383673481E1,-3.441477060E0,8.878867149E0,-4.497908592E0
2.384670450E1,-2.162812471E0,3.312264681E0,2.605783939E0
2.385667184E1,-2.787937403E0,-4.722833633E0,3.522444153E1
2.386663736E1,-3.094218731E0,6.798308372E0,5.883352757E0
2.387660455E1,-6.137589812E-1,1.431595898E1,-1.105783176E1
2.388656132E1,-1.291526079E0,4.667499542E0,1.037019444E1
2.389652741E1,-1.885245085E0,-7.567301393E-2,3.266501904E0
2.390650590E1,-1.157527938E-1,5.651248932E0,9.418748021E-1
2.391647325E1,1.373181105E0,7.049554825E0,7.827520847E0
2.392643705E1,1.308574915E0,3.949054718E0,1.197188950E1
2.393640403E1,2.345265388E0,2.364108801E0,1.731805420E1
2.394637668E1,5.350052357E0,4.547559261E0,7.805985451E0
2.395634418E1,3.386741400E0,5.766403675E0,2.998505831E0
2.396630507E1,2.584846735E0,2.249253273E0,1.136142063E1
2.397627194E1,3.528217077E0,1.614856124E0,1.457438374E1
2.398623158E1,6.369993210E0,7.202695370E0,7.614559650E0
2.399619767E1,5.424229622E0,9.247362137E0,2.282453775E0
2.400617752E1,4.188935280E0,6.872485638E0,9.735796928E0
2.401614497E1,4.114757538E0,6.628118515E0,5.567500114E0
2.402610752E1,3.887140274E0,8.220243454E0,5.539384484E-1
2.403607450E1,2.871985435E0,5.644070625E0,7.068397999E0
2.404604122E1,2.024626970E0,3.202194929E0,1.185224915E1
2.405600814E1,1.849651933E0,2.366501570E0,1.119123173E1
2.406597736E1,8.632107973E-1,3.709772348E0,7.925626755E0
2.407594455E1,-1.679163337E0,5.950650692E0,6.362216473E0
2.408590799E1,-6.352944374E-1,7.411170006E0,6.163611889E0
2.409587476E1,8.895317912E-1,3.611367464E0,6.908079147E0
2.410584325E1,-6.550352275E-2,1.796710730E0,1.252971649E1
2.411581017E1,-7.289136052E-1,1.598106384E0,2.465863609E1
2.412577830E1,-1.480558991E0,5.206183910E0,1.106680489E1
2.413574533E1,-2.165205479E0,9.127720833E0,-4.344468594E0
2.414571741E1,-3.925126553E0,2.972184896E0,1.175174999E1
2.415568491E1,-4.217051029E0,9.251250625E-1,1.121276665E1
2.416564996E1,-4.964209557E0,7.248158932E0,-7.534400225E-1
2.417561726E1,-4.691128731E0,7.389634609E0,-8.012964725E-1
2.418559220E1,-3.810271025E0,3.142374277E0,1.443320751E1
2.419556028E1,-2.924328327E0,4.210171223E0,1.272832108E1
2.420551637E1,-3.573082447E0,9.271290779E0,-6.456433773E0
2.421548319E1,-2.639283419E0,4.241278172E0,4.255335808E0
2.422545564E1,-2.368894339E0,6.580262631E-2,2.047119522E1
2.423542304E1,-3.211467028E0,6.120541096E0,7.597211599E-1
2.424538601E1,-3.601198196E-1,8.093423843E0,1.545165181E0
2.425535293E1,6.281159353E-3,2.390429735E0,2.095723724E1
2.426532825E1,-2.838186741E0,4.873282433E0,3.963411570E0
2.427529601E1,-2.993720293E0,7.382455826E0,2.497508675E-1
2.428523148E1,-2.962613583E0,4.437489510E0,1.182114220E1
2.429519595E1,-4.310669899E0,5.289932728E0,1.943689919E1
2.430519179E1,-2.811865807E0,6.877271175E0,3.886542082E0
2.431515944E1,-1.691127419E0,4.904388905E0,1.349222946E1
2.432512861E1,-2.122134686E0,5.196612358E0,1.250339603E1
2.433509642E1,-5.498108387E0,1.321466255E1,-1.259731388E1
2.434505637E1,-3.913162231E0,1.220907879E1,-6.350850582E0
2.435502335E1,-3.702294827E0,4.573880672E0,1.403809261E1
2.436498377E1,-4.382454872E0,3.063112020E0,1.626700592E1
2.437495007E1,-2.734996319E0,2.955435038E0,2.128535461E1
2.438490543E1,-5.529214859E0,9.158827782E0,6.635297298E0
2.439487064E1,-4.504488468E0,9.781260490E0,-6.944569588E0
2.440486929E1,-2.672782898E0,1.169492126E0,2.155813599E1
2.441483788E1,-1.990529299E0,2.835494876E-1,8.256134987E0
2.442480746E1,-3.666402578E0,3.726522207E0,-9.415457726E0
2.443477616E1,-3.118146896E0,-8.105686903E-1,2.507528496E1
2.444473715E1,-7.449455261E0,1.367438316E1,-2.578266263E-1
2.445470502E1,-3.912265003E-1,1.632951927E1,-2.427398872E1
2.446466340E1,2.592025042E0,2.811566591E-1,3.791786575E1
2.447463033E1,-8.940183520E-1,-1.095613718E0,3.960570145E1
2.448460955E1,-2.033600092E0,7.245766163E0,-2.246142578E1
2.449457773E1,-4.221836567E0,3.020041227E0,1.961665916E1
2.450454674E1,-6.273681641E0,-7.806584239E-2,2.776631355E1
2.451451497E1,-5.821139336E0,4.291527271E0,-8.496015549E0
2.452446960E1,-1.008873820E0,-8.560323119E-1,1.833320808E1
2.453443642E1,-2.227717876E0,2.282752752E0,1.103809071E1
2.454440861E1,-1.071087241E0,1.122263718E1,-1.091904831E1
2.455437595E1,5.114658475E-1,4.590630054E0,1.832603073E1
2.456433408E1,-2.107777596E0,3.905983925E0,1.405962753E1
2.457430049E1,-1.274776220E0,9.256933212E0,-1.176670551E1
2.458426674E1,-9.969097376E-1,6.884449959E0,1.323589802E1
2.459423314E1,-6.185446382E-1,1.017876816E1,9.177969933E0
2.460421033E1,-7.504490018E-1,9.113364220E0,-1.449362564E1
2.461417778E1,1.141077280E0,2.457428932E0,2.079452515E1
2.462415559E1,-2.591426849E0,2.957827806E0,1.023380375E1
2.463412408E1,-4.834997177E0,1.011176968E1,-1.280818176E1
2.464405111E1,-1.023230791E0,2.673082113E0,1.541486263E1
2.465401543E1,1.066899776E0,3.537189960E0,2.528615379E1
2.466398158E1,8.488538265E-1,7.925925732E0,-4.002295017E0
2.467394606E1,2.828914642E0,8.076673508E0,1.895564270E1
2.468392059E1,3.616751432E0,3.175873756E0,1.446670628E1
2.469388611E1,2.534597397E0,6.199504375E0,3.204288721E0
2.470385705E1,5.541478157E0,5.759224892E0,3.285644531E0
2.471382309E1,3.906282902E0,4.696213722E0,-1.270588875E0
2.472379887E1,3.609572887E0,1.964208245E0,3.158824921E0
2.473376590E1,2.632703066E0,2.948256493E0,1.244118214E1
2.474373679E1,3.288635731E0,4.590630054E0,9.579964638E0
2.475370418E1,4.088436604E0,5.938686848E0,1.238614750E1
2.476366986E1,2.431706041E-1,1.070070267E1,1.079880905E1
2.477363710E1,4.377968311E0,1.327926826E1,-3.032603502E0
2.478362101E1,3.200101137E0,3.376870871E0,1.296550941E1
2.479358991E1,1.674975872E0,3.128017426E0,3.317499161E1
2.480356856E1,2.216052771E0,7.925925732E0,-1.187677479E1
2.481353845E1,3.774677813E-1,4.794319153E0,1.126810074E1
2.482345663E1,2.606382132E0,-2.321336985E0,2.436431885E1
2.483342127E1,6.478567123E-1,6.312266350E0,-1.012193871E1
2.484341736E1,2.513062000E0,6.067899227E0,1.087836981E0
2.485338517E1,1.313360572E0,3.211766243E0,1.756002808E1
2.486334377E1,8.464609981E-1,3.791128397E0,-2.764308453E0
2.487331064E1,3.556332588E-1,1.160518974E-1,2.397877502E1
2.488326981E1,-6.978068948E-1,3.273979664E0,1.996361923E1
2.489323590E1,-2.907578707E0,9.937093735E0,-4.074079514E0
2.490323892E1,2.694916427E-1,1.444666624E0,2.617419052E1
2.491320872E1,-1.123729348E0,1.947458506E0,2.100509453E1
2.492316528E1,-7.983054519E-1,5.095814705E0,-7.028916478E-1
2.493313377E1,-2.632104874E0,7.332206726E0,1.017129040E1
2.494306970E1,-2.886043310E0,5.778367519E0,-8.888737679E0
2.495303486E1,-3.613760471E0,8.820542693E-1,1.549861145E1
2.496301184E1,-3.776472330E0,-2.934198856E0,3.384767151E1
2.497297819E1,-4.293621063E0,1.246301651E1,-1.379222965E1
2.498297059E1,-5.208277702E0,8.033602715E0,-1.718046665E0
2.499293955E1,-5.711069584E0,-3.209672451E0,3.685006714E1
2.500287132E1,-4.729413986E0,2.213361025E0,7.691130161E0
2.501283653E1,-6.968198776E0,6.585047722E0,4.797609448E-1
2.502283398E1,-3.003291607E0,5.256433010E0,1.275464153E1
2.503280247E1,-5.986543179E0,8.400003433E0,-1.763241005E1
2.504273450E1,-3.953840256E0,4.262813568E0,-2.137089729E0
2.505269929E1,-5.395216942E0,-2.273181453E-2,2.615265465E1
2.506269429E1,-3.283550978E0,7.411170006E0,1.952064705E1
2.507266210E1,-5.813961029E0,1.122981548E1,-1.184148073E0
2.508262460E1,-1.375274777E0,3.558725595E0,1.936272049E1
2.509259189E1,2.599203587E-1,1.064207911E0,1.764377594E1
2.510260252E1,-1.399203062E0,2.962613583E0,-1.128066349E1
2.511257418E1,1.797009826E0,5.378467083E0,7.849056244E0
2.512254929E1,5.090730190E-1,2.704188585E0,-3.351148129E0
2.513252132E1,1.193719387E0,7.590631485E0,2.957827806E0
2.514244575E1,4.037888348E-1,4.222135544E0,1.629572105E1
2.515241293E1,5.593222976E-1,6.158826351E0,1.740419579E1
2.516236970E1,2.347658157E0,7.964210987E0,9.922437668E0
2.517233580E1,2.338086843E0,2.842972517E0,2.322952271E1
2.518230075E1,2.402693033E0,3.302693367E0,1.247228909E1
2.519226674E1,3.726821184E0,7.334599495E0,-1.064865875E1
2.520223174E1,3.314956665E0,4.727320194E0,1.523988724E1
2.521219762E1,3.087638617E0,5.294718266E0,7.942376614E0
2.522217137E1,2.046162367E0,5.333003521E0,4.415655136E0
2.523213804E1,3.058924675E0,2.189432621E0,2.855654335E1
2.524208351E1,3.020639420E0,8.416753769E0,1.024576759E1
2.525204799E1,3.176172972E0,1.653051567E1,-3.439682424E-1
2.526202757E1,3.604787350E0,8.545966148E0,8.267202377E-1
2.527199356E1,2.259123564E0,3.214159012E0,1.189292717E1
2.528194674E1,8.201399446E-1,8.510073662E0,1.868196249E0
2.529191142E1,1.641476393E0,6.393621922E0,2.471785784E0
2.530190194E1,3.030210733E0,3.910769463E0,2.535554504E1
2.531186924E1,3.537788391E0,2.519642353E0,-1.914557219E0
2.532182486E1,3.774677813E-1,6.846164703E0,5.339882851E0
2.533179095E1,1.875972986E0,5.689534187E0,-1.001396275E1
2.534175220E1,-9.490532875E-1,7.762914658E0,4.004089355E0
2.535171778E1,1.301396370E0,3.125624657E0,1.040847969E1
2.536170174E1,-1.380060434E0,4.274777889E0,8.275278091E0
2.537166918E1,-3.465405464E0,6.886842728E0,5.467599630E-1
2.538162913E1,-4.293621063E0,8.340183258E0,-4.420739710E-1
2.539159585E1,-1.559522152E0,2.151147604E0,1.515135288E1
2.540155382E1,1.426720470E-1,-3.611666679E0,2.907608604E1
2.541151960E1,-1.154836059E0,7.554739475E0,3.324198914E1
2.542150194E1,-2.869293451E0,6.520441532E0,-9.017950296E-1
2.543146939E1,-1.897209287E0,1.269990563E0,1.336301708E1
2.544143194E1,-1.154836059E0,-1.054636598E0,5.947958946E0
2.545139887E1,-6.664011002E0,9.738189697E0,-2.016790581E1
2.546135804E1,-3.632902861E0,3.111267567E0,-1.786212158E1
2.547132424E1,1.926222205E0,-7.047461033E0,2.818535614E1
2.548129965E1,4.109672904E-1,4.066302776E0,3.132892799E1
2.549126668E1,-4.923531532E0,1.507747459E1,-7.413861752E0
2.550124387E1,-1.011266708E0,4.191029072E0,3.493461227E1
2.551121200E1,1.902294040E0,2.304288149E0,3.788675690E1
2.552116085E1,-7.552346587E-1,6.415157318E0,-1.653440475E0
2.553112700E1,-2.747259617E0,2.093719840E-1,3.874577999E0
2.554111299E1,-4.353740692E0,5.581857204E0,2.282453775E0
2.555108116E1,-2.114956141E0,5.208576679E0,-1.030379295E1
2.556104267E1,-1.415952802E0,5.107779026E0,1.711944962E1
2.557101012E1,-4.018446445E0,5.220541000E0,-5.192125797E0
2.558096788E1,-5.318347454E0,4.308277130E0,9.671191216E0
2.559093434E1,-7.980960846E0,7.463811874E0,4.473381996E0
2.560091127E1,-8.933603287E0,6.601797581E0,-1.466590881E1
2.561087877E1,-2.000100613E0,-5.649155140E0,4.444189453E1
2.562083976E1,-1.310668588E0,-1.658226132E0,3.975645065E1
2.563080658E1,-7.401299477E0,1.228564835E1,-1.739552116E1
2.564076726E1,-6.352644920E0,1.547857165E0,9.860223770E0
2.565073351E1,-3.419941664E0,-4.377968311E0,3.604787445E1
2.566070924E1,-2.723032236E0,2.275574446E0,-7.500302792E0
2.567067642E1,-3.728615999E0,4.815854549E0,7.133303165E0
2.568065246E1,-1.633699656E0,3.625126183E-1,2.087588120E1
2.569062054E1,-9.610173702E-1,2.335394859E0,-4.957629204E0
2.570057038E1,-4.193122387E0,4.243670940E0,8.892925262E0
2.571053658E1,-6.769295216E0,9.501300812E0,-1.924128532E0
2.572052986E1,-4.957031250E0,9.601799011E0,-1.183131123E1
2.573049877E1,-7.648059130E-1,7.870891094E0,2.355494690E1
2.574045460E1,-2.134098768E0,7.930711746E0,9.062815666E0
2.575042220E1,-1.267597795E0,7.933104515E0,3.503690481E0
2.576037559E1,1.459621787E0,8.318049908E-1,2.673440933E1
2.577034179E1,-9.182456881E-2,3.463012457E0,6.685546398E0
2.578033007E1,1.426720470E-1,5.146064281E0,-1.356700516E1
2.579029845E1,7.124629617E-1,9.059824944E-1,-1.280160069E0
2.580025679E1,-7.719843984E-1,3.793521166E0,-1.513998699E1
2.581022418E1,-1.006481051E0,3.170489967E-1,2.539861679E1
2.582017418E1,2.800200701E0,-2.261516571E0,7.846125031E1
2.583013976E1,2.505883455E0,9.340981483E0,2.305215454E1
2.584012122E1,-2.277967215E0,1.898465538E1,-2.803520775E1
2.585008840E1,-2.098206282E0,8.586644173E0,-1.717986870E1
2.586005809E1,2.189731836E0,-2.462513685E0,8.442775726E0
2.587002549E1,1.727617979E0,6.101398468E0,1.284108257E1
2.587999903E1,1.775474429E0,1.399741459E1,-4.447659016E0
2.588996705E1,5.529513836E0,3.194418252E-1,3.505664825E1
2.589994887E1,-4.157529399E-2,-7.806284904E0,4.282823563E1
2.590991825E1,-4.941178858E-1,7.918747425E0,1.023230791E0
2.591987569E1,3.894318819E0,1.123699379E1,-1.209691525E1
2.592984387E1,4.969294548E0,2.933899641E0,1.450020599E1
2.593980627E1,2.153839588E0,8.378468513E0,1.758156395E1
2.594977387E1,2.455634177E-1,1.456032562E1,4.295116663E-1
2.595974523E1,4.394717693E0,8.067102432E0,9.881759644E0
2.596971319E1,2.575275421E0,5.481358528E0,4.899304390E0
2.597968299E1,-1.032802105E0,1.106710339E1,-8.900702477E0
2.598965116E1,9.759725332E-1,7.830213070E0,-7.401897907E0
2.599960569E1,6.295815468E0,1.663011760E-1,9.548857689E0
2.600957246E1,7.071389198E0,-6.287141442E-1,9.376574516E0
2.601955799E1,2.015055656E0,5.612963676E0,8.943174779E-2
2.602952663E1,-2.242074728E0,5.764010429E0,-2.005484581E0
2.603948799E1,2.781656384E-2,-2.742773056E0,3.611726379E1
2.604945585E1,5.113162994E0,-1.045065284E0,4.243341827E1
2.605938960E1,2.364407778E0,9.400801659E0,-4.564309120E-1
2.606935403E1,-3.628117323E0,1.189531994E1,-1.049761200E1
2.607934283E1,-7.597810268E0,6.355337143E0,-1.230299664E1
2.608930970E1,-3.580260992E0,9.538389444E-1,-1.223121166E1
2.609927200E1,-1.837388635E0,1.102493048E0,-5.788238049E0
2.610923840E1,-1.313061476E0,-5.472086430E0,1.281236839E1
2.611918132E1,-2.213061810E0,-2.057827473E0,6.100262070E1
2.612914533E1,2.814557552E-1,1.272622681E1,6.853044033E0
2.613914220E1,-6.340681076E0,2.590140724E1,-3.806442261E1
2.614910955E1,-6.599404812E0,8.359326363E0,-3.093949509E1
2.615906877E1,-3.862913132E0,-1.410329628E1,3.495614624E1
2.616903528E1,1.042971611E0,-5.057828903E0,6.976543427E1
2.617899564E1,1.928615093E0,1.238854027E1,-2.733381081E1
2.618896153E1,5.653043464E-2,8.409575462E0,-4.529015064E0
2.619893622E1,2.929413080E0,-1.198923779E1,7.627780151E1
2.620890299E1,-1.392024517E0,-2.649452925E0,2.064138603E1
2.621886976E1,2.438585281E0,1.020030403E1,-1.174038410E1
2.622883653E1,-3.431905985E0,9.577870369E0,1.983201408E1
2.623880845E1,-5.538786411E0,1.063131142E1,-7.660621643E0
2.624877575E1,1.824527234E-2,3.597010612E0,2.033600092E0
2.625874398E1,2.180160522E0,3.147160053E0,3.044777107E1
2.626871132E1,2.303091809E-2,1.424656677E1,-1.143141079E1
2.627867517E1,-1.286740422E0,1.351406384E1,-3.066103220E0
2.628864215E1,3.058924675E0,-2.534298182E0,2.637548637E1
2.629858736E1,4.718048096E0,2.536391973E0,1.057358456E1
2.630855210E1,1.409073472E0,9.937093735E0,-1.624367714E1
2.631854220E1,-1.784746647E0,4.219742775E0,1.330289745E1
2.632850955E1,-9.323035479E-1,-5.183451772E-1,1.206760311E1
2.633848075E1,7.328019291E-2,1.595713615E0,1.012582684E1
2.634844845E1,-2.572284341E-1,-1.586441398E0,2.231247330E1
2.635839450E1,-1.229312658E0,3.858127356E0,2.821137905E0
2.636836002E1,-4.813162804E0,1.075573826E1,-1.104108143E1
2.637834611E1,-5.761318684E0,8.095816612E0,1.468594968E-1
2.638831372E1,-3.256930828E0,3.051147938E0,1.107159042E1
2.639828252E1,-1.298704505E0,-6.311069727E-1,7.339086056E0
2.640825023E1,-1.183549881E0,-3.781856298E0,1.653290939E1
2.641821595E1,-1.669592023E0,-6.185446739E0,2.966980362E1
2.642818340E1,9.017950296E-1,-1.727617979E0,1.708595085E1
2.643814965E1,-3.266801119E0,1.046859932E1,-9.714859962E0
2.644811700E1,-6.778866768E0,1.168714428E1,-9.549455643E0
2.645808439E1,-4.554738045E0,-2.168495506E-1,1.358794212E1
2.646805174E1,-2.955136001E-1,-7.191030025E0,3.216222763E1
2.647801299E1,1.926222205E0,1.626820326E0,2.115135574E1
2.648797970E1,-4.217051029E0,9.424730301E0,-7.792226791E0
2.649794924E1,-5.289633751E0,1.054516983E1,6.424429893E0
2.650791622E1,-4.703093052E0,9.247362137E0,1.824467468E1
2.651788330E1,-7.025925517E-1,9.671191216E0,6.311966896E0
2.652785028E1,7.088737190E-2,6.951448917E0,1.376979733E1
2.653782392E1,-3.769293785E0,1.301366520E1,1.765304923E0
2.654779158E1,-2.321038008E0,6.972984314E0,-1.120887852E1
2.655774960E1,-1.573879123E0,-8.335397720E0,2.414387894E1
2.656771627E1,4.971687317E0,3.733700514E0,5.336293411E1
2.657768757E1,2.694916427E-1,8.766105652E0,-2.335215378E1
2.658765470E1,1.308574915E0,9.082257271E0,-1.083769226E1
2.659761736E1,1.761117458E0,7.863413692E-1,3.028266525E1
2.660758403E1,3.195315599E0,1.755284882E1,5.036891699E-1
2.661755611E1,7.196413875E-1,1.524257946E1,-2.130748749E1
2.662752335E1,-1.028016448E0,-4.392324924E0,3.783172226E1
2.663749106E1,1.945663929E0,-9.463314056E0,4.854080200E1
2.664745830E1,1.167398334E0,1.140209866E1,-1.193659592E1
2.665747856E1,-3.946661949E0,9.041579247E0,-1.005224800E1
2.666745116E1,-7.372585773E0,-4.686642170E0,2.371556473E1
2.667734783E1,-5.563312769E-1,5.321039200E0,-8.362017632E0
2.668731272E1,-1.770389676E0,7.334599495E0,-2.789403152E1
2.669728809E1,-3.544368505E0,9.131609201E-1,8.081160545E0
2.670725403E1,-3.213859797E0,3.621237993E0,1.857518387E1
2.671722231E1,-4.207479477E0,1.742602921E1,-1.975843430E1
2.672718851E1,-6.082255840E0,1.060977554E1,-1.138594723E1
2.673717184E1,-4.581058979E0,-3.243171930E0,2.379213524E1
2.674713976E1,-6.882356405E-1,-1.337288737E0,8.449954033E0
2.675709288E1,6.454638839E-1,2.945863724E0,1.099023438E1
2.676705929E1,-7.986045629E-2,-8.847461939E-1,5.165805054E1
2.677701924E1,-1.720140338E0,8.732605934E0,1.525663757E1
2.678698502E1,-3.654438496E0,8.711071014E0,-1.489591885E1
2.679696668E1,-4.097409725E0,-8.936594009E0,2.549911499E1
2.680693403E1,1.835294962E0,-5.871986866E0,1.327657604E1
2.681689731E1,6.961319447E0,9.436694145E0,-2.029711723E1
2.682686424E1,-3.721437454E0,4.980959415E0,2.016012955E1
2.683682340E1,-3.204288721E0,3.510869026E0,5.719354630E1
2.684678950E1,-3.932304859E0,1.018594646E1,-2.602194548E-1
2.685677340E1,-3.496512175E0,4.384847641E0,8.195417523E-1
2.686674132E1,-1.387238979E0,-5.596513271E0,3.002663422E1
2.687670252E1,1.971984982E0,3.496512175E0,-1.339472198E1
2.688666976E1,2.606382132E0,9.802796364E0,-1.126152039E1
2.689662054E1,1.897508383E0,1.298734379E1,1.304925823E1
2.690658606E1,-2.273181438E0,6.922735214E0,-5.352445126E0
2.691657429E1,-2.795115948E0,7.633702278E0,3.472643661E1
2.692654210E1,1.004686356E0,8.778069496E0,1.880728722E1
2.693650137E1,3.130709410E0,4.933103085E0,2.641676188E0
2.694646830E1,8.344969153E-1,5.667998791E0,3.017259598E1
2.695642262E1,-8.509475589E-1,5.740082264E0,-1.005703354E1
2.696638825E1,-4.582255483E-1,4.260420799E0,1.195513964E0
2.697636418E1,-6.329016089E-1,2.747259617E0,3.472404480E1
2.698633090E1,-1.126122117E0,5.704190254E0,6.905686378E0
2.699630668E1,-4.327419758E0,4.834997177E0,1.107637596E1
2.700627429E1,4.707878530E-1,-3.429812193E0,2.018405724E1
2.701622580E1,1.658226132E0,-2.161017895E0,-3.954438448E0
2.702619174E1,1.773081541E0,7.537391037E-2,3.271287680E0
2.703617502E1,2.800200701E0,-7.890332937E-1,-1.962413669E0
2.704614273E1,2.031805515E0,-1.322931767E0,6.807580590E-1
2.705611606E1,-1.068694472E0,-7.674679756E0,3.476232910E1
2.706608434E1,-2.883650303E0,7.229016304E0,4.525126648E1
2.707605262E1,5.521438122E-1,2.341646194E1,-7.413861752E0
2.708602090E1,-5.488536835E0,2.311227417E1,-1.237717438E1
2.709598038E1,-8.723034859E0,1.409342670E1,1.798804402E0
2.710594772E1,-5.813961029E0,7.834998608E0,-1.442423439E1
2.711593356E1,6.143572330E-1,2.237289101E-1,-1.521655750E1
2.712590278E1,1.536192179E0,-1.497607827E0,8.528917313E0
2.713584512E1,1.236790180E0,3.345764160E0,4.257728577E0
2.714581158E1,-4.044767380E0,3.360121250E0,1.273549938E1
2.715575835E1,-2.634497643E0,-1.064207911E0,2.616701126E1
2.716572283E1,-2.644068956E0,2.692224503E0,9.309576035E0
2.717570226E1,-1.906780601E0,3.786342621E0,4.803591251E0
2.718566825E1,1.955235243E0,-7.328019291E-2,2.808964348E1
2.719564517E1,2.819343328E0,7.743772268E-1,2.211117744E1
2.720561220E1,2.426621199E0,3.989732742E0,4.961517811E0
2.721558335E1,1.402792335E-1,3.685844183E0,8.263314247E0
2.722555080E1,3.731606960E0,7.063911438E0,5.282454967E0
2.723551809E1,1.974377751E0,5.040780067E0,1.453609848E1
2.724548554E1,1.129113197E0,8.560322762E0,2.932493973E1
2.725543392E1,2.373979092E0,1.258265781E1,-6.896713257E0
2.726539944E1,1.957628012E0,7.880462170E0,-4.222434521E0
2.727536543E1,8.249256015E-1,4.720141888E0,1.946800423E1
2.728533095E1,5.018945336E-1,4.650450706E0,8.181958199E0
2.729532111E1,2.314158678E0,1.708176255E0,2.881257629E1
2.730528913E1,4.456931114E0,-5.952146053E-1,2.672244453E1
2.731524861E1,2.393121719E0,7.066304207E0,1.676770449E0
2.732521580E1,-1.444666624E0,5.838188171E0,1.301575851E1
2.733519262E1,-2.411965132E0,3.384049416E0,1.125135136E1
2.734516075E1,1.881356835E-1,7.071090221E0,-9.183354378E0
2.735513512E1,8.871390224E-1,5.754439354E0,8.075776696E-1
2.736510387E1,-1.238883972E0,4.535595417E0,4.145266056E0
2.737505179E1,-2.972184896E0,3.048755169E0,-7.931010723E0
2.738501845E1,-1.265205026E0,-1.631905079E0,3.345016479E1
2.739498293E1,-4.295116663E-1,-1.088435173E0,3.396013641E1
2.740494934E1,-1.525424421E-2,8.253742218E0,-2.802593470E0
2.741490955E1,-5.514857769E0,6.678368092E0,3.409772217E-1
2.742487533E1,-3.812663794E0,-1.162612677E0,1.179482079E1
2.743485632E1,-3.314059377E-1,3.384049416E0,3.630510092E0
2.744482361E1,2.335694075E0,6.151648045E0,-3.633501291E0
2.745480090E1,-2.519642353E0,8.524430275E0,-9.456135750E0
2.746476918E1,-2.344966173E0,7.001698017E0,-9.427422523E0
2.747473168E1,-2.984148979E0,8.136494637E0,-8.199305534E0
2.748469934E1,-3.774079561E0,1.069113159E1,-5.620740414E0
2.749467278E1,-1.542772412E0,1.085145092E1,1.161266708E1
2.750464101E1,3.020938672E-2,1.211575794E1,-7.452147007E0
2.751460590E1,1.835294962E0,3.441477060E0,-2.387887383E1
2.752457382E1,-1.131834984E1,-3.041726303E1,2.491736031E1
2.753454497E1,7.306184769E0,-1.568585014E1,7.853303528E1
2.754451319E1,5.161019325E0,2.491257477E1,-4.707878530E-1
2.755445429E1,-1.214955688E0,1.764377594E1,-7.673812103E1
2.756441976E1,-1.149302673E1,-4.492823601E0,4.642674255E1
2.757442356E1,-5.682953633E-3,-2.685225487E1,7.853303528E1
2.758439288E1,1.263559914E1,1.296790218E1,-2.175285149E1
2.759433533E1,6.041877270E0,1.627448463E1,-6.572964478E1
2.760430194E1,-2.720639229E0,-9.732806087E-1,2.927229691E1
2.761426174E1,4.153042793E0,-8.603693008E0,5.697071457E1
2.762422762E1,3.930211306E0,1.788575172E1,-2.521735954E1
2.763422392E1,8.536394835E-1,1.703809357E1,-4.181756496E0
2.764419288E1,-4.571487427E0,4.179064751E0,5.588377380E1
2.765412668E1,2.055733681E0,5.483751297E0,-8.067700386E0
2.766409205E1,6.221638203E0,1.012612629E1,-3.502613831E1
2.767406184E1,1.785643846E-1,2.452643216E-1,2.023430634E1
2.768402767E1,2.182553291E0,-3.669393539E0,3.066820908E1
2.769399543E1,1.890329838E0,9.518050194E0,-2.417109871E1
2.770396142E1,1.469193101E0,9.514461160E-1,1.733001709E1
2.771396095E1,1.998306036E0,-1.079910755E1,7.481967926E1
2.772393033E1,-5.563312769E-1,-2.029113531E0,2.311167479E0
2.773388382E1,-8.605188727E-1,2.747259617E0,-9.044271469E0
2.774385163E1,2.242373943E0,-6.901498795E0,3.754189301E1
2.775379845E1,-3.381656647E0,6.520441532E0,-1.698904037E0
2.776376413E1,-5.663212776E0,7.372884750E0,-2.813331223E1
2.777374960E1,-6.228218079E0,1.586142302E0,2.074906158E1
2.778371726E1,-3.149253607E0,1.198893833E1,2.315953255E0
2.779369236E1,-2.423929453E0,2.989742088E1,-4.281926346E1
2.780366075E1,-5.311169147E0,1.605883026E1,-3.335265732E1
2.781363090E1,-6.113362789E0,-6.360421658E0,1.991815567E1
2.782359950E1,-8.390133858E0,-3.353929901E1,7.475028229E1
2.783354512E1,-7.796414375E0,-1.341835117E1,7.621797943E1
2.784351132E1,6.865606308E0,-1.037288570E1,-3.918007660E1
2.785345731E1,6.446563244E0,7.834998608E0,-1.995225334E1
2.786342148E1,-1.078445148E1,7.782356739E0,4.978267670E0
2.787340345E1,-6.616154313E-1,2.407239342E1,-3.234707260E1
2.788336939E1,1.699053574E1,4.367140579E1,-5.247759247E1
2.789335335E1,-1.181874943E1,-2.242373943E0,-3.973341751E1
2.790332111E1,-9.347860336E0,-2.011017799E1,7.853303528E1
2.791328314E1,9.475278854E0,-2.661058044E1,7.113263702E1
2.792325033E1,-1.178046417E1,1.958555222E1,-4.443082809E1
2.793324200E1,8.618049622E0,7.569096088E0,-6.216224289E1
2.794321163E1,-8.394919395E0,-9.872487068E0,3.715395355E1
2.795314127E1,1.878365755E0,-3.870390654E0,3.849961853E1
2.796310689E1,1.077039337E1,2.986870766E1,-3.332633591E1
2.797308366E1,4.779663086E-1,1.576929951E1,-2.499692154E1
2.798305038E1,-3.601796389E0,4.061517239E0,7.313901520E1
2.799300267E1,1.581655741E0,1.492523074E0,2.926272583E1
2.800296793E1,2.965305567E0,1.579322720E1,-4.256801605E1
2.801295127E1,3.997210264E0,6.302694798E0,-3.284986496E1
2.802291835E1,-5.084748268E-1,-7.866404653E-1,3.237519073E1
2.803289361E1,-2.354537487E0,-4.732405186E0,6.471837616E1
2.804286148E1,6.312565327E0,2.309073806E-1,1.560389519E1
2.805283444E1,7.737192154E0,1.744068623E0,1.389631748E0
2.806280288E1,7.241578579E0,-4.969294548E0,1.229761314E1
2.807274366E1,3.312563896E0,-1.928615093E0,-1.912164450E0
2.808270924E1,-1.380060434E0,1.395434380E1,-6.930212498E0
2.809270585E1,-8.126623631E-1,1.377009583E1,1.416730499E1
2.810267455E1,2.182553291E0,1.408624744E1,3.723561096E1
2.811266069E1,1.938485503E0,1.131117153E1,8.691927910E0
2.812263116E1,-3.379263878E0,2.965006351E0,1.181456149E-1
2.813261465E1,-3.285943747E0,-2.637488842E0,1.182353497E1
2.814258642E1,4.600799561E0,-5.009972572E0,-3.504288673E0
2.815256158E1,4.387539387E0,-2.706880569E0,2.054058838E1
2.816253372E1,7.394719124E0,-9.996016622E-1,1.554646778E1
2.817254460E1,1.488335729E0,1.698604941E0,-3.243171930E0
2.818252064E1,2.038984060E0,1.782652885E-1,2.068445587E1
2.819237351E1,-1.097408295E0,5.747261047E0,9.845867157E0
2.820233705E1,-1.648056626E0,1.764138412E1,-9.068498611E0
2.821229819E1,-4.193122387E0,1.674138451E1,1.169402313E1
2.822226153E1,2.122732878E0,7.863712311E0,3.063710213E1
2.823225559E1,1.809572130E-1,3.226123095E0,6.994220734E0
2.824222200E1,1.428515077E0,4.604987144E0,-1.056461143E1
2.825218538E1,4.181756496E0,-3.384348631E0,-3.717249870E0
2.826215148E1,2.244766712E0,-3.381955624E0,2.709841728E1
2.827213745E1,4.028615952E0,2.469393015E0,1.053290653E1
2.828210495E1,1.550549030E0,5.682355404E0,1.195753288E1
2.829205787E1,1.188933730E0,-9.876375198E-1,2.744328308E1
2.830202386E1,-6.041877270E-1,3.391227961E0,2.059921265E0
2.831198839E1,-2.969791889E0,6.501298904E0,-1.213759327E1
2.832195422E1,-3.953840256E0,7.609774113E0,-1.501795292E1
2.833192605E1,-3.266801119E0,8.749356270E0,-4.031008720E0
2.834189250E1,8.273184299E-1,1.122502995E1,1.648505211E1
2.835185855E1,-9.658030272E-1,1.048534870E1,2.303540421E1
2.836182495E1,-2.330609322E0,4.121337891E0,3.196093178E1
2.837178584E1,-2.898007393E0,7.890033722E0,1.905404663E1
2.838175167E1,-2.404786825E0,7.937890053E0,-2.323729897E1
2.839172818E1,-2.648854733E0,7.265207767E-1,-1.718465424E1
2.840169506E1,-1.083051324E0,5.542375445E-1,6.278467655E0
2.841165896E1,8.536394835E-1,-2.283051968E0,8.739784241E0
2.842162553E1,1.023649502E1,-2.694916487E0,4.986253738E1
2.843158886E1,4.706083775E0,3.872484446E0,2.529572487E1
2.844155511E1,-7.923233986E0,2.007159424E1,-8.821739197E0
2.845151323E1,-6.989734173E0,6.118148327E0,-3.693321705E0
2.846147865E1,-3.398406267E0,-2.802593470E0,1.868285942E1
2.847143448E1,3.087638617E0,2.931506872E0,4.971088886E0
2.848139891E1,4.899304509E-1,1.349970722E1,-1.154626656E1
2.849138620E1,-3.094218731E0,1.361934853E1,-2.410140610E1
2.850135297E1,-6.930212379E-1,-5.053043365E0,1.806042671E1
2.851131381E1,3.970889091E0,-9.841380119E0,7.853303528E1
2.852127990E1,-5.443671346E-1,9.345767021E0,1.060708332E1
2.853125516E1,-1.365703583E0,1.567597961E1,-4.480889511E1
2.854122219E1,-2.038385868E0,-1.902294040E0,1.512981796E1
2.855118297E1,2.079662085E0,-9.072985649E0,5.820391464E1
2.856114938E1,4.593621254E0,1.013569736E1,-1.657896996E1
2.857111672E1,2.048854381E-1,1.195543957E1,-3.447070312E1
2.858108318E1,-7.691130161E0,6.805486679E0,1.751217079E1
2.859104912E1,-6.798008919E0,1.217348576E0,2.780699158E1
2.860101552E1,-5.563312769E-1,3.376870871E0,2.797209740E0
2.861098318E1,4.763511658E0,-1.310967684E0,3.641427231E1
2.862094969E1,-2.711068153E0,2.907578707E0,1.182114220E1
2.863091198E1,-1.899602056E0,8.110173225E0,-1.457258892E1
2.864087803E1,-6.281159520E-1,-1.873580098E0,-1.471585870E0
2.865085605E1,1.354935765E-1,2.143969059E0,1.689901161E1
2.866082334E1,2.402693033E0,1.150528908E1,-7.172186852E0
2.867078990E1,-2.026421785E0,1.276929760E1,-5.982355595E0
2.868075714E1,-4.126123428E0,1.700997829E0,2.944966507E1
2.869072511E1,-1.435095429E0,-7.567301393E-2,3.690270996E1
2.870069240E1,-4.079762697E-1,4.231706619E0,-4.971089065E-1
2.871065652E1,-1.250848055E0,1.052243710E0,1.879053688E1
2.872062344E1,-2.632104874E0,-4.605286121E0,2.409362984E1
2.873059417E1,6.000002623E-1,-5.593222976E-1,-3.046960592E0
2.874056146E1,5.213661671E0,1.004088163E0,1.824706650E1
2.875052230E1,3.417848110E0,8.174779892E0,1.087298584E1
2.876048896E1,1.854437590E0,1.390888023E1,-1.643300819E1
2.877045730E1,-1.751247048E0,8.965008736E0,6.388537407E0
2.878042412E1,6.281159353E-3,2.732902527E0,2.135235214E1
2.879039157E1,1.354038477E0,2.771187782E0,7.398906708E0
2.880035844E1,4.667798996E0,2.819044113E0,1.300379467E1
2.881033188E1,4.516751766E0,2.792723179E0,1.257039452E1
2.882029938E1,4.040580273E0,3.786342621E0,4.049553394E0
2.883025625E1,6.240780354E0,7.178767204E0,4.784449100E0
2.884022266E1,1.639083505E0,5.735296726E0,2.605783939E0
2.885019823E1,2.326122761E0,1.844567180E0,2.849911499E1
2.886016558E1,3.511467218E0,2.246860504E0,1.061426258E1
2.887012500E1,3.216850996E0,6.043971062E0,-2.431705952E0
2.888009152E1,2.723630428E0,2.677867651E0,8.921639442E0
2.889006016E1,1.255932808E0,6.189933300E0,1.511665702E0
2.890002693E1,1.174576759E0,8.177172661E0,1.616172218E1
2.891000214E1,2.615953445E0,7.075875759E0,2.317658043E1
2.891996974E1,3.628117442E-1,7.882854939E0,-2.065304995E0
2.892992928E1,8.416753411E-1,2.440679073E0,-3.760320902E0
2.893989605E1,1.282253861E0,1.559821248E0,5.052743912E0
2.894987021E1,3.109174013E0,3.817449331E0,-8.381160736E0
2.895983771E1,1.208076358E0,4.557130814E0,-2.219343036E-1
2.896980625E1,-5.593222752E-2,3.697808266E0,2.107209396E1
2.897977386E1,-3.051147938E0,4.557130814E0,1.375065422E1
2.898973646E1,-1.313061476E0,4.897210598E0,1.377219009E1
2.899970349E1,-6.640082598E-1,3.720839322E-1,2.821167755E1
2.900966709E1,-1.552343726E0,4.968098104E-1,2.451506615E1
2.901963381E1,-2.169991016E0,1.104885817E0,7.051648140E0
2.902960521E1,-1.566700578E0,4.518845558E0,1.535593987E0
2.903957240E1,-4.698307037E0,5.122136116E0,-2.896212816E0
2.904954152E1,-5.435894966E0,4.487739086E0,3.726222992E0
2.905950886E1,-4.466203690E0,6.084649086E0,7.784450054E0
2.906948141E1,-3.156432152E0,1.040159988E1,7.094719410E-1
2.907944928E1,-6.561119556E0,9.410373688E0,-3.149851799E0
2.908938652E1,-7.195516586E0,2.088934183E0,1.784477425E1
2.909935131E1,-4.899603367E0,8.653044701E-1,2.211356926E1
2.910934553E1,-5.327918530E0,1.540678620E0,3.468336487E1
2.911931329E1,-1.909173369E0,-7.871190071E0,3.567219925E1
2.912927146E1,-1.387238979E0,-7.073781967E0,1.905165482E1
2.913923823E1,1.229611754E0,9.466604590E-1,-8.324031830E-1
2.914920823E1,3.592823267E0,9.630513191E0,-1.716551208E1
2.915917532E1,2.395514488E0,2.082593155E1,-2.641676140E1
2.916912995E1,-4.341776848E0,1.937977028E1,-2.531546593E1
2.917909579E1,-1.411226940E1,1.078923702E1,9.383752823E0
2.918908214E1,-2.708675146E0,-3.906282902E0,7.853303528E1
2.919905000E1,4.832903385E0,-1.233141136E1,4.380989075E1
2.920901532E1,8.115258217E0,1.554407501E1,-2.578954315E1
2.921898297E1,1.009472013E0,6.338587284E0,-5.023671341E1
2.922895454E1,-9.249754906E0,4.435096741E0,-8.955737114E0
2.923892250E1,-3.216252804E0,5.749653816E0,5.957530022E0
2.924888027E1,-2.656033039E0,2.936292410E0,2.972723198E1
2.925884719E1,2.323729992E0,2.835494876E-1,7.853303528E1
2.926881792E1,6.118746758E0,-2.591726065E0,1.767249107E1
2.927878527E1,1.758724689E0,-3.408276796E0,-3.204079437E1
2.928874907E1,-4.486542344E-1,-1.096211910E1,2.282962227E1
2.929871599E1,6.118746758E0,-2.103291035E0,2.777109909E1
2.930868089E1,9.295816422E0,1.201525974E1,-3.243799973E1
2.931864766E1,9.956535339E0,1.864457512E1,-1.922692871E1
2.932862448E1,3.080460072E0,1.255633640E1,9.884152412E0
2.933859224E1,3.149552941E-1,1.548904037E1,-9.623932838E0
2.934856058E1,2.146661043E0,1.756959915E1,-1.267149162E1
2.935852839E1,3.678964853E0,3.245265722E0,5.481358337E1
2.936847792E1,1.025354385E1,-1.010728264E1,6.885077667E1
2.937844386E1,7.322934628E0,-2.527419031E-1,-1.460848141E1
2.938842428E1,2.532204628E0,-4.339683056E0,-3.459064484E1
2.939839167E1,4.033401489E0,-7.787142277E0,1.286501122E1
2.940835334E1,2.670988142E-1,-2.503490746E-1,6.034399509E0
2.941832016E1,-8.095816612E0,3.192623615E0,-1.759651947E1
2.942829625E1,-7.715058327E0,1.753639936E0,4.790401077E1
2.943826402E1,-3.410370588E0,2.294716835E0,5.781597900E1
2.944824297E1,-4.245764732E0,1.170628643E1,-1.318385410E1
2.945821183E1,-5.737390518E0,8.828618050E0,-1.138594723E1
2.946817422E1,-1.028016448E0,1.310668588E0,3.188436127E1
2.947814245E1,-1.123729348E0,5.254040241E0,2.465624237E1
2.948810698E1,-3.182753325E0,5.541179180E0,-2.795415163E0
2.949807480E1,1.462014675E0,-1.356431365E0,1.280758286E1
2.950804782E1,3.283849955E0,-2.103291035E0,6.522535324E0
2.951801615E1,4.818546772E0,4.782355309E0,-7.416254520E0
2.952798058E1,3.334099293E0,8.217850685E0,7.437191963E0
2.953794849E1,3.798605800E-1,7.681559086E0,1.287697506E1
2.954788797E1,-1.813460469E0,5.478965759E0,-3.233600616E0
2.955785302E1,2.575275302E-1,7.631309509E0,4.825126648E0
2.956784125E1,1.634297848E0,5.555535793E0,8.739784241E0
2.957780865E1,1.401894927E0,3.702594042E0,2.403620338E1
2.958777792E1,3.420240879E0,6.308078766E-1,3.357459259E1
2.959774552E1,2.816950560E0,7.401598454E0,4.797609448E-1
2.960769568E1,-9.586246014E-1,1.202961636E1,-1.961964989E1
2.961766152E1,-7.293622494E0,8.730213165E0,-1.096211910E1
2.962761214E1,-2.162812471E0,5.254040241E0,-3.935296059E0
2.963757641E1,-1.205384433E-1,-1.586441398E0,4.482025909E1
2.964756162E1,9.096913338E0,-1.071535873E1,7.278218842E1
2.965752797E1,6.140282154E0,1.107278705E0,1.026012421E1
2.966749006E1,-5.898307562E-1,8.603393555E0,-1.439552021E1
2.967745599E1,-7.274479866E0,7.056733131E0,3.024827003E0
2.968743422E1,-7.569096088E0,1.153878880E1,-6.226423740E0
2.969740141E1,-8.078767657E-1,1.147896862E1,-1.744337845E1
2.970736974E1,1.150648594E0,1.302323627E1,-8.541778564E0
2.971733704E1,1.540977836E0,1.048056316E1,-1.423729515E1
2.972729875E1,-1.267597795E0,4.265206337E0,-8.507980347E0
2.973726547E1,-7.439883709E0,-3.942175388E0,3.141985512E1
2.974723829E1,-3.720839322E-1,-1.731625938E1,7.734081268E1
2.975720558E1,4.157828331E0,-6.336493492E0,5.858467484E1
2.976716089E1,-3.702294827E0,5.107779026E0,-2.594029045E1
2.977712693E1,-4.023231983E0,-1.677368641E0,-2.207139587E1
2.978710886E1,9.568299651E-1,-1.993221283E0,3.070170975E1
2.979707657E1,-7.767700553E-1,3.221337557E0,-4.105186462E0
2.980703631E1,-2.208276272E0,1.199851036E1,-2.153031921E1
2.981700318E1,2.385943174E0,8.866903305E0,1.023619652E1
2.982697178E1,1.093220830E0,6.472585201E0,1.203171062E1
2.983693881E1,4.031008720E0,8.965008736E0,-1.611446381E1
2.984690141E1,4.155435562E0,1.172542953E1,-1.342104340E1
2.985686797E1,5.712863803E-1,9.412766457E0,-7.208079338E0
2.986684641E1,-6.580262184E0,3.764807224E0,-4.203291893E0
2.987681417E1,-5.364109993E0,-2.814557552E0,7.003612518E1
2.988677386E1,7.634001732E0,-4.497609138E0,7.278697205E1
2.989674079E1,8.488538265E-1,1.551775360E1,-2.613410950E1
2.990671016E1,-7.016055107E0,4.796711922E0,-4.934119797E1
2.991667735E1,-4.518845558E0,-2.144567221E-1,2.800828743E1
2.992665500E1,2.886342406E-1,-4.274179339E-1,2.763710213E1
2.993662323E1,6.503991127E0,1.063848972E1,-1.852343798E0
2.994656714E1,8.452944756E0,3.515654564E0,3.040709305E1
2.995653292E1,1.091725305E-1,2.282752752E0,2.010988045E1
2.996649907E1,-2.476571321E0,4.645665169E0,-1.264038467E1
2.997646485E1,4.572085857E0,8.534002304E0,-4.497908592E0
2.998645803E1,1.027268696E1,1.512772369E1,-1.056461143E1
2.999642662E1,3.243171930E0,6.958627224E0,-1.400758362E1
3.000639047E1,-1.081795120E1,-5.476871967E0,4.254827499E1
3.001635855E1,2.565704107E0,-9.149555206E0,7.358647156E1
3.002632120E1,1.284616756E1,1.851745605E0,4.645665169E0
3.003628870E1,1.801047707E1,7.952247143E0,-1.132851982E1
3.004625355E1,2.402693033E0,1.973779559E0,2.061745644E1
3.005622079E1,-9.568299294E0,3.980161428E0,-3.269493103E0
3.006617636E1,-2.172383785E0,7.988139153E0,-2.099372864E1
3.007614240E1,4.749154568E0,5.732903957E0,7.219445229E0
3.008611756E1,4.136292934E0,3.427120209E0,2.545843697E1
3.009608448E1,-5.730810165E-1,4.255635262E0,1.058794117E1
3.010605443E1,-1.325025558E0,4.039981842E0,7.789236069E0
3.011602167E1,3.990031779E-1,6.206682682E0,5.962316036E0
3.012599016E1,1.897508383E0,1.102403259E1,-7.895118237E0
3.013595750E1,-2.373680115E0,1.383709526E1,-5.282155871E-1
3.014592282E1,-6.898507595E0,7.123732090E0,7.822735310E0
3.015588995E1,-7.762914658E0,2.842972517E0,3.177967548E0
3.016586865E1,-2.847758055E0,8.270193338E-1,-2.946461916E0
3.017583693E1,2.915056229E0,1.586142302E0,3.264109135E0
3.018578776E1,4.567300320E0,7.001997232E-1,2.067099571E0
3.019575428E1,-4.510470629E-1,-9.972088337E-1,1.323111248E1
3.020571891E1,-3.882055521E0,5.623133108E-2,3.632095337E1
3.021568521E1,-1.638485312E0,3.721736431E0,1.522074509E1
3.022565422E1,-8.485547304E-1,8.196314812E0,2.241775751E0
3.023562079E1,-2.919542789E0,2.898007393E0,1.682483292E1
3.024558433E1,-4.121337891E0,9.299107194E-1,2.029652023E1
3.025555058E1,9.831510186E-1,2.835494876E-1,1.778016853E1
3.026553454E1,4.607978344E0,-1.919043779E0,2.242732811E1
3.027550256E1,4.615156651E0,2.400001049E0,1.406202030E1
3.028547594E1,2.003091574E0,4.229313850E0,-9.951151013E-1
3.029544454E1,3.822534084E-1,4.777569294E0,8.488239288E0
3.030539365E1,2.477169752E0,5.119743347E0,-2.560918331E0
3.031536021E1,1.785045743E0,5.347360611E0,-2.239981174E0
3.032533105E1,3.276671410E0,4.607379913E0,1.931486511E1
3.033529802E1,5.733202934E0,8.234600067E0,1.096152020E1
3.034524933E1,3.209672451E0,8.706285477E0,-1.328016520E0
3.035521474E1,6.717849374E-1,4.700999260E0,1.225663567E1
3.036519329E1,1.050150037E0,2.689831734E0,5.488237858E0
3.037516000E1,2.879163742E0,1.691426516E0,9.467501640E0
3.038513928E1,3.006282568E0,9.346963167E-1,1.728694725E1
3.039510724E1,4.040580273E0,6.795915604E0,4.391726971E0
3.040506719E1,3.808177233E0,9.206684113E0,-5.122734070E0
3.041503438E1,3.676572084E0,5.292325497E0,1.631964874E1
3.042498292E1,1.277468204E0,-3.771686554E-1,3.145813942E1
3.043494823E1,4.153042793E0,3.740879059E0,2.082084656E1
3.044493823E1,1.013838959E1,1.423938847E1,-7.765905857E0
3.045490599E1,8.881559372E0,1.195783234E1,-1.202513027E1
3.046484537E1,-1.590628862E0,3.132802963E0,5.610570908E0
3.047481027E1,-2.641676188E0,-2.117947102E0,9.280861855E0
3.048477709E1,2.074876308E0,-2.192423791E-1,7.992625713E0
3.049474219E1,9.441779137E0,1.997707844E0,1.598465347E1
3.050474032E1,9.338887215E0,1.346560955E0,1.781127357E1
3.051470870E1,8.005187988E0,1.988136530E0,1.180917835E1
3.052465584E1,6.061019897E0,3.379263878E0,5.093421936E0
3.053462209E1,3.331706524E0,4.054338932E0,4.252943039E0
3.054461407E1,2.273480654E0,6.551548481E0,1.053769207E1
3.055458292E1,3.056531906E0,1.112931728E1,-1.241575837E0
3.056452506E1,1.557727575E0,7.844570160E0,-6.259922981E0
3.057449115E1,-2.881257534E0,2.692224503E0,1.646590996E1
3.058447344E1,-2.478964329E0,6.235695839E0,9.972686768E0
3.059444120E1,-3.864408433E-1,1.224497032E1,-5.453242779E0
3.060441495E1,1.071685433E0,5.816652775E0,1.449063492E1
3.061438329E1,-5.898307562E-1,8.533403873E-1,1.866371727E1
3.062436152E1,-2.747259617E0,3.977768660E0,-3.798605800E-1
3.063433084E1,-2.826222658E0,4.320241451E0,1.992922187E0
3.064427448E1,-1.114158034E0,3.396013498E0,9.922437668E0
3.065424120E1,-4.582255483E-1,3.250051260E0,8.181958199E0
3.066422396E1,-1.181157112E0,-8.374879137E-3,1.659272957E1
3.067419230E1,-1.997707844E0,-1.596012712E0,2.292294121E1
3.068413719E1,1.203290701E0,1.995314956E0,1.269482136E1
3.069410313E1,3.025425196E0,6.549155712E0,5.859424591E0
3.070408787E1,1.430907965E0,3.714558125E0,1.609711647E1
3.071405568E1,5.856433511E-1,1.535893083E0,1.995165443E1
3.072401282E1,1.136291623E0,3.750450373E0,4.346263409E0
3.073397959E1,5.653043464E-2,4.116552353E0,7.614559650E0
3.074396037E1,-1.432702541E0,5.407180786E0,1.186660576E1
3.075392855E1,-3.616153240E0,1.004237747E1,-5.706882000E0
3.076389193E1,-4.016053677E0,9.759725571E0,-7.210472107E0
3.077385959E1,-2.749652386E0,4.875675201E0,4.200301170E0
3.078381849E1,-3.350549936E0,5.285147190E0,5.268098354E0
3.079378527E1,-3.484548092E0,5.720939636E0,2.138585299E-1
3.080374928E1,-3.453441381E0,1.734497309E0,1.646590996E1
3.081371579E1,-2.234896421E0,2.182254314E0,2.054537392E1
3.082368688E1,-1.636092424E0,6.470192432E0,6.378965855E0
3.083365381E1,-2.969791889E0,4.226921082E0,9.223434448E0
3.084364381E1,-3.872484446E0,4.176671982E0,9.474679947E0
3.085361308E1,-1.973779559E0,4.631308079E0,-2.510669231E0
3.086356402E1,-8.075776510E-3,5.638088584E-1,6.240182400E0
3.087353141E1,5.449653864E-1,1.013659477E0,1.386341572E1
3.088348120E1,8.584251404E-1,7.018447876E0,-2.656631231E0
3.089344683E1,-3.529413342E-1,5.507679462E0,4.621737003E0
3.090341933E1,-2.088634968E0,3.307479143E0,1.528774357E1
3.091338563E1,-2.572284460E0,5.275575638E0,4.394119740E0
3.092335964E1,-1.775175333E0,5.404788017E0,1.405962753E1
3.093332672E1,-2.052742720E0,4.032803535E0,1.236700439E1
3.094329969E1,-1.552343726E0,3.884448528E0,9.364610672E0
3.095326735E1,1.187438220E-1,3.376870871E0,1.834038734E1
3.096321245E1,1.977069676E-1,6.108577251E0,9.170791626E0
3.097317787E1,-7.887341380E-1,7.183552742E0,9.227322340E-1
3.098313875E1,-1.447059512E0,4.171886444E0,1.147627640E1
3.099310365E1,-1.325025558E0,3.812663794E0,4.123730659E0
3.100307688E1,-1.341775298E0,3.415156126E0,6.620940208E0
3.101304266E1,-6.978068948E-1,2.739782035E-1,2.990908623E1
3.102302214E1,-2.316252232E0,1.320239902E0,1.488335705E1
3.103298928E1,-3.269193888E0,5.270790100E0,-3.248256743E-1
3.104296256E1,-4.008875370E0,2.692224503E0,9.704689980E0
3.105293032E1,-3.750151396E0,3.135195971E0,1.209392357E1
3.106287922E1,-1.897209287E0,7.750950813E0,2.524427891E0
3.107284506E1,-1.808674812E0,8.742177963E0,1.971386790E0
3.108284527E1,-9.921240807E-1,5.629713535E0,3.417249918E0
3.109281454E1,-4.462614357E-1,2.045564175E0,4.798805714E0
3.110275823E1,5.353940725E-1,2.316252232E0,6.489036083E0
3.111272490E1,1.043868884E-1,5.184648514E0,5.437988758E0
3.112271527E1,-2.644068897E-1,5.203791142E0,2.162034988E1
3.113268433E1,2.247159481E0,4.640879631E0,2.428056908E1
3.114262573E1,2.694916487E0,5.138885498E0,3.824328899E0
3.115259204E1,2.903092146E0,1.514058471E0,1.287458229E1
3.116262407E1,2.694916487E0,2.100898266E0,1.158156109E1
3.117259704E1,8.727820516E-1,7.090232372E0,-2.865106106E0
3.118267969E1,-7.504490018E-1,5.297111034E0,1.248664570E1
3.119266370E1,-6.906284094E-1,3.580260992E0,1.792373657E1
3.120254370E1,-1.054337502E0,6.127719879E0,-1.167398334E0
3.121241672E1,-2.548356056E-1,4.952245712E0,5.785246849E0
3.122237469E1,6.789634228E-1,3.637987614E0,1.418166161E1
3.123233829E1,1.517049551E0,8.304290771E0,-3.738785535E-2
3.124230152E1,1.337288737E0,9.809974670E0,6.879364848E-1
3.125226506E1,-4.462614357E-1,9.783653259E0,3.228216887E0
3.126223641E1,8.751748800E-1,8.536395073E0,-1.883450508E0
3.127220079E1,6.334998012E-1,2.716152906E0,1.493121338E1
3.128215698E1,1.011864901E0,1.224527001E0,2.155335045E1
3.129212047E1,2.156232357E0,4.918745995E0,7.410871029E0
3.130209922E1,2.922234535E0,6.731009960E0,7.667201996E0
3.131206428E1,9.065806866E-1,3.053540707E0,4.724628448E0
3.132202641E1,-3.015255690E0,4.677968323E-1,8.114958763E0
3.133199115E1,-4.648057938E0,-3.748356581E0,1.433001614E1
3.134195667E1,-1.997707844E0,-2.072782665E-1,1.942014885E1
3.135192152E1,1.102792144E0,8.126623631E-1,1.073420238E1
3.136189428E1,3.039782047E0,1.131206870E0,1.088016415E1
3.137185985E1,-1.772782445E0,3.589233849E-3,1.016411209E1
3.138183355E1,-6.256932259E0,4.486542344E-1,7.595417500E0
3.139179995E1,-6.872186661E0,2.708974361E0,1.250818157E1
3.140175766E1,-4.511667252E0,3.999304056E0,1.459352589E1
3.141172318E1,-1.246062398E0,5.340181828E0,7.738986492E0
3.142170303E1,-4.701896608E-1,3.891626835E0,5.244169712E0
3.143166995E1,-7.600203156E-1,3.048755169E0,1.005882835E1
3.144164172E1,-2.961117961E-2,3.034398317E0,1.105723381E1
3.145160912E1,4.588237405E-1,3.695415497E0,1.116012478E1
3.146156365E1,1.106680464E-2,3.453441381E0,7.255337238E0
3.147152974E1,-6.311069429E-2,3.209373474E0,8.414061546E0
3.148150823E1,-1.212562919E0,3.118446112E0,7.099803925E0
3.149147558E1,-1.899602056E0,4.997709274E0,5.529214859E0
3.150143693E1,-2.457428932E0,4.281956196E0,7.418049335E0
3.151140370E1,-1.966601133E0,3.302693367E0,1.191924763E1
3.152136792E1,-2.648854733E0,2.854936600E0,8.119744301E0
3.153133438E1,-2.945863724E0,2.883650303E0,6.285645962E0
3.154131959E1,-2.359323025E0,3.003291607E0,6.431608200E0
3.155128792E1,-2.052742720E0,6.082255840E0,4.614558697E0
3.156123526E1,-1.897209287E0,6.922735214E0,3.230609655E0
3.157120152E1,-1.322632670E0,4.557130814E0,7.861020565E0
3.158116412E1,-1.478166223E0,3.079861879E0,8.471489906E0
3.159112995E1,-5.922235847E-1,3.712165117E0,7.022934437E0
3.160111277E1,3.894318938E-1,3.163909674E0,8.234600067E0
3.161108027E1,1.389930844E0,3.281157970E0,1.079880905E1
3.162105026E1,2.338086843E0,3.886841297E0,8.921639442E0
3.163101803E1,1.938485503E0,4.466203690E0,1.333191013E1
3.164096995E1,3.791427374E0,4.123730659E0,2.019602203E1
3.165093615E1,5.795416355E0,4.420739651E0,1.381526089E1
3.166091157E1,5.237589836E0,1.684248090E0,6.108577251E0
3.167087870E1,2.783450842E0,-2.699702263E0,1.434437370E1
3.168085131E1,-3.696911037E-1,-9.684949517E-1,1.447388554E1
3.169081896E1,-3.496512175E0,4.253242016E0,8.268099785E0
3.170077152E1,-4.614558697E0,4.463810444E0,1.334866047E1
3.171073761E1,-3.247359514E0,2.795115948E0,1.406202030E1
3.172072120E1,-4.121337891E0,2.237289190E0,7.846663475E0
3.173068907E1,-6.371787548E0,2.146361828E0,8.330312729E0
3.174066245E1,-7.499704361E0,2.768795013E0,8.093124390E0
3.175063084E1,-8.589036942E0,5.385645390E0,1.191206932E1
3.176057985E1,-6.498906136E0,5.852545261E0,1.426780319E1
3.177054625E1,-6.896114826E0,5.435894966E0,6.314359665E0
3.178052985E1,-6.008078575E0,5.898008823E0,-2.773879766E0
3.179049803E1,-4.425525665E0,7.909176350E0,2.677568436E0
3.180045605E1,-3.812663794E0,9.577870369E0,6.711867332E0
3.181042318E1,-1.499701619E0,8.189136505E0,8.799605370E0
3.182037964E1,-8.973084623E-4,3.388834953E0,1.253210926E1
3.183034568E1,1.799402595E0,2.661117792E0,9.069993973E0
3.184034386E1,2.216052771E0,4.104588032E0,2.306381941E0
3.185031313E1,1.739582062E0,4.358526230E0,5.617749214E0
3.186027646E1,1.816152334E0,3.860520124E0,7.262516022E0
3.187024516E1,3.863212109E0,3.968197346E0,7.243373394E0
3.188020698E1,4.368396759E0,4.423132420E0,1.040608692E1
3.189017495E1,3.800998688E0,4.104588032E0,7.092625618E0
3.190011777E1,4.715655327E0,3.791128397E0,8.167600632E0
3.191008318E1,4.823332310E0,4.059124470E0,8.986245155E0
3.192005594E1,3.690928936E0,5.309075356E0,5.852245808E0
3.193002209E1,2.395514488E0,3.750450373E0,7.351050377E0
3.194000933E1,2.163410664E0,3.858127356E0,1.181396389E1
3.194997761E1,1.325324655E0,4.918745995E0,8.409276009E0
3.195995172E1,-8.437690735E-1,5.426323414E0,1.138534927E1
3.196992058E1,-2.802294493E0,4.744070053E0,1.227607727E1
3.197988178E1,-3.999304056E0,4.552345276E0,1.074855900E1
3.198984985E1,-4.059124470E0,3.089433193E0,1.055444145E1
3.199980719E1,-5.581857204E0,1.844567180E0,1.009472084E1
3.200977417E1,-5.397609711E0,1.248455167E0,8.205885887E0
3.201973886E1,-6.788437843E0,7.265207767E-1,9.771689415E0
3.202970563E1,-7.595417500E0,1.566999674E0,1.073898792E1
3.203967219E1,-6.826723099E0,2.146361828E0,8.909674644E0
3.204963891E1,-7.092625618E0,2.304288149E0,1.246989632E1
3.205959813E1,-6.209075451E0,2.555534601E0,1.011864853E1
3.206956407E1,-5.411966801E0,2.395215511E0,8.485846519E0
3.207953803E1,-4.899603367E0,1.985743642E0,1.068365383E1
3.208950480E1,-4.360919476E0,2.067398787E0,7.995018482E0
3.209947355E1,-3.374478102E0,2.637189627E0,8.193922043E0
3.210944047E1,-1.633699656E0,2.864507914E0,9.929615974E0
3.211939016E1,-3.744767308E-1,3.537189960E0,9.120243073E0
3.212935532E1,-3.678964823E-2,3.685844183E0,9.108279228E0
3.213933948E1,-2.620140910E-1,3.460619688E0,9.812367439E0
3.214930657E1,4.588237405E-1,3.827020645E0,8.835497856E0
3.215927662E1,5.521438122E-1,4.210171223E0,8.548059464E0
3.216924402E1,7.435696125E-1,4.104588032E0,9.218647957E0
3.217920052E1,7.603194118E-1,4.353740692E0,8.873783112E0
3.218916683E1,8.129615188E-1,4.897210598E0,8.356634140E0
3.219914652E1,8.464609981E-1,5.189434052E0,8.622237206E0
3.220911417E1,7.292127013E-1,4.909174919E0,9.249754906E0
3.221908896E1,2.862414122E-1,4.995316505E0,9.469894409E0
3.222905730E1,5.174478889E-2,5.045565605E0,7.961519241E0
3.223899922E1,-5.587241054E-1,4.770390987E0,8.677571297E0
3.224896485E1,-1.478166223E0,4.530809879E0,8.959924698E0
3.225894860E1,-1.763211131E0,4.897210598E0,7.937591076E0
3.226891605E1,-2.215454578E0,4.842175961E0,8.845068932E0
3.227887547E1,-3.460619688E0,4.784748077E0,9.105886459E0
3.228884214E1,-3.697509289E0,4.811069012E0,7.779664516E0
3.229880579E1,-4.420739651E0,4.559523582E0,9.043673515E0
3.230877214E1,-4.815555573E0,4.401597023E0,8.720642090E0
3.231874563E1,-4.770092010E0,4.413561344E0,8.225028992E0
3.232871266E1,-4.537988186E0,4.116552353E0,9.086744308E0
3.233868323E1,-4.535595417E0,4.016053677E0,8.811569214E0
3.234865063E1,-4.195515633E0,3.956233025E0,8.131709099E0
3.235859271E1,-3.956233025E0,4.028017998E0,8.756534576E0
3.236855750E1,-3.675973892E0,4.047160625E0,8.275278091E0
3.237854928E1,-3.278765202E0,4.118945122E0,8.677571297E0
3.238851683E1,-2.783151865E0,4.171886444E0,8.670392990E0
3.239849219E1,-2.091027975E0,4.241278172E0,8.804390907E0
3.240846052E1,-1.612164259E0,4.114159584E0,8.782855988E0
3.241842625E1,-1.494915962E0,4.147958279E0,8.794819832E0
3.242839433E1,-9.801599979E-1,3.987339735E0,8.512166977E0
3.243835532E1,-5.826523304E-1,3.927519321E0,9.206684113E0
3.244832266E1,-4.989035130E-1,4.047160625E0,8.327919960E0
3.245828079E1,-3.529413342E-1,4.140779495E0,8.368597984E0
3.246824719E1,-1.420738399E-1,4.035196304E0,9.328718185E0
3.247822761E1,-3.792623878E-1,4.432703972E0,8.440382957E0
3.248819542E1,-1.615155339E-1,4.530809879E0,8.349455833E0
3.249815052E1,-7.552346587E-1,4.492524624E0,9.520144463E0
3.250811704E1,-1.099801064E0,4.779962540E0,7.547261715E0
3.251808829E1,-1.181157112E0,4.901996136E0,8.485846519E0
3.252805527E1,-1.291526079E0,4.779962540E0,9.005388260E0
3.253801370E1,-1.059123158E0,4.923531532E0,8.100302696E0
3.254797980E1,-7.576274872E-1,4.834997177E0,8.864211082E0
3.255794631E1,-7.025925517E-1,4.667499542E0,8.804390907E0
3.256791240E1,-4.558327198E-1,4.674678326E0,8.232207298E0
3.257789532E1,-1.639083475E-1,4.485345840E0,8.868997574E0
3.258786313E1,5.174478889E-2,4.708177567E0,8.677571297E0
3.259783188E1,7.411768436E-1,4.834997177E0,8.244171143E0
3.260779980E1,6.813562512E-1,4.724927425E0,9.247362137E0
3.261775730E1,1.447657704E0,4.753641129E0,8.478668213E0
3.262772412E1,1.610369682E0,4.808676243E0,8.746963501E0
3.263769636E1,1.653440475E0,4.604987144E0,8.739784241E0
3.264766370E1,1.447657704E0,4.672285080E0,8.756534576E0
3.265765584E1,1.016650558E0,4.820640087E0,8.708678246E0
3.266762568E1,7.076773047E-1,4.985744953E0,8.370990753E0
3.267756407E1,4.707878530E-1,4.911567688E0,8.857032776E0
3.268753073E1,2.527419031E-1,4.995316505E0,8.668000221E0
3.269749511E1,1.824527234E-2,5.196612358E0,8.066802979E0
3.270746152E1,-4.486542344E-1,5.000102043E0,8.423632622E0
3.271747303E1,-4.031906128E-1,4.925924301E0,8.823533058E0
3.272744402E1,-6.257231236E-1,5.043172836E0,8.418847084E0
3.273736302E1,-3.170489967E-1,5.021637440E0,8.363812447E0
3.274732875E1,-5.611169338E-1,4.913960457E0,8.624629974E0
3.275729985E1,-7.863413692E-1,4.873282433E0,8.603095055E0
3.276726610E1,-1.006481051E0,4.825426102E0,8.560024261E0
3.277723495E1,-1.183549881E0,4.904388905E0,8.418847084E0
3.278720141E1,-1.313061476E0,4.846961498E0,8.342276573E0
3.279717792E1,-1.298704505E0,4.763212681E0,8.612666130E0
3.280714537E1,-1.394417405E0,4.703392029E0,8.504988670E0
3.281710631E1,-1.291526079E0,4.729712963E0,8.349455833E0
3.282707313E1,-1.341775298E0,4.693820953E0,8.603095055E0
3.283702881E1,-1.588235974E0,4.667499542E0,8.497810364E0
3.284699454E1,-1.459023595E0,4.681856632E0,8.562417030E0
3.285697047E1,-1.394417405E0,4.643272400E0,8.668000221E0
3.286693719E1,-1.430309772E0,4.662714005E0,8.507381439E0
3.287690026E1,-1.260419369E0,4.588237286E0,8.545666695E0
3.288686662E1,-1.061515927E0,4.482953072E0,8.665607452E0
3.289682672E1,-7.887341380E-1,4.492524624E0,8.665607452E0
3.290679245E1,-2.117647976E-1,4.518845558E0,8.694320679E0
3.291677631E1,2.766701281E-1,4.521238327E0,8.912068367E0
3.292674381E1,6.669993401E-1,4.652843475E0,8.845068932E0
3.293670417E1,1.188933730E0,4.715356350E0,8.703892708E0
3.294667094E1,4.205385745E-1,4.636094093E0,9.055637360E0
3.295663402E1,3.173480928E-1,4.614558697E0,8.162815094E0
3.296660042E1,1.040578723E0,4.636094093E0,9.125029564E0
3.297657750E1,1.145862937E0,4.842175961E0,8.675178528E0
3.298654495E1,1.153041363E0,4.995316505E0,7.825128078E0
3.299651146E1,4.803591371E-1,4.858925343E0,9.594321251E0
3.300647881E1,-2.404786795E-1,5.165206909E0,8.193922043E0
3.301645849E1,-9.323035479E-1,5.254040241E0,7.889734268E0
3.302642709E1,-1.514058471E0,4.954638481E0,9.055637360E0
3.303639454E1,-1.597807288E0,5.256433010E0,7.638488293E0
3.304636297E1,-1.310668588E0,5.155635357E0,8.167600632E0
3.305630381E1,-1.236491084E0,5.067101002E0,9.244969368E0
3.306626948E1,-1.863709688E0,5.246861935E0,7.849056244E0
3.307623063E1,-2.093420744E0,5.208576679E0,8.184350967E0
3.308619584E1,-1.827817440E0,4.995316505E0,8.847461700E0
3.309618849E1,-1.648056626E0,5.184648514E0,7.892127514E0
3.310615646E1,-1.135693431E0,5.033601761E0,8.131709099E0
3.311612683E1,-6.520441771E-1,4.906782150E0,9.067601204E0
3.312609506E1,-2.261217386E-1,5.184648514E0,8.124529839E0
3.313606053E1,-2.356930375E-1,5.093421936E0,8.366205215E0
3.314602844E1,-2.883351147E-1,4.894817829E0,8.900103569E0
3.315599344E1,-4.271188378E-1,5.062315464E0,8.146065712E0
3.316596110E1,-2.739782035E-1,5.019244671E0,8.378169060E0
3.317592422E1,-4.486542344E-1,4.933103085E0,8.715856552E0
3.318589141E1,-2.117647976E-1,5.012066364E0,8.126922607E0
3.319585402E1,4.695914313E-2,5.026422977E0,8.742177963E0
3.320582073E1,-2.721835673E-2,5.083850861E0,8.560024261E0
3.321579152E1,-5.252245665E-1,5.208576679E0,8.203493118E0
3.322575865E1,-8.629116416E-1,5.057529926E0,8.500203133E0
3.323571959E1,-1.173978567E0,5.012066364E0,8.481060982E0
3.324568605E1,-1.020837903E0,5.028815746E0,8.076375008E0
3.325565875E1,-7.528418303E-1,4.971388340E0,8.670392990E0
3.326562579E1,-9.394819736E-1,4.980959415E0,8.493024826E0
3.327558803E1,-1.305882931E0,5.021637440E0,8.268099785E0
3.328555459E1,-1.540379524E0,4.925924301E0,8.622237206E0
3.329552448E1,-1.468594909E0,4.921138763E0,8.382954597E0
3.330549136E1,-1.097408295E0,4.878067970E0,8.213064194E0
3.331544511E1,-4.701896608E-1,4.796711922E0,8.787641525E0
3.332541063E1,-1.591227055E-1,4.856532574E0,8.607880592E0
3.333539256E1,-4.875376076E-2,4.890032291E0,8.442775726E0
3.334535980E1,-3.170489967E-1,4.846961498E0,8.804390907E0
3.335531204E1,-4.534398913E-1,4.911567688E0,8.313563347E0
3.336527771E1,-4.965106845E-1,4.933103085E0,8.471489906E0
3.337526422E1,-3.026920557E-1,4.916353226E0,8.672785759E0
3.338523198E1,-3.960121572E-1,4.968995094E0,8.452346802E0
3.339519891E1,-5.156532526E-1,4.875675201E0,8.497810364E0
3.340516662E1,-7.289136052E-1,4.866104126E0,8.579166412E0
3.341513599E1,-7.384848595E-1,4.923531532E0,8.320741653E0
3.342510386E1,-9.059824944E-1,4.925924301E0,8.519346237E0
3.343505214E1,-7.671987414E-1,4.933103085E0,8.481060982E0
3.344501802E1,-6.329016089E-1,4.990530491E0,8.502595901E0
3.345499844E1,-5.324030519E-1,4.940281391E0,8.562417030E0
3.346496579E1,-7.600203156E-1,4.892425060E0,8.485846519E0
3.347492381E1,-9.011968374E-1,4.839782715E0,8.428419113E0
3.348489016E1,-9.059824944E-1,4.820640087E0,8.564809799E0
3.349484990E1,-7.001997232E-1,4.846961498E0,8.488239288E0
3.350481563E1,-6.472585201E-1,4.878067970E0,8.512166977E0
3.351480276E1,-6.568298340E-1,4.868496895E0,8.555238724E0
3.352477063E1,-5.778666735E-1,4.870889664E0,8.476275444E0
3.353473823E1,-5.491527915E-1,4.844568729E0,8.629415512E0
3.354470605E1,-5.276173949E-1,4.846961498E0,8.533702850E0
3.355467136E1,-4.366901219E-1,4.870889664E0,8.464310646E0
3.356463891E1,-3.194418252E-1,4.844568729E0,8.615058899E0
3.357459688E1,-3.242274821E-1,4.849354267E0,8.576773643E0
3.358456344E1,-3.984049559E-1,4.834997177E0,8.473882675E0
3.359454526E1,-3.505485058E-1,4.782355309E0,8.632107735E0
3.360451339E1,-2.787638307E-1,4.801497936E0,8.591130257E0
3.361445344E1,-2.811566591E-1,4.820640087E0,8.562417030E0
3.362441870E1,-2.644068897E-1,4.779962540E0,8.593523026E0
3.363441865E1,-3.074777126E-1,4.820640087E0,8.612666130E0
3.364438740E1,-2.787638307E-1,4.796711922E0,8.512166977E0
3.365433886E1,-2.979064286E-1,4.789533615E0,8.644071579E0
3.366430584E1,-2.309073806E-1,4.806283474E0,8.583951950E0
3.367429063E1,-2.524427772E-1,4.849354267E0,8.524131775E0
3.368425938E1,-2.093719840E-1,4.818247318E0,8.571988106E0
3.369418792E1,-2.428714931E-1,4.839782715E0,8.651249886E0
3.370415266E1,-2.021935135E-1,4.873282433E0,8.533702850E0
3.371414646E1,-2.380858511E-1,4.892425060E0,8.545666695E0
3.372411412E1,-2.715853751E-1,4.868496895E0,8.519346237E0
3.373406391E1,-2.691925466E-1,4.901996136E0,8.519346237E0
3.374402974E1,-2.309073806E-1,4.887639523E0,8.545666695E0
3.375399188E1,-3.194418252E-1,4.933103085E0,8.526524544E0
3.376395735E1,-2.907279432E-1,4.973781109E0,8.423632622E0
3.377395605E1,-2.452643216E-1,5.000102043E0,8.536095619E0
3.378392485E1,-3.146561682E-1,4.959424019E0,8.598309517E0
3.379388193E1,-3.026920557E-1,5.012066364E0,8.433204651E0
3.380384959E1,-2.213360965E-1,4.988137722E0,8.449954033E0
3.381381631E1,-2.979064286E-1,4.937888622E0,8.595915794E0
3.382378386E1,-3.960121572E-1,4.923531532E0,8.466703415E0
3.383376834E1,-3.720839322E-1,4.954638481E0,8.478668213E0
3.384373756E1,-3.002992272E-1,4.933103085E0,8.552845001E0
3.385370297E1,-3.242274821E-1,4.925924301E0,8.495417595E0
3.386367183E1,-3.314059377E-1,4.866104126E0,8.569595337E0
3.387362855E1,-3.433700502E-1,4.858925343E0,8.567202568E0
3.388359615E1,-3.984049559E-1,4.830211639E0,8.483453751E0
3.389354552E1,-3.984049559E-1,4.849354267E0,8.581559181E0
3.390351125E1,-3.744767308E-1,4.873282433E0,8.569595337E0
3.391349933E1,-4.175475538E-1,4.880460739E0,8.504988670E0
3.392346730E1,-4.677968323E-1,4.882853508E0,8.595915794E0
3.393339756E1,-5.611169338E-1,4.880460739E0,8.478668213E0
3.394336178E1,-6.858428121E-1,4.815854549E0,8.689535141E0
3.395335766E1,-6.352944374E-1,4.763212681E0,8.835497856E0
3.396332506E1,-5.228317380E-1,5.000102043E0,8.119744301E0
3.397328928E1,-6.065805554E-1,4.959424019E0,8.387741089E0
3.398325631E1,-7.360920906E-1,4.801497936E0,8.885746956E0
3.399323808E1,-7.241279483E-1,4.988137722E0,8.213064194E0
3.400320662E1,-5.611169338E-1,4.940281391E0,8.500203133E0
3.401316615E1,-5.635097623E-1,4.901996136E0,8.423632622E0
3.402313375E1,-6.161518097E-1,4.933103085E0,8.289634705E0
3.403308349E1,-6.113662124E-1,4.801497936E0,8.931210518E0
3.404304933E1,-6.281159520E-1,4.856532574E0,8.586344719E0
3.405302250E1,-6.065805554E-1,4.882853508E0,8.526524544E0
3.406298907E1,-5.682953596E-1,4.913960457E0,8.292027473E0
3.407297178E1,-4.989035130E-1,4.901996136E0,8.533702850E0
3.408293995E1,-4.869394004E-1,4.880460739E0,8.437990189E0
3.409292146E1,-5.994020700E-1,4.882853508E0,8.595915794E0
3.410289094E1,-5.826523304E-1,4.890032291E0,8.454739571E0
3.411282756E1,-5.515456200E-1,4.916353226E0,8.469096184E0
3.412279370E1,-5.778666735E-1,4.846961498E0,8.670392990E0
3.413276688E1,-6.448656917E-1,4.882853508E0,8.576773643E0
3.414273375E1,-6.667001843E-1,4.899603367E0,8.426025391E0
3.415271891E1,-6.257231236E-1,4.842175961E0,8.560024261E0
3.416268761E1,-6.400800347E-1,4.861318111E0,8.471489906E0
3.417266266E1,-5.300102234E-1,4.882853508E0,8.426025391E0
3.418263198E1,-4.797609448E-1,4.899603367E0,8.548059464E0
3.419260277E1,-5.012963414E-1,4.894817829E0,8.548059464E0
3.420257224E1,-5.300102234E-1,4.901996136E0,8.564809799E0
3.421257480E1,-5.276173949E-1,4.901996136E0,8.548059464E0
3.422254756E1,-5.371887088E-1,4.921138763E0,8.478668213E0
3.423249402E1,-4.989035130E-1,4.897210598E0,8.564809799E0
3.424246417E1,-5.443671346E-1,4.921138763E0,8.497810364E0
3.425237146E1,-5.611169338E-1,4.921138763E0,8.418847084E0
3.426233527E1,-5.060819983E-1,4.925924301E0,8.440382957E0
3.427232157E1,-4.893322289E-1,4.930710316E0,8.500203133E0
3.428228761E1,-4.797609448E-1,4.928317547E0,8.516953468E0
3.429225209E1,-4.414757788E-1,4.906782150E0,8.574380875E0
3.430221797E1,-4.654040039E-1,4.913960457E0,8.528917313E0
3.431218724E1,-4.965106845E-1,4.913960457E0,8.531310081E0
3.432215349E1,-4.295116663E-1,4.890032291E0,8.560024261E0
3.433213365E1,-3.840480447E-1,4.913960457E0,8.574380875E0
3.434210131E1,-4.103690982E-1,4.921138763E0,8.507381439E0
3.435205568E1,-4.079762697E-1,4.913960457E0,8.459525108E0
3.436202198E1,-4.151547253E-1,4.921138763E0,8.418847084E0
3.437199386E1,-4.271188378E-1,4.861318111E0,8.591130257E0
3.438196068E1,-4.797609448E-1,4.909174919E0,8.588737488E0
3.439192579E1,-4.127618968E-1,4.945066929E0,8.555238724E0
3.440189245E1,-4.390829504E-1,4.904388905E0,8.624629974E0
3.441183339E1,-4.941178858E-1,4.885246754E0,8.497810364E0
3.442179740E1,-4.749752879E-1,4.837389946E0,8.493024826E0
3.443177422E1,-4.271188378E-1,4.825426102E0,8.567202568E0
3.444173954E1,-4.247260094E-1,4.849354267E0,8.481060982E0
3.445170402E1,-4.319044948E-1,4.901996136E0,8.454739571E0
3.446166928E1,-3.505485058E-1,4.906782150E0,8.524131775E0
3.447163829E1,-3.912265003E-1,4.880460739E0,8.622237206E0
3.448160386E1,-4.845465720E-1,4.858925343E0,8.557631493E0
3.449156584E1,-4.630111754E-1,4.844568729E0,8.540881157E0
3.450153110E1,-5.012963414E-1,4.820640087E0,8.557631493E0
3.451150891E1,-5.347958803E-1,4.825426102E0,8.536095619E0
3.452147537E1,-5.515456200E-1,4.842175961E0,8.526524544E0
3.453144276E1,-5.467599630E-1,4.875675201E0,8.521739006E0
3.454140933E1,-5.324030519E-1,4.854139805E0,8.485846519E0
3.455139037E1,-4.725824594E-1,4.858925343E0,8.473882675E0
3.456135834E1,-4.821537733E-1,4.832604408E0,8.555238724E0
3.457131214E1,-4.486542344E-1,4.825426102E0,8.612666130E0
3.458127870E1,-4.797609448E-1,4.861318111E0,8.576773643E0
3.459123344E1,-5.252245665E-1,4.863711357E0,8.600702286E0
3.460119881E1,-5.730810165E-1,4.873282433E0,8.574380875E0
3.461118417E1,-5.491527915E-1,4.897210598E0,8.394919395E0
3.462115152E1,-5.730810165E-1,4.854139805E0,8.512166977E0
3.463112079E1,-5.802595019E-1,4.858925343E0,8.562417030E0
3.464108829E1,-5.252245665E-1,4.892425060E0,8.488239288E0
3.465104829E1,-4.486542344E-1,4.890032291E0,8.540881157E0
3.466101506E1,-4.295116663E-1,4.897210598E0,8.533702850E0
3.467098407E1,-4.510470629E-1,4.980959415E0,7.226623535E0
3.468095105E1,-5.419743061E-1,4.827818871E0,1.069561768E1
3.469090391E1,-3.505485058E-1,4.284348965E0,9.512965202E0
3.470086943E1,-7.791628838E-1,5.586642742E0,6.429215431E0
3.471085464E1,-2.931207716E-1,4.751248360E0,8.656036377E0
3.472082214E1,-7.289136052E-1,4.882853508E0,8.933603287E0
3.473078516E1,-8.054839373E-1,4.868496895E0,8.006982803E0
3.475384627E1,-6.305087805E-1,4.880460739E0,8.141280174E0
3.476378570E1,-6.137589812E-1,4.823033333E0,8.761320114E0
3.477379153E1,-6.185446382E-1,4.689034939E0,8.835497856E0
3.478376033E1,-6.352944374E-1,4.808676243E0,8.359026909E0
3.479371695E1,-5.946164131E-1,4.700999260E0,8.555238724E0
3.480368299E1,-5.850451589E-1,4.772783756E0,9.041280746E0
3.481360554E1,-7.073782086E-1,4.782355309E0,8.337491035E0
3.482356757E1,-7.983054519E-1,4.779962540E0,8.809176445E0
3.483353278E1,-9.562317729E-1,4.672285080E0,8.452346802E0
3.484349512E1,-1.097408295E0,4.756033897E0,8.591130257E0
3.485348768E1,-1.032802105E0,4.691427708E0,8.416454315E0
3.486345304E1,-9.921240807E-1,4.813461781E0,8.574380875E0
3.487340674E1,-9.227322340E-1,4.715356350E0,8.495417595E0
3.488337091E1,-9.370891452E-1,4.767998219E0,8.825926781E0
3.489333294E1,-9.777671695E-1,4.736891747E0,8.347063065E0
3.490329690E1,-1.030409217E0,4.791926384E0,8.665607452E0
3.491326257E1,-9.442676306E-1,4.739284515E0,8.514560699E0
3.492322669E1,-8.533403873E-1,4.842175961E0,8.665607452E0
3.493320861E1,-8.724829555E-1,4.801497936E0,8.442775726E0
3.494317455E1,-9.658030272E-1,4.820640087E0,8.660821915E0
3.495314455E1,-1.020837903E0,4.715356350E0,8.409276009E0
3.496311085E1,-9.993025661E-1,4.765605450E0,8.593523026E0
3.497307716E1,-8.413762450E-1,4.744070053E0,8.550452232E0
3.498304346E1,-7.193422914E-1,4.858925343E0,8.562417030E0
3.499305127E1,-6.667001843E-1,4.861318111E0,8.447561264E0
3.500302179E1,-6.616154313E-1,4.787140846E0,8.648857117E0
3.501295101E1,-7.241279483E-1,4.770390987E0,8.569595337E0
3.502291731E1,-7.671987414E-1,4.803890705E0,8.473882675E0
3.503290132E1,-6.690930128E-1,4.782355309E0,8.617451668E0
3.504286945E1,-5.898307562E-1,4.820640087E0,8.756534576E0
3.505283549E1,-6.786643267E-1,4.854139805E0,8.562417030E0
3.506280341E1,-7.193422914E-1,4.820640087E0,8.493024826E0
3.507278856E1,-8.006982803E-1,4.763212681E0,8.378169060E0
3.508275820E1,-8.748757839E-1,4.715356350E0,8.507381439E0
3.509269450E1,-8.270193338E-1,4.739284515E0,8.516953468E0
3.510266075E1,-7.983054519E-1,4.837389946E0,8.514560699E0
3.511265679E1,-7.624131441E-1,4.868496895E0,8.488239288E0
3.512262606E1,-7.121638656E-1,4.844568729E0,8.663214684E0
3.513259049E1,-7.552346587E-1,4.808676243E0,8.536095619E0
3.514255929E1,-8.413762450E-1,4.772783756E0,8.576773643E0
3.515248789E1,-8.509475589E-1,4.787140846E0,8.646464348E0
3.516245262E1,-9.011968374E-1,4.803890705E0,8.485846519E0
3.517244179E1,-8.724829555E-1,4.842175961E0,8.557631493E0
3.518240903E1,-8.581260443E-1,4.875675201E0,8.605487823E0
3.519237341E1,-9.466604590E-1,4.820640087E0,8.521739006E0
3.520234033E1,-1.035194874E0,4.806283474E0,8.469096184E0
3.521229799E1,-1.059123158E0,4.758427143E0,8.502595901E0
3.522226398E1,-1.073480010E0,4.744070053E0,8.497810364E0
3.523223971E1,-9.681958556E-1,4.756033897E0,8.543273926E0
3.524220664E1,-9.921240807E-1,4.791926384E0,8.668000221E0
3.525218398E1,-1.028016448E0,4.806283474E0,8.557631493E0
3.526215195E1,-1.004088163E0,4.820640087E0,8.524131775E0
3.527209549E1,-9.729815125E-1,4.751248360E0,8.581559181E0
3.528206101E1,-1.016052365E0,4.751248360E0,8.531310081E0
3.529204533E1,-9.777671695E-1,4.787140846E0,8.464310646E0
3.530201273E1,-9.011968374E-1,4.834997177E0,8.600702286E0
3.531197841E1,-8.509475589E-1,4.787140846E0,8.660821915E0
3.532194565E1,-8.820542693E-1,4.839782715E0,8.514560699E0
3.533192664E1,-8.653044701E-1,4.803890705E0,8.452346802E0
3.534189528E1,-9.538389444E-1,4.777569294E0,8.555238724E0
3.535182294E1,-9.107680917E-1,4.753641129E0,8.528917313E0
3.536178736E1,-8.222336769E-1,4.777569294E0,8.531310081E0
3.537178304E1,-8.006982803E-1,4.825426102E0,8.519346237E0
3.538175070E1,-7.791628838E-1,4.823033333E0,8.452346802E0
3.539171731E1,-7.504490018E-1,4.806283474E0,8.603095055E0
3.540168481E1,-7.528418303E-1,4.744070053E0,8.607880592E0
3.541164789E1,-7.193422914E-1,4.775176525E0,8.543273926E0
3.542161492E1,-6.810571551E-1,4.806283474E0,8.493024826E0
3.543158268E1,-6.496513486E-1,4.858925343E0,8.593523026E0
3.544154981E1,-6.496513486E-1,4.866104126E0,8.545666695E0
3.545151872E1,-6.738786697E-1,4.887639523E0,8.593523026E0
3.546148601E1,-7.528418303E-1,4.849354267E0,8.531310081E0
3.547144090E1,-8.533403873E-1,4.801497936E0,8.557631493E0
3.548140690E1,-9.370891452E-1,4.806283474E0,8.524131775E0
3.549137783E1,-9.490532875E-1,4.825426102E0,8.500203133E0
3.550134434E1,-9.562317729E-1,4.856532574E0,8.464310646E0
3.551130903E1,-9.562317729E-1,4.868496895E0,8.497810364E0
3.552127533E1,-9.083753228E-1,4.861318111E0,8.497810364E0
3.553124695E1,-9.203394055E-1,4.854139805E0,8.493024826E0
3.554121377E1,-9.011968374E-1,4.784748077E0,8.588737488E0
3.555119382E1,-9.059824944E-1,4.794319153E0,8.632107735E0
3.556116200E1,-8.772686124E-1,4.825426102E0,8.433204651E0
3.557110226E1,-8.916255236E-1,4.803890705E0,8.581559181E0
3.558106762E1,-9.705886841E-1,4.803890705E0,8.564809799E0
3.559105492E1,-1.042373419E0,4.796711922E0,8.445168495E0
3.560102242E1,-1.011266708E0,4.758427143E0,8.612666130E0
3.561098565E1,-9.634101987E-1,4.779962540E0,8.555238724E0
3.562095278E1,-9.346963167E-1,4.784748077E0,8.514560699E0
3.563092085E1,-1.028016448E0,5.064708233E0,6.587440968E0
3.564088804E1,-9.729815125E-1,4.360919476E0,1.210828114E1
3.565085528E1,-7.432705164E-1,4.561916351E0,8.294420242E0
3.566082247E1,-1.051944613E0,5.483751297E0,6.771687984E0
3.567078809E1,-5.659025311E-1,4.588237286E0,9.228219986E0
3.568075507E1,-9.203394055E-1,4.808676243E0,8.560024261E0
3.569071221E1,-8.988040090E-1,4.744070053E0,7.913662910E0
3.570067820E1,-8.341978192E-1,4.806283474E0,9.311968803E0
3.571065945E1,-9.562317729E-1,4.866104126E0,7.925626755E0
3.572062695E1,-8.294121623E-1,4.794319153E0,8.833105087E0
3.573057716E1,-7.839485407E-1,4.691427708E0,8.912068367E0
3.574054294E1,-9.299107194E-1,4.901996136E0,8.042875290E0
3.575051387E1,-9.442676306E-1,4.696213722E0,8.583951950E0
3.576048018E1,-1.078265667E0,4.715356350E0,8.979066849E0
3.577045971E1,-1.097408295E0,4.870889664E0,8.071588516E0
3.578042736E1,-9.299107194E-1,4.811069012E0,8.732605934E0
3.579039664E1,-9.203394055E-1,4.736891747E0,8.708678246E0
3.580036440E1,-1.008873820E0,4.813461781E0,8.169993401E0
3.581031507E1,-1.023230791E0,4.736891747E0,8.658429146E0
3.582028111E1,-1.006481051E0,4.784748077E0,8.598309517E0
3.583026596E1,-1.042373419E0,4.796711922E0,8.574380875E0
3.584023387E1,-8.988040090E-1,4.751248360E0,8.668000221E0
3.585019257E1,-8.461619020E-1,4.803890705E0,8.512166977E0
3.586015955E1,-8.940183520E-1,4.753641129E0,8.442775726E0
3.587011710E1,-9.394819736E-1,4.734498501E0,8.737391472E0
3.588008309E1,-8.868398666E-1,4.763212681E0,8.397312164E0
3.589006585E1,-9.275178909E-1,4.806283474E0,8.569595337E0
3.590003356E1,-8.509475589E-1,4.756033897E0,8.552845001E0
3.590999424E1,-8.796614408E-1,4.854139805E0,8.514560699E0
3.591996122E1,-7.767700553E-1,4.846961498E0,8.490632057E0
3.592992455E1,-7.217351198E-1,4.849354267E0,8.691927910E0
3.593989111E1,-7.863413692E-1,4.803890705E0,8.426025391E0
3.594986570E1,-8.270193338E-1,4.794319153E0,8.595915794E0
3.595983309E1,-9.323035479E-1,4.712963104E0,8.516953468E0
3.596979346E1,-8.916255236E-1,4.775176525E0,8.466703415E0
3.597976018E1,-7.049853802E-1,4.722534657E0,8.610273361E0
3.598971736E1,-6.906284094E-1,4.724927425E0,8.813961983E0
3.599968309E1,-6.882356405E-1,4.729712963E0,8.442775726E0
3.600966424E1,-7.791628838E-1,4.696213722E0,8.653642654E0
3.601963153E1,-7.959126234E-1,4.655535698E0,8.461917877E0
3.602959721E1,-5.850451589E-1,4.760819912E0,8.560024261E0
3.603956429E1,-5.515456200E-1,4.657928467E0,8.703892708E0
3.604952533E1,-6.305087805E-1,4.741677284E0,8.670392990E0
3.605949179E1,-7.480561733E-1,4.753641129E0,8.483453751E0
3.606946528E1,-8.365905881E-1,4.760819912E0,8.588737488E0
3.607943247E1,-1.104586720E0,4.741677284E0,8.471489906E0
3.608940429E1,-1.099801064E0,4.834997177E0,8.581559181E0
3.609937195E1,-1.152443171E0,4.916353226E0,8.457132339E0
3.610932111E1,-1.399203062E0,5.074279308E0,8.234600067E0
3.611928690E1,-1.365703583E0,5.134099960E0,8.306385040E0
3.612925585E1,-1.162014484E0,5.179862976E0,8.629415512E0
3.613922190E1,-1.042373419E0,5.206183910E0,8.385348320E0
3.614920768E1,-9.275178909E-1,5.194219589E0,8.414061546E0
3.615917575E1,-1.032802105E0,5.167599678E0,8.251349449E0
3.616914851E1,-1.142871857E0,5.213362217E0,8.062017441E0
3.617911700E1,-1.035194874E0,5.304289818E0,8.299205780E0
3.618908549E1,-6.930212379E-1,5.404788017E0,8.493024826E0
3.619905398E1,-6.667001843E-1,5.380859852E0,8.390133858E0
3.620902268E1,-7.384848595E-1,5.309075356E0,8.406883240E0
3.621899117E1,-9.490532875E-1,5.172385216E0,8.275278091E0
3.622895382E1,-9.753743410E-1,5.100600719E0,8.136494637E0
3.623892174E1,-8.341978192E-1,5.076672554E0,8.270492554E0
3.624884799E1,3.025425196E0,4.504488468E0,9.096315384E0
3.625881169E1,4.576871395E0,5.014459133E0,1.078923702E1
3.626882330E1,-4.827818871E0,6.250052929E0,2.624926329E0
3.627879184E1,-1.892423630E0,5.122136116E0,1.166530991E1
3.628875039E1,-5.730810165E-1,5.565107346E0,1.206999588E1
3.629871788E1,-5.108676553E-1,5.189434052E0,-7.806584239E-2
3.630868314E1,1.596012712E0,3.211766243E0,1.408116341E1
3.631865044E1,7.698906660E-1,4.803890705E0,1.041326523E1
3.632859856E1,-1.061515927E0,7.313064098E0,2.122134686E0
3.633856393E1,-2.318645239E0,5.349753380E0,1.217527962E1
3.634853539E1,-1.961815476E0,4.844568729E0,9.920044899E0
3.635850132E1,-1.054337502E0,5.684748173E0,3.367000580E0
3.636847554E1,-4.725824594E-1,3.937090635E0,1.133510017E1
3.637844231E1,-1.389631748E0,4.346562386E0,9.211469650E0
3.638841153E1,-2.483749866E0,6.041578293E0,5.433202744E0
3.639837851E1,-2.069492579E0,5.175076962E0,1.060708332E1
3.640833351E1,-2.129312992E0,5.440680504E0,8.576773643E0
3.641829929E1,-2.239681959E0,5.816652775E0,6.237789631E0
3.642827231E1,-1.904387712E0,4.813461781E0,8.933603287E0
3.643823882E1,-1.808674812E0,5.117350101E0,8.481060982E0
3.644821731E1,-2.622533560E0,5.495715618E0,6.798008919E0
3.645818502E1,-2.344966173E0,5.179862976E0,8.854640007E0
3.646813247E1,-2.124527454E0,5.014459133E0,8.581559181E0
3.647809809E1,-2.531606436E0,4.997709274E0,7.731808186E0
3.648808257E1,-1.918744683E0,4.614558697E0,8.682356834E0
3.649805007E1,-1.980958104E0,4.818247318E0,8.641678810E0
3.650801294E1,-1.794317842E0,5.071886539E0,6.941578388E0
3.651797997E1,-1.708176255E0,5.107779026E0,9.034101486E0
3.652795216E1,-1.382453322E0,5.237290382E0,8.382954597E0
3.653791971E1,-7.145566344E-1,5.697011471E0,7.712665558E0
3.654787090E1,-2.715853751E-1,5.524429321E0,8.744570732E0
3.655783679E1,-4.247260094E-1,5.598606586E0,7.870592117E0
3.656782143E1,-6.978068948E-1,5.538786411E0,7.492226601E0
3.657778919E1,-7.313064337E-1,5.498108387E0,8.289634705E0
3.658775226E1,-1.686939895E-1,5.869294643E0,7.798807144E0
3.659771955E1,4.456632212E-2,6.027221203E0,7.920841217E0
3.660767466E1,3.005983531E-1,6.132505417E0,8.426025391E0
3.661764070E1,3.532404304E-1,6.130112648E0,7.834699631E0
3.662762507E1,3.723830283E-1,6.192326069E0,8.177172661E0
3.663759294E1,3.125624657E-1,6.350551128E0,7.662416458E0
3.664753731E1,-1.085743308E-1,6.465406895E0,7.348657608E0
3.665750278E1,-4.199403822E-1,6.182754517E0,7.772486210E0
3.666746523E1,-2.524427772E-1,6.228517532E0,8.268099785E0
3.667743044E1,-6.257231236E-1,6.096612930E0,7.178767204E0
3.668740091E1,-8.868398666E-1,5.831009865E0,8.105088234E0
3.669736664E1,-1.403988719E0,5.572285652E0,8.509774208E0
3.670734549E1,-1.485344648E0,5.811867237E0,7.279265404E0
3.671731252E1,-1.801496387E0,5.608178139E0,7.679165840E0
3.672728914E1,-2.055135489E0,5.419145107E0,7.832306862E0
3.673725710E1,-2.636890650E0,5.500501156E0,7.209873676E0
3.674722007E1,-2.691925526E0,5.402395248E0,8.069195747E0
3.675718752E1,-2.443071842E0,5.328217983E0,8.531310081E0
3.676714455E1,-2.799901485E0,5.306682587E0,7.705487251E0
3.677711096E1,-2.912364244E0,4.928317547E0,8.571988106E0
3.678710570E1,-3.000898600E0,4.681856632E0,9.831509590E0
3.679707497E1,-3.139682293E0,5.035994530E0,7.535297394E0
3.680703841E1,-3.221038342E0,5.189434052E0,6.675975323E0
3.681700710E1,-2.976970434E0,5.007280350E0,7.379764080E0
3.682695148E1,-2.831008196E0,5.150849819E0,6.970292568E0
3.683691768E1,-2.660818815E0,5.213362217E0,7.587939739E0
3.684690356E1,-2.344966173E0,5.218147755E0,8.131709099E0
3.685687174E1,-2.210669041E0,5.148457050E0,8.397312164E0
3.686682492E1,-2.261217356E0,5.364109993E0,9.053244591E0
3.687679158E1,-2.062314034E0,5.648856163E0,7.640881062E0
3.688677226E1,-1.952244163E0,5.502893925E0,7.444370270E0
3.689674033E1,-1.916351795E0,5.187041283E0,8.030911446E0
3.690668789E1,-2.203490496E0,5.728118420E0,6.812366009E0
3.691665387E1,-2.280359983E0,6.331408501E0,5.701498032E0
3.692663679E1,-1.899602056E0,5.462215900E0,8.256134987E0
3.693660450E1,-1.516451359E0,5.014459133E0,1.243400383E1
3.694655830E1,-1.935494423E0,6.597012043E0,6.072684765E0
3.695652455E1,-1.899602056E0,6.656832695E0,4.863411903E0
3.696649960E1,-1.415952802E0,4.456632137E0,9.584750175E0
3.697646674E1,-1.198205948E0,4.571487427E0,7.837092400E0
3.698645111E1,-1.597807288E0,5.301896572E0,6.453143597E0
3.699642002E1,-1.118943691E0,4.844568729E0,9.450752258E0
3.700635731E1,-1.415952802E0,5.179862976E0,1.017368412E1
3.701632299E1,-8.198408484E-1,5.718546867E0,7.363014221E0
3.702628533E1,-2.694318295E0,6.546762943E0,7.556832790E0
3.703625064E1,-2.205883265E0,6.142076492E0,4.791627407E0
3.704624752E1,-2.560320139E0,5.457430363E0,6.927221775E0
3.705621601E1,-2.114956141E0,4.696213722E0,8.871390343E0
3.706616637E1,-2.859722137E0,4.748855591E0,1.328136253E1
3.707613304E1,-1.925923109E0,6.714260101E0,9.623035431E0
3.708608783E1,-1.595414519E0,8.660821915E0,3.838685751E0
3.709605330E1,-1.435095429E0,6.494120598E0,4.331906319E0
3.710601252E1,-1.839781523E0,3.870091438E0,8.418847084E0
3.711597731E1,-2.143670082E0,4.624129772E0,7.638488293E0
3.712597914E1,-2.112563372E0,6.108577251E0,6.367002010E0
3.713594768E1,-1.159621716E0,6.843771935E0,6.987041950E0
3.714591216E1,-7.456633449E-1,6.819843769E0,5.526822090E0
3.715588028E1,-3.314059377E-1,5.787939072E0,8.976674080E0
3.716583007E1,1.019940674E-1,6.101398468E0,1.100698376E1
3.717579637E1,-6.352944374E-1,7.320242882E0,5.921638012E0
3.718577512E1,1.474576890E-1,5.426323414E0,6.771687984E0
3.719574262E1,5.665007830E-1,2.545963287E0,1.224227905E1
3.720569559E1,-3.840480447E-1,3.262015581E0,7.123732090E0
3.721566164E1,-7.986045629E-2,4.375276089E0,4.868197441E0
3.722562346E1,-3.744767308E-1,3.970590115E0,1.411705494E1
3.723558908E1,-5.706881881E-1,4.966602325E0,1.014975548E1
3.724555710E1,-1.195813060E0,6.824629307E0,6.273681641E0
3.725552294E1,-1.382453322E0,6.379265308E0,5.002494812E0
3.726548867E1,-1.708176255E0,5.316253662E0,7.379764080E0
3.727545445E1,-4.941178858E-1,4.368097782E0,1.116491032E1
3.728544846E1,6.287141442E-1,3.865305901E0,1.188096237E1
3.729541710E1,6.239284873E-1,5.138885498E0,1.625264931E1
3.730539278E1,-1.758724600E-1,5.545964718E0,6.197111607E0
3.731536216E1,-4.247260094E-1,3.642773390E0,7.183552742E0
3.732530690E1,6.239284873E-1,1.629213095E0,1.444995689E1
3.733527377E1,1.081256747E0,4.205385685E0,4.801198483E0
3.734526002E1,1.363609791E0,5.512465000E0,9.510572433E0
3.735522882E1,1.174576759E0,5.220541000E0,1.397827148E1
3.736524559E1,6.167500615E-1,5.471786976E0,4.159623146E0
3.737521924E1,1.007079244E0,3.970590115E0,1.047308540E1
3.738517450E1,1.689931005E-1,6.369693756E0,9.093922615E0
3.739514627E1,6.406782866E-1,6.719046116E0,-8.826524615E-1
3.740507174E1,4.851447940E-1,3.965804338E0,1.122712421E1
3.741503887E1,-3.290131092E-1,2.711367130E0,1.563739491E1
3.742496815E1,-1.044766188E0,5.697011471E0,4.514060020E0
3.743493143E1,-1.083051324E0,6.592226505E0,5.433202744E0
3.744493148E1,-1.506880045E0,6.463014126E0,7.015756130E0
3.745489846E1,-2.091027975E0,5.009673119E0,6.151648045E0
3.746486992E1,-1.945065737E0,4.025625229E0,1.243639660E1
3.747483731E1,-1.626521230E0,4.530809879E0,7.961519241E0
3.748480309E1,-2.440679073E0,5.172385216E0,5.768496990E0
3.749477033E1,-2.629712105E0,5.397609711E0,8.004590034E0
3.750473158E1,-1.638485312E0,6.262016773E0,5.141278744E0
3.751469825E1,-1.030409217E0,4.842175961E0,7.853842258E0
3.752465919E1,-1.485344648E0,3.079861879E0,1.134706402E1
3.753462523E1,-1.329811215E0,3.192623615E0,9.747760773E0
3.754459596E1,-5.898307562E-1,5.735296726E0,1.114337540E1
3.755456247E1,-9.897312522E-1,7.289135933E0,4.703093052E0
3.756451476E1,-8.700901270E-1,5.773581982E0,3.910470486E0
3.757447981E1,1.498505175E-1,2.953042269E0,1.335105324E1
3.758444429E1,-3.918246925E-2,4.231706619E0,1.009950638E1
3.759440929E1,4.755735099E-1,5.548357487E0,8.112565994E0
3.760437309E1,-3.936193287E-1,5.031208515E0,1.340608788E1
3.761433799E1,-5.132604837E-1,6.154040813E0,4.942375183E0
3.762430440E1,9.903294444E-1,6.228517532E0,5.909673691E0
3.763426940E1,1.019043326E0,4.118945122E0,9.194720268E0
3.764423992E1,-1.181456149E-1,5.612963676E0,7.348657608E0
3.765420544E1,6.574280262E-1,5.148457050E0,1.223988628E1
3.766418809E1,-3.960121572E-1,4.303491592E0,9.412467003E0
3.767415539E1,-1.758724600E-1,5.718546867E0,6.328716755E0
3.768411882E1,7.579265833E-1,6.257231236E0,5.672784328E0
3.769408570E1,3.005983531E-1,5.701797485E0,8.318348885E0
3.770404007E1,-1.567298770E-1,5.804688454E0,7.121339321E0
3.771400565E1,3.221337497E-1,6.549155712E0,8.122137070E0
3.772399200E1,2.886342406E-1,7.102196693E0,7.636095047E0
3.773395971E1,1.143470168E0,6.238088608E0,6.738188744E0
3.774391481E1,2.251945257E0,4.322634220E0,8.452346802E0
3.775388122E1,2.323729992E0,4.286741734E0,9.788438797E0
3.776385466E1,2.572882652E0,5.083850861E0,3.390928745E0
3.777382179E1,1.797009826E0,5.754439354E0,1.130399323E1
3.778378976E1,3.710071564E0,3.920340776E0,1.262064362E1
3.779375695E1,3.863212109E0,4.502095699E0,6.979863644E0
3.780372408E1,4.001996040E0,3.999304056E0,7.944769382E0
3.781369127E1,2.828914642E0,4.521238327E0,6.498607159E0
3.782364903E1,3.025425196E0,5.050351143E0,6.151648045E0
3.783361528E1,1.093220830E0,5.165206909E0,1.207956696E1
3.784358768E1,1.148255825E0,5.955436230E0,8.181958199E0
3.785355450E1,5.066801906E-1,6.211468697E0,7.638488293E0
3.786353179E1,2.702095032E0,4.418346882E0,6.561119556E0
3.787349966E1,1.567298889E0,4.887639523E0,5.943173409E0
3.788346294E1,2.694916427E-1,4.739284515E0,5.957530022E0
3.789343033E1,-9.634101987E-1,4.710570335E0,1.350419331E1
3.790339387E1,-5.970092416E-1,5.062315464E0,1.041805077E1
3.791336085E1,-4.127618968E-1,5.773581982E0,8.313563347E0
3.792332601E1,-8.150551915E-1,5.689534187E0,4.710271358E0
3.793329283E1,-1.253240854E-1,5.740082264E0,2.605783939E0
3.794326064E1,-5.587241054E-1,1.703390598E0,1.312582874E1
3.795322752E1,-2.438286304E0,3.970590115E0,1.674108505E1
3.796319174E1,-2.624926329E0,7.114161015E0,6.625725746E0
3.797315830E1,-1.652842283E0,4.308277130E0,1.305643654E1
3.798312617E1,-1.945065737E0,1.638784409E0,1.165573788E1
3.799309288E1,-1.925923109E0,3.398406267E0,6.218647003E0
3.800305643E1,-2.423929453E0,2.096112728E0,6.276074886E0
3.801302283E1,-4.291228294E0,3.434298754E0,1.404527092E1
3.802298851E1,-4.197908401E0,3.953840256E0,8.675178528E0
3.803295481E1,-4.738985062E0,5.239683151E0,5.308775902E0
3.804292757E1,-3.666402578E0,3.211766243E0,4.669593334E0
3.805289450E1,-3.675973892E0,2.871686220E0,5.473880768E0
3.806286575E1,-4.432703972E0,1.873281002E0,1.759831238E1
3.807283309E1,-5.409573555E0,4.382454872E0,1.377219009E1
3.808279945E1,-4.748556614E0,5.783153057E0,5.086243629E0
3.809276669E1,-3.601796389E0,7.815557122E-1,1.340848064E1
3.810273590E1,-3.362514019E0,3.337987661E-1,1.673390579E1
3.811270335E1,-1.296311617E0,6.589833736E0,-3.391826153E-1
3.812267080E1,3.532404304E-1,8.730213165E0,-7.989036441E-1
3.813263820E1,-9.514461160E-1,5.612963676E0,7.664809227E0
3.814260247E1,-1.724925995E0,4.578666210E0,6.917650223E0
3.815256960E1,-6.137589812E-1,5.677569866E0,9.328718185E0
3.816253825E1,3.966103494E-1,6.795915604E0,7.386942387E0
3.817250549E1,1.660618901E0,6.273981094E0,5.943173409E0
3.818246835E1,1.576870084E0,3.601796389E0,1.070279694E1
3.819243518E1,3.293122053E-1,2.548356056E0,8.603095055E0
3.820240309E1,-2.333002090E-1,3.767200232E0,1.185942745E1
3.821236997E1,2.527419031E-1,6.170790672E0,1.099501991E1
3.822233752E1,1.377966762E0,6.204289913E0,9.302396774E0
3.823230445E1,2.163410664E0,4.150351048E0,8.442775726E0
3.824226976E1,1.943271041E0,5.553143024E0,8.418847084E0
3.825223653E1,2.960519791E0,6.008078575E0,6.323931217E0
3.826220434E1,2.251945257E0,5.689534187E0,1.026730251E1
3.827217122E1,2.994318485E0,6.731009960E0,3.996911049E0
3.828213830E1,3.417848110E0,6.331408501E0,4.841876507E0
3.829210518E1,3.446561813E0,4.174279213E0,1.256560898E1
3.830207236E1,2.941377163E0,5.421537876E0,7.262516022E0
3.831203924E1,3.094816923E0,5.316253662E0,9.872187614E0
3.832200882E1,2.165803671E0,4.049553394E0,1.187139130E1
3.833197601E1,1.835294962E0,5.759224892E0,4.941178858E-1
3.834193809E1,1.818545222E0,5.926722527E0,4.534398913E-1
3.835190476E1,9.568299651E-1,3.963411570E0,8.332705498E0
3.836187304E1,-7.241279483E-1,3.996911049E0,4.080659866E0
3.837183986E1,-4.127618968E-1,3.482155085E0,3.231536865E1
3.838180549E1,-1.258026481E0,1.052243710E0,2.610958290E1
3.839177216E1,1.730010748E0,8.727820396E0,-1.064387321E1
3.840174408E1,1.184148073E0,2.804687262E0,4.127618968E-1
3.841171127E1,-2.285145521E0,-2.570190668E0,3.187000465E1
3.842166752E1,-2.529213428E0,8.878867149E0,3.563511133E0
3.843163356E1,1.258325577E0,1.194108200E1,-1.107218838E1
3.844160710E1,1.454836130E0,4.286741734E0,1.182114220E1
3.845157393E1,6.000002623E-1,2.747259617E0,1.457199097E1
3.846153966E1,3.364906907E-1,9.687940598E0,-2.522633314E0
3.847150637E1,1.464407444E0,9.642477036E0,-2.046162367E0
3.848147700E1,5.688936114E-1,2.256431818E0,9.876974106E0
3.849144408E1,1.570289880E-1,1.250848055E0,1.745683670E1
3.850141257E1,2.240280211E-1,6.951448917E0,2.562713146E0
3.851137981E1,3.029911816E-1,5.687141418E0,8.595915794E0
3.852133773E1,-4.797609448E-1,1.753639936E0,1.727737617E1
3.853130403E1,-5.108676553E-1,5.864509106E0,-3.195315599E0
3.854126690E1,5.497509837E-1,4.430311203E0,7.932206988E-1
3.855123283E1,-5.395814776E-1,8.605188727E-1,1.534277916E1
3.856123533E1,-1.720140338E0,5.388038158E0,7.327122211E0
3.857120497E1,8.416753411E-1,5.419145107E0,1.075095177E1
3.858116872E1,1.313360572E0,2.294716835E0,2.875754166E1
3.859113773E1,1.203290701E0,4.775176525E0,1.236191988E0
3.860109716E1,3.750749528E-1,2.373680115E0,7.111767769E0
3.861106518E1,-1.937887192E0,-6.981059909E-1,2.533400917E1
3.862103179E1,-4.578666210E0,8.426324844E0,-1.440479279E0
3.863099966E1,-2.490928411E0,1.060738277E1,-1.011236763E1
3.864096867E1,-2.007279158E0,3.348157167E0,1.123460102E1
3.865093664E1,-2.469393015E0,2.143969059E0,1.434676647E1
3.866090382E1,-3.343371391E0,5.574678421E0,5.514857769E0
3.867087169E1,-1.880459547E0,4.406383038E0,2.164696884E1
3.868083247E1,-4.949852943E0,9.396016121E0,4.691128731E0
3.869079966E1,-1.389631748E0,6.321837425E0,-1.014347458E1
3.870076351E1,-5.114658549E-2,-1.497607827E0,2.884368324E1
3.871073033E1,-1.320239902E0,1.751247048E0,3.042623520E1
3.872067716E1,-3.532404423E0,9.491728783E0,-1.334686565E1
3.873064195E1,-1.988136530E0,5.407180786E0,1.145264745E0
3.874061908E1,-2.943470955E0,3.187838078E0,2.217368889E1
3.875058507E1,-4.140480518E0,8.713463783E0,-5.915057659E0
3.876054872E1,-2.620140791E0,9.369695663E0,2.778067112E0
3.877051450E1,7.328019291E-2,2.103291035E0,2.310958290E1
3.878048872E1,2.534597397E0,1.274776220E0,7.207480907E0
3.879045528E1,7.411768436E-1,4.087838173E0,3.561118364E0
3.880041940E1,-1.973779559E0,3.850949049E0,1.616650772E1
3.881038575E1,-2.038385868E0,5.490929604E0,1.305882931E1
3.882034335E1,-1.624128342E0,4.674678326E0,3.233002424E0
3.883030882E1,-3.050848842E-1,2.787638307E-1,1.667408562E1
3.884028997E1,4.707878530E-1,5.805585980E-1,1.393998623E1
3.885025700E1,-7.719843984E-1,6.597012043E0,7.384549618E0
3.886021591E1,2.551347017E-1,7.968996525E0,3.582653761E0
3.887018210E1,1.050150037E0,5.019244671E0,1.047158957E0
3.888015632E1,-4.247260094E-1,1.224527001E0,1.112662506E1
3.889012330E1,-2.874078989E0,2.720938444E0,1.461266899E1
3.890009132E1,-3.898805380E0,9.101400375E0,2.636890650E0
3.891005840E1,-2.591426849E0,1.030558777E1,-4.141078472E0
3.892001570E1,8.344969153E-1,3.407977581E0,7.782057285E0
3.892998174E1,1.570289880E-1,5.623133108E-2,2.062942123E1
3.893995976E1,-4.039981842E0,7.389634609E0,3.771686792E0
3.894992705E1,-2.859722137E0,9.889236450E0,-2.706880569E0
3.895988950E1,-1.301097274E-1,4.035196304E0,1.074616623E1
3.896985627E1,-7.504490018E-1,1.394417405E0,1.117926693E1
3.897982596E1,-2.359323025E0,2.244467735E0,3.989732742E0
3.898979299E1,-5.713462353E0,4.549952030E0,9.434001923E0
3.899976111E1,-4.523631096E0,8.347361565E0,3.051147938E0
3.900972830E1,-2.026421785E0,5.266004562E0,1.772483349E0
3.901969440E1,-1.588235974E0,6.044868231E-1,2.381127739E1
3.902966143E1,-2.847758055E0,2.057827473E0,9.738189697E0
3.903962976E1,-2.943470955E0,6.247660160E0,3.618546009E0
3.904959695E1,-2.134098768E0,6.027221203E0,1.395195103E1
3.905956252E1,-1.487737536E0,5.364109993E0,3.996911049E0
3.906952950E1,-1.384846091E0,2.661117792E0,6.826723099E0
3.907949762E1,-3.350549936E0,3.482155085E0,1.727259064E1
3.908946476E1,-2.234896421E0,6.209075451E0,4.731806755E0
3.909942731E1,-2.663211584E0,6.917949200E0,-1.259222925E-1
3.910939398E1,-4.079762697E-1,3.592225075E0,1.486152267E1
3.911936643E1,-1.267597795E0,5.615356445E0,4.200301170E0
3.912933367E1,-2.031207323E0,8.071887970E0,-5.359623432E0
3.913929664E1,-1.729711652E0,7.236194611E0,7.142874718E0
3.914926341E1,-1.023230791E0,4.992923737E0,1.618564987E1
3.915922981E1,-2.428714931E-1,3.721736431E0,1.408116341E1
3.916919653E1,8.823533654E-1,3.958626032E0,1.363579941E1
3.917916861E1,1.801795483E0,6.779165745E0,7.896913052E0
3.918913585E1,1.631905079E0,1.152203941E1,1.272084355E0
3.919909867E1,2.378764868E0,6.647261143E0,-1.148255825E0
3.920906549E1,1.038185954E0,8.365905881E-1,1.770359802E1
3.921902127E1,1.307079345E-1,2.084148407E0,2.428056908E1
3.922898695E1,-1.286142133E-2,9.685547829E0,-5.618347645E0
3.923897033E1,1.098006487E0,9.213862419E0,-6.786643028E0
3.924893778E1,-1.133599728E-1,5.949155092E-1,2.133799553E1
3.925889882E1,-9.466604590E-1,1.923530340E0,1.904926109E1
3.926886565E1,-9.562317729E-1,6.903592587E0,-1.676561165E1
3.927883512E1,2.558525562E0,1.686640859E0,1.172752285E1
3.928880216E1,3.789034605E0,9.729815125E-1,5.206991577E1
3.929876820E1,7.268198729E-1,1.466800308E1,-1.817588043E1
3.930873512E1,9.960123897E-2,4.583451748E0,-1.066780186E1
3.931870471E1,4.220041752E0,-8.139185905E0,7.448438263E1
3.932867195E1,1.485942841E0,5.263611794E0,-2.189731836E0
3.933863695E1,-5.467599630E-1,2.094796562E1,-4.586233521E1
3.934860393E1,2.096710801E-1,3.032005310E0,1.502692604E1
3.935857346E1,1.627119422E0,-1.287248898E1,7.413503265E1
3.936854070E1,2.352443695E0,2.464607239E0,-8.560921669E0
3.937850783E1,1.703689694E0,1.327926826E1,-2.618435860E1
3.938847507E1,8.225327730E-1,6.891628265E0,1.096391296E1
3.939844242E1,-1.372881979E-1,6.786344051E0,1.458156204E1
3.940840966E1,1.187438220E-1,1.058345413E1,-2.309851456E1
3.941837565E1,1.143470168E0,5.335396290E0,-4.435695171E0
3.942834268E1,-2.790330410E0,-4.567001343E0,4.598855591E1
3.943831064E1,-4.773681164E-1,9.346963167E-1,3.385485077E1
3.944827783E1,-5.946164131E-1,1.135424232E1,-2.204088688E0
3.945824851E1,1.921436548E0,1.018834019E1,-3.583251834E-1
3.946821601E1,3.329313517E0,9.562317729E-1,1.182353497E1
3.947817846E1,2.443371058E0,2.237289190E0,2.430210495E1
3.948814544E1,3.966103554E0,1.365763378E1,-1.031097221E1
3.949810851E1,1.351645708E0,1.275254822E1,-2.609103966E1
3.950807507E1,-1.080658555E0,5.623133108E-2,2.541775894E1
3.951805200E1,1.076471090E0,-5.855237007E0,5.073621368E1
3.952801966E1,9.376873970E-1,1.520190144E1,-1.957418633E1
3.953798169E1,1.401894927E0,1.285065365E1,-2.510938263E1
3.954794872E1,1.241575837E0,1.547857165E0,3.510928726E1
3.955792653E1,3.723830283E-1,-2.838485837E-1,3.199443245E1
3.956789466E1,-8.703892678E-2,1.029123116E1,-1.871695709E1
3.957784617E1,8.045866340E-2,8.500502586E0,4.127618968E-1
3.958781257E1,-1.301097274E-1,-2.043470621E0,3.690270996E1
3.959778507E1,-2.500499785E-1,2.766402006E0,1.694447517E1
3.960775210E1,2.960519791E0,8.414361000E0,-1.452233982E1
3.961770169E1,-5.515456200E-1,6.043971062E0,1.412184143E1
3.962766695E1,-4.821537733E-1,5.088636398E0,1.196949673E1
3.963763273E1,-6.592226624E-1,8.174779892E0,-1.668664742E1
3.964759804E1,-4.989035130E-1,-4.895116806E0,1.020508957E1
3.965758997E1,-3.486940861E0,-4.282255173E0,7.350033569E1
3.966755794E1,-3.630510092E0,1.949851394E0,8.943174779E-2
3.967752273E1,-1.715354681E0,1.704527283E1,-7.713263988E0
3.968749039E1,2.108375788E0,4.155136585E0,2.301865387E1
3.969743804E1,9.568299651E-1,9.537193298E0,-6.190531254E0
3.970740367E1,-2.014457464E0,7.818248749E0,-3.226811218E1
3.971737262E1,-6.087041855E0,7.051947594E0,-4.406980991E0
3.972733861E1,-5.785246849E0,2.859722137E0,1.665494347E1
3.973729981E1,-3.472583771E0,5.542375445E-1,1.283868980E1
3.974726523E1,-2.574677229E0,9.299107194E-1,3.129303551E1
3.975723752E1,-7.839485407E-1,8.388039589E0,2.074666977E1
3.976720367E1,9.002995491E-2,9.376873970E0,-6.729215622E0
3.977719945E1,-2.888436079E0,1.272383451E0,9.841081619E0
3.978716861E1,-5.074279308E0,-2.005185366E0,1.537867069E1
3.979713294E1,-4.147658825E0,8.909974098E0,-6.147460461E0
3.980710158E1,1.373181105E0,1.029601669E1,-1.540588951E1
3.981706664E1,-3.816552162E-1,5.404788017E0,2.718246460E0
3.982703492E1,-2.785544634E0,3.398406267E0,7.968697548E0
3.983701429E1,-1.875673890E0,5.024030209E0,-1.196291637E1
3.984698367E1,-2.819044113E0,2.028814554E0,1.565414524E1
3.985693773E1,-2.761616468E0,-2.285444736E0,4.086252975E1
3.986690554E1,-6.357430458E0,4.236492634E0,5.152165985E1
3.987684351E1,-6.644868374E0,6.872485638E0,1.701177216E1
3.988680830E1,3.233600616E0,1.085384369E1,-6.523432732E0
3.989679137E1,7.526324749E0,6.848557472E0,-7.263113976E0
3.990675799E1,1.105184913E0,7.537391037E-2,-1.799163437E1
3.991672960E1,8.129615188E-1,5.210969448E0,-1.325354576E1
3.992669674E1,-2.763710022E-1,4.418346882E0,9.821938515E0
3.993664497E1,-5.876473427E0,6.297909260E0,3.915555191E1
3.994661018E1,-3.530011654E0,9.731011391E0,1.687747574E1
3.995660346E1,-7.193422914E-1,8.677571297E0,1.598704624E1
3.996657148E1,3.779463291E0,-1.064207911E0,2.321516609E1
3.997652976E1,1.663011789E0,-2.429013968E0,1.467248917E1
3.998649679E1,5.545366406E-1,3.039183855E0,-3.537788391E0
3.999645231E1,3.521038532E0,1.214447212E1,-1.015783119E1
4.000641815E1,2.376372099E0,5.948257923E0,-4.672584534E0
4.001638731E1,-7.049853802E-1,2.807080030E0,3.205694580E1
4.002635351E1,-1.238883972E0,9.913165092E0,6.936792850E0
4.003635799E1,2.295016050E0,1.116042423E1,-1.841546249E1
4.004632799E1,1.363609791E0,4.188635826E0,3.494657516E1
4.005627882E1,4.373182297E0,2.148754835E0,3.271048355E1
4.006624690E1,3.123530865E0,4.545166492E0,-1.511127281E1
4.007619205E1,3.180958509E0,-2.232802629E0,1.673869133E1
4.008615783E1,-1.028016448E0,2.594118834E0,1.933161354E1
4.009613627E1,1.485942841E0,1.458664703E1,-2.726681137E1
4.010610330E1,7.339983582E-1,2.725723982E0,-1.764198303E1
4.011605257E1,-3.393620729E0,-2.357229471E0,5.586223984E1
4.012601783E1,-5.467599630E-1,8.476573944E0,1.713859177E1
4.013601851E1,-1.394417405E0,1.936301994E1,-2.364677048E1
4.014598731E1,-8.198408484E-1,4.957031250E0,1.164616680E1
4.015592393E1,-6.858428121E-1,-1.061815023E0,3.487000656E1
4.016588950E1,-1.585843205E0,8.531609535E0,-1.475444317E1
4.017586809E1,-1.638485312E0,6.709474564E0,-1.480499172E1
4.018583497E1,-9.777671695E-1,-5.745167255E0,3.296173096E1
4.019579314E1,9.903294444E-1,-5.697011471E0,3.011995506E1
4.020575914E1,-6.305087805E-1,5.811867237E0,-8.484051704E0
4.021570502E1,-4.738985062E0,1.320748329E1,6.723831654E0
4.022566893E1,-6.726224422E0,1.753370667E1,8.813961983E0
4.023564247E1,-4.703093052E0,2.093121529E1,-1.499881077E1
4.024560736E1,4.270291328E0,9.699904442E0,2.548356056E0
4.025559773E1,3.968496323E0,-1.768295884E0,3.728825378E1
4.026556523E1,1.533799291E0,-3.233600616E0,8.282456398E0
4.027554575E1,-2.004886389E0,-3.846462488E0,3.680759430E0
4.028551450E1,-5.038387299E0,8.294121623E-1,1.317847061E1
4.029545507E1,-5.373681545E0,4.207778454E0,-1.744577026E1
4.030542096E1,-4.655236244E0,5.811867237E0,-1.764437485E1
4.031539840E1,-1.130907774E0,6.975377083E0,4.063521194E1
4.032536544E1,1.255932808E0,-1.840080619E0,5.263731384E1
4.033535377E1,1.618146300E-1,1.085862923E1,1.960947990E1
4.034532294E1,-3.791128397E0,1.005434132E1,-1.693819237E1
4.035530580E1,-2.890828848E0,-1.492822170E0,-2.074876308E0
4.036527637E1,1.522433460E-1,-9.906285286E0,2.590858650E1
4.037521710E1,4.947160780E-1,3.855734587E0,1.655444527E1
4.038518466E1,-2.191526413E0,1.419153214E1,-1.028465080E1
4.039522278E1,3.597608805E0,3.185445070E0,1.507478237E1
4.040519752E1,9.329017401E-1,-7.986045361E0,4.103032684E1
4.041508294E1,-3.872484446E0,9.537193298E0,1.236939716E1
4.042504861E1,-3.132503986E0,1.242443275E1,-2.244706917E1
4.043501971E1,-2.026421785E0,2.476571321E0,-3.226422310E0
4.044498596E1,-2.627319336E0,-2.809772015E0,2.974637413E1
4.045494403E1,-6.247360706E0,7.018447876E0,4.079762697E-1
4.046490940E1,-3.793521166E0,9.015258789E0,-9.513564110E0
4.047488528E1,-3.154039383E0,5.119743347E0,2.512074852E1
4.048485169E1,-2.172383785E0,6.465406895E0,1.370519066E1
4.049480591E1,-3.616153240E0,9.386445045E0,-1.210170078E1
4.050477106E1,-1.118943691E0,4.758427143E0,3.893720627E0
4.051473268E1,-2.667997181E-1,2.845365286E0,4.221836567E0
4.052469752E1,-1.267597795E0,7.334599495E0,-5.553741455E0
4.053466908E1,-1.767996788E0,3.975375652E0,9.307182312E0
4.054463455E1,-2.433500528E0,5.982056726E-3,2.450549507E1
4.055460372E1,-1.849352837E0,6.501298904E0,1.402134228E1
4.056456955E1,-1.147657514E0,6.628118515E0,3.625724554E0
4.057454117E1,-2.859423161E-1,1.212562919E0,1.863261032E1
4.058450757E1,4.731806815E-1,1.662712693E0,5.138885498E0
4.059446507E1,-5.419743061E-1,5.301896572E0,-7.770691395E0
4.060443054E1,2.096710801E-1,4.968995094E0,5.504987717E0
4.061440044E1,-1.133599728E-1,5.081458092E0,9.801599979E-1
4.062436637E1,2.697309256E0,3.120838881E0,-6.130710602E0
4.063434992E1,2.137089729E0,1.442273855E0,6.378965855E0
4.064431762E1,-1.779960990E0,1.483071518E1,-9.468100548E0
4.065428716E1,2.249552488E0,3.302693367E0,-4.964060211E1
4.066425502E1,-2.047957182E0,-3.226422310E0,4.106382751E1
4.067420596E1,6.837490797E-1,-1.016471100E1,7.853303528E1
4.068417216E1,5.784648657E-1,1.275733376E1,-7.674978733E0
4.069415059E1,-1.911566138E0,2.373949242E1,-7.836853027E1
4.070411799E1,3.705285788E0,-2.024327993E0,-1.407458305E1
4.071407570E1,5.031507969E0,-1.392592907E1,7.853303528E1
4.072404210E1,-7.624131441E-1,7.652844906E0,-1.555334687E0
4.073400674E1,7.196413875E-1,1.985624123E1,-4.592933273E1
4.074397299E1,-5.443671346E-1,6.230910301E0,2.853022194E1
4.075397070E1,1.706082582E0,-1.098604679E1,7.695526886E1
4.076394007E1,2.666202545E0,6.783951283E0,-3.576073408E0
4.077388554E1,2.946162939E0,1.020508957E1,-2.248535347E1
4.078385247E1,-1.334596872E0,4.722534657E0,2.048794556E1
4.079380585E1,-1.734796464E-1,6.467799664E0,8.854640007E0
4.080377143E1,-1.408774376E0,1.047099209E1,-1.831945038E1
4.081375367E1,-6.834499836E-1,3.733700514E0,2.797209740E0
4.082372090E1,1.145862937E0,-2.053041935E0,2.720848656E1
4.083366799E1,1.914258122E0,3.685844183E0,3.809971809E0
4.084363320E1,-3.027219772E0,6.503692150E0,-1.106261730E1
4.085360846E1,-3.266801119E0,-8.919246197E-1,1.257278728E1
4.086357471E1,-8.724829555E-1,-2.283051968E0,1.837627983E1
4.087356085E1,-5.324030519E-1,6.568298340E0,-1.938485503E0
4.088352908E1,-1.368096352E0,5.996114254E0,8.617451668E0
4.089348960E1,-3.565903902E0,3.913162231E0,2.412234497E1
4.090345700E1,-2.725425005E0,8.512466431E0,5.325525761E0
4.091342632E1,-2.035992861E0,8.270492554E0,9.213862419E0
4.092339393E1,-1.760818362E0,3.407977581E0,1.835235214E1
4.093333361E1,-2.988934517E0,3.379263878E0,1.316172123E1
4.094329841E1,-1.866102576E0,6.260222197E-1,1.482084465E1
4.095331143E1,-1.535593987E0,-3.729214191E0,2.275783730E1
4.096328111E1,-1.604985833E0,-3.017947674E0,1.222792149E1
4.097321424E1,-3.098705411E-1,-1.885544300E0,5.447559834E0
4.098318018E1,-3.125325441E0,-2.098505497E0,6.041877270E-1
4.099314695E1,-2.239681959E0,3.477369547E0,6.623332977E0
4.100311299E1,-2.514856577E0,1.190728378E1,-1.253749371E1
4.101311533E1,-2.845365286E0,3.076422119E1,-2.610061073E1
4.102308502E1,-1.674377680E0,1.169192982E1,-2.152044868E1
4.103302414E1,-4.590630054E0,8.321041107E0,5.518477249E1
4.104299070E1,-2.486142635E0,1.073779106E0,2.919572639E1
4.105297976E1,-2.771187782E0,1.119392300E1,-7.986045361E0
4.106294861E1,1.828116536E0,3.369692564E0,1.257518005E1
4.107291564E1,2.426621199E0,3.113660574E0,1.714577103E1
4.108288434E1,2.967698336E0,6.216553211E0,-1.402433395E1
4.109282309E1,1.452443361E0,2.653939486E0,1.122233772E1
4.110278872E1,2.955734253E0,-3.029911757E0,4.179872513E1
4.111278627E1,5.132305622E0,6.877271175E0,8.006982803E0
4.112275512E1,8.350053787E0,7.985746384E0,-5.718846321E0
4.113267924E1,3.109174013E0,8.772686124E-1,2.082324028E1
4.114264356E1,8.823533654E-1,2.807080030E0,1.496949863E1
4.115260835E1,1.878365755E0,7.413562775E0,-1.101476097E1
4.116257273E1,3.717249870E0,2.505285263E0,5.665606022E0
4.117256179E1,3.073281527E0,2.043171406E0,2.870250511E1
4.118252867E1,1.682154298E0,6.496513367E0,4.410869598E0
4.119249507E1,2.525026083E0,6.070291996E0,1.901994944E0
4.120246190E1,1.835294962E0,1.076770201E-2,2.046401787E1
4.121244695E1,2.105983019E0,3.216551781E0,9.527322769E0
4.122241559E1,8.033902049E-1,5.392824173E0,-1.603191137E0
4.123237262E1,1.196112275E0,3.137588739E0,1.615215111E1
4.124234007E1,-1.432702541E0,4.813461781E0,6.077470303E0
4.125229903E1,-2.193919182E0,6.300302029E0,-3.133102179E0
4.126226559E1,-1.576271892E0,2.493321180E0,1.201974678E1
4.127224632E1,-3.530011654E0,6.675975323E0,1.653290939E1
4.128221434E1,-1.708176255E0,7.240980625E0,2.612962246E0
4.129216700E1,-1.140479088E0,2.907578707E0,2.195325089E1
4.130213341E1,-1.739282966E0,1.562214136E0,1.952064705E1
4.131210278E1,-1.789532185E0,5.648856163E0,-5.086842060E0
4.132206950E1,-1.274776220E0,-1.211366430E-1,3.975375652E0
4.133210481E1,-3.216252804E0,1.806282043E0,1.329811192E1
4.134207846E1,-2.708675146E0,6.920341969E0,-8.043772697E0
4.135196716E1,-4.138087749E0,6.687939167E0,-1.617548108E0
4.136193221E1,-5.272883892E0,2.445464849E0,2.375863457E1
4.137190512E1,-4.001696587E0,7.004090786E0,1.328136253E1
4.138187096E1,-3.053540707E0,8.924330711E0,5.228317380E-1
4.139185247E1,-3.357728481E0,4.875675201E0,1.701895142E1
4.140181986E1,-3.034398317E0,7.530810833E0,3.951447487E0
4.141177059E1,-1.803889155E0,6.192326069E0,-9.556634903E0
4.142173632E1,-1.269990563E0,2.481357098E0,1.292483139E1
4.143171070E1,1.299003601E0,4.827818871E0,1.526142311E1
4.144167726E1,-1.114158034E0,7.741379261E0,-1.630588913E1
4.145164398E1,-3.520440340E0,4.236492634E0,2.965006351E0
4.146161054E1,-2.627319336E0,-2.591726065E0,5.119354248E1
4.147157210E1,1.952842355E0,2.112862349E0,3.200400162E1
4.148153814E1,1.181755304E0,9.793225288E0,1.832303882E0
4.149150127E1,3.750749528E-1,3.922733545E0,2.061985016E1
4.150146705E1,-4.821537733E-1,2.009671926E0,1.372433376E1
4.151143127E1,1.421336651E0,7.018447876E0,-6.159424782E0
4.152139684E1,5.473581553E-1,8.665607452E0,4.291228294E0
4.153136882E1,-2.718246460E0,9.819545746E0,4.425226212E0
4.154133507E1,-3.843770504E0,7.059125900E0,-1.349551916E0
4.155130700E1,-1.075872898E0,2.052742720E0,1.031515884E1
4.156127382E1,-2.883351147E-1,5.761617661E0,4.844269276E0
4.157122846E1,-1.492523074E0,6.894021034E0,-5.244768143E0
4.158119398E1,-2.600998163E0,6.163611889E0,3.696911037E-1
4.159117877E1,-2.198704958E0,3.872484446E0,2.730210543E0
4.160114622E1,-2.807080030E0,8.006982803E-1,1.517049599E1
4.161111012E1,-1.849352837E0,1.906780601E0,3.260998535E1
4.162107726E1,-5.850451589E-1,4.971388340E0,1.167488098E1
4.163103705E1,-2.529213428E0,5.778367519E0,-1.979163408E0
4.164100341E1,-5.519643784E0,7.552346587E-1,6.568298340E-1
4.165097617E1,-5.857031822E0,9.921240807E-1,-3.712464333E0
4.166094315E1,-4.753342152E0,2.091326952E0,-1.001396275E1
4.167091174E1,-4.475774765E0,7.456633449E-1,5.672784328E0
4.168087893E1,-5.081458092E0,-2.100898266E0,4.152593994E1
4.169083190E1,-4.514060020E0,2.007279158E0,4.213162613E1
4.170079762E1,-2.201097727E0,7.358527660E0,8.804390907E0
4.171077018E1,-1.882852316E0,6.472585201E0,1.193121195E0
4.172073658E1,-3.862913132E0,2.833401203E0,-6.578467846E0
4.173071231E1,-3.481557071E-1,4.162314892E0,-1.312403393E1
4.174067966E1,-1.688734531E0,5.009673119E0,2.603390932E0
4.175063762E1,-3.692723513E0,8.581260443E-1,3.476950836E1
4.176060398E1,-1.456630826E0,-7.292127013E-1,4.213162613E1
4.177058637E1,3.699901998E-1,4.226921082E0,4.892126083E0
4.178055434E1,3.171387196E0,7.942675591E0,-5.888736725E0
4.179051789E1,1.824527234E-2,1.345633698E1,5.353940651E-2
4.180048538E1,-1.966601133E0,1.172542953E1,5.635097623E-1
4.181043752E1,-2.773580551E0,1.839781523E0,3.700559998E1
4.182040346E1,2.335993052E-1,-9.948160052E-1,3.681178284E1
4.183037314E1,4.031008720E0,-3.427419424E0,1.033908749E1
4.184033945E1,7.706085205E0,-4.866403103E0,2.125185394E1
4.185031773E1,6.291029930E0,2.795115948E0,-1.109970570E0
4.186028523E1,2.893520832E0,5.996114254E0,-9.887143135E0
4.187024335E1,1.753939033E0,6.850950241E0,1.636989784E1
4.188020986E1,2.184946060E0,4.988137722E0,9.759725571E0
4.189018596E1,5.688936114E-1,5.821438313E0,-2.605275345E1
4.190015346E1,-1.968993902E0,-6.741777658E-1,1.384188080E1
4.191010684E1,-2.165504545E-1,-8.366803169E0,6.499863434E1
4.192007288E1,-2.141576260E-1,1.746670723E1,4.322334766E0
4.193004273E1,-1.071087241E0,1.278844070E1,-2.256431770E1
4.194000914E1,-3.199502945E0,7.815855980E0,1.461266899E1
4.194998820E1,-6.446264267E0,2.792723179E0,-1.047607708E1
4.195995590E1,-3.094218731E0,-1.059422255E0,-3.117638588E1
4.196991976E1,-2.287538528E0,-4.801796913E0,1.150259781E1
4.197988705E1,-4.796412945E0,-1.028195858E1,5.175854874E1
4.198984455E1,-1.014287567E1,-2.862414122E-1,5.354239941E0
4.199981085E1,-4.152444363E0,3.417548895E0,-6.884748936E0
4.200979174E1,-5.162814140E0,5.629713535E0,5.888138294E0
4.201975950E1,6.239284873E-1,7.075875759E0,-1.511366558E1
4.202972539E1,-2.490928411E0,1.816571045E1,-2.524128723E1
4.203969294E1,-2.859423161E-1,6.484549522E0,1.002532864E1
4.204964408E1,-5.306383133E0,-2.879163742E0,4.325445557E1
4.205960997E1,-1.034626579E1,2.811865807E0,1.861346817E1
4.206959023E1,-2.155634165E0,-1.032742214E1,4.098725891E1
4.207955757E1,2.620738983E0,-4.797011375E0,4.897420120E1
4.208952408E1,3.085245609E0,5.634499073E0,-1.428544998E1
4.209949132E1,9.314959526E0,4.621737003E0,-1.578395557E1
4.210944820E1,1.813759565E0,1.377667665E0,1.513460350E1
4.211941440E1,1.720439434E0,-3.348456144E0,3.467618942E1
4.212939012E1,3.664607763E0,-3.544667721E0,2.893730164E1
4.213935726E1,7.294220924E0,9.562317729E-1,2.058365822E1
4.214934591E1,5.139483929E0,3.570689678E0,9.972686768E0
4.215931518E1,6.360421658E0,1.183549881E1,-7.476075172E0
4.216927382E1,9.568299651E-1,1.768714714E1,-1.896850395E1
4.217924205E1,-1.372881979E-1,1.315005589E1,-7.828119278E0
4.218921356E1,2.318944216E0,7.049554825E0,6.577869415E0
4.219918210E1,5.161019325E0,3.122633696E-1,1.800778580E1
4.220914747E1,2.809772015E0,-4.109673023E0,2.762513733E1
4.221911570E1,3.628715515E0,-3.891926050E0,1.964776611E1
4.222907403E1,5.318945408E0,-3.659523249E0,9.857831001E0
4.223904122E1,4.588237405E-1,-1.768295884E0,1.126092243E1
4.224901424E1,-3.539582968E0,-7.172485590E-1,1.876660919E1
4.225898200E1,-8.490931511E0,1.818246126E0,1.540050602E1
4.226895012E1,-1.062413216E1,-6.167500615E-1,4.504488468E0
4.227891794E1,-8.950352669E0,-1.354038477E0,1.674587059E1
4.228887877E1,-5.924329758E0,-2.659024239E0,1.133270741E1
4.229884580E1,-4.825426102E0,5.374878049E-1,-6.250351906E0
4.230879794E1,-2.725425005E0,-1.291825175E0,-8.070093155E0
4.231876346E1,-4.406383038E0,3.553939819E0,-5.244768143E0
4.232873091E1,1.327717423E0,2.583919525E1,-1.455823231E1
4.233869664E1,2.458027124E0,2.116332054E1,-2.626362228E1
4.234865690E1,-6.077470303E0,7.217051983E0,4.671896362E1
4.235862205E1,-9.553942680E0,-1.748854256E1,7.853303528E1
4.236859950E1,-1.395434380E1,-1.758904076E1,2.961476898E1
4.237856590E1,-1.055713367E1,-1.676800346E1,-1.196112275E0
4.238853341E1,-2.644068897E-1,-1.579352665E1,2.011227226E1
4.239849992E1,9.298210144E0,-6.470491409E0,-6.415456772E0
4.240845820E1,1.516391563E1,8.893224716E0,-1.795813370E1
4.241842387E1,-1.808674812E0,1.920479393E1,-5.321338654E0
4.242840184E1,-1.301575851E1,2.387109756E1,-1.172363472E1
4.243836872E1,-1.187378407E1,4.641986084E1,5.523980713E1
4.244835210E1,-4.162015915E0,-2.862414122E0,6.789334869E1
4.245832070E1,1.455823231E1,-1.667468452E1,9.692726135E0
4.246825815E1,1.100279713E1,-2.456591415E1,-7.969295979E0
4.247822356E1,1.763510346E0,-2.161376953E1,-1.302114296E1
4.248820684E1,-4.964209557E0,-9.769596100E0,-1.906660843E1
4.249817403E1,-1.986790466E1,5.175076962E0,8.009375572E0
4.250814372E1,8.579764366E0,1.524736500E1,3.473361588E1
4.251811117E1,1.804636955E1,1.812981987E1,5.104518890E1
4.252805684E1,3.607180119E0,1.085623646E1,3.034248734E1
4.253802210E1,-5.153242588E0,5.805585980E-1,-2.201127625E1
4.254802231E1,-9.426823616E0,4.260420799E0,-3.870390701E1
4.255799106E1,1.128514957E1,9.024829865E0,-3.175574684E1
4.256794518E1,8.560622215E0,1.165125179E1,-8.819346428E0
4.257791247E1,7.511967659E0,1.199372482E1,7.137191772E1
4.258786398E1,-4.630111754E-1,-7.052844763E-1,6.067001724E1
4.259782960E1,-9.742975235E0,2.002493382E0,-3.341576815E0
4.260781252E1,-1.611865234E1,-7.267600536E0,5.337490082E0
4.261777992E1,-1.051376343E1,-9.135198593E0,1.362144184E1
4.262772611E1,-6.550352275E-2,-1.232004523E0,1.144756222E1
4.263769137E1,4.200899124E0,-2.766701221E0,2.164696884E1
4.264765778E1,3.364906907E-1,-6.147161484E0,9.307182312E0
4.265762314E1,-7.336992621E-1,-6.920641422E0,1.127767181E1
4.266761976E1,7.435696125E-1,-5.589334488E0,2.163500595E1
4.267758825E1,1.179362416E0,-1.978864312E0,9.608678818E0
4.268754153E1,-1.018445134E0,6.879664421E0,2.401795685E-1
4.269750846E1,4.521537304E0,1.930319977E1,3.996911049E0
4.270747658E1,-9.873384237E-1,1.613809395E1,1.794766617E1
4.271744361E1,-7.808378696E0,1.894816399E0,3.541347504E1
4.272742481E1,-1.275972652E1,-8.651549339E0,1.039980531E0
4.273739325E1,-1.359512138E1,-1.156301594E1,-6.908677101E0
4.274736356E1,-1.244118214E1,-4.691427708E0,5.828317642E0
4.275733221E1,-3.754936934E0,1.590927958E0,-1.281296730E1
4.276728778E1,6.415456772E0,5.955436230E0,9.611071587E0
4.277725507E1,1.057896805E1,-3.549453259E0,7.297122192E1
4.278721106E1,-3.625126183E-1,-1.128754234E1,2.590858650E1
4.279717726E1,-6.501298904E0,-1.142393398E1,-2.291396904E1
4.280715611E1,4.054936886E0,-7.516753197E0,-3.389373398E1
4.281712351E1,1.855155373E1,8.794819832E0,-1.351436329E1
4.282707674E1,2.026361847E1,1.306630707E1,2.607369041E1
4.283704273E1,1.539601898E1,8.888439178E0,7.853303528E1
4.284702398E1,-1.995314956E0,-1.196740341E1,4.181786728E1
4.285699148E1,-1.772034645E1,-1.718704605E1,-1.379222965E1
4.286696867E1,-2.325345039E1,-1.969113541E1,1.936750603E1
4.287693710E1,-4.868496895E0,-1.185733318E1,2.803460884E1
4.288687544E1,-1.764706708E-2,5.785545826E0,-1.576002693E1
4.289684085E1,1.871217155E1,2.107717896E1,6.139683723E0
4.290685242E1,2.012214279E1,1.193629646E1,5.703322601E1
4.291682252E1,4.593621254E0,5.656034470E0,3.175574780E0
4.292676856E1,-1.026969528E1,8.006982803E-1,-3.166721344E1
4.293673622E1,2.151446581E0,1.150349498E0,1.564307809E-1
4.294670070E1,1.419422436E1,6.082255840E0,4.770301437E1
4.295666799E1,2.085255241E1,5.943472385E0,2.169004059E1
4.296661585E1,1.051436138E1,3.005684376E0,-9.377172470E0
4.297658122E1,2.924627542E0,-4.931009293E0,2.754856682E1
4.298654872E1,3.427419424E0,-4.878366947E0,2.428056908E1
4.299651429E1,1.232004523E0,6.489335060E0,-6.263213158E-1
4.300649216E1,2.163410664E0,7.200302601E0,-2.321636200E0
4.301645893E1,-2.787638307E-1,3.101696253E0,-9.899106979E0
4.302644148E1,7.322934628E0,9.278469086E0,-2.315115738E1
4.303640986E1,4.468895435E0,1.425374508E1,-1.066540909E1
4.304634825E1,-1.164407349E1,2.778366089E0,1.923111534E1
4.305631361E1,-6.137589812E-1,7.648059130E-1,5.754319763E1
4.306628387E1,-8.522037506E0,1.256231815E-1,3.077588654E1
4.307624971E1,-1.126331520E1,-1.011446095E1,-1.033250713E1
4.308624658E1,-6.888936520E0,-1.354547024E1,-7.911868095E0
4.309621554E1,1.466800332E0,-6.844070911E0,3.592225075E0
4.310616533E1,-1.178764224E0,-8.703892231E-1,-4.418945312E0
4.311613236E1,-1.212562919E0,6.592226505E0,9.757332802E0
4.312608867E1,-2.548356056E0,7.502097130E0,1.513938904E1
4.313605460E1,1.259222925E-1,9.295218468E0,2.790539742E1
4.314602799E1,-5.294419289E0,2.744866610E0,8.323134422E0
4.315599466E1,-2.141277075E0,-1.307079345E-1,8.873783112E0
4.316597637E1,-4.674378872E0,-6.432206154E0,4.805984497E0
4.317594455E1,5.019543648E0,-2.256730795E0,5.971887112E0
4.318590627E1,5.120341301E0,1.746461391E0,1.971955109E1
4.319587377E1,3.501895905E0,2.677867651E0,2.343291283E1
4.320583460E1,2.409871578E0,1.794317842E0,3.812364578E0
4.321580143E1,4.564907551E0,1.705783486E0,1.250339603E1
4.322576830E1,7.363612652E0,-2.838485837E-1,7.520940781E0
4.323573512E1,5.960521221E0,6.690331936E0,-4.682155609E0
4.324568809E1,1.447657704E0,7.545167923E0,-8.572885513E0
4.325565351E1,-1.051944613E0,1.281476212E1,2.790031195E0
4.326563924E1,-2.514856577E0,1.149093246E1,2.585355186E1
4.327560669E1,1.074078321E0,6.096612930E0,4.103989792E1
4.328557372E1,9.472586513E-1,-2.575275302E-1,1.726062584E1
4.329554111E1,3.283849955E0,-6.159125328E0,2.351845503E0
4.330551190E1,1.763510346E0,-8.637192726E0,7.643273830E0
4.331547966E1,-1.011266708E0,-2.017149448E0,1.410269833E1
4.332542231E1,-4.834997177E0,1.006481051E0,9.982257843E0
4.333538752E1,-4.214657784E0,2.344966173E0,9.154042244E0
4.334537997E1,-1.657627940E0,1.004088163E0,5.914459229E0
4.335534789E1,3.985246181E0,1.619641781E0,1.125135136E1
4.336532752E1,5.697310925E0,5.709872842E-1,7.703094482E0
4.337529664E1,4.284647942E0,2.694617510E0,2.656033039E0
4.338525049E1,4.731806815E-1,2.663510799E0,9.376574516E0
4.339521804E1,2.220838547E0,3.496512175E0,2.178335953E1
4.340524814E1,2.338086843E0,5.605785370E0,1.169641590E1
4.341522205E1,-7.456633449E-1,2.376072884E0,3.802793503E0
4.342515804E1,-1.643270969E0,2.663510799E0,2.592294312E1
4.343512809E1,8.285148442E-2,3.580260992E0,3.604189157E0
4.344504387E1,1.351645708E0,4.514060020E0,-1.158933735E1
4.345500840E1,4.509573460E0,4.736891747E0,1.164616680E1
4.346498445E1,9.319745064E0,5.898008823E0,1.977937126E1
4.347495012E1,6.207281113E0,9.673583984E0,-3.348755360E0
4.348490877E1,1.936092615E0,4.473381996E0,1.503649712E1
4.349487372E1,2.804986238E0,1.998006850E-1,3.806861115E1
4.350486601E1,6.439384937E0,-1.148255825E0,8.210671425E0
4.351483372E1,1.316231918E1,-4.375575542E0,1.516451389E-1
4.352479835E1,1.338275814E1,-6.709774017E0,1.842174339E1
4.353476575E1,1.186002541E1,-9.732806087E-1,2.961117961E-2
4.354469106E1,9.719346046E0,4.193421841E0,-2.850749016E0
4.355465419E1,6.856035233E0,6.992126942E0,1.239811134E1
4.356463861E1,4.346861362E0,7.205088139E0,1.628913999E0
4.357460393E1,7.301399231E0,5.378467083E0,3.814757586E0
4.358456122E1,8.211270332E0,2.316252232E0,1.027208805E1
4.359452570E1,7.617251873E0,1.389631748E0,-3.377469063E0
4.360449747E1,8.630014420E0,-1.929213256E-1,5.110171795E0
4.361446268E1,7.054639339E0,1.624427438E0,9.577571869E0
4.362443367E1,1.117149115E0,3.891626835E0,-2.941676378E0
4.363439945E1,-3.889234066E0,1.049850941E0,1.623589897E1
4.364437872E1,-2.299502611E0,3.625126183E-1,3.267219925E1
4.365434585E1,2.397907495E0,3.235694408E0,1.641057587E1
4.366430356E1,2.922234535E0,9.690931439E-2,6.039185047E0
4.367426976E1,3.829712629E0,-3.094517946E0,8.158029556E0
4.368423429E1,3.298206806E0,7.432705164E-1,-2.855534792E0
4.369420028E1,2.359921336E-1,4.387240410E0,-1.076471090E0
4.370417309E1,-3.745365620E0,5.414359570E0,1.750738525E1
4.371413976E1,-1.518844128E0,7.727022648E0,2.118246269E1
4.372412143E1,1.074078321E0,7.616952896E0,3.623331785E0
4.373408960E1,-1.425524116E0,6.571289301E-1,1.075573826E1
4.374404622E1,-1.789532185E0,-2.517548561E0,1.360469246E1
4.375401320E1,-5.593222752E-2,3.247658491E0,-1.782951951E0
4.376398424E1,-6.185446382E-1,5.634499073E0,2.976970434E0
4.377395164E1,-2.814258575E0,7.703094482E0,1.365254879E1
4.378390361E1,-1.289133191E0,1.040159988E1,2.320738792E0
4.379386945E1,1.433300734E0,9.362516403E0,4.363012791E0
4.380384768E1,2.929413080E0,4.176671982E0,1.220399380E1
4.381381471E1,6.058627129E0,2.471785784E0,9.776474953E0
4.382378627E1,7.385148048E0,1.097707391E0,1.296790218E1
4.383375377E1,6.547061920E0,1.995314956E0,1.813939095E1
4.384371731E1,3.516252756E0,2.311466694E0,1.368844128E1
4.385368445E1,1.232004523E0,4.121337891E0,1.198863983E1
4.386364981E1,-3.433700502E-1,4.861318111E0,9.673583984E0
4.387361674E1,-5.539384484E-1,7.071090221E0,2.897708178E0
4.388358914E1,1.859223247E0,7.466204643E0,-1.629512191E0
4.389355658E1,4.021437645E0,8.361719131E0,5.180460811E-1
4.390352065E1,3.808177233E0,8.790034294E0,-9.735797048E-1
4.391348778E1,2.161017895E0,9.204291344E0,2.421536446E0
4.392345111E1,3.566502094E0,7.092625618E0,1.073898792E1
4.393341783E1,9.903294444E-1,5.962615013E0,1.722234154E1
4.394338893E1,1.133898854E0,4.578666210E0,8.907281876E0
4.395335611E1,2.058126688E0,5.153242588E0,2.014457464E0
4.396331778E1,1.725225091E0,3.664308786E0,1.150050402E0
4.397328434E1,3.753142357E0,3.498904943E0,-6.281159353E-3
4.398325325E1,3.750749588E0,3.561118364E0,-2.716451883E0
4.399322007E1,2.458027124E0,5.199005604E0,2.581855536E0
4.400318882E1,4.251148701E0,8.253742218E0,3.309572935E0
4.401315580E1,2.371586323E0,8.062316895E0,1.070518970E1
4.402312299E1,1.864008784E0,7.719843864E0,4.248127747E1
4.403308997E1,6.669993401E-1,7.240980625E0,3.107050323E1
4.404305434E1,-2.718246460E0,8.031209946E0,2.981756210E0
4.405302106E1,-2.665604353E0,1.328016520E-1,2.904288471E-1
4.406298992E1,8.584251404E-1,-8.584251404E-1,4.438686073E-1
4.407295684E1,-7.193422914E-1,6.791129589E0,-8.127521515E0
4.408292523E1,-5.347958803E-1,1.081555843E1,-6.240780354E0
4.409289226E1,-1.310668588E0,9.209076881E0,1.095912743E1
4.410286200E1,-2.340180635E0,7.767700672E0,2.009313011E1
4.411282934E1,-2.117647976E-1,6.379265308E0,2.013141441E1
4.412279414E1,9.687940478E-1,4.368097782E0,2.360758781E1
4.413276117E1,3.580260873E-1,3.048755169E0,1.371715450E1
4.414273143E1,-2.237289101E-1,1.073779106E0,8.473882675E0
4.415269877E1,-1.595414519E0,2.649153709E0,1.207717419E1
4.416266627E1,-3.573082447E0,5.397609711E0,5.991029739E0
4.417263361E1,-4.389633179E0,7.018447876E0,7.092625618E0
4.418260429E1,-3.750151396E0,6.850950241E0,8.196314812E0
4.419257200E1,-2.752045155E0,8.342576027E0,-1.476371527E0
4.420252023E1,-2.141277075E0,5.900401592E0,-5.413761362E-2
4.421248596E1,-9.634101987E-1,5.615356445E0,3.434298754E0
4.422246585E1,-2.620140910E-1,8.699107170E0,-5.879165173E0
4.423243304E1,-1.358525038E0,8.093423843E0,-2.422134638E0
4.424240262E1,1.493121386E0,7.310671329E0,1.837388611E1
4.425237002E1,2.153839588E0,1.823031783E0,2.046401787E1
4.426233403E1,2.718844652E0,3.194418252E-1,1.549382591E1
4.427230106E1,4.303790569E0,-1.674975872E0,8.864211082E0
4.428226637E1,4.059722900E0,-3.384348631E0,4.782055855E0
4.429223320E1,2.642274380E0,-6.167500615E-1,5.790032387E0
4.430219090E1,2.072483540E0,4.073481560E0,9.798010826E0
4.431215679E1,1.198505044E0,7.588238716E0,1.297747326E1
4.432214200E1,1.320538998E0,7.296314240E0,1.045394325E1
4.433210986E1,7.411768436E-1,4.638486862E0,9.891330719E0
4.434206398E1,4.779663086E-1,1.028315544E0,1.036780167E1
4.435203044E1,2.063809521E-2,4.079762697E-1,8.873783112E0
4.436200554E1,8.321040869E-1,4.236492634E0,6.707081795E0
4.437197289E1,6.047859192E-1,7.811070442E0,4.305585384E0
4.438193387E1,-7.767700553E-1,9.240183830E0,5.778068542E0
4.439190054E1,-1.023230791E0,6.908378124E0,1.122712421E1
4.440187226E1,6.263213158E-1,5.771189213E0,1.640579033E1
4.441183945E1,1.062114120E0,8.174779892E0,5.442774296E0
4.442181544E1,-3.768695593E-1,6.853343010E0,-4.828117847E0
4.443178351E1,-4.534398913E-1,2.187039852E0,5.734997749E0
4.444174903E1,-1.078265667E0,2.407179594E0,1.153609753E1
4.445171684E1,-1.358525038E0,7.363313675E0,3.075076103E0
4.446167252E1,-9.107680917E-1,3.855734587E0,9.043673515E0
4.447163903E1,-1.241276741E0,2.337787628E0,2.189582253E1
4.448160497E1,-1.585843205E0,4.696213722E0,7.648059368E0
4.449157143E1,-2.993720293E0,5.191826820E0,4.410869598E0
4.450152799E1,-3.285943747E0,2.177468538E0,1.133031464E1
4.451149346E1,-3.348157167E0,2.967399120E0,1.034387302E1
4.452147314E1,-1.744068623E0,4.171886444E0,1.230000591E1
4.453144002E1,-2.696711063E0,4.535595417E0,1.681526184E1
4.454142262E1,-4.588237286E0,4.878067970E0,5.780461311E0
4.455139106E1,-5.124528885E0,3.647558928E0,1.754806328E1
4.456136643E1,-5.577071190E0,1.689033628E0,1.742333794E1
4.457133559E1,-5.289633751E0,6.134898186E0,3.331108332E0
4.458129424E1,-4.662415028E0,3.518047571E0,1.308036518E1
4.459126236E1,-3.036791086E0,2.067398787E0,2.402423859E1
4.460122846E1,-1.925923109E0,6.546762943E0,-2.884248495E0
4.461119632E1,-4.569094658E0,6.307480335E0,-3.583251953E0
4.462116127E1,-5.701498032E0,4.456632137E0,1.423908901E1
4.463112882E1,-3.956233025E0,8.639286041E0,6.156433582E0
4.464110268E1,-1.612164259E0,1.054516983E1,-3.628715515E0
4.465107085E1,-2.711068153E0,5.838188171E0,6.422036648E0
4.466103637E1,-1.380060434E0,1.562214136E0,8.239385605E0
4.467100429E1,-9.059824944E-1,2.720938444E0,8.665607452E0
4.468096476E1,9.089735150E-1,3.077469110E0,8.766105652E0
4.469093195E1,2.196910381E0,3.719343662E0,1.100219822E1
4.470087106E1,3.470490217E0,3.288336515E0,1.221117210E1
4.471083538E1,3.521038532E0,3.690629721E0,1.593440437E1
4.472081955E1,5.965306759E0,3.666701555E0,1.558236027E1
4.473078585E1,5.647061348E0,4.341776848E0,1.190249825E1
4.474074471E1,7.682157040E0,4.557130814E0,9.103493690E0
4.475071023E1,7.940581799E0,4.243670940E0,6.319145679E0
4.476068700E1,6.609275341E0,6.506084919E0,3.709473372E0
4.477065367E1,3.767499208E0,7.499704361E0,8.280063629E0
4.478061341E1,1.921436548E0,4.710570335E0,6.953542709E0
4.479057934E1,7.148557901E-1,2.218146563E0,8.320741653E0
4.480056247E1,9.951151013E-1,2.538784742E0,8.220243454E0
4.481053018E1,1.377966762E0,5.330610752E0,6.149255276E0
4.482048684E1,4.780261517E0,3.922733545E0,6.735795975E0
4.483045335E1,1.507478237E0,1.593320727E0,1.615215111E1
4.484041768E1,5.066801906E-1,4.198207378E0,4.669593334E0
4.485038398E1,-3.422334671E0,4.887639523E0,1.957029819E0
4.486035570E1,-1.248455167E0,6.977769852E0,1.182592773E1
4.487032257E1,-3.936193287E-1,8.617751122E0,8.306385040E0
4.488028809E1,-1.250848055E0,7.164410114E0,6.690331936E0
4.489025481E1,-2.610569477E0,4.758427143E0,8.100302696E0
4.490021929E1,-2.464607239E0,4.595416069E0,4.226622105E0
4.491018575E1,-5.419743061E-1,4.662714005E0,5.485845089E0
4.492016356E1,-9.323035479E-1,3.714558125E0,9.426823616E0
4.493013122E1,-1.269990563E0,2.237289190E0,1.023380375E1
4.494008361E1,-9.634101987E-1,2.244467735E0,1.365254879E1
4.495004966E1,-5.012963414E-1,3.865305901E0,1.184267712E1
4.496002127E1,-9.011968374E-1,4.063910007E0,8.270492554E0
4.496998783E1,-2.667997181E-1,3.348157167E0,9.711869240E0
4.497995554E1,8.368897438E-1,5.500501156E0,4.803591251E0
4.498992226E1,-3.768695593E-1,6.431907177E0,2.581855536E0
4.499988330E1,-1.552343726E0,5.040780067E0,8.332705498E0
4.500984940E1,-1.882852316E0,5.534000397E0,7.561618805E0
4.501982809E1,-1.717747569E0,5.593821049E0,5.715855122E0
4.502979549E1,-8.605188727E-1,4.679463863E0,8.778069496E0
4.503975903E1,1.426720470E-1,5.723332882E0,7.171588421E0
4.504972601E1,8.344969153E-1,6.625725746E0,6.307181358E0
4.505970268E1,3.942175210E-1,5.768796444E0,9.747760773E0
4.506967059E1,9.720841795E-2,5.380859852E0,1.110987568E1
4.507962632E1,7.531409264E-1,6.053542137E0,9.809974670E0
4.508959304E1,7.651050687E-1,6.173183441E0,9.570393562E0
4.509955111E1,9.472586513E-1,5.383252621E0,9.048459053E0
4.510951695E1,4.588237405E-1,5.560321808E0,9.422038078E0
4.511949726E1,9.242277592E-2,6.812664986E0,9.431609154E0
4.512946455E1,-3.678964823E-2,6.230910301E0,7.319943428E0
4.513943414E1,2.790629268E-1,5.586642742E0,7.233801842E0
4.514940164E1,1.071685433E0,6.082255840E0,5.227420330E0
4.515936424E1,1.389930844E0,5.495715618E0,4.884947300E0
4.516933122E1,9.376873970E-1,3.884448528E0,8.668000221E0
4.517930012E1,-1.495514214E-1,5.213362217E0,8.332705498E0
4.518926731E1,-1.130907774E0,6.903592587E0,5.102993488E0
4.519923169E1,-1.772782445E0,5.107779026E0,8.636893272E0
4.520919856E1,-1.973779559E0,3.175873756E0,1.386820221E1
4.521916466E1,-1.437488198E0,4.633700848E0,9.486644745E0
4.522913148E1,-1.444666624E0,5.632106304E0,3.731008768E0
4.523907695E1,-1.705783486E0,4.681856632E0,8.021339417E0
4.524904158E1,-2.258824587E0,4.705784798E0,7.126124859E0
4.525904205E1,-1.973779559E0,5.251647472E0,4.391726971E0
4.526901033E1,-1.664806366E0,4.909174919E0,7.559226036E0
4.527897315E1,-1.396810174E0,6.189933300E0,5.641677380E0
4.528894085E1,-1.384846091E0,6.977769852E0,2.873780012E0
4.529891268E1,-1.004088163E0,5.766403675E0,7.580761433E0
4.530888080E1,-8.461619020E-1,3.733700514E0,1.013300610E1
4.531883653E1,-1.135693431E0,3.410370588E0,1.425344658E1
4.532880335E1,-1.583450437E0,4.770390987E0,1.331276798E1
4.533877080E1,-9.083753228E-1,5.907579899E0,7.834699631E0
4.534873768E1,-3.218346536E-1,5.256433010E0,1.192642593E1
4.535870320E1,-5.730810165E-1,6.101398468E0,6.402894497E0
4.536866997E1,-2.931207716E-1,5.019244671E0,2.474178553E0
4.537865320E1,1.259222925E-1,4.582255483E-1,1.547707558E1
4.538862158E1,5.377869010E-1,-1.157827020E0,1.695195198E1
4.539856164E1,1.203290701E0,4.151547253E-1,8.205885887E0
4.540852716E1,1.188933730E0,1.399801224E-1,1.188335514E1
4.541850861E1,1.392323732E0,1.301097274E0,1.405723476E1
4.542847575E1,1.138684511E0,4.080659866E0,8.715856552E0
4.543844992E1,1.370788217E0,3.721736431E0,1.122233772E1
4.544841773E1,1.617548108E0,4.097409725E0,1.320957756E1
4.545837330E1,2.211267233E0,5.376074314E0,7.260122776E0
4.546833986E1,2.117947102E0,4.744070053E0,9.374181747E0
4.547831028E1,1.392323732E0,4.504488468E0,9.570393562E0
4.548827721E1,3.053839803E-1,6.194718838E0,5.433202744E0
4.549825585E1,1.585244946E-2,6.158826351E0,7.834699631E0
4.550822398E1,1.331007630E-1,5.507679462E0,1.008036327E1
4.551818091E1,-2.500499785E-1,5.323431969E0,7.111767769E0
4.552814788E1,-5.276173949E-1,4.827818871E0,8.440382957E0
4.553811028E1,-9.442676306E-1,4.782355309E0,8.416454315E0
4.554807679E1,-1.181157112E0,5.426323414E0,6.438786507E0
4.555804377E1,-1.423131227E0,4.897210598E0,8.158029556E0
4.556801028E1,-7.671987414E-1,4.573880672E0,9.501001358E0
4.557798268E1,-6.978068948E-1,4.595416069E0,7.956733704E0
4.558794981E1,-1.250848055E0,4.118945122E0,9.434001923E0
4.559789507E1,-1.554736495E0,3.771985769E0,9.168398857E0
4.560785997E1,-1.549950838E0,3.980161428E0,6.941578388E0
4.561785622E1,-1.494915962E0,3.714558125E0,8.385348320E0
4.562782429E1,-1.150050402E0,3.819842339E0,9.438788414E0
4.563778627E1,-1.482951880E0,3.992125511E0,8.744570732E0
4.564775372E1,-1.739282966E0,3.867698669E0,9.865009308E0
4.565769695E1,-1.705783486E0,3.858127356E0,8.962317467E0
4.566766195E1,-1.980958104E0,4.138386726E0,7.870592117E0
4.567765658E1,-2.069492579E0,4.248456478E0,8.761320114E0
4.568762455E1,-2.004886389E0,4.648057938E0,9.170791626E0
4.569759872E1,-9.346963167E-1,4.851747036E0,8.311170578E0
4.570756731E1,-1.358525038E0,4.753641129E0,9.031708717E0
4.571751419E1,-2.107777596E0,4.677071095E0,8.423632622E0
4.572748059E1,-2.459821701E0,4.863711357E0,8.359026909E0
4.573743762E1,-2.215454578E0,4.770390987E0,9.211469650E0
4.574740304E1,-1.662413478E0,4.518845558E0,8.727820396E0
4.575738611E1,-1.317847013E0,4.255635262E0,8.663214684E0
4.576735330E1,-1.310668588E0,4.001696587E0,8.689535141E0
4.577730549E1,-1.253240824E0,4.246063709E0,8.387741089E0
4.578727117E1,-1.530808330E0,4.454239368E0,8.085946083E0
4.579725794E1,-1.909173369E0,4.413561344E0,8.526524544E0
4.580722575E1,-1.695913076E0,4.348955154E0,8.746963501E0
4.581720184E1,-1.382453322E0,4.403990269E0,8.964710236E0
4.582717049E1,-1.140479088E0,4.344169617E0,8.866603851E0
4.583714184E1,-8.341978192E-1,4.344169617E0,8.586344719E0
4.584711070E1,-3.577269912E-1,4.317848682E0,8.282456398E0
4.585705315E1,-4.725824594E-1,4.348955154E0,8.361419678E0
4.586701934E1,-6.448656917E-1,4.466203690E0,8.564809799E0
4.587700132E1,-7.432705164E-1,4.708177567E0,8.725427628E0
4.588696914E1,-9.538389444E-1,4.729712963E0,8.509774208E0
4.589694127E1,-1.142871857E0,4.665106773E0,8.550452232E0
4.590690950E1,-1.274776220E0,4.705784798E0,8.392526627E0
4.591686315E1,-1.370489120E0,5.052743912E0,7.844270706E0
4.592682992E1,-1.597807288E0,5.167599678E0,7.841877937E0
4.593677450E1,-2.117348909E0,5.110171795E0,8.708678246E0
4.594673898E1,-2.258824587E0,5.136492729E0,8.514560699E0
4.595671966E1,-1.980958104E0,5.277968407E0,8.301599503E0
4.596668575E1,-1.906780601E0,5.373681545E0,8.023732185E0
4.597664528E1,-1.566700578E0,5.531607628E0,7.985447407E0
4.598661070E1,-1.142871857E0,5.553143024E0,8.284849167E0
4.599659658E1,-5.036891699E-1,5.541179180E0,8.203493118E0
4.600656408E1,-4.875376076E-2,5.395216942E0,8.045268059E0
4.601651794E1,5.497509837E-1,5.411966801E0,8.196314812E0
4.602648408E1,4.851447940E-1,5.337789059E0,7.995018482E0
4.603644143E1,7.674978375E-1,5.354538918E0,8.454739571E0
4.604640664E1,1.234397411E0,5.728118420E0,8.073982239E0
4.605639637E1,1.430907965E0,5.941079617E0,7.715058327E0
4.606636408E1,1.315753341E0,5.819045544E0,8.227421761E0
4.607633377E1,1.050150037E0,5.895616055E0,7.997411251E0
4.608630169E1,1.307079345E-1,5.842973709E0,7.786843300E0
4.609625789E1,-2.691925466E-1,5.687141418E0,8.186743736E0
4.610622460E1,-4.965106845E-1,5.694618702E0,8.236992836E0
4.611620997E1,-7.169494629E-1,5.775974751E0,7.669594765E0
4.612617856E1,-1.111765265E0,5.847759247E0,7.794021606E0
4.613613309E1,-1.645663738E0,5.679962635E0,7.820342541E0
4.614610023E1,-1.825424552E0,5.510072231E0,7.930412292E0
4.615605398E1,-1.683948994E0,5.811867237E0,8.193922043E0
4.616601981E1,-1.313061476E0,5.665606022E0,7.624131203E0
4.617601934E1,-1.030409217E0,5.648856163E0,8.555238724E0
4.618598856E1,-1.071087241E0,5.352146149E0,8.124529839E0
4.619594070E1,-6.882356405E-1,5.548357487E0,7.951947689E0
4.620590820E1,-6.738786697E-1,5.718546867E0,8.038089752E0
4.621587945E1,-1.066301584E0,5.514857769E0,8.016553879E0
4.622584731E1,-4.677968323E-1,5.823831081E0,8.047660828E0
4.623580059E1,-3.242274821E-1,5.268397331E0,7.944769382E0
4.624576695E1,-5.252245665E-1,5.160421371E0,8.612666130E0
4.625570940E1,-1.054337502E0,4.952245712E0,7.573582649E0
4.626567330E1,-7.791628838E-1,5.249254704E0,8.818747520E0
4.627568023E1,-8.174480200E-1,5.431109428E0,8.292027473E0
4.628564851E1,-1.028016448E0,5.500501156E0,8.141280174E0
4.629561101E1,-9.107680917E-1,5.316253662E0,8.526524544E0
4.630557867E1,-8.653044701E-1,5.428716183E0,8.035696983E0
4.631555018E1,-1.435095429E0,5.543571949E0,7.633702278E0
4.632551820E1,-2.419143677E0,4.961816788E0,7.719843864E0
4.633545872E1,-2.862114906E0,4.729712963E0,9.343074799E0
4.634542393E1,-4.676771641E0,3.017648458E0,8.907281876E0
4.635540247E1,5.174478889E-2,6.867700100E0,7.966304779E0
4.636536903E1,-2.031207323E0,5.333003521E0,4.648057938E0
4.637535200E1,-1.246062398E0,5.557928562E0,1.200299644E1
4.638532023E1,-9.562317729E-1,5.371288776E0,6.067899227E0
4.639529986E1,-1.118943691E0,5.838188171E0,8.387741089E0
4.640526924E1,-1.121336460E0,5.024030209E0,8.287241936E0
4.641525262E1,-6.930212379E-1,5.785545826E0,7.683951855E0
4.642522341E1,-6.930212379E-1,5.524429321E0,8.076375008E0
4.643520960E1,-1.202991605E0,5.383252621E0,8.600702286E0
4.644518195E1,-8.676972985E-1,6.084649086E0,7.377371311E0
4.645511992E1,-1.365703583E0,5.435894966E0,7.513761997E0
4.646508877E1,-1.059123158E0,5.541179180E0,9.254540443E0
4.647502992E1,-1.035194874E0,5.706583023E0,7.092625618E0
4.648499596E1,-1.044766188E0,5.933900833E0,8.186743736E0
4.649494648E1,-1.191027522E0,5.423930645E0,7.731808186E0
4.650491096E1,-8.964111805E-1,5.838188171E0,8.134101868E0
4.651488351E1,-1.210170031E0,5.517251015E0,7.738986492E0
4.652484882E1,-9.227322340E-1,5.938686848E0,8.253742218E0
4.653482091E1,-6.305087805E-1,5.981757641E0,7.544868946E0
4.654478684E1,-5.443671346E-1,5.857330799E0,8.318348885E0
4.655473127E1,-7.145566344E-1,5.505286694E0,8.028517723E0
4.656469507E1,-1.305882931E0,5.603392601E0,7.870592117E0
4.657467216E1,-7.217351198E-1,5.543571949E0,7.693522930E0
4.658463726E1,-8.075776510E-3,5.828616619E0,8.282456398E0
4.659461252E1,2.862414122E-1,5.890830040E0,8.289634705E0
4.660457861E1,-8.464609832E-2,5.691926956E0,7.770093441E0
4.661453325E1,-1.420738399E-1,5.474180222E0,8.351848602E0
4.662449820E1,-2.003988996E-2,5.567500114E0,8.076375008E0
4.663447893E1,2.934198678E-1,5.752046585E0,8.078767776E0
4.664444544E1,4.516452849E-1,5.706583023E0,8.282456398E0
4.665441294E1,5.234299302E-1,5.526822090E0,8.299205780E0
4.666437950E1,6.000002623E-1,5.455037594E0,7.916055679E0
4.667433262E1,5.688936114E-1,5.423930645E0,8.124529839E0
4.668429789E1,4.827519655E-1,5.438287735E0,8.495417595E0
4.669426966E1,2.862414122E-1,5.531607628E0,8.057231903E0
4.670423554E1,3.604189157E-1,5.641677380E0,8.155636787E0
4.671421867E1,2.694916427E-1,5.215754986E0,8.313563347E0
4.672418632E1,5.545366406E-1,5.802295685E0,8.679964066E0
4.673413216E1,1.235294715E-1,5.759224892E0,7.034898758E0
4.674409757E1,3.484548032E-1,5.924329758E0,9.237791061E0
4.675408960E1,-7.986045629E-2,5.366502762E0,7.587939739E0
4.676405773E1,-5.353940651E-2,5.785545826E0,8.260921478E0
4.677402486E1,-2.428714931E-1,5.457430363E0,7.961519241E0
4.678399283E1,-5.347958803E-1,5.720939636E0,8.009375572E0
4.679393580E1,-7.193422914E-1,5.644070625E0,7.822735310E0
4.680390127E1,-7.935197949E-1,5.498108387E0,7.920841217E0
4.681388809E1,-5.419743061E-1,5.677569866E0,8.507381439E0
4.682385570E1,-6.161518097E-1,5.486144066E0,7.947162151E0
4.683382252E1,-2.356930375E-1,5.641677380E0,7.686344624E0
4.684379002E1,-4.965106845E-1,5.577071190E0,7.825128078E0
4.685373830E1,-6.930212379E-1,5.143671513E0,9.266505241E0
4.686370382E1,-5.419743061E-1,5.672784328E0,7.652844906E0
4.687368940E1,-5.970092416E-1,5.622535229E0,7.939983845E0
4.688365695E1,-8.006982803E-1,5.344967365E0,8.392526627E0
4.689360716E1,-7.911269665E-1,5.548357487E0,7.844270706E0
4.690357299E1,-8.413762450E-1,5.352146149E0,8.038089752E0
4.691355429E1,-8.629116416E-1,5.550750256E0,8.414061546E0
4.692352164E1,-8.126623631E-1,5.577071190E0,7.564011574E0
4.693350726E1,-9.083753228E-1,5.524429321E0,7.942376614E0
4.694347648E1,-9.466604590E-1,5.342574596E0,8.071588516E0
4.695344403E1,-8.078767657E-1,5.517251015E0,8.100302696E0
4.696341309E1,-5.036891699E-1,5.634499073E0,7.808378696E0
4.697334294E1,-4.175475538E-1,5.663212776E0,8.315956116E0
4.698330799E1,-5.324030519E-1,5.478965759E0,8.114958763E0
4.699331309E1,-5.276173949E-1,5.550750256E0,8.028517723E0
4.700328221E1,-4.677968323E-1,5.419145107E0,7.956733704E0
4.701324955E1,-4.462614357E-1,5.536393166E0,8.213064194E0
4.702321846E1,-4.103690982E-1,5.577071190E0,8.033304214E0
4.703314783E1,-4.199403822E-1,5.586642742E0,8.083553314E0
4.704311278E1,-4.845465720E-1,5.531607628E0,8.213064194E0
4.705311252E1,-4.510470629E-1,5.294718266E0,8.555238724E0
4.706308096E1,-1.372881979E-1,5.610570908E0,7.482655525E0
4.707305075E1,-2.572284341E-1,5.553143024E0,8.430811882E0
4.708301934E1,-3.218346536E-1,5.328217983E0,8.347063065E0
4.709295856E1,-1.758724600E-1,5.667998791E0,7.805985451E0
4.710292419E1,-1.926222295E-1,5.457430363E0,7.975875854E0
4.711289924E1,-1.734796464E-1,5.572285652E0,8.363812447E0
4.712286575E1,-2.955136001E-1,5.627320766E0,7.719843864E0
4.713283070E1,-3.457628787E-1,5.486144066E0,8.344670296E0
4.714279705E1,-3.888336718E-1,5.457430363E0,8.380561829E0
4.715275096E1,-4.007977843E-1,5.498108387E0,8.126922607E0
4.716271611E1,-2.979064286E-1,5.486144066E0,8.078767776E0
4.717269726E1,-2.787638307E-1,5.378467083E0,8.162815094E0
4.718266403E1,-2.404786795E-1,5.462215900E0,8.088338852E0
4.719263632E1,-2.715853751E-1,5.517251015E0,8.136494637E0
4.720260361E1,-3.457628787E-1,5.488536835E0,8.308777809E0
4.721255512E1,-3.122633696E-1,5.464608669E0,8.083553314E0
4.722252080E1,-3.768695593E-1,5.462215900E0,8.191529274E0
4.723249544E1,-3.577269912E-1,5.467001438E0,8.215457916E0
4.724246200E1,-2.213360965E-1,5.476572990E0,8.241778374E0
4.725243507E1,-2.452643216E-1,5.428716183E0,8.265707016E0
4.726240231E1,-3.026920557E-1,5.505286694E0,8.153244019E0
4.727235971E1,-2.979064286E-1,5.455037594E0,8.004590034E0
4.728232596E1,-2.428714931E-1,5.531607628E0,7.765307903E0
4.729229304E1,-1.567298770E-1,5.579464436E0,8.332705498E0
4.730225934E1,-2.141576260E-1,5.708975792E0,8.452346802E0
4.731224195E1,-7.507480681E-2,6.441478729E0,6.438786507E0
4.732220986E1,-1.157527938E-1,6.484549522E0,8.184350967E0
4.733219080E1,-1.396810263E-1,6.053542137E0,8.828319550E0
4.734216002E1,-8.973084623E-4,6.767201424E0,7.650452137E0
4.735211372E1,-1.013958603E-1,6.108577251E0,8.232207298E0
4.736208137E1,2.120639086E-1,6.376872540E0,7.892127514E0
4.737203705E1,4.731806815E-1,6.264409542E0,7.935198307E0
4.738200346E1,1.713859290E-1,6.079863071E0,7.829914093E0
4.739203966E1,-1.830509305E-1,6.154040813E0,7.276872635E0
4.740201315E1,-8.126623631E-1,5.756832123E0,6.884150982E0
4.741191096E1,-9.370891452E-1,5.581857204E0,8.280063629E0
4.742187679E1,-1.207777262E0,5.311468124E0,8.181958199E0
4.744301947E1,-8.198408484E-1,4.708177567E0,8.586344719E0
4.745297848E1,-9.011968374E-1,4.703392029E0,8.576773643E0
4.746296578E1,-8.868398666E-1,4.619344234E0,8.773283958E0
4.747292932E1,-8.892326951E-1,4.616951466E0,8.718249321E0
4.748289635E1,-9.394819736E-1,4.650450706E0,8.495417595E0
4.749286343E1,-9.011968374E-1,4.681856632E0,8.485846519E0
4.750280052E1,-8.006982803E-1,4.643272400E0,8.634500504E0
4.751276526E1,-6.400800347E-1,4.691427708E0,8.502595901E0
4.752275932E1,-5.180460811E-1,4.693820953E0,8.583951950E0
4.753272703E1,-5.659025311E-1,4.652843475E0,8.627022743E0
4.754266624E1,-5.850451589E-1,4.684249401E0,8.586344719E0
4.755263109E1,-5.874379873E-1,4.698606491E0,8.612666130E0
4.756259869E1,-5.730810165E-1,4.652843475E0,8.792427063E0
4.757256380E1,-5.898307562E-1,4.662714005E0,8.605487823E0
4.758254765E1,-6.568298340E-1,4.631308079E0,8.538488388E0
4.759251463E1,-7.432705164E-1,4.621737003E0,8.711071014E0
4.760247510E1,-7.815557122E-1,4.585844517E0,8.804390907E0
4.761244140E1,-8.030911088E-1,4.585844517E0,8.677571297E0
4.762242046E1,-8.102695942E-1,4.588237286E0,8.711071014E0
4.763238807E1,-8.318049908E-1,4.573880672E0,8.603095055E0
4.764236119E1,-8.700901270E-1,4.581058979E0,8.627022743E0
4.765232937E1,-9.299107194E-1,4.619344234E0,8.600702286E0
4.766231249E1,-8.485547304E-1,4.640879631E0,8.663214684E0
4.767228213E1,-6.714858413E-1,4.691427708E0,8.619844437E0
4.768220598E1,-6.762714982E-1,4.602594376E0,8.701499939E0
4.769217098E1,-7.193422914E-1,4.566701889E0,8.718249321E0
4.770215213E1,-7.456633449E-1,4.616951466E0,8.689535141E0
4.771211880E1,-7.648059130E-1,4.681856632E0,8.607880592E0
4.772208869E1,-7.049853802E-1,4.677071095E0,8.605487823E0
4.773205562E1,-6.017948985E-1,4.636094093E0,8.624629974E0
4.774202848E1,-7.073782086E-1,4.585844517E0,8.648857117E0
4.775199598E1,-7.887341380E-1,4.607379913E0,8.699107170E0
4.776196645E1,-8.174480200E-1,4.648057938E0,8.677571297E0
4.777193427E1,-7.767700553E-1,4.686642170E0,8.658429146E0
4.778186322E1,-7.073782086E-1,4.672285080E0,8.617451668E0
4.779182713E1,-7.456633449E-1,4.631308079E0,8.548059464E0
4.780182197E1,-8.868398666E-1,4.652843475E0,8.552845001E0
4.781178900E1,-9.562317729E-1,4.696213722E0,8.600702286E0
4.782173942E1,-9.921240807E-1,4.729712963E0,8.682356834E0
4.783170473E1,-9.179465771E-1,4.770390987E0,8.576773643E0
4.784169244E1,-8.222336769E-1,4.744070053E0,8.641678810E0
4.785166005E1,-8.724829555E-1,4.667499542E0,8.615058899E0
4.786161505E1,-8.724829555E-1,4.710570335E0,8.533702850E0
4.787158135E1,-9.490532875E-1,4.775176525E0,8.562417030E0
4.788156031E1,-1.073480010E0,4.799104691E0,8.593523026E0
4.789152786E1,-9.538389444E-1,4.880460739E0,8.576773643E0
4.790149697E1,-8.270193338E-1,4.796711922E0,8.600702286E0
4.791146468E1,-6.786643267E-1,4.744070053E0,8.569595337E0
4.792144296E1,-5.946164131E-1,4.732105732E0,8.493024826E0
4.793141171E1,-6.113662124E-1,4.758427143E0,8.610273361E0
4.794133447E1,-6.209374666E-1,4.818247318E0,8.600702286E0
4.795129854E1,-5.994020700E-1,4.842175961E0,8.583951950E0
4.796128932E1,-6.089733839E-1,4.782355309E0,8.610273361E0
4.797125609E1,-5.635097623E-1,4.734498501E0,8.574380875E0
4.798124630E1,-5.682953596E-1,4.734498501E0,8.509774208E0
4.799121546E1,-6.281159520E-1,4.686642170E0,8.483453751E0
4.800116302E1,-7.097710371E-1,4.691427708E0,8.569595337E0
4.801112999E1,-7.839485407E-1,4.652843475E0,8.627022743E0
4.802108020E1,-8.174480200E-1,4.626522541E0,8.651249886E0
4.803104546E1,-7.983054519E-1,4.588237286E0,8.639286041E0
4.804102359E1,-7.552346587E-1,4.540380955E0,8.641678810E0
4.805099015E1,-6.667001843E-1,4.528416634E0,8.835497856E0
4.806093453E1,-7.336992621E-1,4.523631096E0,8.555238724E0
4.807089885E1,-8.078767657E-1,4.559523582E0,8.605487823E0
4.808088911E1,-7.695915699E-1,4.561916351E0,8.746963501E0
4.809085604E1,-6.786643267E-1,4.607379913E0,8.610273361E0
4.810080994E1,-5.778666735E-1,4.581058979E0,8.830712318E0
4.811077552E1,-4.989035130E-1,4.528416634E0,8.892925262E0
4.812077348E1,-6.400800347E-1,4.652843475E0,8.258528709E0
4.813074234E1,-7.121638656E-1,4.607379913E0,8.682356834E0
4.814071124E1,-7.743772268E-1,4.557130814E0,8.687142372E0
4.815068015E1,-8.198408484E-1,4.593023300E0,8.502595901E0
4.816064807E1,-9.011968374E-1,4.468596458E0,8.842676163E0
4.817061682E1,-1.030409217E0,4.466203690E0,8.888139725E0
4.818057692E1,-1.099801064E0,4.470989227E0,8.730213165E0
4.819054479E1,-9.873384237E-1,4.468596458E0,8.859425545E0
4.820053239E1,-8.533403873E-1,4.604987144E0,8.562417030E0
4.821050223E1,-9.011968374E-1,4.535595417E0,8.500203133E0
4.822048171E1,-8.988040090E-1,4.576273441E0,8.619844437E0
4.823045249E1,-8.461619020E-1,4.593023300E0,8.583951950E0
4.824041411E1,-7.719843984E-1,4.607379913E0,8.689535141E0
4.825038395E1,-6.930212379E-1,4.628915310E0,8.677571297E0
4.826030812E1,-6.544370055E-1,4.612165451E0,8.636893272E0
4.827027338E1,-7.217351198E-1,4.616951466E0,8.663214684E0
4.828023765E1,-8.222336769E-1,4.600201607E0,8.689535141E0
4.829020276E1,-8.006982803E-1,4.665106773E0,8.742177963E0
4.830016552E1,-7.121638656E-1,4.715356350E0,8.668000221E0
4.831013041E1,-6.568298340E-1,4.722534657E0,8.672785759E0
4.832009848E1,-6.738786697E-1,4.684249401E0,8.632107735E0
4.833006369E1,-7.624131441E-1,4.628915310E0,8.581559181E0
4.834002869E1,-7.552346587E-1,4.650450706E0,8.617451668E0
4.834999385E1,-7.695915699E-1,4.677071095E0,8.533702850E0
4.835998124E1,-8.389834166E-1,4.703392029E0,8.612666130E0
4.836994864E1,-9.179465771E-1,4.667499542E0,8.665607452E0
4.837990802E1,-9.155537486E-1,4.677071095E0,8.622237206E0
4.838987458E1,-8.796614408E-1,4.679463863E0,8.600702286E0
4.839984531E1,-8.748757839E-1,4.638486862E0,8.610273361E0
4.840981229E1,-9.299107194E-1,4.652843475E0,8.576773643E0
4.841978494E1,-1.049551845E0,4.624129772E0,8.677571297E0
4.842975244E1,-1.102193952E0,4.638486862E0,8.694320679E0
4.843970822E1,-9.921240807E-1,4.640879631E0,8.646464348E0
4.844967458E1,-8.222336769E-1,4.633700848E0,8.644071579E0
4.845965765E1,-7.432705164E-1,4.667499542E0,8.564809799E0
4.846962567E1,-8.605188727E-1,4.643272400E0,8.569595337E0
4.847958744E1,-8.629116416E-1,4.624129772E0,8.696713448E0
4.848955484E1,-7.743772268E-1,4.655535698E0,8.679964066E0
4.849951395E1,-6.906284094E-1,4.621737003E0,8.703892708E0
4.850948046E1,-6.834499836E-1,4.604987144E0,8.694320679E0
4.851945302E1,-8.150551915E-1,4.609772682E0,8.536095619E0
4.852942015E1,-9.107680917E-1,4.628915310E0,8.550452232E0
4.853938338E1,-8.653044701E-1,4.595416069E0,8.749356270E0
4.854935010E1,-8.102695942E-1,4.614558697E0,8.658429146E0
4.855931322E1,-8.389834166E-1,4.597808838E0,8.545666695E0
4.856927958E1,-9.370891452E-1,4.578666210E0,8.668000221E0
4.857923593E1,-9.466604590E-1,4.607379913E0,8.701499939E0
4.858920130E1,-9.705886841E-1,4.628915310E0,8.526524544E0
4.859915838E1,-8.892326951E-1,4.614558697E0,8.622237206E0
4.860912286E1,-7.911269665E-1,4.581058979E0,8.730213165E0
4.861911291E1,-8.341978192E-1,4.571487427E0,8.519346237E0
4.862907994E1,-8.772686124E-1,4.585844517E0,8.679964066E0
4.863903359E1,-9.155537486E-1,4.564309120E0,8.746963501E0
4.864899932E1,-8.485547304E-1,4.604987144E0,8.641678810E0
4.865897109E1,-7.241279483E-1,4.571487427E0,8.691927910E0
4.866893739E1,-7.241279483E-1,4.530809879E0,8.723034859E0
4.867888765E1,-7.384848595E-1,4.528416634E0,8.668000221E0
4.868885229E1,-7.313064337E-1,4.612165451E0,8.660821915E0
4.869883786E1,-7.863413692E-1,4.655535698E0,8.641678810E0
4.870880463E1,-8.437690735E-1,4.631308079E0,8.646464348E0
4.871877713E1,-8.365905881E-1,4.590630054E0,8.677571297E0
4.872874447E1,-8.174480200E-1,4.583451748E0,8.737391472E0
4.873869619E1,-7.791628838E-1,4.590630054E0,8.656036377E0
4.874866197E1,-7.624131441E-1,4.590630054E0,8.639286041E0
4.875864031E1,-7.289136052E-1,4.607379913E0,8.679964066E0
4.876860729E1,-7.552346587E-1,4.604987144E0,8.619844437E0
4.877856963E1,-7.552346587E-1,4.645665169E0,8.627022743E0
4.878853614E1,-7.504490018E-1,4.669892311E0,8.598309517E0
4.879848999E1,-7.360920906E-1,4.655535698E0,8.598309517E0
4.880845526E1,-7.193422914E-1,4.612165451E0,8.691927910E0
4.881845182E1,-7.600203156E-1,4.571487427E0,8.689535141E0
4.882842020E1,-8.294121623E-1,4.581058979E0,8.715856552E0
4.883837682E1,-8.174480200E-1,4.631308079E0,8.703892708E0
4.884834400E1,-7.767700553E-1,4.640879631E0,8.679964066E0
4.885830447E1,-7.624131441E-1,4.645665169E0,8.622237206E0
4.886827098E1,-7.265207767E-1,4.665106773E0,8.619844437E0
4.887823885E1,-7.552346587E-1,4.648057938E0,8.617451668E0
4.888820552E1,-7.025925517E-1,4.689034939E0,8.574380875E0
4.889817531E1,-6.448656917E-1,4.698606491E0,8.555238724E0
4.890814223E1,-7.121638656E-1,4.650450706E0,8.538488388E0
4.891811203E1,-8.605188727E-1,4.640879631E0,8.677571297E0
4.892807921E1,-8.724829555E-1,4.672285080E0,8.725427628E0
4.893804276E1,-8.700901270E-1,4.686642170E0,8.684749603E0
4.894800958E1,-8.246265054E-1,4.662714005E0,8.641678810E0
4.895797255E1,-6.978068948E-1,4.636094093E0,8.612666130E0
4.896793895E1,-6.616154313E-1,4.657928467E0,8.548059464E0
4.897792197E1,-6.858428121E-1,4.684249401E0,8.629415512E0
4.898789005E1,-7.121638656E-1,4.705784798E0,8.615058899E0
4.899784312E1,-6.978068948E-1,4.696213722E0,8.668000221E0
4.900780968E1,-6.352944374E-1,4.662714005E0,8.644071579E0
4.901777401E1,-5.874379873E-1,4.705784798E0,8.619844437E0
4.902774036E1,-5.922235847E-1,4.669892311E0,8.593523026E0
4.903769083E1,-7.576274872E-1,4.662714005E0,8.699107170E0
4.904765552E1,-8.485547304E-1,4.669892311E0,8.734998703E0
4.905764291E1,-8.078767657E-1,4.729712963E0,8.619844437E0
4.906760989E1,-6.810571551E-1,4.753641129E0,8.543273926E0
4.907758984E1,-6.041877270E-1,4.660321236E0,8.569595337E0
4.908755812E1,-6.762714982E-1,4.573880672E0,8.711071014E0
4.909749895E1,-7.456633449E-1,4.616951466E0,8.701499939E0
4.910746447E1,-8.150551915E-1,4.717749119E0,8.663214684E0
4.911745630E1,-8.485547304E-1,4.691427708E0,8.644071579E0
4.912743187E1,-8.054839373E-1,4.609772682E0,8.679964066E0
4.913739739E1,-7.600203156E-1,4.549952030E0,8.581559181E0
4.914734588E1,-7.097710371E-1,4.602594376E0,8.567202568E0
4.915730973E1,-7.073782086E-1,4.631308079E0,8.607880592E0
4.916727557E1,-7.504490018E-1,4.626522541E0,8.794819832E0
4.917723958E1,-7.648059130E-1,4.636094093E0,8.711071014E0
4.918722427E1,-7.815557122E-1,4.669892311E0,8.521739006E0
4.919719036E1,-7.504490018E-1,4.674678326E0,8.533702850E0
4.920714666E1,-6.858428121E-1,4.633700848E0,8.644071579E0
4.921711177E1,-6.667001843E-1,4.628915310E0,8.749356270E0
4.922707921E1,-7.241279483E-1,4.604987144E0,8.787641525E0
4.923704458E1,-7.767700553E-1,4.650450706E0,8.564809799E0
4.924700447E1,-7.265207767E-1,4.640879631E0,8.615058899E0
4.925696926E1,-7.241279483E-1,4.566701889E0,8.663214684E0
4.926693598E1,-7.073782086E-1,4.602594376E0,8.639286041E0
4.927690093E1,-6.930212379E-1,4.607379913E0,8.639286041E0
4.928688510E1,-7.073782086E-1,4.621737003E0,8.648857117E0
4.929685197E1,-7.097710371E-1,4.607379913E0,8.632107735E0
4.930680776E1,-7.360920906E-1,4.569094658E0,8.734998703E0
4.931677354E1,-7.815557122E-1,4.585844517E0,8.634500504E0
4.932675151E1,-7.336992621E-1,4.595416069E0,8.780462265E0
4.933671848E1,-6.041877270E-1,4.619344234E0,8.723034859E0
4.934668416E1,-5.300102234E-1,4.638486862E0,8.699107170E0
4.935665098E1,-6.376872063E-1,4.595416069E0,8.672785759E0
4.936660916E1,-6.978068948E-1,4.636094093E0,8.560024261E0
4.937657510E1,-7.097710371E-1,4.674678326E0,8.528917313E0
4.938654557E1,-7.408776879E-1,4.631308079E0,8.672785759E0
4.939651197E1,-7.241279483E-1,4.612165451E0,8.689535141E0
4.940648760E1,-6.616154313E-1,4.597808838E0,8.756534576E0
4.941645494E1,-6.786643267E-1,4.588237286E0,8.744570732E0
4.942640963E1,-7.648059130E-1,4.633700848E0,8.576773643E0
4.943637567E1,-7.743772268E-1,4.689034939E0,8.433204651E0
4.944635828E1,-6.762714982E-1,4.794319153E0,7.293622494E0
4.945632598E1,-5.706881881E-1,4.949852943E0,8.902496338E0
4.946628385E1,-6.834499836E-1,4.116552353E0,1.037258720E1
4.947625057E1,-7.193422914E-1,4.767998219E0,8.504988670E0
4.948620739E1,-6.448656917E-1,4.648057938E0,8.837890625E0
4.949617312E1,-8.868398666E-1,4.509274483E0,9.259325981E0
4.950614828E1,-7.839485407E-1,4.803890705E0,8.490632057E0
4.951611489E1,-7.767700553E-1,4.600201607E0,7.698308468E0
4.952608807E1,-7.193422914E-1,4.892425060E0,8.085946083E0
4.953605536E1,-7.935197949E-1,4.521238327E0,8.660821915E0
4.956027274E1,-2.452643216E-1,4.846961498E0,8.699107170E0
4.957027274E1,-2.452643216E-1,4.846961498E0,8.699107170E0
4.958027274E1,-2.452643216E-1,4.846961498E0,8.699107170E0
4.959022925E1,-4.271188378E-1,4.854139805E0,8.485846519E0
4.960025686E1,-2.644068897E-1,4.968995094E0,8.280063629E0
4.961019946E1,-2.763710022E-1,5.007280350E0,8.552845001E0
4.962018160E1,3.738785535E-2,5.177470207E0,8.327919960E0
4.963013712E1,1.283151209E-1,5.407180786E0,8.110173225E0
4.964010217E1,2.063809521E-2,5.423930645E0,8.318348885E0
4.965006165E1,-1.639083475E-1,5.524429321E0,8.263314247E0
4.966005430E1,-1.974078715E-1,5.574678421E0,8.014161110E0
4.967002858E1,-2.883351147E-1,5.519643784E0,8.385348320E0
4.967998811E1,2.335993052E-1,5.862116337E0,8.292027473E0
4.968992832E1,3.846462369E-1,5.986543179E0,6.687939167E0
4.969988071E1,1.115653589E-1,5.653641701E0,9.093922615E0
4.970988946E1,3.005983531E-1,5.495715618E0,7.951947689E0
4.971986545E1,1.345962752E-2,5.486144066E0,7.767700672E0
4.972980592E1,4.325026870E-1,5.380859852E0,8.974281311E0
4.973976701E1,1.785643846E-1,5.402395248E0,8.220243454E0
4.974975269E1,1.923829436E0,6.664011002E0,7.896913052E0
4.975972399E1,-3.816552162E-1,4.616951466E0,7.882555962E0
4.976968503E1,9.242277592E-2,5.040780067E0,1.068843937E1
4.977965201E1,4.444667995E-1,5.335396290E0,5.541179180E0
4.978960430E1,1.378864050E-1,4.983352184E0,9.953543663E0
4.979956509E1,2.599203587E-1,4.736891747E0,8.840283394E0
4.980952347E1,5.234299302E-1,5.636891842E0,7.233801842E0
4.981948321E1,1.091725305E-1,4.878067970E0,9.290432930E0
4.982948826E1,-4.223332107E-1,4.585844517E0,9.086744308E0
4.983946696E1,4.540380836E-1,5.567500114E0,7.497012615E0
4.984941738E1,-2.452643216E-1,4.899603367E0,8.366205215E0
4.985938420E1,-2.093719840E-1,4.942674160E0,9.683155060E0
4.986933217E1,1.067797095E-1,5.385645390E0,7.343871593E0
4.987929102E1,-1.085743308E-1,5.114957333E0,9.154042244E0
4.988927425E1,-5.850451589E-1,4.681856632E0,8.770891190E0
4.989924332E1,-1.926222295E-1,5.316253662E0,7.719843864E0
4.990921654E1,-4.965106845E-1,4.851747036E0,8.213064194E0
4.991918727E1,-2.476571500E-1,5.095814705E0,8.892925262E0
4.992914003E1,1.737787426E-1,5.639284611E0,7.556832790E0
4.993910321E1,-1.591227055E-1,5.285147190E0,8.347063065E0
4.994907451E1,-5.180460811E-1,5.055137157E0,9.043673515E0
4.995904102E1,-2.811566591E-1,5.354538918E0,7.693522930E0
4.996901889E1,-2.243271284E-2,5.433502197E0,8.387741089E0
4.997898654E1,6.370890141E-2,5.438287735E0,8.160422325E0
4.998893956E1,-4.366901219E-1,5.100600719E0,7.492226601E0
4.999890576E1,-3.077469110E0,2.591726065E0,9.917651176E0
5.000887149E1,8.536394835E-1,6.656832695E0,7.152445793E0
5.001883758E1,-1.519442350E-1,5.811867237E0,4.724628448E0
5.002881420E1,-1.291526079E0,5.538786411E0,1.367169094E1
5.003878139E1,-1.664806366E0,5.617749214E0,4.470989227E0
5.004874232E1,-2.038385868E0,5.059922695E0,8.564809799E0
5.005870884E1,-2.086242199E0,3.922733545E0,1.133988571E1
5.006868514E1,-8.126623631E-1,6.099005699E0,4.729413986E0
5.007865264E1,-2.500499785E-1,5.708975792E0,7.516155243E0
5.008860967E1,8.673981763E-3,4.964209557E0,9.687940598E0
5.009857608E1,1.522433460E-1,6.822236538E0,4.655236244E0
5.010854253E1,-4.151547253E-1,6.201897144E0,6.264110565E0
5.011850894E1,4.229314029E-1,5.493322372E0,9.934401512E0
5.012847378E1,2.058126688E0,6.144469261E0,6.783652306E0
5.013844003E1,1.493121386E0,5.807081223E0,8.560024261E0
5.014840118E1,1.737189293E0,5.993721485E0,8.842676163E0
5.015836686E1,1.629512191E0,6.848557472E0,6.120541096E0
5.016834274E1,8.632107973E-1,5.852545261E0,8.600702286E0
5.017830951E1,-5.132604837E-1,4.945066929E0,1.059033394E1
5.018827894E1,-1.284347534E0,5.541179180E0,9.067601204E0
5.019824592E1,-2.397608280E0,5.742475033E0,7.092625618E0
5.020818748E1,-2.172383785E0,4.758427143E0,7.384549618E0
5.021815191E1,-2.495713949E0,3.860520124E0,9.453145027E0
5.022813566E1,-1.346560955E0,4.492524624E0,8.938388824E0
5.023810201E1,-1.729711652E0,5.378467083E0,9.295218468E0
5.024807566E1,-1.901994944E0,5.227719307E0,1.008514881E1
5.025804279E1,-2.038385868E0,5.055137157E0,9.707083702E0
5.026802915E1,-1.494915962E0,4.576273441E0,8.071588516E0
5.027799821E1,-1.468594909E0,4.504488468E0,7.636095047E0
5.028794154E1,-4.606183469E-1,4.933103085E0,6.099005699E0
5.029790795E1,-3.960121572E-1,5.258825779E0,7.652844906E0
5.030787508E1,-4.103690982E-1,5.289932728E0,1.019312572E1
5.031784154E1,-7.408776879E-1,5.634499073E0,1.172513008E1
5.032786764E1,-1.118943691E0,5.981757641E0,9.594321251E0
5.033784014E1,-6.071787328E-2,6.508477688E0,6.261717796E0
5.034774363E1,1.522433460E-1,5.775974751E0,6.012565136E0
5.035770915E1,8.045866340E-2,4.988137722E0,6.517749786E0
5.036767149E1,-2.141576260E-1,4.657928467E0,8.100302696E0
5.037763665E1,1.977069676E-1,5.428716183E0,1.191924763E1
5.038761805E1,2.168495506E-1,6.463014126E0,1.102851963E1
5.039758488E1,-4.797609448E-1,7.392027378E0,7.080661297E0
5.040753774E1,-8.796614408E-1,5.747261047E0,6.108577251E0
5.041750316E1,-1.590628862E0,3.963411570E0,1.099262714E1
5.042747712E1,-2.158026934E0,3.592225075E0,8.363812447E0
5.043744337E1,-3.302693367E0,4.497310162E0,7.858627796E0
5.044740243E1,-3.625724554E0,4.490131855E0,1.090170002E1
5.045736795E1,-4.420739651E0,5.476572990E0,6.601797581E0
5.046734436E1,-5.282454967E0,5.988935947E0,4.794020176E0
5.047731092E1,-4.638486862E0,5.064708233E0,9.136993408E0
5.048727982E1,-4.276871204E0,4.918745995E0,9.331110954E0
5.049724665E1,-3.350549936E0,5.591428280E0,5.916851997E0
5.050720436E1,-1.595414519E0,4.827818871E0,7.772486210E0
5.051717024E1,-1.011266708E0,4.727320194E0,1.193839073E1
5.052715134E1,-6.113662124E-1,5.857330799E0,7.331907749E0
5.053711873E1,-1.830509305E-1,6.585047722E0,5.916851997E0
5.054708415E1,5.569294691E-1,5.282754421E0,7.281658173E0
5.055705139E1,-3.792623878E-1,4.571487427E0,8.232207298E0
5.056700170E1,-6.209374666E-1,4.803890705E0,8.097909927E0
5.057696717E1,-7.983054519E-1,5.333003521E0,8.344670296E0
5.058694149E1,-2.052742720E0,5.337789059E0,7.640881062E0
5.059690785E1,-2.974577665E0,4.945066929E0,9.936794281E0
5.060687680E1,-4.078267097E0,4.980959415E0,9.766903877E0
5.061684347E1,-4.123730659E0,6.039185047E0,5.799603939E0
5.062680269E1,-2.205883265E0,5.079065323E0,5.682355404E0
5.063676858E1,-1.396810174E0,4.025625229E0,6.343073845E0
5.064674186E1,-9.969097376E-1,4.583451748E0,6.604190350E0
5.065670842E1,-8.126623631E-1,6.099005699E0,6.022136211E0
5.066668045E1,4.301098585E-1,6.307480335E0,6.599404812E0
5.067664764E1,2.046162367E0,5.440680504E0,1.207956696E1
5.068660332E1,2.965305567E0,6.477370739E0,8.064410210E0
5.069656930E1,4.062115669E0,8.047960281E0,4.102195263E0
5.070655066E1,3.408276796E0,6.738487720E0,7.164410114E0
5.071651816E1,2.259123564E0,6.072684765E0,6.975078106E0
5.072648399E1,2.575275421E0,5.447858810E0,6.264110565E0
5.073645134E1,2.218445778E0,5.122136116E0,1.015454102E1
5.074640665E1,1.713261008E0,5.689534187E0,6.802794933E0
5.075637274E1,2.982055247E-1,4.332205296E0,7.034898758E0
5.076635243E1,-1.078265667E0,2.756830692E0,1.663101387E1
5.077631988E1,-2.198704958E0,5.062315464E0,8.857032776E0
5.078628326E1,-2.811865807E0,6.084649086E0,2.708675146E0
5.079625029E1,-3.213859797E0,3.546761274E0,1.645873070E1
5.080620326E1,-2.598605394E0,3.561118364E0,1.249143124E1
5.081616884E1,-2.517249346E0,4.660321236E0,2.435893536E0
5.082615191E1,-1.784746647E0,1.607677698E0,1.263260841E1
5.083611925E1,-1.540379524E0,3.072683334E0,1.139013481E1
5.084607196E1,1.283151209E-1,6.240481377E0,5.426024437E0
5.085603785E1,7.100701332E-1,4.968995094E0,1.329332638E1
5.086601222E1,2.055733681E0,4.389633179E0,9.424430847E0
5.087597894E1,5.569294691E-1,4.789533615E0,3.951447487E0
5.088597217E1,-4.917250574E-1,3.894019842E0,1.224945736E1
5.089594154E1,-2.239681959E0,4.660321236E0,8.528917313E0
5.090590665E1,-2.234896421E0,4.746462822E0,5.493023396E0
5.091587555E1,-2.411965132E0,3.266801119E0,1.058076286E1
5.092583508E1,-2.816651344E0,3.087040424E0,7.810771465E0
5.093580305E1,-3.048755169E0,3.051147938E0,8.177172661E0
5.094576706E1,-3.518047571E0,3.736093521E0,1.020269680E1
5.095573467E1,-2.313859463E0,4.811069012E0,4.648057938E0
5.096570628E1,-3.151646614E0,4.284348965E0,5.876173973E0
5.097567425E1,-3.491726398E0,3.786342621E0,1.010429192E1
5.098563482E1,-3.625724554E0,5.376074314E0,6.326323986E0
5.099560206E1,-2.814258575E0,5.040780067E0,6.271288872E0
5.100557014E1,-1.667199135E0,3.525225878E0,1.118405342E1
5.101553743E1,-1.482951880E0,5.129314423E0,6.637690067E0
5.102550727E1,-1.820638895E0,6.118148327E0,4.221836567E0
5.103547477E1,-2.009671926E0,5.380859852E0,8.394919395E0
5.104541769E1,-2.344966173E0,5.373681545E0,5.098207951E0
5.105538269E1,-2.373680115E0,5.376074314E0,6.874579430E0
5.106536373E1,-1.708176255E0,4.746462822E0,1.093998528E1
5.107533040E1,-1.942672849E0,5.502893925E0,9.223434448E0
5.108528623E1,-4.941178858E-1,5.874080658E0,5.974279881E0
5.109525175E1,-3.918246925E-2,4.219742775E0,1.086820030E1
5.110521670E1,-7.648059130E-1,5.000102043E0,1.272353554E1
5.111518217E1,-6.071787328E-2,6.666403770E0,4.975874901E0
5.112515904E1,7.555337548E-1,4.890032291E0,9.534501076E0
5.113512561E1,9.089735150E-1,2.594118834E0,1.087537861E1
5.114508082E1,3.611965895E0,5.486144066E0,5.852245808E0
5.115504623E1,2.783450842E0,7.552346706E0,5.646463394E0
5.116501982E1,2.034198284E0,8.416753769E0,7.794021606E0
5.117498608E1,4.181457460E-1,6.587440968E0,1.736590958E1
5.118495587E1,6.454638839E-1,4.997709274E0,1.371715450E1
5.119492243E1,2.721237659E0,7.097411156E0,1.825125456E0
5.120488410E1,4.023830414E0,4.348955154E0,5.871388435E0
5.121485014E1,3.583251953E0,3.314059377E-1,1.215135193E1
5.122480977E1,1.720439434E0,3.606581926E0,9.141778946E0
5.123477519E1,1.485942841E0,7.506882668E0,6.280860424E0
5.124475925E1,2.144268274E0,7.224230766E0,7.310372353E0
5.125472654E1,1.557727575E0,6.836593628E0,9.388538361E0
5.126469305E1,6.837490797E-1,7.480561733E0,1.820339799E0
5.127466029E1,1.514656782E0,5.122136116E0,1.726062584E1
5.128461154E1,1.145862937E0,3.565903902E0,2.791018295E1
5.129457712E1,2.122732878E0,9.168398857E0,-2.172981977E0
5.130456332E1,1.509871125E0,4.684249401E0,2.088634968E0
5.131453097E1,4.301098585E-1,-2.747558594E0,2.698834801E1
5.132449597E1,-2.912364244E0,4.499702930E0,7.482655525E0
5.133446337E1,-7.145566344E-1,1.011655521E1,-6.386742592E0
5.134442118E1,-3.768695593E-1,4.118945122E0,1.179960632E1
5.135438758E1,-4.989035130E-1,3.518047571E0,5.299204826E0
5.136436951E1,-5.443671346E-1,7.423133850E0,-5.584847927E0
5.137433743E1,-2.543570518E0,5.215754986E0,1.018564796E1
5.138428930E1,-2.560320139E0,3.513261795E0,1.183071327E1
5.139425561E1,-1.449452281E0,2.182254314E0,3.484548092E0
5.140421925E1,-1.296311617E0,9.059824944E-1,1.903011894E1
5.141418529E1,-1.624128342E0,3.815056562E0,1.138056374E1
5.142415852E1,-2.088634968E0,5.819045544E0,1.150050402E0
5.143412529E1,-1.583450437E0,-6.741777658E-1,1.375304699E1
5.144409295E1,-2.285145521E0,-5.736792088E-1,9.221040726E0
5.145405977E1,-2.569891453E0,2.919542789E0,4.446761608E0
5.146402446E1,-3.046362400E0,3.123231649E0,1.269721413E1
5.147399102E1,2.134696960E0,6.118148327E0,8.991030693E0
5.148396436E1,-2.574677229E0,5.842973709E0,7.085446835E0
5.149393165E1,-3.862913132E0,8.220243454E0,1.249382401E1
5.150389654E1,-2.447857618E0,9.314361572E0,-2.972783089E0
5.151386352E1,-1.341775298E0,5.273182869E0,5.790032387E0
5.152382394E1,-1.698305845E0,1.411167145E0,2.515664101E1
5.153379029E1,-3.616153240E0,1.329811215E0,5.857031822E0
5.154375686E1,-2.086242199E0,5.268397331E0,4.880161762E0
5.155372321E1,-1.631306887E0,4.293920040E0,1.290808201E1
5.156370227E1,-2.574677229E0,5.423930645E0,7.609774113E0
5.157366993E1,-3.331407309E0,5.938686848E0,8.172386169E0
5.158362248E1,-3.043969393E0,5.600999832E0,1.263260841E1
5.159358858E1,-2.246860504E0,6.704689026E0,3.728615999E0
5.160356321E1,-1.135693431E0,7.030412197E0,2.009671926E0
5.161353014E1,-7.815557122E-1,2.821436882E0,6.623332977E0
5.162350040E1,-9.801599979E-1,2.677867651E0,4.319941998E0
5.163346769E1,-1.358525038E0,4.179064751E0,6.951149940E0
5.164343316E1,-6.233302951E-1,5.471786976E0,1.946082687E1
5.165340019E1,-2.356930375E-1,5.603392601E0,8.598309517E0
5.166336920E1,-1.700698733E0,5.969793320E0,-2.077269077E0
5.167333649E1,-9.107680917E-1,5.422734022E-1,1.730369759E1
5.168330014E1,-7.863413692E-1,-6.885347366E-1,2.242493629E1
5.169326701E1,-1.229312658E0,7.341778278E0,8.973084623E-4
5.170322295E1,4.971089065E-1,6.929913521E0,4.845465720E-1
5.171318873E1,7.411768436E-1,1.042672515E0,1.064776134E1
5.172317243E1,-3.170489967E-1,1.672283888E0,1.173948669E1
5.173314003E1,3.412763178E-1,5.126921654E0,7.660023689E0
5.174310738E1,8.799605370E-1,8.086244583E0,7.987840176E0
5.175307488E1,1.026221752E0,6.391229153E0,4.284049988E0
5.176302087E1,1.749153376E0,3.980161428E0,7.169195652E0
5.177298623E1,8.285148442E-2,5.907579899E0,8.442775726E0
5.178297717E1,8.656035662E-1,8.452646255E0,3.494119167E0
5.179294508E1,1.253539920E0,5.723332882E0,8.426025391E0
5.180289410E1,1.430907965E0,5.258825779E0,1.494796276E1
5.181286009E1,2.089233160E0,7.787142277E0,5.946164131E-1
5.182282514E1,1.047757268E0,7.078268528E0,6.311966896E0
5.183279102E1,4.516452849E-1,4.959424019E0,1.123938751E1
5.184275592E1,2.455634177E-1,5.598606586E0,6.125326633E0
5.185272170E1,2.620738983E0,5.347360611E0,1.044197845E1
5.186267826E1,1.203290701E0,5.895616055E0,9.750154495E0
5.187264311E1,1.011864901E0,6.637690067E0,4.461118698E0
5.188262545E1,3.652045429E-1,5.871687889E0,6.268896103E0
5.189259201E1,7.124629617E-1,8.210671425E0,6.750152588E0
5.190254436E1,-4.965106845E-1,7.796713352E0,-3.580859184E0
5.191250951E1,-1.332203984E0,1.641177177E0,2.387827682E1
5.192251441E1,-5.539384484E-1,2.586940289E0,2.377059937E1
5.193248358E1,1.107577801E0,8.012067795E0,-3.966103494E-1
5.194243540E1,9.879366755E-1,8.107780457E0,1.057597733E1
5.195240279E1,2.982055247E-1,5.227719307E0,9.668798447E0
5.196234696E1,-1.346560955E0,3.233301640E0,3.024827003E0
5.197231201E1,5.641079545E-1,-4.585246444E-1,1.973869324E1
5.198230165E1,5.928218365E-1,2.285145521E0,6.106184483E0
5.199226915E1,1.977069676E-1,7.971389771E0,2.473580390E-1
5.200222066E1,-2.347358942E0,1.009501934E1,1.118405342E1
5.201218654E1,-1.703091502E0,1.065284634E1,9.993025661E-1
5.202216863E1,-1.274776220E0,5.979364872E0,-1.821237087E0
5.203213618E1,-2.428714991E0,-2.804986238E0,2.554218483E1
5.204210686E1,-1.145264745E0,-1.308574915E0,2.077777672E1
5.205207467E1,-1.619342685E0,8.102994919E0,1.789233088E0
5.206205212E1,-2.936292410E0,7.106982231E0,7.348657608E0
5.207202092E1,-3.520440340E0,2.024028778E0,1.793091583E1
5.208196087E1,-4.013660908E0,6.116653085E-1,5.792425632E0
5.209192675E1,-2.914757013E0,9.059824944E-1,1.628136253E1
5.210191706E1,-2.907578707E0,4.540380955E0,1.465573978E1
5.211188540E1,-2.895614386E0,9.606584549E0,-1.794916034E0
5.212183566E1,-2.914757013E0,5.639284611E0,2.471785784E0
5.213180212E1,-3.218645573E0,-2.273181453E-2,1.392802238E1
5.214176904E1,-2.225025892E0,3.807878017E0,5.715855122E0
5.215173555E1,-1.703091502E0,6.970591545E0,5.854638577E0
5.216170545E1,-2.792723179E0,9.300004005E0,6.422036648E0
5.217167227E1,-2.917150021E0,9.850652695E0,-5.905486107E0
5.218163206E1,-1.418345571E0,6.020939946E-1,9.893723488E0
5.219159816E1,-7.313064337E-1,-2.024926096E-1,2.688545609E1
5.220158170E1,-6.616154313E-1,1.100489044E1,-3.556930780E0
5.221154956E1,7.387840152E-1,1.074616623E1,-8.804988861E0
5.222152910E1,-9.182456881E-2,2.737688303E0,1.935314941E1
5.223149816E1,1.824527234E-2,1.825424552E0,1.379133224E1
5.224145748E1,9.376873970E-1,6.479763508E0,-3.214458227E0
5.225142550E1,1.284646630E0,6.427121639E0,1.263260841E1
5.226137472E1,1.306182027E0,7.197909832E0,3.335893869E0
5.227134087E1,1.591227055E0,4.114159584E0,8.368597984E0
5.228128649E1,1.423729420E0,2.761616468E0,2.383999062E1
5.229125050E1,1.325324655E0,6.623332977E0,-2.891427040E0
5.230127321E1,3.396312714E0,6.281159401E0,4.374977112E0
5.231124321E1,4.330111504E0,5.311468124E0,1.572353649E1
5.232118842E1,3.521038532E0,5.129314423E0,4.677968323E-1
5.233115587E1,2.417049885E0,5.581857204E0,1.054008484E1
5.234111779E1,2.721237659E0,5.452644825E0,6.642475605E0
5.235108472E1,1.849651933E0,6.496513367E0,2.342274189E0
5.236106373E1,5.641079545E-1,2.160718918E0,1.834756660E1
5.237103180E1,-2.500499785E-1,6.652047157E0,1.434437370E1
5.238097691E1,4.516452849E-1,9.762118340E0,-7.622336388E0
5.239094269E1,9.640084505E-1,7.552346706E0,7.731808186E0
5.240088503E1,-5.036891699E-1,2.306680918E0,1.577617836E1
5.241084837E1,-2.687139750E0,6.884449959E0,8.171489239E-1
5.242083785E1,-9.873384237E-1,4.018446445E0,6.242575169E0
5.243080389E1,-1.356132269E0,-2.551347017E-1,3.416621780E1
5.244078811E1,-1.526022673E0,7.380063057E0,5.495416164E0
5.245075597E1,-1.415952802E0,1.009262657E1,-1.654307938E1
5.246072493E1,-6.954140663E-1,-1.570289880E-1,9.699904442E0
5.247069290E1,-3.958626032E0,-2.373979092E0,3.329941559E1
5.248065430E1,-3.620938778E0,5.476572990E0,3.879363775E0
5.249062160E1,-5.821139336E0,1.353559971E1,-8.239983559E0
5.250060045E1,-2.404786795E-1,1.681855202E0,5.081458092E0
5.251056889E1,-2.196312189E0,-5.759523869E0,3.140549850E1
5.252053066E1,-1.842174292E0,4.973781109E0,9.371788979E0
5.253049842E1,-1.085444212E0,1.006152058E1,-8.883952141E0
5.254044712E1,-2.411965132E0,4.095016956E0,1.958794594E1
5.255041290E1,-2.254039049E0,5.925226808E-1,1.366211987E1
5.256044347E1,-2.040778637E0,6.005685806E0,-2.067697763E0
5.257041587E1,-3.200400248E-2,6.786344051E0,1.797398567E1
5.258036842E1,1.081256747E0,5.285147190E0,6.740581512E0
5.259033873E1,-2.333002090E-1,4.947459698E0,1.209153080E1
5.260026243E1,1.389930844E0,2.206182480E0,1.508674717E1
5.261022800E1,6.167500615E-1,4.968995094E0,1.133510017E1
5.262018311E1,5.330012441E-1,3.345764160E0,7.944769382E0
5.263014764E1,-7.839485407E-1,2.428714991E0,1.129202938E1
5.264011378E1,5.688936114E-1,5.898008823E0,1.619342685E0
5.265007847E1,6.454638839E-1,8.986544609E0,5.366203785E0
5.266004904E1,7.746763229E-1,4.887639523E0,1.904208183E1
5.267001436E1,-1.176371455E0,2.775973320E0,1.501256943E1
5.268000061E1,7.124629617E-1,6.757630348E0,3.611367464E0
5.268996800E1,1.406680584E0,8.981759071E0,-3.873082638E0
5.269991227E1,-1.059123158E0,5.648856163E0,9.594321251E0
5.270987732E1,-6.185446382E-1,4.791926384E0,1.443560028E1
5.271983519E1,-1.387238979E0,5.112564564E0,2.236989975E0
5.272979951E1,-8.054839373E-1,3.209373474E0,1.256321621E1
5.273977514E1,-1.600200176E0,4.344169617E0,1.135902786E1
5.274974055E1,-1.234098315E0,7.767700672E0,3.048755169E0
5.275970550E1,1.824527234E-2,2.831008196E0,9.304789543E0
5.276967087E1,-2.088634968E0,3.422334671E0,1.303490162E1
5.277965477E1,-1.866102576E0,5.656034470E0,-2.137089729E0
5.278962201E1,-1.638485312E0,3.233301640E0,1.262303638E1
5.279958394E1,-2.694318295E0,2.948256493E0,1.067168999E1
5.280955066E1,-3.451048374E0,7.650452137E0,2.234298140E-1
5.281952165E1,-1.954637051E0,5.347360611E0,8.416454315E0
5.282948878E1,-2.462214470E0,5.136492729E0,1.687986755E1
5.283943321E1,-2.428714991E0,6.630511761E0,2.945863724E0
5.284939805E1,-3.984946966E0,4.164707661E0,1.038215828E1
5.285937608E1,-3.197110176E0,1.427916884E0,1.765574074E1
5.286934222E1,-2.026421785E0,7.846962929E0,9.754940033E0
5.287932722E1,-3.720839322E-1,1.564606905E0,-3.367897868E-1
5.288929524E1,-2.462214470E0,-2.647060156E-1,2.712473869E1
5.289925279E1,-2.083849430E0,7.037590504E0,-9.657432556E0
5.290921972E1,-1.128515005E0,1.108863926E1,-2.023729706E1
5.291917571E1,-2.277967215E0,5.172385216E0,2.181925201E1
5.292914154E1,-3.156432152E0,-8.618049622E0,5.621907043E1
5.293912811E1,-2.612962246E0,3.427120209E0,2.270758820E1
5.294909602E1,1.792224169E0,1.395195103E1,-1.322961712E1
5.295904092E1,2.656631231E0,2.661117792E0,8.935996056E0
5.296900649E1,-1.794317842E0,7.466204643E0,1.408116341E1
5.297898634E1,9.735797048E-1,1.804128456E1,-2.538485718E1
5.298895332E1,1.689332843E0,1.160578823E1,-3.116202927E1
5.299891472E1,-1.018445134E0,4.537988186E0,1.648026657E1
5.300888113E1,-1.909173369E0,3.010469913E0,3.326113129E1
5.301884795E1,-8.485547304E-1,7.794320583E0,-5.670989513E0
5.302881441E1,9.951151013E-1,5.787939072E0,2.452703094E1
5.303877462E1,2.048555374E0,1.552642822E0,1.990140533E1
5.304874045E1,7.172485590E-1,5.435894966E0,1.583450437E0
5.305871910E1,2.189731836E0,4.576273441E0,7.858627796E0
5.306868623E1,5.090730190E-1,5.486144066E0,1.277139187E1
5.307864758E1,1.502692580E0,6.855735779E0,-7.423433304E0
5.308861410E1,1.174576759E0,7.825427532E0,-1.030857944E1
5.309858118E1,2.542374097E-2,5.172385216E0,-7.749754190E-1
5.310854774E1,-7.001997232E-1,4.796711922E0,-8.366803169E0
5.311850842E1,-2.771187782E0,2.464607239E0,9.129815102E0
5.312847436E1,-1.296311617E0,-3.041875839E0,5.990610886E1
5.313844956E1,-4.185944080E0,2.606082916E0,5.080590439E1
5.314841644E1,4.660620213E0,1.249173069E1,-6.509075642E0
5.315838243E1,5.290231705E0,6.106184483E0,-1.536760426E1
5.316834920E1,-2.510071039E0,-4.612464905E0,1.345155144E1
5.317832035E1,-3.008077145E0,4.037589073E0,6.134898186E0
5.318828759E1,-2.213061810E0,1.091874886E1,-2.134816551E1
5.319824910E1,-3.683152199E0,6.838986397E0,3.213859797E0
5.320821576E1,-3.020041227E0,-1.267896891E0,5.072185898E1
5.321818660E1,-2.169991016E0,9.036793709E0,7.844270706E0
5.322815363E1,-6.810571551E-1,1.134706402E1,-3.009423065E1
5.323812467E1,-2.687139750E0,4.564309120E0,1.551536083E1
5.324809212E1,-2.009671926E0,-5.159524083E-1,4.735575485E1
5.325805227E1,-2.373680115E0,1.169910812E1,-1.225992584E1
5.326801899E1,-3.409772217E-1,5.979364872E0,-7.926225185E0
5.327798628E1,-3.561118364E0,-6.311069727E-1,4.494468689E1
5.328795305E1,-2.500499785E-1,1.590927958E0,7.782057285E0
5.329794196E1,8.297112584E-1,1.001366329E1,-1.667468452E1
5.330791092E1,3.652045429E-1,5.871687889E0,1.676740646E1
5.331787894E1,2.958126962E-1,6.213861465E0,9.359825134E0
5.332784779E1,4.971089065E-1,6.738487720E0,-1.661725616E1
5.333780503E1,1.363609791E0,2.840579510E0,3.308166885E1
5.334777274E1,1.179362416E0,-2.115554333E0,3.544936752E1
5.335774212E1,1.076471090E0,5.711368561E0,-3.899403572E0
5.336770998E1,3.410669565E0,7.748558044E0,-5.473581553E-1
5.337767821E1,-4.151547253E-1,9.242576599E0,-6.326921940E0
5.338764608E1,-4.396811500E-2,-7.339983582E-1,-1.097408295E1
5.339760170E1,-1.279561877E0,-5.385944843E0,3.075435066E1
5.340756837E1,-2.948256493E0,4.210171223E0,2.711516762E1
5.341754649E1,-3.022433996E0,1.542921925E1,-1.472572994E1
5.342751425E1,-6.496513486E-1,7.114161015E0,3.958626032E0
5.343747524E1,-8.270193338E-1,9.690931439E-2,3.226272583E1
5.344744227E1,-9.466604590E-1,4.162314892E0,-2.659024239E0
5.345739456E1,-7.289136052E-1,3.975375652E0,-1.295175076E1
5.346736014E1,-3.074777126E-1,-6.963712215E0,2.655255508E1
5.347732483E1,-3.170489967E-1,-6.669095993E0,3.740310669E1
5.348729029E1,9.783653617E-1,6.472585201E0,-2.896212816E0
5.349726394E1,-1.008873820E0,1.648983765E1,1.834696770E0
5.350723024E1,-2.600998163E0,1.482353592E1,6.585047722E0
5.351719311E1,-3.343371391E0,1.182832050E1,-2.877070189E0
5.352715904E1,-2.617748022E0,-4.441677034E-1,1.446670628E1
5.353712243E1,-1.767996788E0,1.152742267E0,1.847199249E1
5.354708811E1,-4.396811500E-2,3.819842339E0,-1.305224895E1
5.355705930E1,-2.617748022E0,2.028814554E0,1.450020599E1
5.356702555E1,-1.906780601E0,3.553341627E-1,3.245654678E1
5.357699477E1,-4.650450706E0,1.166800117E1,-5.060520649E0
5.358696128E1,-2.763710022E-1,6.996912479E0,-2.115674019E1
5.359692488E1,-4.102195263E0,2.232503414E0,7.506583691E0
5.360689113E1,-1.633699656E0,4.715356350E0,3.316542053E1
5.361686118E1,-4.773681164E-1,7.933104515E0,1.428455257E1
5.362682774E1,3.506681681E0,7.698308468E0,2.857089996E1
5.363678529E1,-3.556332588E0,1.088734341E1,6.113662124E-1
5.364675097E1,-2.452643216E-1,4.985744953E0,-1.237238884E1
5.365672675E1,1.307079345E-1,-3.089732170E0,1.310429287E1
5.366669347E1,-1.823031783E0,3.333800077E0,2.191975021E1
5.367665915E1,-1.310668588E0,9.563513756E0,1.772483349E0
5.368662571E1,-1.480558991E0,8.675178528E0,1.596790409E1
5.369659800E1,1.780260086E0,-1.986042738E0,1.931965065E1
5.370656514E1,-2.021935135E-1,-7.567301393E-2,2.245604324E1
5.371652821E1,-1.145264745E0,1.405274868E1,3.108575821E0
5.372649493E1,-1.126122117E0,1.035823059E1,-1.684696770E1
5.373645571E1,7.674978375E-1,-2.012363911E0,1.387238979E0
5.374642180E1,6.610172242E-2,-1.770688772E0,2.937758064E1
5.375640363E1,-2.734996319E0,9.510871887E0,-1.018415260E1
5.376637134E1,-8.078767657E-1,7.789535046E0,-6.374778748E0
5.377632701E1,-2.620140910E-1,-1.555334684E-2,4.569902420E1
5.378629347E1,-3.409772217E-1,2.821436882E0,1.631725502E1
5.379625873E1,-5.467599630E-1,1.101685429E1,-1.993789482E1
5.380622508E1,4.372883439E-1,5.917151451E0,-7.193722248E0
5.381620165E1,5.665007830E-1,1.018744230E0,9.759725571E0
5.382616899E1,-3.816552162E-1,5.404788017E0,2.452643156E0
5.383612029E1,-1.372882009E0,9.467801094E0,1.921137452E0
5.384608602E1,-2.340180635E0,8.093423843E0,1.001097202E1
5.385607232E1,-1.636092424E0,2.553141832E0,1.128245831E1
5.386604014E1,4.588237405E-1,-3.197409213E-1,2.809442902E1
5.387599800E1,4.085744619E-1,2.328216314E0,1.632204056E1
5.388596477E1,-7.360920906E-1,1.023380375E1,-2.192124605E0
5.389593462E1,-2.979064286E-1,7.796713352E0,-8.464909554E0
5.390590165E1,1.674975872E0,2.258824587E0,4.272085667E0
5.391587279E1,-1.157527938E-1,1.444666624E0,1.565414524E1
5.392584024E1,-3.642474174E0,7.480561733E0,-1.821237087E0
5.393579003E1,-1.087836981E0,5.615356445E0,3.235395432E0
5.394575571E1,-1.518844128E0,9.295218468E0,3.484548092E0
5.395573920E1,1.964806437E0,1.055713367E1,-1.877917099E1
5.396570665E1,8.285148442E-2,7.193123817E0,-1.246570873E1
5.397566441E1,-1.183549881E0,3.147160053E0,2.802264595E1
5.398563087E1,4.779663086E-1,-9.817452431E0,6.180720520E1
5.399565295E1,7.220342159E-1,6.680760860E0,4.204309082E1
5.400562503E1,2.673381090E0,1.838375664E1,-1.930349922E1
5.401553071E1,1.585244946E-2,5.792724609E0,-6.461219311E0
5.402549602E1,1.636690736E0,-4.413860321E0,3.077588654E1
5.403546227E1,1.739582062E0,3.409772217E-1,2.962613583E0
5.404542769E1,-6.113662124E-1,9.482157707E0,1.923530340E0
5.405541191E1,-2.548356056E-1,4.459024906E0,2.564507675E1
5.406537920E1,1.430907965E0,-4.082753658E-1,4.043421555E1
5.407532920E1,2.213660002E0,3.419941664E0,6.039185047E0
5.408529472E1,-1.418345571E0,1.023141098E1,-1.487677670E1
5.409526618E1,-1.370489120E0,7.430312634E0,-3.300599813E0
5.410523227E1,-2.242074728E0,6.410371780E0,3.881756544E0
5.411518602E1,-1.394417405E0,1.171107197E1,-1.250160122E1
5.412515087E1,-2.309073806E-1,6.523432732E-1,-7.248756886E0
5.413514290E1,-3.281157970E0,-5.934200287E0,5.003960419E1
5.414511050E1,-3.489333630E0,-2.254338026E0,2.873122025E1
5.415506358E1,4.683950245E-1,1.165364456E1,-1.103868866E1
5.416502967E1,3.497110367E0,1.815853238E0,1.195513964E0
5.417500613E1,1.438086390E0,-4.232006073E0,2.204178429E1
5.418497332E1,5.497509837E-1,2.606082916E0,-2.670988321E0
5.419493378E1,-1.974078715E-1,7.578667641E0,-3.324527979E0
5.420490024E1,-1.396810263E-1,5.402395248E0,2.285833549E1
5.421487123E1,1.495514181E-3,7.020840645E0,1.760070610E1
5.422483816E1,2.431406975E0,9.070293427E0,2.682354212E0
5.423480430E1,1.856830359E0,3.474976778E0,1.140209866E1
5.424477113E1,-1.552343726E0,8.222336769E-1,1.411466217E1
5.425473358E1,1.187438220E-1,-6.669993401E-1,1.619522095E1
5.426469993E1,1.047757268E0,-8.871390224E-1,1.966451645E1
5.427467295E1,3.699901998E-1,3.195016384E0,1.949671936E1
5.428463998E1,1.651047587E0,1.968993902E0,6.544370055E-1
5.429460915E1,2.599203587E-1,1.583749533E0,1.236221886E1
5.430457639E1,-5.587241054E-1,1.949851394E0,2.387737989E0
5.431454186E1,-5.579464436E0,1.638933945E1,-1.542503166E1
5.432450889E1,-2.057528257E0,2.795564651E1,-2.902882767E1
5.433447186E1,8.946165442E-1,1.605165291E1,-2.109691811E1
5.434443852E1,-3.096611500E0,-3.789034605E0,4.386731720E1
5.435440524E1,-4.892425060E0,-6.585347176E0,5.916164398E1
5.436437191E1,-2.416750908E0,9.189934731E0,-7.524230957E0
5.437434842E1,-1.447059512E0,9.484550476E0,-1.564517212E1
5.438431608E1,-7.986045629E-2,7.475776196E0,2.115614128E1
5.439426811E1,4.875376225E-1,4.145565033E0,2.387737989E0
5.440423415E1,1.115653589E-1,3.264408350E0,-5.397908688E0
5.441420722E1,-8.461619020E-1,1.882852316E0,3.351955795E1
5.442417399E1,-1.308275819E0,6.161219120E0,1.448584938E1
5.443413878E1,-3.864408433E-1,8.756534576E0,-6.822535515E0
5.444410529E1,-1.564307809E0,-3.293122053E-1,2.172593307E1
5.445407477E1,-2.447857618E0,4.830211639E0,1.277139187E1
5.446404160E1,-2.572284341E-1,9.833903313E0,-1.694058609E1
5.447401446E1,-2.021935135E-1,5.404788017E0,4.190729618E0
5.448398186E1,-4.510470629E-1,-3.771686554E-1,3.526990509E1
5.449394774E1,-9.777671695E-1,5.057529926E0,6.381359100E0
5.450391498E1,1.698904037E0,5.828616619E0,-6.981059909E-1
5.451388076E1,2.766701281E-1,3.233301640E0,2.253500557E1
5.452384790E1,-1.712961912E0,4.389633179E0,3.094218731E0
5.453383217E1,-2.356930375E-1,5.567500114E0,3.968197346E0
5.454380097E1,7.938188910E-1,1.035493970E0,1.680569077E1
5.455374811E1,-1.813460469E0,7.075875759E0,3.345465183E0
5.456371467E1,-1.274776220E0,7.114161015E0,-9.259924889E0
5.457368373E1,-1.336989641E0,2.854936600E0,9.151649475E0
5.458365061E1,-1.789532185E0,1.689033628E0,2.895883751E1
5.459361436E1,-1.753639936E0,1.156989574E1,2.143670082E0
5.460358087E1,3.942175210E-1,6.060720444E0,-3.420539856E0
5.461354415E1,-4.797609448E-1,-5.350949764E-1,2.654537582E1
5.462351035E1,4.468596280E-1,4.444668293E0,6.331109524E0
5.463347436E1,1.229611754E0,2.687438965E0,-4.002295017E0
5.464344029E1,-1.351346612E0,-7.794619799E-1,3.368017578E1
5.465341082E1,-1.071087241E0,3.565903902E0,1.290090370E1
5.466337722E1,-7.935197949E-1,8.981759071E0,-1.071087265E1
5.467334576E1,-1.102193952E0,4.111766815E0,1.195514011E1
5.468331243E1,-1.437488198E0,5.292325497E0,2.608804703E1
5.469326873E1,-2.169991016E0,9.206684113E0,-4.902594566E0
5.470323430E1,-1.564307809E0,8.028817177E0,7.130910397E0
5.471321582E1,-2.737389088E0,6.853343010E0,3.848257065E0
5.472318300E1,-2.287538528E0,6.017649651E0,-7.531409264E0
5.473313571E1,-9.059824944E-1,-2.623131871E-1,1.496471310E1
5.474310139E1,-2.388036966E0,6.369693756E0,1.288415337E1
5.475308160E1,-4.582255483E-1,1.391845131E1,-2.556671143E1
5.476304878E1,-1.085743308E-1,6.702296257E0,-1.730668831E1
5.477301649E1,-1.902294010E-1,-1.036331463E1,5.967879105E1
5.478298373E1,-2.672782898E0,-2.431706041E-1,5.731318665E1
5.479292649E1,-2.440679073E0,1.763181305E1,-2.172174454E1
5.480289123E1,1.976770639E0,8.158029556E0,-8.898308754E0
5.481286779E1,5.497509837E-1,-6.386742592E0,4.549533463E1
5.482283373E1,-5.874379873E-1,1.700997829E0,1.937887192E0
5.483279170E1,-8.389834166E-1,1.332951736E1,-2.780310440E1
5.484275680E1,6.502495408E-1,8.713463783E0,1.911566138E0
5.485275290E1,2.082054853E0,-1.873580098E0,3.803032684E1
5.486272113E1,-7.480561733E-1,5.050351143E0,7.150053024E0
5.487269092E1,2.941377163E0,8.993722916E0,-1.363908887E0
5.488265930E1,2.153839588E0,1.265205026E0,3.000988388E1
5.489262941E1,2.072782665E-1,2.933899641E0,1.631964874E1
5.490259800E1,1.279860973E0,7.406384468E0,1.097408295E0
5.491255998E1,-1.525424421E-2,4.348955154E0,1.530688667E1
5.492252785E1,-7.432705164E-1,7.640881062E0,4.849055290E0
5.493248295E1,1.165005565E0,8.895617485E0,-8.630312920E0
5.494244951E1,3.652045429E-1,6.103791237E0,-1.287338614E0
5.495240305E1,7.196413875E-1,4.566701889E0,8.562417030E0
5.496236832E1,1.145862937E0,5.112564564E0,3.798007727E0
5.497234644E1,-4.630111754E-1,4.133302212E0,1.209153080E1
5.498231300E1,6.263213158E-1,4.308277130E0,1.833081627E1
5.499228712E1,-1.234098315E0,8.572287560E0,-6.944569588E0
5.500225441E1,2.694916427E-1,2.708974361E0,7.420442104E0
5.501221332E1,-1.626521230E0,-2.196910381E0,3.215983582E1
5.502217977E1,-1.640878081E0,4.470989227E0,1.447388554E1
5.503214384E1,-1.926222295E-1,4.535595417E0,2.679961443E0
5.504211003E1,-1.106979609E0,7.298108935E-2,2.259243393E1
5.505207082E1,-4.414757788E-1,1.497308731E0,1.212263823E0
5.506203644E1,-1.049551845E0,3.884448528E0,-1.010997486E1
5.507202316E1,-3.384049416E0,8.483752251E0,-9.444171906E0
5.508199092E1,-2.234896421E0,9.884450912E0,-2.020619011E1
5.509193415E1,-3.446262836E0,5.773581982E0,-1.746012688E1
5.510189941E1,-1.918744683E0,1.684248090E0,9.472287178E0
5.511187456E1,1.977069676E-1,-1.208973598E1,4.858147812E1
5.512184082E1,-3.070290565E0,-2.742772996E-1,7.612197113E1
5.513181248E1,-1.971386790E0,2.064856339E1,-2.551347256E0
5.514177925E1,-6.020042896E0,8.265707016E0,-3.575176239E1
5.515173363E1,-2.510071039E0,-6.669993401E-1,2.789343262E1
5.516169915E1,-1.777568102E0,-7.246065140E0,2.241775703E1
5.517167967E1,-4.830211639E0,8.548358917E0,-2.065394783E1
5.518164670E1,-1.537986755E0,1.146700478E1,-1.905284971E-1
5.519164608E1,-6.616154313E-1,5.838188171E0,3.900001907E1
5.520161634E1,-1.621735573E0,2.988934517E0,1.256800175E1
5.521157227E1,-2.050349951E0,5.679962635E0,7.039684296E0
5.522154113E1,-1.650449395E0,5.102993488E0,3.083810043E1
5.523147253E1,-1.253240854E-1,3.144767046E0,1.697827339E1
5.524143758E1,-3.357728481E0,5.275575638E0,2.948256493E0
5.525142524E1,7.172485590E-1,4.128516197E0,1.340848064E1
5.526139258E1,-1.114158034E0,8.541180611E0,-9.049356461E0
5.527133326E1,-6.329016089E-1,1.155314636E1,-2.252363968E1
5.528129790E1,-7.289136052E-1,7.671987414E-1,-3.588037491E0
5.529126555E1,-1.753639936E0,-4.183850288E0,4.211487579E1
5.530123045E1,8.057830334E-1,2.931506872E0,1.697827339E1
5.531124582E1,1.112363458E0,1.233350563E1,-8.970093727E0
5.532121582E1,1.605584025E0,2.919542789E0,2.351905441E1
5.533116144E1,-7.193422914E-1,6.930212379E-1,1.590060520E1
5.534112904E1,8.871390224E-1,7.593024254E0,-1.470180130E1
5.535109753E1,3.029911816E-1,8.770891190E0,-7.619943619E0
5.536106519E1,-6.496513486E-1,3.384049416E0,1.548664761E1
5.537102264E1,-5.012963414E-1,-1.440180182E0,2.406252289E1
5.538098930E1,1.977069676E-1,2.139183521E0,1.382722473E1
5.539098363E1,1.615155339E0,2.582154751E0,3.433700502E-1
5.540095305E1,2.862414122E-1,3.385843933E-1,-2.151446581E0
5.541087847E1,4.875376225E-1,-6.669993401E-1,-6.810571671E0
5.542084342E1,1.476371527E0,-1.331007630E-1,-1.815195274E1
5.543080706E1,1.106680464E-2,4.284348965E0,-1.548724556E1
5.544077191E1,8.392825127E-1,5.199005604E0,-3.791427374E0
5.545077628E1,-1.372882009E0,1.804128456E1,-7.179365158E0
5.546074508E1,-4.540380955E0,-4.872384965E-1,4.255784607E1
5.547070087E1,-6.381359100E0,5.433502197E0,7.853303528E1
5.548066837E1,-1.339382529E0,9.442676306E-1,-3.650250912E0
5.549064602E1,6.501598358E0,1.243639660E1,-6.462086487E1
5.550061456E1,6.894320011E0,-1.320060444E1,-2.714447975E1
5.551055425E1,1.689931005E-1,-7.507480979E-1,3.593780518E1
5.552051988E1,6.865606308E0,2.377777863E1,-5.117948532E0
5.553051660E1,1.782652855E0,2.314577293E1,-2.553560448E1
5.554048529E1,-4.356133461E0,-2.014756680E0,4.550729752E1
5.555047467E1,-3.098705411E-1,-9.972088337E-1,5.758866119E1
5.556044545E1,7.119245529E0,1.431117344E1,-3.014687347E1
5.557045061E1,2.371586323E0,1.046620655E1,-2.458505630E1
5.558042493E1,3.609572887E0,-1.308574915E0,6.184549332E1
5.559029915E1,3.894318819E0,-8.488538265E-1,3.321088409E1
5.560026326E1,2.814557552E0,1.516361618E1,-2.819791985E1
5.561021535E1,2.067697763E0,4.966602325E0,-7.916653633E0
5.562017826E1,1.725225091E0,-5.292624474E0,5.487818909E1
5.563016055E1,9.956535339E0,5.634499073E0,-6.331707954E0
5.564012540E1,1.828834343E1,1.343719482E1,-4.819204712E1
5.565011644E1,-9.127720833E0,1.842174292E0,-1.754866219E1
5.566008394E1,-1.784507370E1,-6.436992168E0,1.741137314E1
5.567003613E1,-2.657648277E1,-1.792672729E1,2.400270271E1
5.568000207E1,-8.973084623E-4,-3.846462488E0,7.853303528E1
5.568998608E1,1.910010910E1,1.207029438E1,2.216890335E1
5.569995384E1,1.830270004E1,1.442124271E1,-4.197429657E1
5.570990983E1,9.436993599E0,2.869293451E0,-1.358854103E1
5.571987639E1,-5.270491123E0,-6.341279030E0,3.142075300E0
5.572983008E1,-1.518245983E1,7.111767769E0,-1.764437485E1
5.573979535E1,-1.135663509E1,7.851748466E0,-4.840979385E1
5.574977805E1,-5.033601761E0,-1.253270817E1,5.903213120E1
5.575974503E1,1.473051548E1,-2.097697830E1,7.853303528E1
5.576971332E1,1.771376610E1,-6.465705872E0,-1.907378769E1
5.577968045E1,-9.656833649E0,9.244969368E0,-4.391846466E1
5.578962982E1,-5.050351143E0,-6.022734642E0,-2.774059105E1
5.579959514E1,-1.796710730E0,-2.579761982E0,-7.820940971E0
5.580957920E1,-1.162732315E1,2.163021851E1,-1.721097565E1
5.581954644E1,-2.834597588E1,5.202235794E1,-4.885276413E1
5.582951305E1,6.932605267E0,1.851296997E1,-3.109742165E1
5.583948019E1,2.393630219E1,-8.132007599E0,7.409165955E1
5.584941519E1,8.148757935E0,-1.171615696E1,5.519673538E1
5.585937910E1,-6.673582554E0,5.143671513E0,-4.109553146E1
5.586936972E1,-6.266503334E0,1.430399513E1,-5.349035263E1
5.587933628E1,-1.117956638E1,2.170290232E0,1.780888176E1
5.588929774E1,-7.319943428E0,-7.179066181E0,7.435037994E1
5.589926378E1,-4.114159584E0,1.526022673E0,2.260439682E1
5.590923706E1,-9.201898575E0,2.945863724E0,-7.684549809E0
5.591920384E1,-1.079641533E1,3.003291607E0,2.010988045E1
5.592914972E1,-1.266401386E1,1.856531262E0,1.477538109E1
5.593911436E1,-1.325534058E1,6.793522358E0,-1.341865063E1
5.594910316E1,-1.002293587E1,6.223731518E0,-1.502273846E1
5.595907019E1,-9.678369522E0,1.617249012E0,1.583121395E1
5.596903842E1,-9.297611237E0,-3.843471408E-1,2.406730843E1
5.597900561E1,-5.452644825E0,-3.096910715E0,1.492523104E-1
5.598896071E1,-8.996115685E0,1.461416483E0,1.044197845E1
5.599892665E1,-4.693521500E0,5.744868279E0,2.831217575E1
5.600890175E1,1.926222205E0,4.325026989E0,1.442273855E0
5.601886863E1,2.747558594E0,1.448345661E1,1.213699436E1
5.602884587E1,1.153041363E0,1.217318630E1,-5.647061348E0
5.603881373E1,4.098007679E0,1.252762318E1,-2.923700333E1
5.604876753E1,3.497110367E0,-9.541380405E-1,-1.896371841E1
5.605873399E1,8.081758618E-1,-1.314556980E1,4.877080917E1
5.606869649E1,6.143572330E-1,-4.526323318E0,4.505744934E1
5.607866253E1,5.785845280E0,2.410350037E1,-2.205464554E1
5.608862920E1,1.086640549E1,1.887697792E1,-3.548585892E1
5.609859529E1,3.295814037E0,3.211766243E0,1.993490410E1
5.610856706E1,9.855438471E-1,-9.865308762E0,6.638976288E1
5.611853373E1,1.907079697E0,-1.591227055E0,8.682356834E0
5.612848602E1,3.908675671E0,5.400002480E0,-3.235993624E0
5.613845123E1,3.329313517E0,-6.478567123E-1,1.768445396E1
5.614841258E1,5.519942760E0,-6.370890141E-2,1.432044506E1
5.615837738E1,3.008675337E0,1.222134113E0,8.003991842E-1
5.616836764E1,3.800998688E0,1.267358494E1,-1.457229018E0
5.617833498E1,5.306981564E0,1.147418308E1,-4.315754890E0
5.618830514E1,1.478764415E0,1.284347534E0,1.447867107E1
5.619827279E1,4.289433479E0,1.689033628E0,2.788864708E1
5.620822008E1,5.819344521E0,8.778069496E0,-4.009473324E0
5.621818566E1,1.028225803E1,1.113410282E1,-1.275793171E1
5.622817019E1,9.199805260E0,5.301896572E0,9.410074234E0
5.623813769E1,5.383552074E0,6.874878407E0,2.209442711E1
5.624810738E1,5.381158829E0,8.780462265E0,2.845066071E0
5.625807508E1,4.387539387E0,6.326622963E0,1.365494156E1
5.626806165E1,3.927818298E0,-7.567301393E-2,2.067249298E1
5.627803123E1,2.836092949E0,1.985743642E0,5.108676553E-1
5.628797076E1,5.856433511E-1,2.028814554E0,-4.438087940E0
5.629793727E1,2.053340912E0,8.246265054E-1,8.370990753E0
5.630790061E1,3.719642878E0,3.379263878E0,1.028883839E1
5.631786680E1,2.194517374E0,4.684249401E0,4.731806755E0
5.632791821E1,1.986341953E0,7.368099213E0,1.096152020E1
5.633789305E1,1.627119422E0,4.878067970E0,1.264905930E0
5.634778524E1,-1.205384433E-1,5.374878049E-1,2.626033211E1
5.635775170E1,1.495514154E0,-2.536691189E0,3.492025375E1
5.636770134E1,2.958126962E-1,4.420739651E0,8.792427063E0
5.637766608E1,-7.408776879E-1,8.421539307E0,3.757329702E0
5.638763816E1,-9.155537486E-1,2.792723179E0,1.162014484E0
5.639760363E1,-1.846959949E0,-2.709273338E0,1.552343726E0
5.640756634E1,-5.108676553E-1,-6.071787477E-1,1.690858269E1
5.641753149E1,-1.734796464E-1,4.724927425E0,1.922154427E1
5.642749102E1,-1.023230791E0,8.715856552E0,9.484251976E0
5.643745561E1,-2.411965132E0,5.522036552E0,1.258235836E1
5.644742451E1,-2.572284460E0,2.443071842E0,1.110987568E1
5.645738951E1,-4.509274483E0,4.585844517E0,-4.279862404E0
5.646736962E1,-5.534000397E0,7.942675591E0,-5.965605736E0
5.647733613E1,-2.488535643E0,5.467001438E0,6.589833736E0
5.648730358E1,-2.926721096E0,1.285543919E1,1.086341476E1
5.649727014E1,-4.701896608E-1,1.269272804E1,-1.046411228E1
5.650722503E1,7.507480979E-1,7.537989616E0,6.628118515E0
5.651719045E1,1.346860051E0,-1.265504122E0,2.642573547E1
5.652715920E1,5.138586760E-1,-1.165005565E0,4.652843475E0
5.653712498E1,-1.998006850E-1,4.079762697E-1,-4.385445595E0
5.654709972E1,-1.092622638E0,1.550249934E0,1.643001747E1
5.655706639E1,-3.960121572E-1,4.295116663E-1,2.674158859E1
5.656702602E1,-4.151547253E-1,4.236492634E0,9.355039597E0
5.657699196E1,-3.525225878E0,9.762118340E0,1.096630573E1
5.658697748E1,-3.738187075E0,8.612964630E0,4.995316505E0
5.659694535E1,-4.925924301E0,7.334599495E0,-7.526623726E0
5.660689993E1,-1.607378602E0,3.829413652E0,-2.362912297E-1
5.661686644E1,-3.709473372E0,3.565903902E0,1.232154083E1
5.662682764E1,-4.281657219E0,3.331407309E0,6.125326633E0
5.663679363E1,-2.275574446E0,3.720839322E-1,1.196949673E1
5.664676722E1,-3.113361359E0,7.719843984E-1,2.144327927E1
5.665673399E1,-5.845067501E0,5.603392601E0,5.550750256E0
5.666670644E1,-5.248955727E0,6.094220161E0,-1.133898854E0
5.667667373E1,-4.614558697E0,5.189434052E0,2.302344131E1
5.668662660E1,-5.198706150E0,6.762415886E0,2.477139664E1
5.669659243E1,-4.317848682E0,9.874879837E0,8.373383522E0
5.670657248E1,-4.707878590E0,1.038485050E1,6.130112648E0
5.671653977E1,-1.413560033E0,2.390429735E0,-3.078067303E0
5.672650774E1,-7.169494629E-1,-2.002792597E0,-1.389990711E1
5.673647508E1,-5.400002480E0,2.675474882E0,-9.700503349E0
5.674643264E1,-4.068696022E0,1.040279627E0,5.833103180E0
5.675639899E1,-3.242274821E-1,7.241279483E-1,5.792126465E1
5.676637582E1,4.710869789E0,-1.447358608E0,3.497289658E1
5.677634321E1,8.328517914E0,1.212562919E0,1.762912035E0
5.678630858E1,3.717249870E0,-2.819343328E0,1.092562866E1
5.679627576E1,-1.832603097E0,2.828615427E0,1.529252911E1
5.680623217E1,-1.751247048E0,7.063911438E0,7.339086056E0
5.681619821E1,-2.996113062E0,5.771189213E0,1.622154236E1
5.682617368E1,6.023930907E-1,4.890032291E0,2.720639229E0
5.683614066E1,7.220342159E-1,6.405586243E0,-3.257529020E0
5.684610113E1,1.890329838E0,2.225325108E0,2.139303017E1
5.685606748E1,-2.562713146E0,2.852543592E0,1.653530121E1
5.686605493E1,2.800200701E0,1.150349498E0,5.256134033E0
5.687602337E1,-2.309073925E0,5.318646431E0,5.284847736E0
5.688599847E1,-3.269193888E0,1.035344410E1,-1.157976627E1
5.689596758E1,-1.004088163E0,7.933104515E0,-1.823570061E1
5.690592535E1,-2.201097727E0,9.418748021E-1,9.316754341E0
5.691589326E1,-1.298704505E0,-3.032304525E0,3.662244797E1
5.692585608E1,-5.994020700E-1,2.828615427E0,2.458206558E1
5.693582347E1,-2.148455620E0,4.890032291E0,1.803590059E-1
5.694579425E1,5.377869010E-1,-2.793022156E0,1.719362640E1
5.695576201E1,3.499503061E-2,-4.978865623E0,1.810828400E1
5.696572686E1,-2.270788670E0,1.945065737E0,-7.205686092E0
5.697569430E1,-3.513261795E0,6.889235497E0,-1.499163246E1
5.698565727E1,-1.695913076E0,3.338585854E0,1.783759499E1
5.699562425E1,-2.723032236E0,1.530808330E0,4.024488449E1
5.700557472E1,-3.384049416E0,1.133270741E1,-2.436491728E0
5.701554003E1,-9.299107194E-1,1.110299587E1,-1.037797070E1
5.702550352E1,-2.620140910E-1,6.250052929E0,1.310190010E1
5.703546863E1,-4.773681164E-1,6.561119556E0,1.967887306E1
5.704543332E1,1.265504122E0,6.932306290E0,3.484548092E0
5.705539837E1,-1.806581169E-1,2.467000246E0,8.421239853E0
5.706538769E1,7.316055298E-1,-2.021935225E0,1.802453423E1
5.707535519E1,4.229314029E-1,-2.240280211E-1,6.769295216E0
5.708531321E1,-5.778666735E-1,5.095814705E0,1.056730270E0
5.709527972E1,-9.873384237E-1,6.115755558E0,8.054839134E0
5.710523873E1,-1.837388635E0,6.099005699E0,7.935198307E0
5.711520451E1,-2.862114906E0,7.408777237E0,2.236989975E0
5.712518003E1,-2.122134686E0,6.628118515E0,5.526822090E0
5.713514680E1,1.148255825E0,5.744868279E0,1.766770554E1
5.714511399E1,2.259123564E0,6.130112648E0,1.617847252E1
5.715508076E1,-3.792623878E-1,4.219742775E0,1.521237016E0
5.716503326E1,7.986045480E-1,1.622034669E0,1.469163227E1
5.717499858E1,1.229611754E0,-5.856433511E-1,1.993490410E1
5.718498269E1,2.062912226E0,9.586246014E-1,1.443560028E1
5.719494993E1,-1.396810263E-1,2.431107759E0,8.409276009E0
5.720491055E1,-1.205384433E-1,1.550249934E0,1.083470058E1
5.721487706E1,-7.959126234E-1,3.874877214E0,6.996613503E0
5.722484118E1,-2.589034081E0,1.720140338E0,4.226622105E0
5.723480748E1,-3.953840256E0,2.514856577E0,1.433001614E1
5.724478326E1,-8.748757839E-1,3.913162231E0,2.852244616E0
5.725475050E1,1.198505044E0,3.697808266E0,5.849853039E0
5.726472342E1,1.258325577E0,2.285145670E-1,1.777059555E1
5.727469123E1,-1.813460469E0,1.849352837E0,3.448655605E0
5.728464008E1,-1.020837903E0,-3.101696372E-1,-4.172185421E0
5.729460597E1,7.244270444E-1,-3.875176191E0,2.694049072E1
5.730458003E1,1.031007409E0,2.685046196E0,3.067538834E1
5.731454675E1,-4.437489510E0,1.227129173E1,-1.162522984E1
5.732451795E1,3.723830283E-1,5.586642742E0,-6.875177860E0
5.733448509E1,-2.021935135E-1,-8.524430543E-2,3.654348755E1
5.734444613E1,-1.205384433E-1,5.285147190E0,1.596790409E1
5.735441264E1,9.400802255E-1,9.537193298E0,-1.781905174E1
5.736439248E1,1.689332843E0,4.534398913E-1,1.042373419E0
5.737436035E1,1.948056698E0,-4.595715046E0,4.115475464E1
5.738432415E1,1.188933730E0,2.000100613E0,1.343240929E1
5.739429154E1,-5.180460811E-1,8.342576027E0,-6.478567123E-1
5.740424186E1,-1.061815023E-1,5.007280350E0,2.202264214E1
5.741420758E1,2.790629268E-1,3.669094324E0,1.290329647E1
5.742419154E1,-5.252245665E-1,4.480560303E0,-4.813760757E0
5.743415904E1,-1.315454245E0,4.633700848E0,3.956233025E0
5.744412248E1,-7.743772268E-1,4.358526230E0,1.450499153E1
5.745408962E1,-6.137589812E-1,5.169992447E0,5.921638012E0
5.746404430E1,-1.317847013E0,5.890830040E0,7.668996453E-1
5.747401014E1,-7.552346587E-1,6.379265308E0,2.533999205E0
5.748399300E1,1.259222925E-1,5.134099960E0,7.377371311E0
5.749396050E1,5.928218365E-1,4.667499542E0,1.399023533E1
5.750392488E1,-1.782652885E-1,5.421537876E0,9.256933212E0
5.751389212E1,1.936092615E0,5.469394207E0,1.062622643E1
5.752384884E1,2.041376829E0,1.995314956E0,1.357119274E1
5.753381498E1,4.061816335E-1,3.783949852E0,8.344670296E0
5.754378733E1,-5.252245665E-1,2.529213428E0,-2.048854381E-1
5.755375410E1,-5.347958803E-1,3.553341627E-1,1.098066330E1
5.756372399E1,-3.672982752E-1,2.167897224E0,1.302772331E1
5.757369102E1,-5.635097623E-1,6.853343010E0,1.810768485E0
5.758365587E1,-1.272383451E0,4.576273441E0,5.725426197E0
5.759362269E1,-1.334596872E0,1.253240824E0,1.547707558E1
5.760358852E1,2.694916427E-1,2.091326952E0,7.564011574E0
5.761355524E1,3.699901998E-1,5.076672554E0,5.318347454E0
5.762353550E1,1.307079345E-1,3.087040424E0,1.220160103E1
5.763350363E1,-1.811067581E0,2.543570518E0,1.062861919E1
5.764344988E1,-9.729815125E-1,2.316252232E0,6.754938126E0
5.765341576E1,6.023930907E-1,1.432702541E0,1.431087399E1
5.766340008E1,8.249256015E-1,2.943470955E0,1.789502335E1
5.767336779E1,-4.007977843E-1,4.260420799E0,9.307182312E0
5.768332206E1,-2.524427772E-1,1.112064362E0,9.745368004E0
5.769328842E1,4.420739710E-1,-2.381157637E0,1.659512329E1
5.770325456E1,2.359921336E-1,-5.255236626E-1,1.101894855E1
5.771322087E1,-1.830509305E-1,4.234099865E0,1.002532864E1
5.772317660E1,-8.006982803E-1,4.643272400E0,1.416969776E1
5.773314186E1,-1.933101535E0,2.907578707E0,1.022183895E1
5.774314035E1,-1.437488198E0,2.079362869E0,9.658927917E0
5.775310894E1,-1.353739381E0,2.950649500E0,1.104766178E1
5.776304982E1,-9.227322340E-1,5.672784328E0,5.153242588E0
5.777301561E1,-7.432705164E-1,6.407979012E0,5.284847736E0
5.778299899E1,-1.037587762E0,5.426323414E0,1.237418365E1
5.779296654E1,-5.635097623E-1,6.819843769E0,9.436395645E0
5.780293618E1,-9.442676306E-1,6.853343010E0,5.782854080E0
5.781290394E1,-3.242274821E-1,3.860520124E0,1.101177025E1
5.782286420E1,-1.183549881E0,5.478965759E0,7.896913052E0
5.783283118E1,-8.102695942E-1,8.411968231E0,-1.284945726E0
5.784277602E1,-8.222336769E-1,9.276076317E0,-5.210371017E-1
5.785274076E1,-1.238883972E0,6.616154671E0,7.724629879E0
5.786271373E1,-1.320239902E0,4.109373569E0,1.214177990E1
5.787267930E1,-1.901994944E0,4.212564468E0,9.601499557E0
5.788266019E1,-6.233302951E-1,4.322634220E0,7.195516586E0
5.789262732E1,-3.170489967E-1,4.700999260E0,6.910471916E0
5.790259665E1,-1.348953724E0,5.752046585E0,6.426822662E0
5.791256399E1,-2.136491537E0,4.427918434E0,8.330312729E0
5.792253378E1,-3.305086374E0,2.972184896E0,1.113141060E1
5.793250134E1,-3.451048374E0,3.321835995E0,9.910472870E0
5.794247566E1,-1.559522152E0,2.323430777E0,2.424946213E1
5.795244389E1,-1.573879123E0,2.859722137E0,1.690618896E1
5.796239769E1,-8.703892678E-2,4.118945122E0,2.519642353E0
5.797236446E1,5.425725579E-1,-1.320538998E0,1.738026810E1
5.798232076E1,-1.214955688E0,1.348953724E0,1.394716454E1
5.799228649E1,-2.739782035E-1,7.703094482E0,-5.862415314E0
5.800226477E1,-2.243271284E-2,6.125326633E0,-8.764310837E0
5.801223170E1,1.416550994E0,6.188437343E-1,1.140927792E1
5.802220128E1,-1.325025558E-1,1.823031783E0,2.205135536E1
5.803216852E1,-1.974078715E-1,8.725427628E0,-1.390229940E0
5.804213003E1,4.085744619E-1,7.925925732E0,-2.697907388E-1
5.805209670E1,7.244270444E-1,2.526820660E0,2.416302299E1
5.806206764E1,2.462812662E0,3.293122053E0,1.728455353E1
5.807203472E1,3.973282099E0,6.218945980E0,-3.152244806E0
5.808201087E1,3.444169044E0,4.279563427E0,4.511667252E0
5.809197884E1,2.749951363E0,2.519642353E0,1.444756413E1
5.810195232E1,2.592025042E0,4.140779495E0,9.939187050E0
5.811192087E1,2.525026083E0,5.572285652E0,5.550750256E0
5.812184930E1,2.204088688E0,5.392824173E0,1.170120144E1
5.813181378E1,2.673381090E0,5.617749214E0,9.127422333E0
5.814179102E1,1.983949065E0,5.028815746E0,2.272882462E0
5.815175675E1,3.001496792E0,4.454239368E0,1.014975548E1
5.816171634E1,3.908675671E0,3.803092480E0,1.034148026E1
5.817168144E1,3.224029303E0,4.569094658E0,5.852245808E0
5.818164764E1,1.751546144E0,3.982554197E0,1.081316566E1
5.819161285E1,7.938188910E-1,5.210969448E0,1.055204868E1
5.820162602E1,1.203290701E0,7.092625618E0,4.269692898E0
5.821159613E1,9.759725332E-1,5.548357487E0,6.221039772E0
5.822153472E1,1.493121386E0,5.898008823E0,1.031037331E1
5.823150165E1,1.567298889E0,6.170790672E0,5.833103180E0
5.824147540E1,1.009472013E0,5.814260006E0,7.480262756E0
5.825144300E1,1.976770639E0,6.357729912E0,6.223432541E0
5.826141628E1,-5.114658549E-2,5.933900833E0,4.851448059E0
5.827138446E1,-1.246062398E0,5.031208515E0,1.051854897E1
5.828133337E1,-1.547558069E0,6.398407936E0,1.039651489E1
5.829129951E1,-2.340180635E0,5.969793320E0,1.545314789E1
5.830126587E1,-3.273979664E0,3.166302681E0,2.925794029E1
5.831123206E1,-4.621737003E0,1.272383451E0,7.636095047E0
5.832121519E1,-3.070290565E0,3.060719252E0,-7.749754190E-1
5.833118305E1,-3.436691523E0,1.782353759E0,1.085145092E1
5.834113425E1,-4.590630054E0,6.302694798E0,8.461917877E0
5.835110045E1,-2.723032236E0,1.082273674E1,-5.050949574E0
5.836107425E1,-4.885246754E0,7.868498325E0,-1.775773525E0
5.837104118E1,-4.822733879E0,3.518047571E0,1.294876003E1
5.838102123E1,-4.492524624E0,5.045565605E0,9.867402077E0
5.839098946E1,-2.739781857E0,7.961818218E0,-2.546561480E0
5.840093430E1,-2.450250387E0,5.091029167E0,1.755733639E-1
5.841090019E1,-2.328216314E0,1.435095429E0,8.457132339E0
5.842086555E1,-1.710569143E0,3.055933714E0,4.310370922E0
5.843083139E1,-9.825528264E-1,5.258825779E0,-1.667797327E0
5.844080243E1,-9.035896659E-1,4.202992916E0,3.429214001E0
5.845076873E1,-9.705886841E-1,1.511665702E0,8.337491035E0
5.846074738E1,-1.863709688E0,2.438286304E0,2.705056000E1
5.847071498E1,-1.336989641E0,5.076672554E0,3.126910782E1
5.848068597E1,-4.271188378E-1,8.148458481E0,6.240182400E0
5.849065389E1,2.828914642E0,1.013659477E0,9.838688850E0
5.850058962E1,2.742773056E0,-4.224827290E0,2.287030029E1
5.851055425E1,7.059424877E0,4.363312244E0,2.337488651E0
5.852057514E1,4.550550461E0,7.200302601E0,-6.025426388E0
5.853054545E1,1.682154298E0,4.892425060E0,8.778069496E0
5.854047811E1,1.435693622E0,5.459823132E0,1.398066425E1
5.855044462E1,1.074078321E0,8.323433876E0,9.083753228E-1
5.856046920E1,6.239284873E-1,7.638488293E0,5.449952602E0
5.857044160E1,3.125624657E-1,5.263611794E0,1.169641590E1
5.858042342E1,6.281159353E-3,6.709474564E0,3.323929787E0
5.859039675E1,-2.251646042E0,5.993721485E0,-3.559323549E-1
5.860029446E1,-3.692723513E0,4.454239368E0,6.099005699E0
5.861026019E1,-1.123729348E0,4.229313850E0,4.478167534E0
5.862022170E1,2.271087885E0,5.543571949E0,2.749353170E0
5.863018696E1,-3.740580082E0,4.808676243E0,1.388016605E1
5.864014227E1,-2.376072884E0,3.039183855E0,3.008884811E1
5.865010654E1,1.011864901E0,7.832605839E0,2.310718918E1
5.866007535E1,1.785643846E-1,3.927519321E0,-3.583251834E-1
5.867004003E1,-2.979064286E-1,-2.678166628E0,1.609950829E1
5.868001722E1,-3.936193287E-1,5.111667514E-1,1.457438374E1
5.868998316E1,-7.695915699E-1,6.668796539E0,-1.933699846E0
5.869992941E1,-2.325823545E0,6.530013084E0,8.069195747E0
5.870989337E1,-2.328216314E0,4.325026989E0,2.003301048E1
5.871989186E1,-2.179562330E0,6.865307331E0,3.259323597E0
5.872985925E1,8.524430543E-2,7.930711746E0,-5.163412094E0
5.873980332E1,-9.107680917E-1,4.281956196E0,8.349455833E0
5.874976837E1,-2.514856577E0,3.319443226E0,2.169721794E1
5.875972878E1,-2.471785784E0,7.313064098E0,4.511667252E0
5.876969337E1,-4.291228294E0,5.600999832E0,6.395715714E0
5.877966665E1,-4.516452789E0,-5.039882660E-1,1.894367790E1
5.878963206E1,-2.383251429E0,-1.881356835E-1,4.829912663E0
5.879959665E1,-1.408774376E0,1.325025558E0,2.663211584E0
5.880956201E1,-1.597807288E0,3.273979664E0,1.619761467E1
5.881953321E1,-2.186740875E0,6.020042896E0,9.922437668E0
5.882949915E1,-2.715853691E0,6.204289913E0,4.526023865E0
5.883947045E1,-1.968993902E0,3.783949852E0,1.510349655E1
5.884943691E1,-2.110170364E0,6.077470303E0,7.616952896E0
5.885941488E1,-2.768795013E0,7.619345665E0,-1.938485503E0
5.886938253E1,-2.407179594E0,4.104588032E0,6.975078106E0
5.887933727E1,-2.780759096E0,2.012064695E0,1.587189198E1
5.888930358E1,-3.367299557E0,4.540380955E0,7.083054066E0
5.889928311E1,-3.281157970E0,5.991328716E0,8.373383522E0
5.890925076E1,-2.100599289E0,3.774378538E0,1.271875000E1
5.891921654E1,-1.087836981E0,4.097409725E0,5.129314423E0
5.892918399E1,-7.887341380E-1,3.661916018E0,8.775676727E0
5.893914858E1,1.977069676E-1,3.486940861E0,1.358554935E1
5.894911571E1,2.596810818E0,6.010471344E0,4.432404995E0
5.895907743E1,4.756333351E0,4.849354267E0,4.717449665E0
5.896904399E1,3.844069481E0,3.055933714E0,7.236194611E0
5.897900899E1,2.491526604E0,5.016851902E0,1.317547917E0
5.898897540E1,7.483552694E-1,5.323431969E0,1.032802105E0
5.899895097E1,6.574280262E-1,6.103791237E0,1.724387550E1
5.900891832E1,1.253539920E0,6.132505417E0,2.086870384E1
5.901888920E1,1.871187329E0,8.181958199E0,6.063113689E0
5.902885691E1,2.364407778E0,4.652843475E0,4.051946163E0
5.903881332E1,2.034198284E0,4.821537733E-1,1.105244732E1
5.904877983E1,6.047859192E-1,2.862114906E0,7.832306862E0
5.905874722E1,-1.437488198E0,6.786344051E0,6.556334019E0
5.906871378E1,-2.734996319E0,6.616154671E0,1.306600761E1
5.907868456E1,-2.261217356E0,5.299503803E0,1.294876003E1
5.908865154E1,-1.760818362E0,4.604987144E0,5.931209087E0
5.909861998E1,-2.335394859E0,3.362514019E0,6.865008354E0
5.910858717E1,-2.809472799E0,3.896412611E0,7.276872635E0
5.911853868E1,-1.791925073E0,6.120541096E0,6.611369133E0
5.912850420E1,-2.277967215E0,6.245266914E0,1.004447079E1
5.913849566E1,-2.067099571E0,5.993721485E0,9.402895927E0
5.914846384E1,-1.224527001E0,4.195814610E0,7.365406990E0
5.915841894E1,-2.285145670E-1,-1.977069676E-1,1.033430195E1
5.916838576E1,1.193719387E0,-2.395514488E0,1.320718479E1
5.917835519E1,1.799402595E0,-1.981257200E0,1.146909809E1
5.918832222E1,4.444667995E-1,2.763710022E-1,1.275942802E1
5.919829035E1,-7.432705164E-1,2.656332254E0,1.406919861E1
5.920825753E1,-5.946164131E-1,3.920340776E0,1.192881870E1
5.921821811E1,-1.325025558E-1,4.106980801E0,8.763712883E0
5.922818456E1,2.048854381E-1,4.901996136E0,7.348657608E0
5.923815732E1,3.723830283E-1,6.065506458E0,6.597012043E0
5.924812446E1,7.674978375E-1,5.886044502E0,7.580761433E0
5.925809951E1,1.830509305E0,4.736891747E0,9.766903877E0
5.926806743E1,2.615953445E0,4.384847641E0,1.094716358E1
5.927803832E1,2.793022156E0,4.976173878E0,8.294420242E0
5.928800654E1,3.034996510E0,6.455835342E0,6.994220734E0
5.929797441E1,3.116352320E0,7.784749508E0,6.481857300E0
5.930794258E1,2.647060156E0,7.602595806E0,5.892923832E0
5.931791311E1,2.070090771E0,6.561119556E0,7.456334591E0
5.932788149E1,1.279860973E0,5.948257923E0,8.308777809E0
5.933784144E1,4.348955154E-1,6.704689026E0,6.817151546E0
5.934780894E1,-4.677968323E-1,7.061518669E0,5.591428280E0
5.935777253E1,-1.246062398E0,6.276373863E0,8.134101868E0
5.936773967E1,-2.565105915E0,5.622535229E0,9.405288696E0
5.937768988E1,-2.411965132E0,4.827818871E0,5.837889194E0
5.938765524E1,-3.168396235E0,4.660321236E0,8.892925262E0
5.939763618E1,-3.791128397E0,5.926722527E0,8.876175880E0
5.940760311E1,-5.225027561E0,5.105386257E0,6.374180317E0
5.941757279E1,-4.470989227E0,1.447657645E-1,1.395673656E1
5.942754003E1,-1.873281002E0,-1.847259045E0,1.401894951E1
5.943748691E1,-1.188634634E0,-1.440180182E0,6.345466614E0
5.944745206E1,-1.511665702E0,-4.417748749E-1,1.130877876E1
5.945742024E1,-1.370489120E0,2.016850471E0,1.119601727E1
5.946738571E1,-9.346963167E-1,4.286741734E0,7.731808186E0
5.947736061E1,2.063809521E-2,3.608974695E0,1.210588837E1
5.948732701E1,3.412763178E-1,3.704986811E0,1.045155048E1
5.949729233E1,5.736792088E-1,5.093421936E0,4.908875465E0
5.950725863E1,2.551347017E-1,4.708177567E0,7.193123817E0
5.951722524E1,-5.156532526E-1,4.542773724E0,7.827520847E0
5.952719154E1,-1.545165181E0,4.827818871E0,6.445965290E0
5.953716102E1,-2.342573404E0,9.541978836E0,1.005165005E1
5.954712769E1,-3.673580885E0,1.273579884E1,2.991327524E0
5.955709045E1,-1.399203062E0,5.150849819E0,5.031208515E0
5.956705670E1,-2.921935558E0,6.503692150E0,1.239093304E1
5.957702910E1,-3.266202807E-1,3.494119167E0,5.217848778E0
5.958699592E1,3.412763178E-1,-5.374878049E-1,1.010907745E1
5.959695696E1,-8.820542693E-1,-7.292127013E-1,1.335344601E1
5.960692321E1,-2.292324066E0,4.396811485E0,5.275276661E0
5.961689232E1,1.881356835E-1,4.143172264E0,5.778068542E0
5.962685884E1,6.693921089E-1,3.012862921E0,1.856561089E1
5.963682248E1,-1.032802105E0,6.604190350E0,8.981459618E0
5.964678873E1,-1.435095429E0,9.369695663E0,1.693520188E0
5.965675889E1,-1.071087241E0,6.015256882E0,1.119123173E1
5.966672545E1,-6.738786697E-1,2.917150021E0,1.217767239E1
5.967670222E1,-1.016052365E0,3.288336515E0,3.486940861E0
5.968666988E1,-2.481357098E0,5.752046585E0,4.207479477E0
5.969662858E1,-2.000100613E0,6.726224422E0,8.011768341E0
5.970659529E1,-4.677968323E-1,6.283552170E0,1.074616623E1
5.971656082E1,6.023930907E-1,4.506881237E0,1.239093304E1
5.972652738E1,7.746763229E-1,5.907579899E0,1.067886829E1
5.973650561E1,1.267896891E0,8.172386169E0,4.013660908E0
5.974647337E1,5.928218365E-1,8.354539871E0,6.398108482E0
5.975642826E1,8.153542876E-1,5.340181828E0,9.958329201E0
5.976639467E1,5.569294691E-1,4.030410767E0,1.064776134E1
5.977636472E1,5.174478889E-2,4.463810444E0,9.223434448E0
5.978633154E1,3.738785535E-2,6.776772976E0,7.296015263E0
5.979629993E1,5.712863803E-1,6.786344051E0,6.043971062E0
5.980626686E1,1.471585870E0,3.908376694E0,9.745368004E0
5.981623232E1,1.042971611E0,1.787139416E0,1.217049408E1
5.982619910E1,-3.864408433E-1,2.411965132E0,7.968697548E0
5.983616493E1,-1.274776220E0,2.680260420E0,7.190731049E0
5.984613165E1,-8.868398666E-1,3.910769463E0,1.166770267E1
5.985610472E1,-1.109372377E0,5.035994530E0,8.110173225E0
5.986607207E1,-9.945169091E-1,4.660321236E0,8.830712318E0
5.987602482E1,-8.030911088E-1,2.486142635E0,1.111226845E1
5.988599066E1,-1.269990563E0,2.447857618E0,8.088338852E0
5.989596769E1,-1.660020709E0,3.453441381E0,6.496214390E0
5.990593462E1,-1.751247048E0,4.358526230E0,9.149256706E0
5.991590300E1,-2.217847586E0,6.199504375E0,9.228219986E0
5.992587014E1,-1.952244163E0,7.933104515E0,6.723831654E0
5.993583660E1,-1.325025558E0,7.145267487E0,6.771687984E0
5.994580358E1,-1.104586720E0,4.751248360E0,9.221040726E0
5.995576363E1,-1.123729348E0,4.401597023E0,8.172386169E0
5.996572993E1,-5.156532526E-1,5.110171795E0,4.798805714E0
5.997569373E1,-6.978068948E-1,5.598606586E0,7.975875854E0
5.998565977E1,6.610172242E-2,6.238088608E0,9.340682030E0
5.999563790E1,5.976074338E-1,6.362515450E0,7.770093441E0
6.000560514E1,5.904290080E-1,4.571487427E0,9.146564484E0
6.001556717E1,1.211366430E-1,4.952245712E0,1.080120182E1
6.002553389E1,-7.480561733E-1,6.728617191E0,4.920839787E0
6.003550837E1,-4.989035130E-1,6.434299946E0,7.272087097E0
6.004547582E1,-3.840480447E-1,3.836591959E0,1.295115280E1
6.005543941E1,-4.414757788E-1,4.751248360E0,8.682356834E0
6.006540644E1,-9.562317729E-1,5.931508064E0,4.884947300E0
6.007536264E1,-2.249253273E0,5.069493771E0,9.774082184E0
6.008532858E1,-2.502892494E0,4.542773724E0,9.601499557E0
6.009530462E1,-1.961815476E0,5.064708233E0,8.562417030E0
6.010527160E1,-1.123729348E0,4.643272400E0,1.021944618E1
6.011522774E1,-1.258026481E0,5.354538918E0,7.861020565E0
6.012519363E1,-9.897312522E-1,5.184648514E0,6.166004658E0
6.013516889E1,-1.150050402E0,3.932304859E0,9.556035995E0
6.014513571E1,-9.346963167E-1,3.206980467E0,9.527322769E0
6.015511701E1,-1.004088163E0,4.056731701E0,9.424430847E0
6.016508529E1,-6.041877270E-1,4.095016956E0,9.225827217E0
6.017502363E1,-6.810571551E-1,4.253242016E0,1.007557774E1
6.018498889E1,-1.118943691E0,4.008875370E0,8.320741653E0
6.019496785E1,-1.708176255E0,3.522833109E0,8.804390907E0
6.020493441E1,-2.102992058E0,3.290729284E0,9.443573952E0
6.021491040E1,-2.388036966E0,3.999304056E0,8.555238724E0
6.022487790E1,-2.138884306E0,4.255635262E0,9.019744873E0
6.023483545E1,-2.012064695E0,3.700201035E0,1.026251698E1
6.024480196E1,-2.215454578E0,3.171088219E0,8.749356270E0
6.025476337E1,-2.819044113E0,3.448655605E0,8.303992271E0
6.026472936E1,-2.402393818E0,3.319443226E0,8.665607452E0
6.027469196E1,-2.239681959E0,3.827020645E0,9.271290779E0
6.028465759E1,-2.208276272E0,4.143172264E0,7.465905666E0
6.029463795E1,-2.035992861E0,4.224528313E0,8.935996056E0
6.030460509E1,-1.614557028E0,4.231706619E0,1.026012421E1
6.031456946E1,-1.911566138E0,4.686642170E0,8.354241371E0
6.032453628E1,-2.040778637E0,4.667499542E0,8.478668213E0
6.033450337E1,-1.937887192E0,4.138386726E0,1.009232807E1
6.034447019E1,-1.130907774E0,4.222135544E0,9.690333366E0
6.035443894E1,-6.017948985E-1,4.246063709E0,8.988637924E0
6.036440592E1,-6.690930128E-1,3.336193085E0,9.244969368E0
6.037435733E1,-9.299107194E-1,2.529213428E0,9.469894409E0
6.038432274E1,-2.088634968E0,2.047957182E0,8.205885887E0
6.039430274E1,-2.519642353E0,1.906780601E0,8.581559181E0
6.040426962E1,-9.035896659E-1,1.415952802E0,8.315956116E0
6.041423550E1,-6.400800347E-1,1.502094388E0,9.405288696E0
6.042420227E1,5.641079545E-1,2.630011082E0,1.076052380E1
6.043418769E1,-1.471585929E-1,3.728914976E0,1.083948612E1
6.044415634E1,9.720841795E-2,4.241278172E0,1.062861919E1
6.045412347E1,1.059721351E0,3.922733545E0,9.503394127E0
6.046409191E1,2.987139940E0,2.519642353E0,8.830712318E0
6.047402253E1,-3.735794306E0,1.684248090E0,9.000602722E0
6.048398717E1,-3.017648458E0,4.564309120E0,2.507678032E0
6.049398701E1,-8.940183520E-1,2.723331213E0,1.278574848E1
6.050395519E1,7.890332937E-1,2.218146563E0,1.643719673E1
6.051392404E1,-9.155537486E-1,4.265206337E0,4.578666210E0
6.052389227E1,-3.953840256E0,4.130908966E0,8.205885887E0
6.053385592E1,-5.416752338E0,3.693022728E0,1.321675587E1
6.054382368E1,-3.314657450E0,3.946661949E0,6.235396862E0
6.055378446E1,-6.041877270E-1,2.986541748E0,8.665607452E0
6.056375149E1,1.642074585E-1,1.662712693E0,1.235743332E1
6.057372519E1,-1.092622638E0,3.305086374E0,6.345466614E0
6.058369290E1,-4.486542344E-1,3.032005310E0,7.367800236E0
6.059362660E1,-2.069791555E-1,1.916351795E0,1.558714581E1
6.060359087E1,-1.825424552E0,3.195016384E0,9.738189697E0
6.061357024E1,-2.361716032E0,3.896412611E0,6.745367050E0
6.062353602E1,-3.194418252E-1,2.840579510E0,1.198863983E1
6.063351087E1,5.892325938E-2,3.087040424E0,8.751749039E0
6.064347758E1,-1.051944613E0,2.976970434E0,7.224230766E0
6.065344274E1,-8.030911088E-1,2.132004976E0,1.178524971E1
6.066340925E1,-1.219741344E0,3.518047571E0,1.023141098E1
6.067336076E1,-6.472585201E-1,4.420739651E0,6.573083878E0
6.068332571E1,-2.667997181E-1,3.448655605E0,1.172752285E1
6.069331540E1,-1.382453322E0,3.257229805E0,1.127767181E1
6.070328285E1,-1.490130305E0,4.032803535E0,6.735795975E0
6.071324545E1,-9.777671695E-1,3.448655605E0,9.309576035E0
6.072321243E1,-1.439880967E0,3.149552822E0,9.896116257E0
6.073317930E1,-1.973779559E0,3.640380621E0,6.594619274E0
6.074314623E1,-1.928315997E0,3.841377735E0,1.036780167E1
6.075311852E1,-1.032802105E0,4.195814610E0,1.090648556E1
6.076308597E1,-8.461619020E-1,5.007280350E0,8.033304214E0
6.077303066E1,-1.961815476E0,4.518845558E0,8.629415512E0
6.078299582E1,-1.940280080E0,4.423132420E0,9.058030128E0
6.079297576E1,-8.270193338E-1,5.141278744E0,7.374978542E0
6.080294243E1,-1.518844128E0,5.052743912E0,8.668000221E0
6.081292019E1,-1.286740422E0,4.913960457E0,8.078767776E0
6.082288795E1,-7.743772268E-1,5.624927998E0,7.154839039E0
6.083283008E1,-1.212562919E0,5.311468124E0,8.081160545E0
6.084279524E1,-1.916351795E0,4.794319153E0,9.975079536E0
6.085275998E1,-1.389631748E0,4.887639523E0,8.706285477E0
6.086272508E1,-2.462214470E0,4.748855591E0,7.662416458E0
6.087269378E1,-2.438286304E0,4.803890705E0,8.234600067E0
6.088265920E1,-2.557927370E0,4.696213722E0,7.554440022E0
6.089262790E1,-2.055135489E0,4.518845558E0,8.639286041E0
6.090259368E1,-2.069492579E0,4.341776848E0,9.290432930E0
6.091258727E1,-2.718246460E0,4.380061626E0,8.488239288E0
6.092255587E1,-1.846959949E0,4.284348965E0,8.909674644E0
6.093249404E1,-6.352944374E-1,4.392025948E0,9.055637360E0
6.094245951E1,-1.415952802E0,4.274777889E0,8.873783112E0
6.095245050E1,-1.032802105E0,4.214957237E0,8.639286041E0
6.096241858E1,8.656035662E-1,4.600201607E0,8.402097702E0
6.097238706E1,1.129113197E0,4.518845558E0,8.833105087E0
6.098235519E1,1.033400297E0,4.411168575E0,9.034101486E0
6.099231118E1,1.866401672E0,5.213362217E0,8.598309517E0
6.100227805E1,1.133898854E0,5.653641701E0,8.239385605E0
6.101225847E1,4.061816335E-1,5.416752338E0,8.459525108E0
6.102222670E1,9.720841795E-2,5.720939636E0,8.241778374E0
6.103220384E1,-1.663011760E-1,5.876473427E0,7.382156849E0
6.104217295E1,-2.243271284E-2,5.955436230E0,8.397312164E0
6.105213337E1,-1.734796464E-1,5.909972668E0,7.858627796E0
6.106210160E1,-7.025925517E-1,5.663212776E0,8.026124954E0
6.107205436E1,-7.001997232E-1,5.478965759E0,8.644071579E0
6.108202102E1,-4.941178858E-1,5.747261047E0,7.918448448E0
6.109198165E1,-3.122633696E-1,5.864509106E0,7.861020565E0
6.110194769E1,-4.510470629E-1,5.538786411E0,8.342276573E0
6.111191529E1,-1.686939895E-1,5.416752338E0,8.069195747E0
6.112188149E1,2.359921336E-1,5.426323414E0,8.090731621E0
6.113183660E1,-7.986045629E-2,5.189434052E0,8.375776291E0
6.114180165E1,-1.046859939E-2,4.964209557E0,8.454739571E0
6.115180061E1,4.947160780E-1,5.093421936E0,8.545666695E0
6.116176904E1,2.000997961E-1,4.971388340E0,8.612666130E0
6.117171660E1,-3.918246925E-2,4.806283474E0,8.668000221E0
6.118168290E1,-3.439682722E-2,4.882853508E0,8.457132339E0
6.119169206E1,-3.026920557E-1,4.794319153E0,8.536095619E0
6.120166274E1,-3.505485058E-1,4.760819912E0,9.285647392E0
6.121158920E1,-4.342973232E-1,4.961816788E0,9.199505806E0
6.122155540E1,-1.176371455E0,4.894817829E0,8.531310081E0
6.123153811E1,-1.217348576E0,5.347360611E0,5.095814705E0
6.124150597E1,-7.815557122E-1,5.040780067E0,9.378967285E0
6.125146404E1,-1.394417405E0,4.406383038E0,9.496215820E0
6.126143092E1,-1.068694472E0,5.040780067E0,8.354241371E0
6.127140967E1,-9.801599979E-1,4.933103085E0,8.263314247E0
6.128137769E1,-1.181157112E0,4.923531532E0,8.883354187E0
6.129133029E1,-1.016052365E0,5.187041283E0,7.918448448E0
6.130129680E1,-9.945169091E-1,4.904388905E0,8.021339417E0
6.131124508E1,-5.946164131E-1,4.937888622E0,8.725427628E0
6.132120967E1,-4.893322289E-1,5.162814140E0,8.253742218E0
6.133119738E1,-4.989035130E-1,5.055137157E0,8.347063065E0
6.134116430E1,-5.832505226E-2,5.076672554E0,8.672785759E0
6.135112982E1,-1.046859939E-2,5.141278744E0,8.385348320E0
6.136109660E1,-2.380858511E-1,5.091029167E0,8.356634140E0
6.137107748E1,-5.593222752E-2,5.031208515E0,8.473882675E0
6.138104571E1,-3.678964823E-2,4.976173878E0,8.607880592E0
6.139100618E1,-1.639083475E-1,4.954638481E0,8.512166977E0
6.140097358E1,-3.337987661E-1,4.906782150E0,8.732605934E0
6.141092076E1,-4.103690982E-1,4.937888622E0,8.229814529E0
6.142088613E1,-3.864408433E-1,4.949852943E0,8.301599503E0
6.143088014E1,-3.816552162E-1,4.842175961E0,8.526524544E0
6.144084837E1,-4.199403822E-1,4.846961498E0,8.727820396E0
6.145080722E1,-3.433700502E-1,4.751248360E0,8.986245155E0
6.146077451E1,-4.103690982E-1,4.823033333E0,8.603095055E0
6.147071623E1,-3.984049559E-1,4.925924301E0,7.755736351E0
6.148068092E1,-2.452643216E-1,5.600999832E0,6.091827393E0
6.149068217E1,-2.003988996E-2,4.549952030E0,1.112901783E1
6.150065050E1,-1.495514214E-1,4.873282433E0,8.892925262E0
6.151061180E1,2.120639086E-1,5.254040241E0,8.437990189E0
6.152057946E1,-2.380858511E-1,4.818247318E0,9.156435013E0
6.153054472E1,8.045866340E-2,5.285147190E0,8.845068932E0
6.154051212E1,2.288136631E-1,5.162814140E0,8.210671425E0
6.155049227E1,1.163510010E-1,5.270790100E0,6.912864685E0
6.156046092E1,1.642074585E-1,5.467001438E0,7.430013180E0
6.157046264E1,-2.961117961E-2,4.973781109E0,8.801998138E0
6.158043467E1,-1.013958603E-1,5.114957333E0,8.581559181E0
