"Time (s)","Gyroscope x (rad/s)","Gyroscope y (rad/s)","Gyroscope z (rad/s)"
2.153530900E-2,-4.394212738E-3,3.595264861E-3,4.261054564E-3
3.153530900E-2,-4.394212738E-3,3.595264861E-3,4.261054564E-3
4.151598600E-2,4.127896391E-3,3.595264861E-3,2.130527282E-3
5.151510000E-2,3.062632866E-3,3.595264861E-3,1.065263641E-3
6.148395500E-2,-3.328948980E-3,1.464737463E-3,-4.261054564E-3
7.137333000E-2,9.321057005E-4,3.595264861E-3,-5.326318089E-3
8.131208000E-2,9.321057005E-4,2.530001104E-3,-8.522109129E-3
9.131890200E-2,1.997369342E-3,3.595264861E-3,-7.456845604E-3
1.012859340E-1,-4.394212738E-3,1.464737463E-3,-7.456845604E-3
1.112794750E-1,-8.655266836E-3,1.464737463E-3,-8.522109129E-3
1.212574440E-1,-1.185105834E-2,1.464737463E-3,-1.065263618E-2
1.311780690E-1,-5.459476262E-3,-6.657897611E-4,-6.391582079E-3
1.411321840E-1,-4.394212738E-3,-1.731053460E-3,-4.261054564E-3
1.511102570E-1,-4.394212738E-3,-1.731053460E-3,-3.195791040E-3
1.610742670E-1,-4.394212738E-3,-1.731053460E-3,-3.195791040E-3
1.710499960E-1,-2.263685223E-3,-2.796316985E-3,-3.195791040E-3
1.810187980E-1,-1.198421582E-3,-4.926844500E-3,-3.195791040E-3
1.909786940E-1,3.062632866E-3,-3.861580743E-3,-5.326318089E-3
2.009437460E-1,6.258423906E-3,-2.796316985E-3,-3.195791040E-3
2.109209860E-1,4.127896391E-3,-1.731053460E-3,-2.130527282E-3
2.208910900E-1,3.062632866E-3,3.994738800E-4,1.065263641E-3
2.308748920E-1,-1.331579551E-4,-6.657897611E-4,3.195791040E-3
2.408506210E-1,-1.198421582E-3,-2.796316985E-3,6.391582079E-3
2.508351000E-1,9.321057005E-4,-3.861580743E-3,7.456845604E-3
2.608144750E-1,3.062632866E-3,-3.861580743E-3,7.456845604E-3
2.707378610E-1,3.062632866E-3,-2.796316985E-3,5.326318089E-3
2.806937980E-1,4.127896391E-3,-1.731053460E-3,5.326318089E-3
2.906903610E-1,4.127896391E-3,3.994738800E-4,4.261054564E-3
3.006632770E-1,9.321057005E-4,-1.731053460E-3,3.195791040E-3
3.106230170E-1,-1.198421582E-3,-2.796316985E-3,3.195791040E-3
3.205903610E-1,3.062632866E-3,-6.657897611E-4,1.065263641E-3
3.305723400E-1,5.193160381E-3,1.464737463E-3,-2.130527282E-3
3.405457770E-1,-1.198421582E-3,1.464737463E-3,-2.130527282E-3
3.504961420E-1,-1.331579551E-4,2.530001104E-3,-2.130527282E-3
3.604598920E-1,5.193160381E-3,3.994738800E-4,-1.065263641E-3
3.704093710E-1,5.193160381E-3,3.994738800E-4,-4.261054564E-3
3.803716630E-1,4.127896391E-3,2.530001104E-3,-6.391582079E-3
3.903514550E-1,4.127896391E-3,2.530001104E-3,-7.456845604E-3
4.003155170E-1,1.997369342E-3,4.660528619E-3,-8.522109129E-3
4.103196320E-1,3.062632866E-3,5.725792143E-3,-7.456845604E-3
4.202877050E-1,9.321057005E-4,5.725792143E-3,-7.456845604E-3
4.302281730E-1,9.321057005E-4,5.725792143E-3,-9.587372653E-3
4.401934340E-1,9.321057005E-4,4.660528619E-3,-1.171789970E-2
4.501722880E-1,1.997369342E-3,4.660528619E-3,-1.171789970E-2
4.601389550E-1,-1.331579551E-4,3.595264861E-3,-1.278316416E-2
4.701652050E-1,-1.331579551E-4,4.660528619E-3,-1.491369121E-2
4.801378610E-1,3.062632866E-3,3.595264861E-3,-1.384842768E-2
4.900387460E-1,-1.331579551E-4,2.530001104E-3,-1.384842768E-2
5.000041110E-1,-6.524739787E-3,1.464737463E-3,-1.171789970E-2
5.099666630E-1,-8.655266836E-3,-6.657897611E-4,-1.171789970E-2
5.199317150E-1,-8.655266836E-3,1.464737463E-3,-8.522109129E-3
5.298996840E-1,-3.328948980E-3,3.994738800E-4,-5.326318089E-3
5.398650480E-1,-1.331579551E-4,1.464737463E-3,-3.195791040E-3
5.498433300E-1,3.062632866E-3,2.530001104E-3,-1.065263641E-3
5.598099960E-1,9.321057005E-4,3.595264861E-3,-2.130527282E-3
5.697788500E-1,1.997369342E-3,3.595264861E-3,-1.065263641E-3
5.797457250E-1,9.321057005E-4,3.595264861E-3,-1.065263641E-3
5.896921840E-1,-1.198421582E-3,1.464737463E-3,-1.065263641E-3
5.996569750E-1,3.062632866E-3,2.530001104E-3,-1.065263641E-3
6.096409860E-1,-1.198421582E-3,2.530001104E-3,-2.130527282E-3
6.196077050E-1,-9.720530361E-3,2.530001104E-3,-4.261054564E-3
6.295734340E-1,-5.459476262E-3,2.530001104E-3,-3.195791040E-3
6.395399960E-1,-4.394212738E-3,3.595264861E-3,-3.195791040E-3
6.494988500E-1,-1.611211337E-2,2.530001104E-3,-3.195791040E-3
6.594646840E-1,-2.143843099E-2,3.595264861E-3,-4.261054564E-3
6.694477570E-1,-1.717737690E-2,2.530001104E-3,-4.261054564E-3
6.794152570E-1,-6.511423737E-2,-5.992108025E-3,-1.065263641E-3
6.893840070E-1,2.223737910E-2,8.921583183E-3,-6.391582079E-3
6.993516630E-1,2.969422378E-2,1.531316526E-2,-4.261054564E-3
7.093029130E-1,3.502054140E-2,1.637842879E-2,-7.456845604E-3
7.192689020E-1,3.608580679E-2,1.957421936E-2,-8.522109129E-3
7.292417150E-1,1.997369342E-3,1.531316526E-2,-7.456845604E-3
7.392083820E-1,-1.398158539E-2,1.211737376E-2,-2.130527282E-3
7.491841630E-1,-3.328948980E-3,1.531316526E-2,1.065263641E-3
7.591517670E-1,-1.185105834E-2,1.531316526E-2,-0.000000000E0
7.691688500E-1,-5.459476262E-3,1.744369231E-2,1.065263641E-3
7.791414020E-1,-4.394212738E-3,1.744369231E-2,-0.000000000E0
7.890455170E-1,-6.524739787E-3,1.957421936E-2,-2.130527282E-3
7.990111420E-1,-1.331579551E-4,2.490053698E-2,-4.261054564E-3
8.089893710E-1,4.127896391E-3,2.596580051E-2,-3.195791040E-3
8.189562460E-1,-2.263685223E-3,2.170474641E-2,-5.326318089E-3
8.289132770E-1,3.062632866E-3,2.063948289E-2,-8.522109129E-3
8.388791630E-1,5.193160381E-3,2.170474641E-2,-1.704421826E-2
8.488517150E-1,-2.263685223E-3,2.277000993E-2,-2.556632832E-2
8.588182250E-1,9.321057005E-4,2.809632942E-2,-2.982738242E-2
8.687955170E-1,9.321057005E-4,2.916159295E-2,-3.302317113E-2
8.787631730E-1,-3.328948980E-3,3.022685647E-2,-3.515370190E-2
8.887161940E-1,3.062632866E-3,3.342264518E-2,-3.834949061E-2
8.986823400E-1,-2.263685223E-3,3.022685647E-2,-4.367581010E-2
9.086641630E-1,-6.524739787E-3,2.916159295E-2,-5.219791830E-2
9.186318710E-1,-3.328948980E-3,2.916159295E-2,-5.858949944E-2
9.285974960E-1,-3.328948980E-3,2.916159295E-2,-6.391581893E-2
9.385649440E-1,-8.655266836E-3,2.703106403E-2,-6.817687303E-2
9.485166630E-1,-1.331579551E-4,2.916159295E-2,-6.817687303E-2
9.584825480E-1,-3.328948980E-3,3.129211813E-2,-6.817687303E-2
9.684712980E-1,-1.331579551E-4,3.235738352E-2,-6.498108059E-2
9.784394750E-1,6.258423906E-3,3.448791057E-2,-6.498108059E-2
9.884021840E-1,-3.328948980E-3,3.555317223E-2,-6.285055727E-2
9.983698400E-1,-3.328948980E-3,3.661843762E-2,-6.072002649E-2
1.008324892E0,3.062632866E-3,3.874896467E-2,-5.645897239E-2
1.018291246E0,1.997369342E-3,3.981423005E-2,-5.326318368E-2
1.028265309E0,9.321057005E-4,3.981423005E-2,-4.793686420E-2
1.038232444E0,1.997369342E-3,4.301001877E-2,-4.261054471E-2
1.048202132E0,-1.331579551E-4,4.301001877E-2,-3.408843651E-2
1.058169475E0,-3.328948980E-3,4.407528415E-2,-2.663159184E-2
1.068133798E0,9.321057005E-4,4.940159991E-2,-1.704421826E-2
1.078100830E0,-3.328948980E-3,5.366265774E-2,-1.491369121E-2
1.088068382E0,-4.394212738E-3,6.111950055E-2,-1.384842768E-2
1.098035413E0,-4.394212738E-3,6.644582003E-2,-1.065263618E-2
1.108012288E0,-1.198421582E-3,6.964161247E-2,-7.456845604E-3
1.117980361E0,-1.198421582E-3,7.283740491E-2,-1.065263641E-3
1.127938277E0,4.127896391E-3,7.709845901E-2,1.065263641E-3
1.137905257E0,5.193160381E-3,7.922898233E-2,5.326318089E-3
1.147882392E0,4.127896391E-3,8.135951310E-2,9.587372653E-3
1.157850413E0,6.258423906E-3,7.922898233E-2,2.024000883E-2
1.167820934E0,6.258423906E-3,7.603318989E-2,2.769685537E-2
1.177789215E0,9.321057005E-4,7.603318989E-2,1.597895473E-2
1.187739736E0,-3.102580272E-2,7.283740491E-2,-1.917474531E-2
1.197706194E0,-2.676474862E-2,6.751108170E-2,-8.522109129E-3
1.207686038E0,1.371526904E-2,6.964161247E-2,-5.432844535E-2
1.217653850E0,-6.831002980E-2,5.259739235E-2,-5.858949944E-2
1.227620152E0,2.330264263E-2,6.857634336E-2,-8.628635854E-2
1.237587809E0,-3.422159329E-2,6.431528926E-2,-9.267793596E-2
1.247545361E0,-4.394212738E-3,6.857634336E-2,-1.129179448E-1
1.257512027E0,9.321057005E-4,6.644582003E-2,-1.267663687E-1
1.267490725E0,-5.459476262E-3,5.792371184E-2,-1.438105851E-1
1.277458538E0,-1.185105834E-2,5.153212696E-2,-1.640505940E-1
1.287428902E0,-2.263685223E-3,4.940159991E-2,-1.747032404E-1
1.297397027E0,-5.459476262E-3,4.620581120E-2,-1.896169335E-1
1.307343173E0,-2.463422157E-2,4.407528415E-2,-1.874863952E-1
1.317309007E0,3.182475269E-2,5.472791940E-2,-1.704421788E-1
1.327290361E0,1.478053257E-2,5.259739235E-2,-1.619200706E-1
1.337257757E0,-1.291632187E-2,4.940159991E-2,-1.565937549E-1
1.347224684E0,-1.198421582E-3,5.472791940E-2,-1.533979625E-1
1.357192027E0,-7.590003312E-3,5.472791940E-2,-1.555284858E-1
1.367154423E0,-2.143843099E-2,5.259739235E-2,-1.597895473E-1
1.377121246E0,1.797632314E-2,5.898897350E-2,-1.565937549E-1
1.387100777E0,-1.824264042E-2,5.259739235E-2,-1.523326933E-1
1.397068902E0,-2.037316747E-2,5.046686530E-2,-1.555284858E-1
1.407038330E0,-5.459476262E-3,5.898897350E-2,-1.512674391E-1
1.417006559E0,-2.569948509E-2,5.472791940E-2,-1.459411234E-1
1.426970517E0,-3.422159329E-2,5.366265774E-2,-1.395495385E-1
1.436938330E0,6.258423906E-3,6.218476593E-2,-1.352884769E-1
1.446907288E0,-2.356895804E-2,5.579318479E-2,-1.363537461E-1
1.456875152E0,-4.807002097E-2,5.366265774E-2,-1.416800618E-1
1.466843434E0,-3.102580272E-2,4.514054582E-2,-1.288969070E-1
1.476811350E0,-9.720530361E-3,7.070687413E-2,-1.203747913E-1
1.486766975E0,-4.394212738E-3,4.620581120E-2,-1.299621612E-1
1.496733642E0,8.388951421E-3,5.153212696E-2,-1.246358454E-1
1.506709788E0,-1.824264042E-2,4.087949172E-2,-1.395495385E-1
1.516677444E0,-4.700475931E-2,3.235738352E-2,-1.555284858E-1
1.526649267E0,-6.524739787E-3,2.703106403E-2,-1.512674391E-1
1.536617288E0,-2.356895804E-2,7.856319658E-3,-1.640505940E-1
1.546572444E0,-2.250369452E-2,3.994738800E-4,-1.778990328E-1
1.556539163E0,2.223737910E-2,4.660528619E-3,-1.800295562E-1
1.566501559E0,-2.889527567E-2,-1.731053460E-3,-1.257011145E-1
1.576467861E0,9.147951752E-2,-3.861580743E-3,2.450106293E-2
1.586446142E0,7.763108611E-2,9.986846708E-3,1.001347825E-1
1.596413590E0,-7.683213800E-2,5.472791940E-2,7.882951200E-2
1.606371038E0,-1.119858399E-1,1.165132076E-1,3.515370190E-2
1.616337496E0,-2.676474862E-2,7.816372067E-2,-6.285055727E-2
1.626295517E0,-1.930790395E-2,4.194475710E-2,-6.924213469E-2
1.636261142E0,-3.635212034E-2,-2.942790836E-2,-1.054610983E-1
1.646251975E0,3.182475269E-2,-5.286370963E-2,-1.129179448E-1
1.656220152E0,-6.724476814E-2,-5.805686861E-2,-8.841688186E-2
1.666174267E0,-5.459476262E-3,-3.155843541E-2,-1.022653133E-1
1.676140986E0,9.893636405E-2,-9.187898599E-3,-9.587372839E-2
1.686091871E0,-1.198421582E-3,-4.221107066E-2,-7.456845790E-2
1.696056975E0,-5.872265995E-2,-7.510108501E-2,-6.924213469E-2
1.706046298E0,-1.291632187E-2,-8.042740822E-2,-8.841688186E-2
1.716013798E0,-3.102580272E-2,-6.657897681E-2,-1.352884769E-1
1.725977392E0,1.158474199E-2,-6.551371515E-2,-1.555284858E-1
1.735944527E0,4.780370742E-2,-7.297056168E-2,-1.182442605E-1
1.745929215E0,-3.422159329E-2,-1.038632020E-1,-9.267793596E-2
1.755898121E0,-4.487423226E-2,-1.091895252E-1,-8.841688186E-2
1.765847184E0,4.780370742E-2,-9.747162461E-2,-8.841688186E-2
1.775814059E0,3.182475269E-2,-1.006674170E-1,-1.182442605E-1
1.785814944E0,-6.524739787E-3,-1.272990108E-1,-1.288969070E-1
1.795785257E0,1.797632314E-2,-1.113200486E-1,-1.470063776E-1
1.805733277E0,2.649843320E-2,-1.230379492E-1,-1.629853398E-1
1.815701350E0,-1.504684892E-2,-1.198421568E-1,-1.502021700E-1
1.825644423E0,-1.023984700E-1,-1.251684725E-1,-1.384842694E-1
1.835609944E0,-7.044056058E-2,-1.187768951E-1,-1.448758543E-1
1.845603850E0,-9.920267761E-2,-1.166463718E-1,-1.672463864E-1
1.855572236E0,-3.635212034E-2,-9.427583218E-2,-1.725727171E-1
1.865521871E0,4.460791498E-2,-7.723161578E-2,-1.736379713E-1
1.875488382E0,-6.617950648E-2,-8.575372398E-2,-1.693769246E-1
1.885475257E0,-1.354216337E-1,-9.960214794E-2,-1.981390417E-1
1.895443798E0,-5.126581341E-2,-6.764423847E-2,-1.992042959E-1
1.905397027E0,-4.807002097E-2,-5.073318258E-2,-2.141179889E-1
1.915364007E0,-6.511423737E-2,-2.942790836E-2,-2.066611499E-1
1.925347340E0,-1.375521719E-1,-3.901528195E-2,-1.565937549E-1
1.935315986E0,-7.683213800E-2,-3.262370080E-2,-1.129179448E-1
1.945251663E0,-3.741738573E-2,-3.262370080E-2,-9.054741263E-2
1.955216975E0,-3.209106624E-2,-3.688475490E-2,-7.137266546E-2
1.965206090E0,-1.291632187E-2,-4.327633604E-2,-8.522108942E-2
1.975173746E0,-5.126581341E-2,-5.179844424E-2,-1.480716467E-1
1.985150673E0,-1.343563795E-1,-8.362319320E-2,-2.119874656E-1
1.995119319E0,1.287637353E-1,-4.966791719E-2,-2.354232669E-1
2.005067652E0,1.490037590E-1,-5.286370963E-2,-2.460758984E-1
2.015034215E0,-1.396826953E-1,-1.081242561E-1,-2.556632757E-1
2.024983642E0,3.075948730E-2,-7.190529257E-2,-2.663159072E-1
2.034948486E0,1.564605981E-1,-5.486107618E-2,-2.343579978E-1
2.044937132E0,8.615319431E-2,-5.699160323E-2,-1.832253486E-1
2.054904319E0,7.230477035E-2,-3.581948951E-2,-1.523326933E-1
2.064877288E0,-9.920267761E-2,-4.221107066E-2,-1.118526831E-1
2.074845100E0,1.543300748E-1,9.986846708E-3,-5.326318368E-2
2.084783642E0,2.298306376E-1,3.874896467E-2,-1.278316416E-2
2.094748434E0,-8.109319210E-2,4.660528619E-3,-3.195790946E-2
2.104763017E0,9.321057005E-4,3.235738352E-2,-7.243792713E-2
2.114732861E0,4.886896908E-2,7.496792823E-2,-7.456845790E-2
2.124697965E0,-1.545963883E-1,4.514054582E-2,-1.150484756E-1
2.134667340E0,-2.889527567E-2,7.496792823E-2,-1.778990328E-1
2.144605413E0,3.395527974E-2,9.094688296E-2,-2.130527347E-1
2.154571559E0,-1.237037405E-1,4.407528415E-2,-2.545980215E-1
2.164540621E0,-1.279647946E-1,-3.861580743E-3,-2.950780392E-1
2.174507132E0,-1.844237745E-1,-5.486107618E-2,-3.290333152E-1
2.184462965E0,1.351553202E-1,-1.984053478E-2,-4.099933505E-1
2.194428382E0,2.308958918E-1,9.986846708E-3,-5.197154880E-1
2.204425621E0,-2.163816839E-1,-4.753739014E-2,-6.315681934E-1
2.214394267E0,4.247738793E-2,-2.197106183E-2,-7.210503221E-1
2.224349788E0,4.822981060E-1,1.424790081E-2,-7.476819158E-1
2.234317080E0,5.952160433E-2,-8.575372398E-2,-7.892271876E-1
2.244281767E0,-3.528685868E-2,-1.336905807E-1,-8.552735448E-1
2.254248798E0,3.225085735E-1,-1.027979404E-1,-8.647277355E-1
2.264206350E0,1.371526904E-2,-1.667137593E-1,-8.732498884E-1
2.274172392E0,2.681801319E-1,-1.198421568E-1,-8.753803968E-1
2.284157705E0,5.376918316E-1,-7.084003091E-2,-8.520777822E-1
2.294125673E0,8.082687855E-2,-1.560611278E-1,-8.796414733E-1
2.304089996E0,-1.185105834E-2,-2.348906398E-1,-9.052077532E-1
2.314057600E0,2.447443157E-1,-2.327601016E-1,-9.254477620E-1
2.324019632E0,7.443529367E-2,-2.593916953E-1,-9.637972713E-1
2.333986663E0,3.182475269E-2,-2.764359117E-1,-9.627320170E-1
2.343927548E0,1.042626798E-1,-2.711096108E-1,-9.542099237E-1
2.353891923E0,-9.387636185E-2,-3.222422600E-1,-9.648625255E-1
2.363883069E0,1.265000552E-2,-3.499391079E-1,-9.627320170E-1
2.373850152E0,1.266332120E-1,-3.435475230E-1,-9.723193645E-1
2.383830309E0,3.075948730E-2,-3.392864764E-1,-1.014929891E0
2.393798746E0,1.265000552E-2,-3.350254297E-1,-1.040496230E0
2.403763902E0,-1.611211337E-2,-3.478085697E-1,-1.024517298E0
2.413731923E0,-5.020054802E-2,-3.499391079E-1,-9.968204498E-1
2.423697496E0,1.735048145E-1,-2.924148738E-1,-9.510141015E-1
2.433665309E0,9.454214945E-3,-3.169159293E-1,-9.073383212E-1
2.443631715E0,-3.315633163E-2,-3.158506751E-1,-8.625972271E-1
2.453599371E0,5.099949613E-2,-2.764359117E-1,-8.456861973E-1
2.463597132E0,-5.552686751E-2,-2.796317041E-1,-8.615319729E-1
2.473567809E0,-3.848264739E-2,-2.977411747E-1,-8.243808746E-1
2.483585621E0,-4.807002097E-2,-3.414169848E-1,-7.093324065E-1
2.493561090E0,9.321057005E-4,-3.296990991E-1,-6.251766086E-1
2.503458277E0,2.830938101E-1,-2.210422009E-1,-6.155892015E-1
2.513425777E0,-1.205079481E-1,-2.487390637E-1,-6.560692191E-1
2.523389423E0,-6.191844866E-2,-2.466085255E-1,-6.603302956E-1
2.533356559E0,8.189214021E-2,-2.689790726E-1,-6.113281846E-1
2.543311663E0,1.691105962E-2,-3.115896285E-1,-5.665870905E-1
2.553277548E0,2.202432603E-1,-2.775011659E-1,-5.186502337E-1
2.563232861E0,7.550056279E-2,-3.083938360E-1,-4.973449707E-1
2.573197705E0,-1.482048035E-1,-3.254380524E-1,-5.197154880E-1
2.583194007E0,-5.552686751E-2,-2.679138184E-1,-5.367597342E-1
2.593161975E0,3.062632866E-3,-2.061285079E-1,-5.367597342E-1
2.603136402E0,7.869634777E-2,-1.848232448E-1,-4.515386224E-1
2.613105048E0,-8.535424620E-2,-2.434127480E-1,-3.386206925E-1
2.623055100E0,-8.855003864E-2,-2.572611570E-1,-2.599243224E-1
2.633021871E0,-1.077247858E-1,-2.487390637E-1,-1.992042959E-1
2.642993434E0,7.443529367E-2,-1.858884990E-1,-1.512674391E-1
2.652960673E0,-5.126581341E-2,-2.071937770E-1,-5.432844535E-2
2.662929007E0,-7.576687634E-2,-2.071937770E-1,5.645897239E-2
2.672896350E0,-8.535424620E-2,-1.997369379E-1,1.427453309E-1
2.682861663E0,-6.191844866E-2,-1.912148297E-1,2.438122183E-1
2.692828798E0,8.189214021E-2,-1.581916511E-1,3.396859467E-1
2.702796871E0,1.904158667E-2,-1.358211190E-1,4.110586047E-1
2.712764111E0,3.395527974E-2,-1.230379492E-1,5.388902426E-1
2.722737496E0,4.141212255E-2,-1.294295341E-1,6.997450590E-1
2.732705309E0,8.402267098E-2,-1.219726875E-1,7.635276914E-1
2.742667444E0,4.993423447E-2,-1.134505793E-1,8.040077090E-1
2.752634684E0,-1.844237745E-1,-1.283642650E-1,8.008119464E-1
2.762602809E0,1.213068962E-1,-6.977476925E-2,8.103992939E-1
2.772570100E0,-1.034637317E-1,-1.379516423E-1,8.263782859E-1
2.782536767E0,-5.339634046E-2,-1.816274524E-1,8.199867010E-1
2.792504007E0,-9.707214683E-2,-2.199769467E-1,7.635276914E-1
2.802448955E0,1.458079666E-1,-1.677790284E-1,5.591302514E-1
2.812413902E0,9.147951752E-2,-1.763011366E-1,3.098585606E-1
2.822386715E0,-1.854890287E-1,-1.720400751E-1,7.030740380E-2
2.832352496E0,8.189214021E-2,-1.049284711E-1,-1.789642870E-1
2.842324267E0,2.000032514E-1,-7.829687744E-2,-3.929491341E-1
2.852290621E0,1.202416345E-1,-8.788424730E-2,-5.910881758E-1
2.862257913E0,7.976161689E-2,-1.209074259E-1,-6.976145506E-1
2.872224319E0,1.051947847E-2,-1.794969290E-1,-7.540735006E-1
2.882182600E0,1.703090221E-1,-1.794969290E-1,-8.297072053E-1
2.892148173E0,8.295740932E-2,-2.103895694E-1,-9.307740927E-1
2.902125517E0,3.715106845E-2,-2.423474789E-1,-9.968204498E-1
2.912092288E0,-2.356895804E-2,-2.828274965E-1,-1.037300467E0
2.922064371E0,7.123950869E-2,-2.977411747E-1,-1.072454214E0
2.932031663E0,-1.737711281E-1,-3.978759646E-1,-1.074584723E0
2.941993850E0,-1.514005959E-1,-4.692486227E-1,-1.019191027E0
2.951960621E0,1.478053257E-2,-4.809665382E-1,-9.616667628E-1
2.961930621E0,-8.855003864E-2,-5.012065172E-1,-9.201214910E-1
2.971897705E0,-1.151816323E-1,-4.937497079E-1,-8.636624813E-1
2.981866455E0,1.478053257E-2,-4.468781054E-1,-8.158587813E-1
2.991833694E0,-2.664490640E-1,-4.799012840E-1,-7.753787637E-1
3.001802444E0,-4.700475931E-2,-4.458128214E-1,-6.805703044E-1
3.011769840E0,-1.045289934E-1,-4.511391521E-1,-5.559344888E-1
3.021733434E0,-1.876195520E-1,-4.308991432E-1,-4.515386224E-1
3.031700413E0,1.511342824E-1,-3.041327596E-1,-3.663175404E-1
3.041669632E0,2.372874767E-1,-1.954758763E-1,-2.492716908E-1
3.051636871E0,-9.174583107E-2,-2.008021921E-1,-8.841688186E-2
3.061601142E0,9.321057005E-4,-2.423474789E-1,1.544632316E-1
3.071568017E0,3.086601496E-1,-2.146506310E-1,4.110586047E-1
3.081530986E0,1.511342824E-1,-1.954758763E-1,6.443513632E-1
3.091497444E0,7.869634777E-2,-1.091895252E-1,8.029424548E-1
3.101478330E0,8.295740932E-2,-1.771000773E-2,9.478183389E-1
3.111446246E0,2.010685205E-2,1.424790081E-2,1.112934232E0
3.121411402E0,-6.724476814E-2,3.022685647E-2,1.293895841E0
3.131379059E0,-7.257108390E-2,9.627319872E-2,1.414270639E0
3.141347809E0,1.051947847E-2,1.591237634E-1,1.474990726E0
3.151315569E0,-7.789740711E-2,1.569932252E-1,1.542102337E0
3.161280621E0,-2.515353858E-1,1.165132076E-1,1.601757050E0
3.171248069E0,-5.459476262E-3,1.282311082E-1,1.584712863E0
3.181218746E0,-1.078579482E-2,8.881635964E-2,1.514405370E0
3.191186507E0,-2.643185556E-1,1.744369231E-2,1.436641216E0
3.201147080E0,-1.268995255E-1,4.833633825E-2,1.349289536E0
3.211114111E0,9.454214945E-3,1.079910994E-1,1.241831064E0
3.221079892E0,-3.209106624E-2,1.143826842E-1,1.137435198E0
3.231046767E0,1.266332120E-1,1.292963773E-1,1.008538365E0
3.241020413E0,7.656582445E-2,7.603318989E-2,8.775109053E-1
3.250988017E0,-3.328948980E-3,2.530001104E-3,7.370292544E-1
3.260945725E0,3.928159550E-2,-2.303632535E-2,5.601955056E-1
3.270912288E0,9.574057162E-2,-7.057371549E-3,3.545996249E-1
3.280894163E0,9.680583328E-2,-1.451421715E-2,1.619200706E-1
3.290862288E0,-4.394212738E-3,-4.327633604E-2,-8.522109129E-3
3.300824267E0,9.254477918E-2,-5.805686861E-2,-1.480716467E-1
3.310791715E0,7.656582445E-2,-9.321057051E-2,-2.609896064E-1
3.320762861E0,-2.569948509E-2,-1.560611278E-1,-3.279680312E-1
3.330730673E0,2.649843320E-2,-1.826927215E-1,-3.822965026E-1
3.340689423E0,-1.258342713E-1,-2.263685167E-1,-4.387554526E-1
3.350656298E0,1.117195264E-1,-1.869537681E-1,-4.824312627E-1
3.360623121E0,2.841590643E-1,-1.368863732E-1,-5.431513190E-1
3.370589996E0,-1.343563795E-1,-2.284990549E-1,-5.846965909E-1
3.380546871E0,7.230477035E-2,-2.189116776E-1,-5.442165732E-1
3.390512757E0,1.468732208E-1,-2.327601016E-1,-4.717786312E-1
3.400495569E0,-8.641951531E-2,-2.508696020E-1,-4.153196514E-1
3.410463173E0,-1.098553166E-1,-2.391516864E-1,-3.631217480E-1
3.420428955E0,-1.291632187E-2,-2.135853618E-1,-2.950780392E-1
3.430396350E0,-3.102580272E-2,-2.050632536E-1,-2.034653574E-1
3.440369319E0,2.330264151E-1,-1.560611278E-1,-5.113265663E-2
3.450337236E0,-1.641837656E-1,-2.284990549E-1,1.182442605E-1
3.460301455E0,-9.494162351E-2,-1.954758763E-1,2.448774725E-1
3.470268955E0,1.287637353E-1,-1.134505793E-1,3.631217480E-1
3.480232757E0,-9.387636185E-2,-6.870950758E-2,4.930838943E-1
3.490199944E0,5.193160381E-3,-1.344895363E-2,6.422207952E-1
3.500165830E0,2.394180000E-1,5.472791940E-2,7.869635224E-1
3.510132809E0,2.170474678E-1,6.325002760E-2,8.977509141E-1
3.520109111E0,4.886896908E-2,3.342264518E-2,1.003211975E0
3.530077027E0,-1.130511016E-1,1.637842879E-2,1.112934232E0
3.540038798E0,1.127847880E-1,7.709845901E-2,1.168327928E0
3.550006090E0,1.904158741E-1,1.250353158E-1,1.170458436E0
3.559974736E0,-1.759016514E-1,9.946899116E-2,1.141696334E0
3.569942132E0,-4.420844018E-1,5.046686530E-2,1.151283622E0
3.579896767E0,-1.045289934E-1,7.816372067E-2,1.196024776E0
3.589862861E0,6.804371625E-2,8.775109053E-2,1.183241606E0
3.599843277E0,-1.545963883E-1,6.964161247E-2,1.127847910E0
3.609810830E0,2.649843320E-2,1.154479459E-1,1.120391011E0
3.619782965E0,2.841590643E-1,1.910816729E-1,1.129978418E0
3.629750934E0,4.247738793E-2,1.814942956E-1,1.116129994E0
3.639713382E0,2.756369673E-2,2.198437899E-1,1.094824672E0
3.649680777E0,4.993423447E-2,2.347574681E-1,1.119325757E0
3.659644527E0,1.404816359E-1,2.518016994E-1,1.157675266E0
3.669611559E0,-4.061317816E-2,2.155827284E-1,1.169393182E0
3.679585569E0,-6.524739787E-3,2.454101145E-1,1.142761588E0
3.689553330E0,7.976161689E-2,2.688459158E-1,1.152348995E0
3.699515673E0,1.553953290E-1,2.741722167E-1,1.151283622E0
3.709482861E0,2.969422378E-2,2.560627460E-1,1.136369944E0
3.719446142E0,1.265000552E-2,2.699111700E-1,1.066062570E0
3.729412913E0,1.266332120E-1,3.263701499E-1,9.552751780E-1
3.739383225E0,5.099949613E-2,2.912164330E-1,8.711193204E-1
3.749350361E0,9.361004084E-2,2.571280003E-1,8.103992939E-1
3.759321975E0,4.673844203E-2,2.475406379E-1,6.912229657E-1
3.769289580E0,-1.684448123E-1,2.187785208E-1,5.303681493E-1
3.779260048E0,2.522011697E-1,2.837595940E-1,3.940143883E-1
3.789227913E0,3.534012139E-1,2.454101145E-1,2.715090811E-1
3.799203902E0,3.928159550E-2,1.420795321E-1,1.012000442E-1
3.809172600E0,1.234374270E-1,1.708416492E-1,-9.054741263E-2
3.819139423E0,1.724395454E-1,2.049300969E-1,-2.514022291E-1
3.829107861E0,2.862896025E-1,1.964079887E-1,-3.588607013E-1
3.839075934E0,1.266332120E-1,1.026647836E-1,-4.408859909E-1
3.849044319E0,2.021337748E-1,1.186437383E-1,-5.111933947E-1
3.859016194E0,2.639190555E-1,1.633848101E-1,-5.761744976E-1
3.868984944E0,-1.215732098E-1,7.816372067E-2,-5.516734123E-1
3.878950309E0,-3.346259296E-1,2.530001104E-3,-4.930838943E-1
3.888918694E0,-1.716406047E-1,6.431528926E-2,-4.323638678E-1
3.898881975E0,4.460791498E-2,1.665806025E-1,-3.631217480E-1
3.908849840E0,-5.126581341E-2,1.420795321E-1,-3.046653867E-1
3.918817705E0,-6.831002980E-2,1.516669095E-1,-2.205095738E-1
3.928785569E0,-1.492700726E-1,1.580584943E-1,-1.597895473E-1
3.938746038E0,-1.824264042E-2,1.900164038E-1,-1.448758543E-1
3.948713173E0,-6.724476814E-2,1.900164038E-1,-1.480716467E-1
3.958668955E0,-7.137266397E-1,2.170474641E-2,-6.178529188E-2
3.968634892E0,3.470096290E-1,1.932121962E-1,8.841688186E-2
3.978592080E0,4.567317963E-1,2.358227372E-1,1.139832065E-1
3.988557132E0,-5.126581341E-2,1.484711170E-1,2.556632832E-2
3.998535517E0,4.748412669E-1,1.910816729E-1,6.391582079E-3
4.008501923E0,3.534012139E-1,1.324921697E-1,4.261054564E-3
4.018471455E0,-2.568616867E-1,1.211737376E-2,-1.257011145E-1
4.028438173E0,-1.567269117E-1,2.703106403E-2,-2.375537902E-1
4.038404632E0,-1.119858399E-1,3.661843762E-2,-1.938779801E-1
4.048371298E0,-1.824264042E-2,5.259739235E-2,-1.182442605E-1
4.058336298E0,-2.802974880E-1,2.596580051E-2,-8.415582776E-2
4.068302757E0,-2.653838098E-1,8.349003643E-2,-1.171789970E-2
4.078262496E0,-2.025332451E-1,1.452753246E-1,3.515370190E-2
4.088228277E0,-8.426235318E-1,1.105211023E-2,5.858949944E-2
4.098205205E0,-6.040045023E-1,1.105211023E-2,1.342232227E-1
4.108172080E0,2.436790615E-1,1.537974328E-1,2.013348341E-1
4.118138590E0,4.141212404E-1,2.251701057E-1,9.800425172E-2
4.128105465E0,1.371526904E-2,1.612542868E-1,1.597895473E-2
4.138076455E0,1.181111038E-1,1.484711170E-1,4.367581010E-2
4.148043746E0,1.968074590E-1,1.537974328E-1,7.456845790E-2
4.158020986E0,-2.195774615E-1,4.940159991E-2,-0.000000000E0
4.167989267E0,-4.932170510E-1,-3.155843541E-2,-3.089264594E-2
4.177945413E0,1.628521830E-1,9.840372950E-2,1.246358454E-1
4.187912444E0,3.640538454E-1,1.697763950E-1,1.608548164E-1
4.197879111E0,-1.215732098E-1,1.250353158E-1,6.072002649E-2
4.207846090E0,2.106558830E-1,1.889511347E-1,1.065263641E-3
4.217816090E0,-1.897500902E-1,6.431528926E-2,-1.065263641E-3
4.227783382E0,-9.490167499E-1,-1.102547869E-1,-4.474107176E-2
4.237748955E0,7.443529367E-2,8.988162130E-2,4.261054564E-3
4.247716090E0,8.155924678E-1,2.613890767E-1,6.391582079E-3
4.257684788E0,-6.157223582E-1,-1.025316212E-2,-7.989477366E-2
4.267652027E0,2.617885470E-1,1.218395308E-1,-9.906952083E-2
4.277625048E0,8.592683077E-1,2.294311523E-1,-1.374190152E-1
4.287592861E0,-1.972069293E-1,1.637842879E-2,-2.780338228E-1
4.297552861E0,-1.026780963E0,-2.125200927E-1,-3.972101808E-1
4.307519840E0,4.673844203E-2,-6.338318437E-2,-2.737727463E-1
4.317489892E0,3.225085735E-1,2.490053698E-2,-1.757684946E-1
4.327457184E0,2.202432603E-1,4.620581120E-2,-2.567285299E-1
4.337430934E0,3.033338189E-1,6.964161247E-2,-3.439469934E-1
4.347398850E0,3.491401672E-1,7.283740491E-2,-2.940127552E-1
4.357361923E0,-1.982721984E-1,-4.540686309E-2,-3.174485564E-1
4.367329371E0,5.898897648E-1,9.840372950E-2,-3.407512009E-1
4.377282965E0,-4.761728346E-1,-1.017326787E-1,-3.929491341E-1
4.387249007E0,-8.799077868E-1,-1.763011366E-1,-2.812296152E-1
4.397234996E0,6.900244951E-1,1.026647836E-1,-5.113265663E-2
4.407203069E0,3.427485824E-1,1.079910994E-1,-2.130527236E-2
4.417163955E0,-9.799094200E-1,-9.108003974E-2,-1.086568907E-1
4.427131246E0,4.311654568E-1,1.772332340E-1,-8.948214352E-2
4.437097757E0,9.391630292E-1,2.688459158E-1,-6.391582079E-3
4.447064996E0,-1.418132186E-1,6.538055837E-2,-7.456845604E-3
4.457034059E0,3.086601496E-1,9.946899116E-2,1.065263641E-3
4.467001455E0,5.504750013E-1,1.250353158E-1,1.257011145E-1
4.476967548E0,2.862896025E-1,7.922898233E-2,2.331595868E-1
4.486934788E0,4.546012580E-1,1.165132076E-1,2.002695650E-1
4.496902496E0,3.523359597E-1,1.047953144E-1,2.523343265E-1
4.506869788E0,2.010685205E-2,2.809632942E-2,2.938795984E-1
4.516838850E0,-2.217079997E-1,-1.451421715E-2,2.981406748E-1
4.526806298E0,1.798963994E-1,8.668582886E-2,3.705785871E-1
4.536773486E0,2.756369710E-1,1.143826842E-1,4.131891429E-1
4.546740882E0,-6.724476814E-2,5.685844645E-2,3.897533417E-1
4.556710673E0,-2.121206224E-1,5.579318479E-2,3.940143883E-1
4.566678330E0,2.394180000E-1,1.910816729E-1,3.673827946E-1
4.576651819E0,3.289001584E-1,2.209090441E-1,2.374206334E-1
4.586620048E0,-4.324970245E-1,3.874896467E-2,1.438105851E-1
4.596574423E0,2.585927546E-1,1.410142779E-1,5.539371073E-2
4.606541246E0,4.748412669E-1,1.431448013E-1,1.171789970E-2
4.616512027E0,-3.328948980E-3,4.301001877E-2,-7.882951200E-2
4.626479267E0,-1.311605871E-1,2.063948289E-2,-1.928127259E-1
4.636443850E0,1.127847880E-1,7.603318989E-2,-2.673811615E-1
4.646410777E0,-3.399522603E-1,-2.516685426E-2,-2.897517085E-1
4.656375152E0,-1.450090110E-1,-5.592634156E-2,-3.269027770E-1
4.666341819E0,-2.717753947E-1,-1.027979404E-1,-3.258375227E-1
4.676320882E0,3.576622605E-1,2.530001104E-3,-2.652506530E-1
4.686288798E0,2.873548567E-1,-1.238369010E-2,-3.247722387E-1
4.696250517E0,-5.552686751E-2,-5.912213027E-2,-3.588607013E-1
4.706217809E0,2.703106403E-1,-5.992108025E-3,-3.300985694E-1
4.716169059E0,-2.717753947E-1,-9.321057051E-2,-3.290333152E-1
4.726134684E0,-9.298419952E-1,-2.625874877E-1,-3.279680312E-1
4.736123225E0,4.418180883E-1,-4.753739014E-2,-2.428801060E-1
4.746091142E0,4.002728164E-1,-3.475422785E-2,-2.087916732E-1
4.756038538E0,7.323687430E-3,-9.960214794E-2,-2.844253778E-1
4.766004371E0,2.000032514E-1,-5.912213027E-2,-3.195790946E-1
4.775990934E0,5.163865685E-1,5.725792143E-3,-2.151832581E-1
4.785958850E0,-4.303665161E-1,-2.103895694E-1,-1.288969070E-1
4.795926246E0,-1.737711281E-1,-2.423474789E-1,3.408843651E-2
4.805894111E0,4.961465299E-1,-1.251684725E-1,1.427453309E-1
4.815860934E0,1.490037590E-1,-6.338318437E-2,1.022653133E-1
4.825828694E0,-1.673795432E-1,-7.190529257E-2,6.391581893E-2
4.835777236E0,7.601987720E-1,8.668582886E-2,1.438105851E-1
4.845743017E0,-4.380896688E-2,-7.936213911E-2,1.736379713E-1
4.855728746E0,-2.163816839E-1,-1.219726875E-1,1.789642870E-1
4.865696559E0,8.752472401E-1,1.069258377E-1,1.288969070E-1
4.875659840E0,1.458079666E-1,2.063948289E-2,7.243792713E-2
4.885627184E0,-2.856238186E-1,-4.860265180E-2,2.343579940E-2
4.895587965E0,3.033338189E-1,4.514054582E-2,5.752423778E-2
4.905554632E0,-5.816339254E-1,-1.177116334E-1,6.604634225E-2
4.915544423E0,-9.852356911E-1,-2.348906398E-1,6.498108059E-2
4.925513434E0,7.932219505E-1,2.809632942E-2,1.086568907E-1
4.935492913E0,5.771065950E-1,4.620581120E-2,4.793686420E-2
4.945462965E0,-3.589938581E-1,-4.860265180E-2,-5.113265663E-2
4.955394007E0,1.840242893E-1,5.366265774E-2,-4.261054471E-2
4.965360100E0,2.127864063E-1,3.235738352E-2,-1.810948178E-2
4.975334059E0,-4.356928170E-1,-1.294295341E-1,-7.350318879E-2
4.985300934E0,-9.468862414E-1,-2.668485343E-1,-1.022653133E-1
4.995269892E0,-3.653854430E-1,-1.720400751E-1,1.278316416E-2
5.005236975E0,7.591335177E-1,1.211737376E-2,2.450106293E-2
5.015191350E0,5.376918316E-1,4.660528619E-3,-9.906952083E-2
5.025157132E0,1.223721579E-1,-7.723161578E-2,-8.628635854E-2
5.035155725E0,2.042642981E-1,-1.230379492E-1,-9.587372653E-3
5.045124840E0,-1.185105834E-2,-2.039979845E-1,2.130527236E-2
5.055062705E0,5.632581562E-2,-2.167811543E-1,-1.384842768E-2
5.065028694E0,1.223721579E-1,-2.125200927E-1,-2.130527282E-3
5.075018746E0,-1.854890287E-1,-2.615222335E-1,9.161267430E-2
5.084987132E0,4.631233811E-1,-1.038632020E-1,1.587242782E-1
5.094926611E0,1.308942735E-1,-1.379516423E-1,2.002695650E-1
5.104892027E0,7.399587631E-1,9.986846708E-3,3.258375227E-1
5.114857757E0,9.178577662E-1,6.111950055E-2,4.121238589E-1
5.124823277E0,-2.238385230E-1,-1.560611278E-1,6.443513632E-1
5.134809111E0,3.523359597E-1,-4.540686309E-2,7.997466922E-1
5.144776611E0,1.042493582E0,1.303616315E-1,8.732498884E-1
5.154766507E0,-5.826992393E-1,-3.581948951E-2,9.179909229E-1
5.164736298E0,-5.603286624E-1,1.464737463E-3,9.403614998E-1
5.174681663E0,8.858999014E-1,2.486059070E-1,1.011734128E0
5.184648955E0,-2.792322338E-1,7.070687413E-2,1.052214146E0
5.194632705E0,-1.112002134E0,-6.870950758E-2,1.082041502E0
5.204601663E0,4.737760127E-1,1.740374416E-1,1.126782656E0
5.214567496E0,3.075948730E-2,1.431448013E-1,1.190698385E0
5.224536142E0,-4.878907502E-1,1.133174226E-1,1.000016212E0
5.234464892E0,1.319595277E-1,2.059953511E-1,9.787109494E-1
5.244429527E0,-2.462090552E-1,1.186437383E-1,9.882983565E-1
5.254416455E0,-4.633896947E-1,3.448791057E-2,8.860330582E-1
5.264383330E0,2.820285559E-1,1.804290265E-1,7.731150985E-1
5.274333642E0,-7.150582224E-2,1.303616315E-1,7.029408216E-1
5.284298798E0,-2.366216928E-1,6.644582003E-2,6.123934388E-1
5.294314267E0,2.223737910E-2,8.881635964E-2,5.420860648E-1
5.304284580E0,-3.954791278E-2,1.026647836E-1,3.854922652E-1
5.314249684E0,-2.195774615E-1,6.751108170E-2,2.246374637E-1
5.324219423E0,7.763108611E-2,6.964161247E-2,1.075916290E-1
5.334151611E0,-1.950764060E-1,-5.592634156E-2,2.982738242E-2
5.344117496E0,-1.673795432E-1,-6.870950758E-2,-9.693899006E-2
5.354080100E0,1.735048145E-1,-6.657897611E-4,-1.587242782E-1
5.364045673E0,-3.069290817E-1,-1.027979404E-1,-1.438105851E-1
5.374044996E0,-4.644549489E-1,-1.581916511E-1,-7.243792713E-2
5.384013955E0,9.254477918E-2,-6.764423847E-2,-6.072002649E-2
5.393958538E0,-1.812279820E-1,-1.059937328E-1,-4.687159881E-2
5.403925048E0,-8.322372288E-2,-8.681898564E-2,-1.704421826E-2
5.413909423E0,-2.739059031E-1,-1.177116334E-1,5.539371073E-2
5.423877705E0,-1.407080054E0,-2.924148738E-1,1.747032404E-1
5.433830569E0,-2.143843099E-2,2.530001104E-3,1.587242782E-1
5.443797288E0,4.535360038E-1,1.058605760E-1,1.555284858E-1
5.453767184E0,1.681784987E-1,8.135951310E-2,2.066611499E-1
5.463734215E0,8.422240615E-1,1.719069183E-1,3.524691164E-1
5.473733590E0,-4.474107325E-1,-7.616634667E-2,5.175849795E-1
5.483703902E0,-7.968171835E-1,-1.358211190E-1,5.410207510E-1
5.493644059E0,7.857651114E-1,1.825595498E-1,4.526038766E-1
5.503611298E0,-5.155876279E-1,-1.877527125E-2,3.801659644E-1
5.513627392E0,-8.096003532E-1,-9.960214794E-2,4.249070287E-1
5.523599580E0,4.716454744E-1,6.964161247E-2,4.398207366E-1
5.533579840E0,-1.673795432E-1,-6.657897611E-4,3.865575492E-1
5.543552861E0,-5.443497300E-1,-5.379581451E-2,3.322291076E-1
5.553456298E0,2.575274706E-1,7.922898233E-2,3.237069845E-1
5.563422236E0,-4.303665161E-1,-5.699160323E-2,3.226417303E-1
5.573385309E0,-6.018739343E-1,-8.788424730E-2,2.470080107E-1
5.583350934E0,-1.611211337E-2,9.986846708E-3,1.896169335E-1
5.593313330E0,8.402267098E-2,-5.992108025E-3,1.810948253E-1
5.603278642E0,2.330264151E-1,-4.860265180E-2,1.736379713E-1
5.613252705E0,6.005423665E-1,-5.992108025E-3,1.938779801E-1
5.623218902E0,-9.920267761E-2,-1.027979404E-1,1.885516644E-1
5.633165777E0,-3.282343447E-1,-9.108003974E-2,1.864211410E-1
5.643129996E0,-1.109205782E-1,-5.073318258E-2,2.182458937E-1
5.653105413E0,1.158474199E-2,-4.008054361E-2,3.215764761E-1
5.663070777E0,-1.822932363E-1,-8.681898564E-2,3.822965026E-1
5.673031975E0,-5.049349666E-1,-1.390169114E-1,4.483428299E-1
5.682996871E0,9.680583328E-2,-1.344895363E-2,5.303681493E-1
5.692968173E0,4.844286442E-1,8.988162130E-2,6.038713455E-1
5.702933694E0,2.383527458E-1,4.727107286E-2,6.858966351E-1
5.712918121E0,1.045689464E0,2.411490530E-1,7.837677002E-1
5.722885569E0,7.028076649E-1,2.645848691E-1,9.606015086E-1
5.732859840E0,7.028076649E-1,3.029343486E-1,1.088433146E0
5.742827965E0,1.133041024E0,3.636543751E-1,1.172588944E0
5.752771507E0,2.841590643E-1,2.155827284E-1,1.119325757E0
5.762737132E0,-1.727058738E-1,1.527321786E-1,9.755151868E-1
5.772712132E0,-5.339634046E-2,1.591237634E-1,8.764456511E-1
5.782678694E0,9.680583328E-2,2.198437899E-1,8.657930493E-1
5.792663017E0,4.098601937E-1,3.561975360E-1,9.137299061E-1
5.802631350E0,-1.982721984E-1,2.539322078E-1,8.711193204E-1
5.812578538E0,-5.305013061E-1,1.271658540E-1,9.499488473E-1
5.822544736E0,-3.175817132E-1,1.079910994E-1,1.029843569E0
5.832531819E0,3.043990731E-1,2.017343044E-1,1.084172130E0
5.842500100E0,1.872200817E-1,1.996037811E-1,9.957551956E-1
5.852460361E0,-5.339634046E-2,2.017343044E-1,9.499488473E-1
5.862427809E0,4.854938984E-1,3.125217259E-1,1.017060518E0
5.872382444E0,4.737760127E-1,3.444796205E-1,1.030908942E0
5.882348642E0,1.957421899E-1,3.167827725E-1,8.860330582E-1
5.892334215E0,4.439486265E-1,3.434143662E-1,7.402250767E-1
5.902302340E0,-6.617950648E-2,2.187785208E-1,6.805703044E-1
5.912268225E0,-1.439437568E-1,1.612542868E-1,5.921534300E-1
5.922236090E0,-6.085318699E-2,1.463405937E-1,5.687175989E-1
5.932185361E0,9.454214945E-3,1.516669095E-1,6.262418628E-1
5.942151350E0,1.511342824E-1,2.113216817E-1,6.709829569E-1
5.952132913E0,2.543316968E-2,2.166479975E-1,6.603302956E-1
5.962100465E0,2.010685205E-2,2.091911435E-1,6.613955498E-1
5.972066038E0,4.364917874E-1,2.273006290E-1,7.167892456E-1
5.982033382E0,2.500706315E-1,1.431448013E-1,6.262418628E-1
5.991990361E0,3.629885912E-1,1.250353158E-1,5.229113102E-1
6.001956663E0,7.633945346E-1,2.038648278E-1,4.781702161E-1
6.011935257E0,1.478053257E-2,1.388837546E-1,3.737743795E-1
6.021902757E0,3.928159550E-2,2.113216817E-1,2.502037883E-1
6.031867705E0,1.808284968E-1,2.262353599E-1,2.608564198E-1
6.041834944E0,-6.018739343E-1,6.538055837E-2,2.736395895E-1
6.051793277E0,2.798980176E-1,2.241048366E-1,2.821617126E-1
6.061759632E0,2.117211521E-1,1.708416492E-1,2.842922211E-1
6.071741194E0,-5.805686712E-1,2.916159295E-2,2.970753908E-1
6.081709059E0,2.245043069E-1,2.347574681E-1,2.715090811E-1
6.091676559E0,1.798963994E-1,2.858901322E-1,3.045322299E-1
6.101644371E0,1.085237339E-1,2.816290855E-1,3.886880577E-1
6.111594215E0,3.257043660E-1,2.933469713E-1,4.675175846E-1
6.121560205E0,2.223737836E-1,3.018690944E-1,5.580649972E-1
6.131545569E0,-5.233107507E-2,2.763027549E-1,5.367597342E-1
6.141513486E0,3.182475269E-2,2.997385561E-1,4.675175846E-1
6.151487132E0,-1.929458827E-1,2.251701057E-1,5.090628862E-1
6.161455621E0,2.010685056E-1,2.741722167E-1,6.294376254E-1
6.171400257E0,1.777658761E-1,2.645848691E-1,6.645913720E-1
6.181366350E0,-3.122554123E-1,2.123869359E-1,6.539387107E-1
6.191345621E0,-4.314317703E-1,2.081258893E-1,7.018755674E-1
6.201313017E0,1.968074590E-1,2.933469713E-1,8.199867010E-1
6.211304215E0,4.247738793E-2,2.454101145E-1,8.956204057E-1
6.221274007E0,-2.462090552E-1,1.996037811E-1,1.006407857E0
6.231232236E0,7.676556110E-1,4.456796646E-1,1.020256281E0
6.241200882E0,-9.281109273E-2,3.295659423E-1,9.819067717E-1
6.251172340E0,-7.680550814E-1,1.857553422E-1,8.934898973E-1
6.261141246E0,-1.769669205E-1,2.549974918E-1,9.286435843E-1
6.271105621E0,-2.472743243E-1,2.358227372E-1,1.007473111E0
6.281074059E0,-1.130511016E-1,2.241048366E-1,1.125717402E0
6.291016194E0,1.010535717E0,3.934817612E-1,1.185372114E0
6.300981975E0,6.570013762E-1,4.382228255E-1,1.192829013E0
6.310975465E0,1.298290044E-1,4.211786091E-1,1.067127824E0
6.320944059E0,3.299654126E-1,4.627238810E-1,9.659277797E-1
6.330913642E0,-1.865542978E-1,3.785680532E-1,8.572708964E-1
6.340882340E0,-7.115961313E-1,2.677806616E-1,8.082687855E-1
6.350817080E0,-1.185105834E-2,3.668501675E-1,9.265130758E-1
6.360782340E0,3.491401672E-1,4.371575713E-1,1.001081467E0
6.370775934E0,1.351553202E-1,4.275701940E-1,9.115993381E-1
6.380744059E0,3.374222517E-1,5.083971024E-1,7.741803527E-1
6.390695830E0,6.868287325E-1,5.893571377E-1,7.423555851E-1
6.400662288E0,3.928159773E-1,5.211802125E-1,6.571345329E-1
6.410641142E0,2.330264151E-1,5.062665343E-1,4.728438854E-1
6.420608850E0,-1.279647946E-1,4.339617789E-1,2.853575051E-1
6.430568746E0,-8.255793452E-1,2.901511788E-1,2.555301189E-1
6.440535621E0,-7.691203356E-1,2.752375007E-1,3.290333152E-1
6.450501194E0,4.865591824E-1,4.797681272E-1,4.131891429E-1
6.460467965E0,8.038745522E-1,5.776392221E-1,4.302333593E-1
6.470416246E0,2.617885470E-1,4.467449486E-1,2.576606572E-1
6.480381142E0,4.929507375E-1,4.414186180E-1,1.683116555E-1
6.490366246E0,6.761760712E-1,4.860265255E-1,1.299621612E-1
6.500333173E0,6.165213138E-2,3.668501675E-1,-1.150484756E-1
6.510307080E0,3.278348744E-1,3.498059511E-1,-2.748380303E-1
6.520274736E0,1.628521830E-1,1.772332340E-1,-2.769685388E-1
6.530227652E0,3.640538454E-1,1.420795321E-1,-3.163833022E-1
6.540193746E0,9.988178015E-1,2.613890767E-1,-4.728438854E-1
6.550177548E0,7.049382329E-1,2.347574681E-1,-6.699176431E-1
6.560145465E0,2.724411786E-1,1.644500792E-1,-7.753787637E-1
6.570110777E0,3.278348744E-1,1.559279710E-1,-7.998798490E-1
6.580078434E0,-1.034637317E-1,8.668582886E-2,-7.966840267E-1
6.590052548E0,-4.058654606E-1,4.514054582E-2,-7.519429922E-1
6.600020830E0,-6.191844866E-2,8.668582886E-2,-7.167892456E-1
6.609980882E0,1.904158741E-1,9.520793706E-2,-6.848313808E-1
6.619948330E0,-2.463422157E-2,6.005423889E-2,-7.583345771E-1
6.629911663E0,3.075948656E-1,1.719069183E-1,-8.636624813E-1
6.639878642E0,6.985466480E-1,2.262353599E-1,-8.020103574E-1
6.649849267E0,-5.659212917E-2,4.407528415E-2,-7.508777380E-1
6.659816611E0,-4.857602119E-1,-7.403582335E-2,-6.965492368E-1
6.669776142E0,-3.328948980E-3,-2.090579830E-2,-6.241113544E-1
6.679742705E0,1.767006069E-1,3.555317223E-2,-5.708481669E-1
6.689717600E0,-2.344911546E-1,-4.008054361E-2,-5.474123359E-1
6.699684996E0,1.351553202E-1,2.170474641E-2,-4.824312627E-1
6.709639944E0,1.298290044E-1,5.259739235E-2,-4.195807278E-1
6.719606038E0,-4.761728346E-1,-6.977476925E-2,-3.684480488E-1
6.729582132E0,-1.183774248E-1,-6.338318437E-2,-2.226400971E-1
6.739549267E0,4.482096732E-1,1.424790081E-2,-8.841688186E-2
6.749521559E0,2.777675092E-1,1.105211023E-2,-4.687159881E-2
6.759489215E0,5.526055098E-1,8.455529809E-2,-4.261054564E-3
6.769464632E0,1.010668874E-1,-3.861580743E-3,1.438105851E-1
6.779433069E0,-2.089248300E-1,-6.338318437E-2,3.311638236E-1
6.789392861E0,-9.362335801E-1,-2.540653646E-1,4.195807278E-1
6.799360361E0,-1.426254869E0,-3.360906839E-1,5.516734123E-1
6.809321767E0,7.697861195E-1,9.627319872E-2,8.221172094E-1
6.819288642E0,6.154560447E-1,1.154479459E-1,9.137299061E-1
6.829249267E0,-1.403884292E0,-1.784316599E-1,9.819067717E-1
6.839215517E0,-6.551371217E-1,-5.179844424E-2,1.225852132E0
6.849195205E0,4.844286442E-1,1.729721874E-1,1.496295929E0
6.859162809E0,-2.813627720E-1,9.520793706E-2,1.660346508E0
6.869119007E0,3.608580679E-2,1.697763950E-1,1.698696017E0
6.879085413E0,5.526055098E-1,2.773680091E-1,1.793504477E0
6.889047080E0,-3.016027808E-1,1.314269006E-1,1.942508221E0
6.899013017E0,5.430181623E-1,2.997385561E-1,2.014946222E0
6.908998798E0,8.582029939E-1,4.030691385E-1,1.903093457E0
6.918966715E0,-3.516701460E-1,2.358227372E-1,1.759416103E0
6.928931298E0,-1.159938931E0,4.407528415E-2,1.647563338E0
6.938898902E0,2.117211521E-1,2.081258893E-1,1.795634985E0
6.948858121E0,7.985482812E-1,3.732417524E-1,1.956356645E0
6.958824840E0,-2.676474862E-2,3.008038104E-1,1.741306543E0
6.968808277E0,-9.000146389E-1,1.324921697E-1,1.571929693E0
6.978776663E0,-3.717769980E-1,2.038648278E-1,1.732784510E0
6.988733486E0,1.149153188E-1,2.603237927E-1,1.738110781E0
6.998700725E0,2.894853950E-1,3.402185738E-1,1.543167591E0
7.008658121E0,-1.237037405E-1,2.368880063E-1,1.406813741E0
7.018624371E0,8.763124943E-1,4.094607234E-1,1.403617978E0
7.028605100E0,6.133255363E-1,3.902859688E-1,1.349289536E0
7.038572809E0,-1.492700726E-1,2.858901322E-1,1.183241606E0
7.048543902E0,-4.807002097E-2,2.890859246E-1,1.102281570E0
7.058511871E0,4.972118139E-1,4.201133549E-1,1.105477333E0
7.068469111E0,-3.388870060E-1,2.986733019E-1,1.014929891E0
7.078436038E0,3.715106845E-1,4.307659864E-1,1.009603620E0
7.088409840E0,8.134619594E-1,4.637891650E-1,1.006407857E0
7.098377444E0,-3.760380745E-1,2.432795912E-1,9.744499326E-1
7.108355361E0,3.597927988E-1,4.669849575E-1,8.583361506E-1
7.118324007E0,9.519461989E-1,6.362286806E-1,7.487471700E-1
7.128266455E0,-1.119858399E-1,4.020038545E-1,6.273071170E-1
7.138232444E0,-1.375521719E-1,3.455449045E-1,5.623260736E-1
7.148212548E0,7.388935089E-1,5.179844499E-1,5.506081581E-1
7.158179944E0,1.649827063E-1,4.488754570E-1,5.314334035E-1
7.168152184E0,4.801675975E-1,5.020055175E-1,3.918838501E-1
7.178120048E0,9.402283430E-1,5.083971024E-1,3.343596160E-1
7.188071923E0,2.159821987E-1,3.636543751E-1,2.448774725E-1
7.198038173E0,6.985466480E-1,4.913528562E-1,1.043958366E-1
7.208018850E0,2.767022252E-1,3.838943839E-1,-9.800425172E-2
7.217986559E0,-1.850096583E0,-3.861580743E-3,-2.439453751E-1
7.227958434E0,1.272457361E0,4.776375890E-1,-3.728422895E-2
7.237926559E0,2.629337072E0,6.554034352E-1,5.645897239E-2
7.247876871E0,4.375570416E-1,3.551322520E-1,-2.024000883E-1
7.257843173E0,-9.607346654E-1,2.177132517E-1,-2.961432934E-1
7.267810934E0,4.567318037E-2,2.869553864E-1,-2.396843135E-1
7.277777340E0,2.021337748E-1,2.997385561E-1,-3.822965026E-1
7.287761715E0,-8.961530030E-2,2.155827284E-1,-3.812312186E-1
7.297729944E0,2.671148479E-1,1.623195410E-1,-2.609896064E-1
7.307688121E0,2.703106403E-1,1.527321786E-1,-1.448758543E-1
7.317655361E0,2.404832691E-1,2.613890767E-1,-1.949432492E-1
7.327622913E0,8.615319431E-2,3.167827725E-1,-2.812296152E-1
7.337590152E0,4.226433635E-1,3.338269889E-1,-1.896169335E-1
7.347567496E0,2.756369673E-2,1.719069183E-1,-1.427453309E-1
7.357535725E0,-2.675143182E-1,1.239700541E-1,-1.001347825E-1
7.367490257E0,6.026729345E-1,3.700459599E-1,-5.645897239E-2
7.377457080E0,4.141212404E-1,3.455449045E-1,-1.278316416E-2
7.387451975E0,9.321057005E-4,2.209090441E-1,9.374319762E-2
7.397421663E0,5.728455186E-1,3.466101587E-1,1.640505940E-1
7.407381923E0,-1.769669205E-1,2.443448454E-1,1.906821877E-1
7.417350621E0,-4.463454783E-1,1.974732429E-1,2.661827505E-1
7.427309163E0,1.511342824E-1,2.731069624E-1,3.290333152E-1
7.437276871E0,-4.612591565E-1,1.687111259E-1,3.822965026E-1
7.447233173E0,-5.763076544E-1,1.601890177E-1,4.888228476E-1
7.457199684E0,7.314366698E-1,4.030691385E-1,6.347639561E-1
7.467181350E0,1.596563905E-1,2.347574681E-1,7.146587372E-1
7.477149371E0,3.747064769E-1,2.549974918E-1,7.720498443E-1
7.487109163E0,6.495444775E-1,3.519364893E-1,8.008119464E-1
7.497076350E0,2.756369710E-1,3.221091032E-1,8.338351250E-1
7.507048434E0,-1.141163707E-1,1.857553422E-1,7.933551073E-1
7.517016142E0,-3.973433375E-1,9.733846784E-2,7.635276914E-1
7.526977705E0,-1.737711281E-1,1.527321786E-1,9.627320170E-1
7.536944736E0,6.186518669E-1,3.593933284E-1,1.103346825E0
7.546904319E0,7.230477035E-2,3.146522343E-1,1.077780485E0
7.556870621E0,1.691105962E-2,2.965427637E-1,1.119325757E0
7.566829944E0,1.532648057E-1,3.540669978E-1,1.175784707E0
7.576795517E0,-2.280995846E-1,3.359575272E-1,1.159805775E0
7.586774944E0,-3.962780833E-1,2.720417082E-1,1.136369944E0
7.596741871E0,-3.635212034E-2,2.965427637E-1,1.206677437E0
7.606707965E0,-2.611227632E-1,2.464753687E-1,1.337571621E0
7.616674840E0,7.474156022E-1,4.510059953E-1,1.395095944E0
7.626650361E0,4.514054656E-1,3.870901763E-1,1.350354791E0
7.636618121E0,-1.055942550E-1,3.561975360E-1,1.316266418E0
7.646581455E0,1.000948310E0,5.744433999E-1,1.292830586E0
7.656548746E0,3.960117698E-1,4.563323259E-1,1.209873199E0
7.666500361E0,-5.454149842E-1,3.082606792E-1,1.102281570E0
7.676466038E0,4.822981060E-1,4.755070508E-1,1.123586774E0
7.686464059E0,3.459443748E-1,4.733765423E-1,1.193894267E0
7.696432965E0,-4.825644195E-1,3.700459599E-1,1.109738350E0
7.706386663E0,-1.535311192E-1,4.892223179E-1,1.019191027E0
7.716354059E0,5.568665862E-1,6.692518592E-1,1.119325757E0
7.726306298E0,4.127896391E-3,4.829638898E-1,1.121456265E0
7.736272132E0,4.759065211E-1,4.818986356E-1,1.070323586E0
7.746259319E0,7.229145169E-1,5.584644675E-1,9.382309318E-1
7.756227288E0,1.371526904E-2,4.881570637E-1,7.997466922E-1
7.766193798E0,-3.516701460E-1,3.945470154E-1,6.912229657E-1
7.776161611E0,1.149153188E-1,4.902876019E-1,7.498124242E-1
7.786126194E0,4.375570416E-1,5.861613154E-1,8.093340397E-1
7.796093642E0,7.676556110E-1,6.532729268E-1,7.167892456E-1
7.806042652E0,5.632581562E-2,5.563339591E-1,5.740439296E-1
7.816008277E0,-2.611227632E-1,5.307676196E-1,6.230461001E-1
7.825976559E0,-1.130511016E-1,5.020055175E-1,6.720482111E-1
7.835942444E0,-1.844237745E-1,4.478102028E-1,6.209155321E-1
7.845934632E0,-1.252616882E0,2.954775095E-1,5.122586489E-1
7.855903173E0,2.937464416E-1,6.202497482E-1,7.434208393E-1
7.865845100E0,1.400289059E0,7.427550554E-1,7.645930052E-1
7.875810934E0,6.207823753E-1,5.414202213E-1,7.476819158E-1
7.885774736E0,1.002013564E0,6.319676638E-1,6.464818716E-1
7.895740361E0,1.033971548E0,7.502118945E-1,5.356944799E-1
7.905720621E0,-4.069307148E-1,6.362286806E-1,2.789659202E-1
7.915687705E0,-7.126613855E-1,5.201149583E-1,9.480846673E-2
7.925664319E0,9.807083607E-1,7.352982163E-1,4.195807278E-1
7.935632392E0,8.475503922E-1,6.735129356E-1,6.262418628E-1
7.945584267E0,-3.653854430E-1,5.073317885E-1,5.399554968E-1
7.955550673E0,-1.663142890E-1,7.118624449E-1,4.142543972E-1
7.965512548E0,-2.515353858E-1,8.066709042E-1,3.631217480E-1
7.975478486E0,-2.984069884E-1,7.076013684E-1,4.952144325E-1
7.985470048E0,7.017424107E-1,7.470161319E-1,6.038713455E-1
7.995438538E0,1.069125175E0,7.374287844E-1,4.249070287E-1
8.005414840E0,3.608580530E-1,5.787044764E-1,1.512674391E-1
8.015384163E0,8.017440438E-1,5.914876461E-1,-7.456845790E-2
8.025317340E0,6.122602820E-1,5.467465520E-1,-4.366249442E-1
8.035282965E0,-3.442133069E-1,3.860249221E-1,-8.796414733E-1
8.045286090E0,-4.761728346E-1,2.677806616E-1,-1.241831064E0
8.055255517E0,-6.511423737E-2,2.315616906E-1,-1.425988555E0
8.065221402E0,-2.569948509E-2,1.101216301E-1,-1.504818082E0
8.075190465E0,-1.993374527E-1,8.242477477E-2,-1.624127626E0
8.085137705E0,9.893636405E-2,2.283658981E-1,-1.786047697E0
8.095104527E0,5.579318404E-1,3.167827725E-1,-1.906422496E0
8.105074788E0,2.415485233E-1,1.804290265E-1,-1.919205666E0
8.115041975E0,3.012032807E-1,1.591237634E-1,-1.943573475E0
8.125013798E0,1.063932031E-1,1.101216301E-1,-1.986184001E0
8.134981455E0,-1.929458827E-1,2.063948289E-2,-2.034121037E0
8.144942809E0,4.663191736E-1,2.809632942E-2,-1.941442966E0
8.154909788E0,3.043990731E-1,-1.771000773E-2,-1.725327611E0
8.164881038E0,-3.538006842E-1,-1.155811027E-1,-1.522927523E0
8.174848486E0,-2.131858915E-1,-9.534109384E-2,-1.288702726E0
8.184806194E0,1.265000552E-2,-1.131842658E-2,-1.121456265E0
8.194772600E0,2.351569533E-1,3.981423005E-2,-1.051148891E0
8.204742757E0,-7.819035053E-1,-2.476737946E-1,-8.711193204E-1
8.214709527E0,-8.426235318E-1,-3.478085697E-1,-6.060018539E-1
8.224701663E0,2.777675092E-1,-1.241032109E-1,-3.418164849E-1
8.234671038E0,6.420876384E-1,1.569932252E-1,-1.736379713E-1
8.244612600E0,3.949464858E-1,1.729721874E-1,-2.141179889E-1
8.254579111E0,1.162868381E0,1.612542868E-1,-5.965476483E-2
8.264557600E0,6.271739602E-1,2.063948289E-2,1.768337637E-1
8.274525361E0,2.053295672E-1,-7.829687744E-2,2.395511568E-1
8.284492861E0,2.500706315E-1,-9.960214794E-2,1.661811322E-1
8.294460569E0,-4.910865426E-1,-2.242379934E-1,2.438122183E-1
8.304424527E0,-1.645565987E0,-4.138549268E-1,2.981406748E-1
8.314391871E0,-1.822932363E-1,-1.432779580E-1,4.568649530E-1
8.324371559E0,8.869651556E-1,1.559279710E-1,6.049365997E-1
8.334340100E0,7.443529367E-2,1.601890177E-1,7.912245989E-1
8.344298434E0,-5.060002208E-1,1.026647836E-1,7.274419069E-1
8.354265934E0,1.553953290E-1,2.645848691E-1,7.795066833E-1
8.364250048E0,-7.446193099E-1,7.070687413E-2,8.562056422E-1
8.374219215E0,-1.022519946E0,-3.368896246E-2,8.966856599E-1
8.384173121E0,-1.801627129E-1,1.111868918E-1,9.222519994E-1
8.394140777E0,-5.020054802E-2,1.910816729E-1,9.062730670E-1
8.404079736E0,-2.291648388E-1,1.708416492E-1,9.265130758E-1
8.414044423E0,4.791023135E-1,2.667153776E-1,1.037300467E0
8.424032080E0,1.181111038E-1,2.379532605E-1,1.071388960E0
8.433999111E0,-1.087900475E-1,1.953427196E-1,1.023452044E0
8.443970830E0,2.543317080E-1,2.336922139E-1,9.542099237E-1
8.453938330E0,-1.727058738E-1,1.452753246E-1,8.860330582E-1
8.463927132E0,2.436790615E-1,2.326269448E-1,8.604667187E-1
8.473896767E0,4.567317963E-1,3.327617347E-1,7.645930052E-1
8.483845777E0,-3.643201590E-1,2.571280003E-1,6.379597783E-1
8.493813277E0,-4.250401855E-1,2.997385561E-1,5.165197253E-1
8.503781507E0,-2.057290375E-1,3.242396116E-1,4.664523304E-1
8.513749059E0,-9.831051826E-1,1.026647836E-1,4.302333593E-1
8.523697184E0,-5.155876279E-1,6.644582003E-2,3.812312186E-1
8.533662809E0,7.580682635E-1,2.645848691E-1,2.045306265E-1
8.543647965E0,1.124518991E0,3.998733461E-1,1.523326933E-1
8.553615517E0,1.084038854E0,4.414186180E-1,1.278316416E-2
8.563582861E0,9.178577662E-1,3.956122994E-1,-8.628635854E-2
8.573550413E0,3.448790908E-1,2.560627460E-1,-1.512674391E-1
8.583673277E0,8.388951421E-3,1.612542868E-1,-3.226417303E-1
8.593656507E0,-3.848264739E-2,1.516669095E-1,-4.334291518E-1
8.603510882E0,-1.717737690E-2,1.591237634E-1,-3.588607013E-1
8.613481090E0,-7.531414032E-1,7.390266657E-2,-3.025348783E-1
8.623381559E0,-2.602971792E0,-2.977411747E-1,-3.631217480E-1
8.633344736E0,-1.103479981E0,-2.423474789E-1,-3.982754350E-1
8.643307132E0,1.825196147E0,3.434143662E-1,-4.131891429E-1
8.653270205E0,7.825692892E-1,3.285006881E-1,-5.495429039E-1
8.663269215E0,-1.444231153E0,-3.475422785E-2,-8.382292986E-1
8.673235934E0,5.494097471E-1,2.049300969E-1,-3.652522564E-1
8.683204892E0,5.153213143E-1,1.708416492E-1,-2.716422379E-1
8.693171819E0,-8.351666927E-1,-7.297056168E-2,-4.046670198E-1
8.703146767E0,-6.617950648E-2,1.850895584E-2,-4.185154438E-1
8.713114527E0,1.639174372E-1,1.122521535E-1,-3.195790946E-1
8.723066402E0,-1.158873677E0,-1.091895252E-1,-2.982738316E-1
8.733032496E0,-2.760364413E-1,3.342264518E-2,-2.695116997E-1
8.742974007E0,5.643234253E-1,2.454101145E-1,-1.640505940E-1
8.752937600E0,-6.231792569E-1,9.840372950E-2,-1.725727171E-1
8.762903798E0,-6.524739787E-3,2.070606202E-1,-1.640505940E-1
8.772867652E0,8.720514774E-1,3.348922431E-1,-9.054741263E-2
8.782844944E0,-1.503353268E-1,7.603318989E-2,-8.309056610E-2
8.792810205E0,6.484792382E-2,3.129211813E-2,-0.000000000E0
8.802793434E0,1.224653721E0,2.699111700E-1,1.810948178E-2
8.812760465E0,2.074600905E-1,9.946899116E-2,-7.243792713E-2
8.822724996E0,9.321057005E-4,1.744369231E-2,-1.363537461E-1
8.832691767E0,2.958769798E-1,9.307741374E-2,-1.597895473E-1
8.842649059E0,-5.368928909E-1,5.725792143E-3,-1.384842694E-1
8.852614892E0,-1.780321896E-1,8.349003643E-2,-7.882951200E-2
8.862610361E0,1.596563905E-1,1.175784767E-1,3.621896356E-2
8.872579163E0,-2.676474862E-2,7.070687413E-2,3.941475600E-2
8.882535621E0,6.591318846E-1,1.846900880E-1,4.261054564E-3
8.892503121E0,1.058472633E0,2.560627460E-1,-1.917474531E-2
8.902467027E0,7.261103392E-1,1.644500792E-1,-1.065263674E-1
8.912434215E0,5.909550190E-1,8.135951310E-2,-2.109221965E-1
8.922399007E0,5.313002318E-2,-5.912213027E-2,-3.078611791E-1
8.932365934E0,-1.104545236E0,-2.998717129E-1,-3.780354261E-1
8.942322809E0,1.351553202E-1,-1.720400751E-1,-3.609912097E-1
8.952288694E0,5.185170770E-1,-9.108003974E-2,-4.440817833E-1
8.962262652E0,-5.635244846E-1,-1.731053442E-1,-4.621912539E-1
8.972229371E0,-9.522125125E-1,-1.656484902E-1,-4.728438854E-1
8.982201611E0,-9.394294024E-1,-2.316948473E-1,-4.994754791E-1
8.992168850E0,-1.183774248E-1,-1.390169114E-1,-3.195790946E-1
9.002134059E0,3.842938542E-1,-4.966791719E-2,-1.086568907E-1
9.012101090E0,-6.050697565E-1,-2.785664499E-1,-1.097221524E-1
9.022072132E0,-5.020054802E-2,-2.402169555E-1,-4.217112362E-1
9.032039527E0,6.388918757E-1,-4.327633604E-2,-5.090628862E-1
9.041991975E0,-1.556616426E-1,-5.912213027E-2,-5.665870905E-1
9.051957861E0,6.921550632E-1,1.516669095E-1,-6.198502779E-1
9.061953642E0,2.990727723E-1,4.833633825E-2,-5.026713014E-1
9.071922548E0,7.656582445E-2,-1.984053478E-2,-3.332943618E-1
9.081871715E0,9.849693775E-1,1.516669095E-1,-3.620564938E-1
9.091838590E0,4.886896908E-1,7.070687413E-2,-2.556632757E-1
9.101809007E0,-1.982721984E-1,-1.454084814E-1,-1.363537461E-1
9.111776246E0,-4.394212738E-3,-1.454084814E-1,-2.237053588E-2
9.121748225E0,-2.557964325E-1,-1.113200486E-1,2.130527282E-3
9.131715934E0,-5.528718233E-1,-1.134505793E-1,-6.817687303E-2
9.141680725E0,3.821633384E-2,-4.926844500E-3,-4.048001766E-2
9.151648121E0,1.521995366E-1,1.637842879E-2,2.663159184E-2
9.161610673E0,9.321057005E-4,-3.049317189E-2,1.065263618E-2
9.171577548E0,6.761760712E-1,9.946899116E-2,-5.326318089E-3
9.181551663E0,4.183822870E-1,4.833633825E-2,4.793686420E-2
9.191519319E0,3.384875357E-1,4.660528619E-3,5.539371073E-2
9.201487027E0,4.588623047E-1,-4.926844500E-3,9.374319762E-2
9.211454684E0,1.085237339E-1,-6.657897681E-2,1.416800618E-1
9.221417913E0,-8.002793044E-2,-7.829687744E-2,1.661811322E-1
9.231385100E0,-3.442133069E-1,-9.960214794E-2,2.235722095E-1
9.241353902E0,-5.784381628E-1,-1.358211190E-1,2.491385341E-1
9.251321246E0,4.993423447E-2,-3.049317189E-2,2.853575051E-1
9.261283538E0,-2.760364413E-1,-7.616634667E-2,2.928143442E-1
9.271250361E0,-8.852340579E-1,-1.794969290E-1,2.045306265E-1
9.281230777E0,-4.538023174E-1,-9.108003974E-2,1.821600795E-1
9.291198955E0,-1.748363972E-1,-1.664474420E-2,2.800311744E-1
9.301160777E0,-3.856254518E-1,-5.286370963E-2,3.439469934E-1
9.311128277E0,-2.302301079E-1,-3.475422785E-2,3.322291076E-1
9.321092236E0,-2.110553533E-1,-2.796316985E-3,2.800311744E-1
9.331059423E0,-1.930790395E-2,5.898897350E-2,2.235722095E-1
9.341030777E0,3.928159550E-2,6.538055837E-2,1.203747913E-1
9.350998382E0,-1.876195520E-1,2.530001104E-3,-2.663159184E-2
9.360956559E0,-4.783033729E-1,-6.338318437E-2,-1.331579536E-1
9.370923121E0,-4.394212738E-3,5.725792143E-3,-1.672463864E-1
9.380895100E0,-1.173121557E-1,-6.338318437E-2,-1.992042959E-1
9.390862288E0,-3.431480527E-1,-1.315600574E-1,-2.780338228E-1
9.400832496E0,8.721846342E-2,-3.262370080E-2,-3.940143883E-1
9.410799944E0,3.502054140E-2,-2.410159074E-2,-4.270375669E-1
9.420766507E0,-2.323606312E-1,-9.747162461E-2,-4.536691606E-1
9.430733850E0,-1.045289934E-1,-1.358211190E-1,-4.803007543E-1
9.440698382E0,-5.459476262E-3,-1.390169114E-1,-4.952144325E-1
9.450665413E0,2.809632719E-1,-6.870950758E-2,-4.888228476E-1
9.460637340E0,3.736412227E-1,-3.368896246E-2,-4.696480930E-1
9.470604840E0,3.917506933E-1,6.791055668E-3,-4.781702161E-1
9.480565986E0,3.885549009E-1,2.703106403E-2,-4.696480930E-1
9.490532861E0,3.118559420E-1,-6.657897611E-4,-4.664523304E-1
9.500503902E0,3.789675534E-1,5.725792143E-3,-3.972101808E-1
9.510471194E0,4.748412669E-1,2.703106403E-2,-2.950780392E-1
9.520435673E0,3.310306668E-1,2.490053698E-2,-2.386190593E-1
9.530402652E0,3.906854391E-1,5.579318479E-2,-2.162485123E-1
9.540368434E0,3.395527899E-1,5.685844645E-2,-2.077264041E-1
9.550335309E0,2.692453861E-1,5.472791940E-2,-2.098569423E-1
9.560295413E0,1.596563905E-1,2.490053698E-2,-1.949432492E-1
9.570261611E0,-2.920154035E-1,-6.231792271E-2,-1.597895473E-1
9.580246038E0,-3.962780833E-1,-1.123853177E-1,-1.427453309E-1
9.590214007E0,-2.270343155E-1,-1.400821656E-1,-1.480716467E-1
9.600171455E0,-2.579269707E-1,-1.752358675E-1,-1.597895473E-1
9.610138382E0,-2.728406489E-1,-1.837579757E-1,-1.725727171E-1
9.620107913E0,-5.613939166E-1,-2.775011659E-1,-1.374190152E-1
9.630075100E0,1.703090221E-1,-9.960214794E-2,-7.563371956E-2
9.640050882E0,6.133255363E-1,5.259739235E-2,-1.129179448E-1
9.650018902E0,-1.504684892E-2,-5.912213027E-2,-1.427453309E-1
9.659990309E0,-1.386174262E-1,-9.640636295E-2,-1.235705838E-1
9.669958642E0,9.454214945E-3,-8.575372398E-2,-5.326318368E-2
9.679916507E0,-2.078595608E-1,-1.496695429E-1,-2.130527282E-3
9.689883798E0,-1.237037405E-1,-1.688442826E-1,4.261054471E-2
9.699854944E0,1.371526904E-2,-1.347558498E-1,7.563371956E-2
9.709822652E0,-1.098553166E-1,-1.017326787E-1,6.604634225E-2
9.719784944E0,-8.215846121E-2,-2.303632535E-2,1.917474531E-2
9.729752080E0,-9.920267761E-2,4.194475710E-2,-2.024000883E-2
9.739722184E0,-3.346259296E-1,1.744369231E-2,-1.278316416E-2
9.749689580E0,-2.802974880E-1,1.637842879E-2,-4.261054564E-3
9.759644267E0,-2.280995846E-1,1.850895584E-2,-3.941475600E-2
9.769610361E0,-2.994722426E-1,-1.451421715E-2,-8.841688186E-2
9.779603486E0,-5.978792161E-2,-4.926844500E-3,-1.406148076E-1
9.789572288E0,6.271740049E-2,-1.131842658E-2,-2.460758984E-1
9.799539736E0,-4.593949392E-2,-4.540686309E-2,-4.014712274E-1
9.809508434E0,1.265000552E-2,-8.149266988E-2,-5.101281404E-1
9.819479267E0,8.388951421E-3,-1.368863732E-1,-5.836313367E-1
9.829448121E0,-2.676474862E-2,-2.061285079E-1,-6.336987019E-1
9.839411246E0,3.395527974E-2,-2.572611570E-1,-6.773745418E-1
9.849379527E0,-2.356895804E-2,-3.030675054E-1,-7.199850678E-1
9.859344163E0,1.691105962E-2,-3.158506751E-1,-7.476819158E-1
9.869312080E0,8.828372508E-2,-2.977411747E-1,-7.913577557E-1
9.879280517E0,1.371526904E-2,-3.030675054E-1,-8.126630187E-1
9.889248434E0,2.330264263E-2,-3.105243444E-1,-7.572692633E-1
9.899216715E0,9.574057162E-2,-2.838927507E-1,-6.454166174E-1
9.909184684E0,4.460791498E-2,-2.551306486E-1,-5.165197253E-1
9.919151142E0,8.189214021E-2,-1.933453530E-1,-3.791007102E-1
9.929118955E0,9.574057162E-2,-1.379516423E-1,-2.386190593E-1
9.939074996E0,-1.824264042E-2,-1.113200486E-1,-1.065263674E-1
9.949041559E0,-5.552686751E-2,-8.681898564E-2,1.171789970E-2
9.958993694E0,-3.741738573E-2,-5.486107618E-2,1.054610983E-1
9.968958798E0,-7.896266878E-2,-3.688475490E-2,1.704421788E-1
9.978936767E0,-7.590003312E-3,-3.861580743E-3,2.320943177E-1
9.988903173E0,1.797632314E-2,8.921583183E-3,2.970753908E-1
9.998872913E0,3.608580679E-2,2.530001104E-3,3.300985694E-1
1.000883968E1,3.075948730E-2,-1.344895363E-2,3.237069845E-1
1.001881406E1,1.478053257E-2,-2.516685426E-2,2.917490900E-1
1.002878156E1,4.247738793E-2,-3.262370080E-2,2.395511568E-1
1.003874229E1,3.182475269E-2,-4.434159771E-2,1.810948253E-1
1.004870911E1,3.182475269E-2,-5.179844424E-2,1.502021700E-1
1.005866406E1,9.147951752E-2,-5.592634156E-2,1.384842694E-1
1.006862963E1,6.058686972E-2,-6.551371515E-2,1.342232227E-1
1.007861765E1,6.058686972E-2,-7.084003091E-2,1.310274303E-1
1.008858552E1,8.828372508E-2,-8.255793154E-2,1.480716467E-1
1.009854864E1,6.484792382E-2,-1.049284711E-1,1.800295562E-1
1.010851599E1,5.952160433E-2,-1.081242561E-1,2.214416862E-1
1.011848151E1,8.402267098E-2,-9.427583218E-2,2.800311744E-1
1.012844869E1,7.337003201E-2,-9.108003974E-2,3.503385782E-1
1.013842442E1,6.804371625E-2,-8.255793154E-2,4.206459820E-1
1.014839244E1,9.787109494E-2,-4.647212476E-2,4.749744236E-1
1.015833812E1,8.721846342E-2,-2.090579830E-2,5.303681493E-1
1.016830390E1,7.337003201E-2,-2.197106183E-2,6.006755233E-1
1.017827979E1,9.574057162E-2,-1.344895363E-2,6.475471258E-1
1.018824656E1,5.845634267E-2,1.464737463E-3,6.486123800E-1
1.019822494E1,5.099949613E-2,3.129211813E-2,6.219807863E-1
1.020819286E1,3.715106845E-2,3.555317223E-2,6.017407775E-1
1.021816182E1,-4.274370521E-2,2.170474641E-2,5.889576077E-1
1.022812984E1,-8.655266836E-3,3.448791057E-2,5.506081581E-1
1.023809151E1,5.193160381E-3,4.833633825E-2,4.877575934E-1
1.024805885E1,-1.504684892E-2,5.792371184E-2,3.727091253E-1
1.025801739E1,4.141212255E-2,6.538055837E-2,2.427469492E-1
1.026798385E1,6.697845459E-2,5.579318479E-2,1.406148076E-1
1.027796119E1,7.337003201E-2,4.407528415E-2,1.704421826E-2
1.028792875E1,8.934898674E-2,3.235738352E-2,-1.225053221E-1
1.029789448E1,5.099949613E-2,3.994738800E-4,-2.354232669E-1
1.030786182E1,5.739107728E-2,-9.187898599E-3,-3.354249001E-1
1.031783411E1,4.993423447E-2,-8.122635074E-3,-4.249070287E-1
1.032780198E1,5.193160381E-3,-3.049317189E-2,-4.749744236E-1
1.033775974E1,8.388951421E-3,-4.221107066E-2,-4.941491783E-1
1.034772656E1,1.371526904E-2,-3.049317189E-2,-5.058670640E-1
1.035769296E1,-2.263685223E-3,-2.410159074E-2,-4.952144325E-1
1.036765974E1,-4.394212738E-3,-1.664474420E-2,-4.568649530E-1
1.037762630E1,6.258423906E-3,3.595264861E-3,-4.131891429E-1
1.038759307E1,5.193160381E-3,2.809632942E-2,-3.631217480E-1
1.039756770E1,5.193160381E-3,4.727107286E-2,-2.918822467E-1
1.040753520E1,4.127896391E-3,6.325002760E-2,-2.098569423E-1
1.041749708E1,-1.185105834E-2,7.922898233E-2,-1.310274303E-1
1.042746401E1,-8.655266836E-3,1.047953144E-1,-5.645897239E-2
1.043743640E1,-3.422159329E-2,1.261005849E-1,6.391582079E-3
1.044740385E1,-2.889527567E-2,1.527321786E-1,6.391581893E-2
1.045737187E1,-2.037316747E-2,1.782985032E-1,1.075916290E-1
1.046733937E1,-3.422159329E-2,1.985385120E-1,1.491369158E-1
1.047731088E1,-2.356895804E-2,2.198437899E-1,1.906821877E-1
1.048727880E1,-8.655266836E-3,2.400837988E-1,2.288985252E-1
1.049723869E1,-2.783001214E-2,2.496711612E-1,2.502037883E-1
1.050720583E1,-1.930790395E-2,2.635195851E-1,2.683132887E-1
1.051718494E1,-6.524739787E-3,2.645848691E-1,2.747048736E-1
1.052715323E1,-2.996053919E-2,2.507364154E-1,2.533995807E-1
1.053710927E1,-2.996053919E-2,2.432795912E-1,2.257027328E-1
1.054707630E1,4.127896391E-3,2.241048366E-1,2.013348341E-1
1.055704093E1,-2.783001214E-2,1.868206114E-1,1.395495385E-1
1.056700776E1,-5.126581341E-2,1.687111259E-1,8.735162020E-2
1.057697885E1,1.051947847E-2,1.623195410E-1,4.261054471E-2
1.058694609E1,-1.930790395E-2,1.399490088E-1,3.195791040E-3
1.059691510E1,-6.524739787E-3,1.271658540E-1,-3.621896356E-2
1.060688250E1,1.158474199E-2,1.250353158E-1,-5.645897239E-2
1.061684906E1,-2.250369452E-2,1.197090000E-1,-7.882951200E-2
1.062681635E1,-2.569948509E-2,1.133174226E-1,-1.033305749E-1
1.063679416E1,-5.459476262E-3,1.111868918E-1,-1.139832065E-1
1.064676250E1,-2.250369452E-2,8.455529809E-2,-9.480846673E-2
1.065669948E1,-6.524739787E-3,7.390266657E-2,-9.374319762E-2
1.066666463E1,-2.463422157E-2,6.644582003E-2,-1.054610983E-1
1.067665448E1,-2.783001214E-2,6.325002760E-2,-8.202529699E-2
1.068662213E1,-1.198421582E-3,6.325002760E-2,-6.604634225E-2
1.069659369E1,-1.824264042E-2,5.259739235E-2,-5.006739125E-2
1.070656172E1,-1.611211337E-2,5.472791940E-2,-2.237053588E-2
1.071652119E1,-1.331579551E-4,4.833633825E-2,5.326318089E-3
1.072648838E1,-2.569948509E-2,3.661843762E-2,2.876211889E-2
1.073645822E1,-7.590003312E-3,3.874896467E-2,3.728422895E-2
1.074642562E1,5.193160381E-3,3.661843762E-2,5.113265663E-2
1.075637312E1,-6.524739787E-3,2.490053698E-2,5.539371073E-2
1.076633849E1,-1.398158539E-2,1.637842879E-2,5.645897239E-2
1.077632396E1,-1.331579551E-4,1.957421936E-2,5.858949944E-2
1.078629135E1,-6.524739787E-3,1.850895584E-2,5.965476483E-2
1.079625708E1,-1.078579482E-2,1.850895584E-2,6.072002649E-2
1.080622432E1,-2.263685223E-3,2.383527346E-2,6.498108059E-2
1.081619453E1,-9.720530361E-3,3.022685647E-2,5.752423778E-2
1.082616203E1,-7.590003312E-3,3.022685647E-2,6.604634225E-2
1.083613948E1,-2.263685223E-3,3.022685647E-2,7.350318879E-2
1.084610802E1,-8.655266836E-3,3.129211813E-2,6.178529188E-2
1.085607307E1,-5.459476262E-3,2.916159295E-2,5.219791830E-2
1.086604125E1,-1.331579551E-4,2.383527346E-2,4.154528305E-2
1.087599994E1,-1.078579482E-2,1.318263728E-2,2.876211889E-2
1.088596713E1,-1.198421582E-3,5.725792143E-3,2.343579940E-2
1.089591270E1,1.997369342E-3,2.530001104E-3,1.171789970E-2
1.090587765E1,9.321057005E-4,-2.796316985E-3,-1.065263641E-3
1.091584375E1,4.127896391E-3,-1.131842658E-2,-2.130527282E-3
1.092580885E1,7.323687430E-3,-1.771000773E-2,-5.326318089E-3
1.093579838E1,4.127896391E-3,-2.410159074E-2,-1.065263641E-3
1.094576593E1,1.478053257E-2,-2.942790836E-2,3.195791040E-3
1.095574432E1,5.193160381E-3,-3.688475490E-2,9.587372653E-3
1.096571291E1,5.193160381E-3,-4.008054361E-2,1.171789970E-2
1.097566531E1,6.258423906E-3,-3.901528195E-2,1.491369121E-2
1.098563229E1,7.323687430E-3,-3.901528195E-2,2.130527236E-2
1.099563234E1,6.258423906E-3,-4.114580899E-2,2.876211889E-2
1.100560265E1,-1.198421582E-3,-4.327633604E-2,3.515370190E-2
1.101556151E1,6.258423906E-3,-4.008054361E-2,3.621896356E-2
1.102553067E1,9.321057005E-4,-4.008054361E-2,3.621896356E-2
1.103546677E1,4.354264960E-2,-2.942790836E-2,1.171789970E-2
1.104543260E1,9.147951752E-2,-1.238369010E-2,1.278316416E-2
1.105542932E1,-1.034637317E-1,-4.647212476E-2,4.687159881E-2
1.106539823E1,5.845634267E-2,-2.836264484E-2,1.384842768E-2
1.107535838E1,3.608580679E-2,-2.623211779E-2,3.408843651E-2
1.108532640E1,-3.315633163E-2,-4.434159771E-2,2.343579940E-2
1.109528739E1,1.158474199E-2,-3.795001656E-2,1.597895473E-2
1.110525468E1,5.526055023E-2,-2.623211779E-2,9.587372653E-3
1.111522234E1,-4.700475931E-2,-4.753739014E-2,-1.065263641E-3
1.112518968E1,-1.331579551E-4,-4.647212476E-2,9.587372653E-3
1.113514172E1,-7.590003312E-3,-4.008054361E-2,8.522109129E-3
1.114510750E1,-9.720530361E-3,-3.901528195E-2,1.491369121E-2
1.115508041E1,3.182475269E-2,-2.729738131E-2,2.769685537E-2
1.116504687E1,2.436790615E-2,-2.729738131E-2,2.982738242E-2
1.117500838E1,1.797632314E-2,-2.942790836E-2,3.089264594E-2
1.118497437E1,2.862896025E-2,-2.942790836E-2,3.195790946E-2
1.119495526E1,-1.331579551E-4,-3.688475490E-2,3.515370190E-2
1.120492271E1,-4.394212738E-3,-3.688475490E-2,3.834949061E-2
1.121487526E1,5.193160381E-3,-2.942790836E-2,3.834949061E-2
1.122484125E1,-3.328948980E-3,-2.729738131E-2,4.261054471E-2
1.123480125E1,1.997369342E-3,-1.877527125E-2,4.793686420E-2
1.124476656E1,7.323687430E-3,-1.344895363E-2,5.219791830E-2
1.125475130E1,5.193160381E-3,-1.131842658E-2,5.645897239E-2
1.126471859E1,-1.198421582E-3,-1.025316212E-2,5.965476483E-2
1.127469224E1,6.258423906E-3,-7.057371549E-3,5.645897239E-2
1.128466015E1,8.388951421E-3,-5.992108025E-3,5.645897239E-2
1.129461338E1,1.997369342E-3,-1.731053460E-3,5.326318368E-2
1.130457984E1,-8.655266836E-3,-3.861580743E-3,4.900212586E-2
1.131456328E1,-5.459476262E-3,-6.657897611E-4,4.580633715E-2
1.132453146E1,-5.459476262E-3,1.464737463E-3,4.474107176E-2
1.133449963E1,-5.459476262E-3,1.464737463E-3,4.580633715E-2
1.134446781E1,-5.459476262E-3,2.530001104E-3,4.580633715E-2
1.135441885E1,-9.720530361E-3,3.994738800E-4,4.367581010E-2
1.136438531E1,-8.655266836E-3,3.994738800E-4,4.154528305E-2
1.137436817E1,-9.720530361E-3,-2.796316985E-3,3.728422895E-2
1.138433625E1,-6.524739787E-3,-3.861580743E-3,2.982738242E-2
1.139432385E1,-5.459476262E-3,-5.992108025E-3,2.237053588E-2
1.140429390E1,-5.459476262E-3,-9.187898599E-3,1.597895473E-2
1.141425406E1,-3.328948980E-3,-9.187898599E-3,1.491369121E-2
1.142422312E1,1.997369342E-3,-8.122635074E-3,1.065263618E-2
1.143418922E1,3.062632866E-3,-7.057371549E-3,9.587372653E-3
1.144415791E1,9.321057005E-4,-7.057371549E-3,8.522109129E-3
1.145408713E1,-1.198421582E-3,-5.992108025E-3,9.587372653E-3
1.146405182E1,-2.263685223E-3,-5.992108025E-3,6.391582079E-3
1.147404953E1,3.062632866E-3,-3.861580743E-3,4.261054564E-3
1.148401760E1,3.062632866E-3,-1.731053460E-3,2.130527282E-3
1.149397458E1,-1.331579551E-4,-2.796316985E-3,1.065263641E-3
1.150394151E1,-1.198421582E-3,-2.796316985E-3,-0.000000000E0
1.151392015E1,-1.331579551E-4,-1.731053460E-3,-1.065263641E-3
1.152388828E1,3.062632866E-3,-6.657897611E-4,-2.130527282E-3
1.153384385E1,9.454214945E-3,-6.657897611E-4,-3.195791040E-3
1.154381067E1,4.127896391E-3,-6.657897611E-4,-3.195791040E-3
1.155376828E1,4.127896391E-3,-6.657897611E-4,-4.261054564E-3
1.156373416E1,8.388951421E-3,2.530001104E-3,-4.261054564E-3
1.157373484E1,9.454214945E-3,1.464737463E-3,-3.195791040E-3
1.158370427E1,9.321057005E-4,-1.731053460E-3,-2.130527282E-3
1.159366088E1,-3.328948980E-3,-1.731053460E-3,-2.130527282E-3
1.160362896E1,-1.717737690E-2,1.464737463E-3,-3.195791040E-3
1.161364130E1,-9.494162351E-2,-1.238369010E-2,-6.391582079E-3
1.162361390E1,-1.398158539E-2,-5.992108025E-3,-1.491369121E-2
1.163359218E1,4.567318037E-2,7.856319658E-3,-8.522109129E-3
1.164356531E1,4.567318037E-2,5.725792143E-3,-1.278316416E-2
1.165351682E1,3.289001435E-2,4.660528619E-3,-1.065263618E-2
1.166348781E1,2.223737910E-2,3.595264861E-3,-1.384842768E-2
1.167337515E1,-2.889527567E-2,-6.657897611E-4,-1.278316416E-2
1.168333765E1,-3.741738573E-2,-7.057371549E-3,-1.065263618E-2
1.169331833E1,-3.422159329E-2,-7.057371549E-3,-1.384842768E-2
1.170328271E1,-2.569948509E-2,-7.057371549E-3,-9.587372653E-3
1.173913282E1,-3.328948980E-3,1.211737376E-2,-2.024000883E-2
1.174913282E1,-3.328948980E-3,1.211737376E-2,-2.024000883E-2
1.175906402E1,-1.331579551E-4,1.211737376E-2,-2.024000883E-2
1.176903136E1,9.321057005E-4,1.318263728E-2,-1.704421826E-2
1.177899881E1,-1.198421582E-3,1.211737376E-2,-1.384842768E-2
1.178893308E1,4.127896391E-3,1.318263728E-2,-1.171789970E-2
1.179889813E1,9.321057005E-4,1.211737376E-2,-1.065263618E-2
1.180885975E1,4.127896391E-3,1.105211023E-2,-1.171789970E-2
1.181882444E1,3.062632866E-3,1.105211023E-2,-1.171789970E-2
1.182882220E1,9.321057005E-4,7.856319658E-3,-1.384842768E-2
1.183879022E1,-1.331579551E-4,6.791055668E-3,-1.491369121E-2
1.184873751E1,9.321057005E-4,6.791055668E-3,-1.491369121E-2
1.185870345E1,-1.198421582E-3,7.856319658E-3,-1.704421826E-2
1.186865746E1,-1.331579551E-4,1.105211023E-2,-1.810948178E-2
1.187862214E1,-2.263685223E-3,1.105211023E-2,-1.704421826E-2
1.188862923E1,9.321057005E-4,1.211737376E-2,-1.384842768E-2
1.189859824E1,1.997369342E-3,8.921583183E-3,-1.065263618E-2
1.190856527E1,-1.198421582E-3,1.105211023E-2,-8.522109129E-3
1.191853402E1,-1.331579551E-4,1.105211023E-2,-8.522109129E-3
1.192849673E1,1.997369342E-3,1.637842879E-2,-8.522109129E-3
1.193846485E1,9.321057005E-4,1.850895584E-2,-1.171789970E-2
1.194841313E1,1.997369342E-3,1.850895584E-2,-1.171789970E-2
1.195837928E1,1.997369342E-3,1.744369231E-2,-9.587372653E-3
1.196838017E1,1.997369342E-3,1.424790081E-2,-1.171789970E-2
1.197834985E1,-1.331579551E-4,1.318263728E-2,-1.491369121E-2
1.198831121E1,9.321057005E-4,1.211737376E-2,-1.810948178E-2
1.199828001E1,-1.331579551E-4,1.318263728E-2,-2.237053588E-2
1.200824438E1,-2.263685223E-3,1.211737376E-2,-2.237053588E-2
1.201821272E1,1.997369342E-3,1.424790081E-2,-2.237053588E-2
1.202818209E1,1.997369342E-3,1.105211023E-2,-1.917474531E-2
1.203815053E1,9.321057005E-4,8.921583183E-3,-1.384842768E-2
1.204810798E1,-1.198421582E-3,9.986846708E-3,-1.278316416E-2
1.205807532E1,-3.328948980E-3,9.986846708E-3,-1.065263618E-2
1.206802230E1,-7.590003312E-3,1.211737376E-2,-7.456845604E-3
1.207798756E1,-8.655266836E-3,1.105211023E-2,-5.326318089E-3
1.208795214E1,-6.524739787E-3,8.921583183E-3,-1.065263641E-3
1.209791735E1,-9.720530361E-3,6.791055668E-3,2.130527282E-3
1.210789912E1,-6.085318699E-2,-5.992108025E-3,1.065263641E-3
1.211786600E1,-6.298371404E-2,-4.926844500E-3,6.391582079E-3
1.212783657E1,1.893506050E-1,2.490053698E-2,-8.522109129E-3
1.213780381E1,9.321057005E-4,-2.796316985E-3,-6.391582079E-3
1.214776100E1,-3.741738573E-2,4.660528619E-3,1.065263641E-3
1.215772720E1,6.697845459E-2,1.318263728E-2,-2.130527282E-3
1.216769688E1,-1.717737690E-2,-3.861580743E-3,9.587372653E-3
1.217766345E1,-1.198421582E-3,1.464737463E-3,5.326318089E-3
1.218765907E1,3.715106845E-2,1.424790081E-2,8.522109129E-3
1.219762860E1,-4.807002097E-2,2.530001104E-3,1.278316416E-2
1.220759480E1,1.584579609E-2,1.211737376E-2,8.522109129E-3
1.221756397E1,2.010685205E-2,1.424790081E-2,9.587372653E-3
1.222752829E1,-1.398158539E-2,1.105211023E-2,1.704421826E-2
1.223749694E1,-2.263685223E-3,1.424790081E-2,1.171789970E-2
1.224745584E1,1.691105962E-2,1.957421936E-2,1.171789970E-2
1.225742350E1,-6.524739787E-3,1.531316526E-2,1.171789970E-2
1.226738975E1,2.117211558E-2,2.490053698E-2,1.065263618E-2
1.227735725E1,-1.930790395E-2,2.277000993E-2,1.597895473E-2
1.228732079E1,-2.463422157E-2,1.744369231E-2,1.597895473E-2
1.229728793E1,2.117211558E-2,2.490053698E-2,1.171789970E-2
1.230726204E1,-1.331579551E-4,2.596580051E-2,1.384842768E-2
1.231722985E1,-1.291632187E-2,3.235738352E-2,1.065263618E-2
1.232717631E1,2.223737910E-2,4.301001877E-2,9.587372653E-3
1.233714194E1,-7.590003312E-3,3.342264518E-2,1.384842768E-2
1.234712902E1,4.127896391E-3,2.277000993E-2,1.384842768E-2
1.235709683E1,6.258423906E-3,1.531316526E-2,1.384842768E-2
1.236703256E1,-1.504684892E-2,8.921583183E-3,-2.130527282E-3
1.237699709E1,1.051947847E-2,1.318263728E-2,-2.876211889E-2
1.238698345E1,1.797632314E-2,2.383527346E-2,-4.367581010E-2
1.239695016E1,-7.590003312E-3,2.596580051E-2,-4.793686420E-2
1.240692787E1,1.265000552E-2,2.490053698E-2,-4.261054471E-2
1.241689568E1,7.323687430E-3,1.424790081E-2,-3.089264594E-2
1.242685954E1,-8.655266836E-3,1.464737463E-3,-2.769685537E-2
1.243682699E1,-1.198421582E-3,3.994738800E-4,-3.941475600E-2
1.244678032E1,-3.328948980E-3,3.595264861E-3,-6.285055727E-2
1.245674631E1,9.321057005E-4,1.105211023E-2,-8.522108942E-2
1.246673027E1,9.454214945E-3,1.637842879E-2,-9.800425172E-2
1.247669808E1,-7.590003312E-3,1.105211023E-2,-9.480846673E-2
1.248664183E1,-9.720530361E-3,-4.926844500E-3,-8.948214352E-2
1.249660720E1,-2.263685223E-3,-1.131842658E-2,-7.989477366E-2
1.250660105E1,-1.504684892E-2,-1.238369010E-2,-8.309056610E-2
1.251656928E1,-2.263685223E-3,-1.025316212E-2,-8.948214352E-2
1.252656204E1,-3.328948980E-3,-7.057371549E-3,-8.735162020E-2
1.253653277E1,-1.078579482E-2,-4.926844500E-3,-8.309056610E-2
1.254648954E1,-3.328948980E-3,-9.187898599E-3,-7.456845790E-2
1.255645881E1,-1.078579482E-2,-1.451421715E-2,-6.604634225E-2
1.256640985E1,-1.078579482E-2,-1.877527125E-2,-6.285055727E-2
1.257637730E1,-1.198421582E-3,-2.623211779E-2,-7.456845790E-2
1.258634501E1,-7.590003312E-3,-2.942790836E-2,-7.882951200E-2
1.259631246E1,-1.291632187E-2,-3.155843541E-2,-8.202529699E-2
1.260625553E1,4.127896391E-3,-2.623211779E-2,-1.139832065E-1
1.261622053E1,3.502054140E-2,-1.664474420E-2,-1.768337637E-1
1.262623006E1,2.117211558E-2,-1.771000773E-2,-2.109221965E-1
1.263619954E1,1.371526904E-2,-3.262370080E-2,-2.428801060E-1
1.264613490E1,1.691105962E-2,-5.073318258E-2,-2.599243224E-1
1.265610095E1,-1.824264042E-2,-7.829687744E-2,-2.727074921E-1
1.266607871E1,-4.394212738E-3,-8.681898564E-2,-2.727074921E-1
1.267604589E1,-5.459476262E-3,-8.788424730E-2,-2.812296152E-1
1.268602204E1,-3.328948980E-3,-7.936213911E-2,-3.078611791E-1
1.269599017E1,1.997369342E-3,-6.657897681E-2,-3.332943618E-1
1.270593563E1,-1.198421582E-3,-7.190529257E-2,-3.396859467E-1
1.271590142E1,1.997369342E-3,-7.829687744E-2,-3.311638236E-1
1.272585933E1,9.321057005E-4,-7.936213911E-2,-3.185138404E-1
1.273582433E1,-1.398158539E-2,-7.829687744E-2,-3.185138404E-1
1.274579595E1,-1.331579551E-4,-7.723161578E-2,-3.067959249E-1
1.275576162E1,-1.198421582E-3,-7.723161578E-2,-2.780338228E-1
1.276575949E1,-1.185105834E-2,-7.403582335E-2,-2.407495826E-1
1.277572839E1,9.321057005E-4,-7.084003091E-2,-2.066611499E-1
1.278566470E1,-1.331579551E-4,-6.657897681E-2,-1.832253486E-1
1.279563027E1,-6.524739787E-3,-6.231792271E-2,-1.608548164E-1
1.280560652E1,-5.459476262E-3,-6.231792271E-2,-1.384842694E-1
1.281557319E1,9.321057005E-4,-5.912213027E-2,-1.033305749E-1
1.282556584E1,-9.720530361E-3,-6.231792271E-2,-6.498108059E-2
1.283553517E1,-1.291632187E-2,-5.805686861E-2,-3.089264594E-2
1.284550657E1,-1.078579482E-2,-5.179844424E-2,-7.456845604E-3
1.285547605E1,-8.655266836E-3,-4.540686309E-2,1.597895473E-2
1.286545522E1,-1.078579482E-2,-4.434159771E-2,3.195790946E-2
1.287542568E1,-9.720530361E-3,-4.327633604E-2,4.261054471E-2
1.288543574E1,-2.037316747E-2,-4.327633604E-2,4.474107176E-2
1.289541022E1,-7.590003312E-3,-3.901528195E-2,4.261054471E-2
1.290534079E1,-2.356895804E-2,-4.327633604E-2,4.474107176E-2
1.291531084E1,-3.328948980E-3,-2.942790836E-2,3.408843651E-2
1.292521392E1,1.797632314E-2,3.994738800E-4,-1.810948178E-2
1.293517720E1,5.193160381E-3,2.703106403E-2,-6.817687303E-2
1.294516168E1,-2.676474862E-2,4.660528619E-3,-8.522108942E-2
1.295512709E1,-9.720530361E-3,-4.221107066E-2,-8.841688186E-2
1.296509600E1,3.075948730E-2,-6.764423847E-2,-9.161267430E-2
1.297506178E1,-9.720530361E-3,-9.108003974E-2,-1.139832065E-1
1.298502668E1,-1.611211337E-2,-8.788424730E-2,-1.448758543E-1
1.299499230E1,-3.328948980E-3,-5.379581451E-2,-2.002695650E-1
1.300496563E1,1.691105962E-2,-4.860265180E-2,-2.364885211E-1
1.301493204E1,-2.676474862E-2,-6.977476925E-2,-2.343579978E-1
1.302487892E1,3.182475269E-2,-7.829687744E-2,-2.428801060E-1
1.303484334E1,-7.590003312E-3,-1.038632020E-1,-2.237053663E-1
1.304483173E1,-2.263685223E-3,-1.049284711E-1,-2.258358896E-1
1.305479855E1,3.715106845E-2,-9.534109384E-2,-2.279664129E-1
1.306474871E1,9.321057005E-4,-1.059937328E-1,-2.194443047E-1
1.307471381E1,-2.463422157E-2,-1.059937328E-1,-2.087916732E-1
1.308468355E1,3.608580679E-2,-9.001477808E-2,-2.002695650E-1
1.309464912E1,4.354264960E-2,-8.788424730E-2,-1.970737725E-1
1.310462225E1,1.691105962E-2,-9.534109384E-2,-1.896169335E-1
1.311458860E1,2.756369673E-2,-9.001477808E-2,-1.768337637E-1
1.312458464E1,2.649843320E-2,-1.049284711E-1,-1.544632316E-1
1.313455397E1,9.454214945E-3,-1.198421568E-1,-1.331579536E-1
1.314451574E1,3.395527974E-2,-1.145158410E-1,-1.150484756E-1
1.315448433E1,3.182475269E-2,-1.091895252E-1,-1.043958366E-1
1.316445173E1,9.321057005E-4,-1.145158410E-1,-8.628635854E-2
1.317442016E1,3.062632866E-3,-1.059937328E-1,-6.817687303E-2
1.318439230E1,8.388951421E-3,-1.038632020E-1,-4.793686420E-2
1.319436110E1,1.051947847E-2,-1.123853177E-1,-2.130527236E-2
1.320431980E1,5.099949613E-2,-1.177116334E-1,1.491369121E-2
1.321428756E1,5.419528857E-2,-1.123853177E-1,5.006739125E-2
1.322425959E1,6.378266215E-2,-9.534109384E-2,7.669898123E-2
1.323422777E1,4.673844203E-2,-8.894951642E-2,1.107874215E-1
1.324415985E1,5.632581562E-2,-7.084003091E-2,1.438105851E-1
1.325412433E1,2.969422378E-2,-5.486107618E-2,1.629853398E-1
1.326411944E1,3.821633384E-2,-2.623211779E-2,1.810948253E-1
1.327408709E1,8.082687855E-2,3.595264861E-3,2.013348341E-1
1.328405959E1,1.478053257E-2,1.957421936E-2,2.352901101E-1
1.329402772E1,-3.209106624E-2,5.046686530E-2,2.832269669E-1
1.330399397E1,7.323687430E-3,9.946899116E-2,3.226417303E-1
1.331396188E1,-8.655266836E-3,1.388837546E-1,3.556649089E-1
1.332392918E1,4.127896391E-3,1.644500792E-1,3.801659644E-1
1.333389699E1,7.443529367E-2,1.910816729E-1,3.705785871E-1
1.334384918E1,3.608580679E-2,1.751027107E-1,3.375554085E-1
1.335381542E1,3.608580679E-2,1.474058628E-1,2.864227593E-1
1.336378345E1,8.295740932E-2,1.175784767E-1,1.960085034E-1
1.337374985E1,-1.185105834E-2,6.111950055E-2,8.202529699E-2
1.338370240E1,5.526055023E-2,3.768370301E-2,-3.089264594E-2
1.339366740E1,1.276984811E-1,2.383527346E-2,-1.352884769E-1
1.340365751E1,3.928159550E-2,7.856319658E-3,-2.364885211E-1
1.341362501E1,1.904158667E-2,1.637842879E-2,-3.269027770E-1
1.342358642E1,-1.291632187E-2,2.063948289E-2,-3.716438413E-1
1.343355329E1,1.053279415E-1,3.661843762E-2,-3.609912097E-1
1.344349964E1,6.910897791E-2,2.277000993E-2,-3.439469934E-1
1.345346449E1,-1.185105834E-2,-2.796316985E-3,-3.492733240E-1
1.346344709E1,-4.913528636E-2,-7.057371549E-3,-3.854922652E-1
1.347341365E1,-1.375521719E-1,-2.836264484E-2,-4.419512451E-1
1.348339037E1,-1.119858399E-1,-4.221107066E-2,-5.005407333E-1
1.349335803E1,1.287637353E-1,-1.557948068E-2,-5.825660825E-1
1.350330490E1,2.351569533E-1,-1.451421715E-2,-6.709829569E-1
1.351327042E1,1.745700836E-1,-6.870950758E-2,-7.796398401E-1
1.352325970E1,-3.954791278E-2,-1.539305896E-1,-9.307740927E-1
1.353322756E1,1.584579609E-2,-2.327601016E-1,-1.078845739E0
1.354319204E1,-1.717737690E-2,-3.265033066E-1,-1.213068962E0
1.355315954E1,2.330264263E-2,-3.669833243E-1,-1.351553202E0
1.356311074E1,1.394163817E-1,-3.542001545E-1,-1.432380080E0
1.357307662E1,1.010668874E-1,-3.531349003E-1,-1.459011674E0
1.358306480E1,1.521995366E-1,-3.605917394E-1,-1.447293758E0
1.359303293E1,1.276984811E-1,-3.755054474E-1,-1.424923301E0
1.360299142E1,-8.002793044E-2,-4.298338890E-1,-1.352618456E0
1.361295855E1,1.584579609E-2,-4.170507193E-1,-1.234374285E0
1.362291042E1,-1.198421582E-3,-3.765707016E-1,-1.110803604E0
1.363287600E1,-7.896266878E-2,-3.595264852E-1,-9.978857040E-1
1.364286053E1,-2.996053919E-2,-3.254380524E-1,-9.254477620E-1
1.365282798E1,-1.716406047E-1,-3.350254297E-1,-8.488819599E-1
1.366279761E1,-9.707214683E-2,-3.094590902E-1,-7.615303397E-1
1.367276532E1,4.886896908E-2,-2.838927507E-1,-6.635261178E-1
1.368271907E1,-1.609879732E-1,-2.998717129E-1,-5.921534300E-1
1.369268537E1,1.596563905E-1,-2.785664499E-1,-5.207807422E-1
1.370265428E1,3.012032807E-1,-2.998717129E-1,-4.355596602E-1
1.371262079E1,5.099949613E-2,-3.520696461E-1,-3.844270110E-1
1.372260350E1,2.106558830E-1,-3.456780612E-1,-3.237069845E-1
1.373257168E1,2.490053773E-1,-3.414169848E-1,-2.471411675E-1
1.374252006E1,1.255679578E-1,-3.318296373E-1,-1.789642870E-1
1.375248626E1,3.406180441E-1,-2.679138184E-1,-8.628635854E-2
1.376247048E1,1.840242893E-1,-2.764359117E-1,1.278316416E-2
1.377243845E1,8.295740932E-2,-2.849580348E-1,1.182442605E-1
1.378240636E1,7.337003201E-2,-2.689790726E-1,2.193111479E-1
1.379237428E1,-6.831002980E-2,-2.487390637E-1,3.269027770E-1
1.380232365E1,-8.748477697E-2,-1.997369379E-1,4.611259997E-1
1.381228970E1,5.099949613E-2,-9.960214794E-2,6.283723712E-1
1.382227365E1,-9.068056941E-2,-3.475422785E-2,8.029424548E-1
1.383224152E1,-1.354216337E-1,1.957421936E-2,9.329046607E-1
1.384220871E1,-5.126581341E-2,6.751108170E-2,1.043691993E0
1.385217647E1,-1.822932363E-1,6.751108170E-2,1.148087859E0
1.386212365E1,-2.302301079E-1,6.431528926E-2,1.237570047E0
1.387208938E1,-1.279647946E-1,8.881635964E-2,1.296026349E0
1.388208183E1,-3.133206666E-1,7.070687413E-2,1.306679010E0
1.389205022E1,-5.020054802E-2,1.175784767E-1,1.302417994E0
1.390199980E1,-9.281109273E-2,1.101216301E-1,1.312005281E0
1.391196626E1,-3.834949136E-1,6.218476593E-2,1.325853705E0
1.392195293E1,-2.078595608E-1,7.603318989E-2,1.323723197E0
1.393192147E1,-1.717737690E-2,9.201214463E-2,1.325853705E0
1.394187897E1,-2.579269707E-1,6.857634336E-2,1.309874773E0
1.395184636E1,-2.760364413E-1,7.922898233E-2,1.272723794E0
1.396181339E1,-2.153164148E-1,7.070687413E-2,1.254614234E0
1.397178074E1,-1.492700726E-1,8.668582886E-2,1.217329979E0
1.398174157E1,-1.641837656E-1,8.881635964E-2,1.170458436E0
1.399170824E1,-3.452785909E-1,5.579318479E-2,1.173654199E0
1.400167246E1,-2.376869470E-1,7.070687413E-2,1.189633131E0
1.401163886E1,-3.328948980E-3,1.292963773E-1,1.222656369E0
1.402161824E1,-1.599227041E-1,1.623195410E-1,1.198155284E0
1.403158595E1,-3.632549047E-1,1.516669095E-1,1.119325757E0
1.404152855E1,-3.909517527E-1,1.229047924E-1,1.078845739E0
1.405149371E1,-7.044056058E-2,1.751027107E-1,1.107607841E0
1.406148579E1,-8.215846121E-2,2.464753687E-1,1.098020554E0
1.407145365E1,-3.016027808E-1,2.539322078E-1,1.029843569E0
1.408141011E1,-2.941459119E-1,2.134522051E-1,1.001081467E0
1.409137683E1,-7.683213800E-2,2.145174593E-1,9.925593734E-1
1.410133803E1,-1.824264042E-2,2.326269448E-1,9.648625255E-1
1.411130418E1,-8.535424620E-2,2.560627460E-1,9.158604145E-1
1.412127501E1,-1.460742801E-1,2.688459158E-1,8.380961418E-1
1.413124168E1,7.550056279E-2,3.285006881E-1,7.731150985E-1
1.414121933E1,-4.061317816E-2,3.530017436E-1,7.114629745E-1
1.415118709E1,-1.428784877E-1,3.604585826E-1,6.688523889E-1
1.416114162E1,-3.143859208E-1,2.880206704E-1,6.209155321E-1
1.417110803E1,1.756353378E-1,3.434143662E-1,5.751091838E-1
1.418108855E1,6.910897791E-2,3.167827725E-1,5.218459964E-1
1.419105636E1,-1.737711281E-1,2.443448454E-1,4.291680753E-1
1.420102975E1,2.447443157E-1,2.677806616E-1,3.588607013E-1
1.421099808E1,3.363569975E-1,2.880206704E-1,2.491385341E-1
1.422094230E1,6.484792382E-2,2.379532605E-1,1.992042959E-1
1.423090818E1,9.787109494E-2,1.932121962E-1,1.874863952E-1
1.424090017E1,-4.913528636E-2,1.335574239E-1,1.395495385E-1
1.425086876E1,3.289001435E-2,1.431448013E-1,1.416800618E-1
1.426083032E1,1.287637353E-1,1.878858805E-1,1.992042959E-1
1.427079818E1,7.230477035E-2,1.857553422E-1,3.013364673E-1
1.428078990E1,-3.037332892E-1,6.431528926E-2,3.769701719E-1
1.429076017E1,9.680583328E-2,1.229047924E-1,3.556649089E-1
1.430070730E1,4.524707198E-1,2.581932843E-1,3.695133328E-1
1.431067517E1,-3.516701460E-1,1.665806025E-1,3.631217480E-1
1.432063673E1,3.289001435E-2,1.974732429E-1,3.535343707E-1
1.433060397E1,6.143907905E-1,2.826943398E-1,3.535343707E-1
1.434060454E1,-2.035985142E-1,2.219743133E-1,4.398207366E-1
1.435057516E1,-5.784381628E-1,1.250353158E-1,5.229113102E-1
1.436051418E1,5.526055023E-2,2.241048366E-1,4.792354703E-1
1.437048157E1,-3.600591123E-1,2.219743133E-1,4.483428299E-1
1.438045204E1,-2.952111959E-1,2.518016994E-1,4.430165291E-1
1.439041975E1,2.074600905E-1,3.178480268E-1,3.620564938E-1
1.440037527E1,-3.346259296E-1,1.996037811E-1,2.747048736E-1
1.441034173E1,-2.760364413E-1,1.655153334E-1,1.672463864E-1
1.442031918E1,2.106558830E-1,2.603237927E-1,3.621896356E-2
1.443028673E1,-2.110553533E-1,2.059953511E-1,-7.350318879E-2
1.444025761E1,-5.978792161E-2,1.910816729E-1,-1.917474568E-1
1.445022548E1,2.628538013E-1,2.017343044E-1,-3.588607013E-1
1.446019871E1,-1.545963883E-1,1.015995219E-1,-5.048018098E-1
1.447016709E1,-5.552686751E-2,6.751108170E-2,-6.070671082E-1
1.448012209E1,9.787109494E-2,5.685844645E-2,-7.050713897E-1
1.449008912E1,-1.141163707E-1,1.424790081E-2,-7.775092721E-1
1.450004527E1,-3.954791278E-2,1.464737463E-3,-8.636624813E-1
1.451001121E1,-2.984069884E-1,-1.177116334E-1,-9.222519994E-1
1.451996522E1,-7.257108390E-2,-9.001477808E-2,-1.030908942E0
1.452992996E1,4.940160215E-1,1.464737463E-3,-1.148087859E0
1.453990839E1,-2.334259003E-1,-1.773663908E-1,-1.241831064E0
1.454987449E1,1.371526904E-2,-2.487390637E-1,-1.227982640E0
1.455984928E1,3.246390820E-1,-2.082590461E-1,-1.232243776E0
1.456981621E1,-3.133206666E-1,-2.913496196E-1,-1.164066792E0
1.457977261E1,-9.281109273E-2,-2.679138184E-1,-1.110803604E0
1.458973850E1,2.117211558E-2,-2.242379934E-1,-1.095889926E0
1.459972115E1,-3.611243665E-1,-2.806969583E-1,-1.054344654E0
1.460968876E1,1.861548275E-1,-1.837579757E-1,-9.552751780E-1
1.461965168E1,-4.274370521E-2,-2.157158852E-1,-8.360987902E-1
1.462961876E1,-3.569964767E-1,-2.636527419E-1,-7.540735006E-1
1.463957501E1,6.378266215E-2,-1.763011366E-1,-7.199850678E-1
1.464954100E1,1.213068962E-1,-1.123853177E-1,-6.901576519E-1
1.465951985E1,-1.077247858E-1,-1.432779580E-1,-6.006755233E-1
1.466948714E1,2.777675092E-1,-8.788424730E-2,-4.557996690E-1
1.467944642E1,3.502054140E-2,-8.042740822E-2,-3.089264631E-1
1.468941287E1,-2.014679909E-1,-6.870950758E-2,-1.118526831E-1
1.469938839E1,-3.741738573E-2,-8.122635074E-3,3.302317113E-2
1.470935574E1,1.553953290E-1,7.070687413E-2,1.906821877E-1
1.471932511E1,-9.920267761E-2,8.135951310E-2,3.247722387E-1
1.472929267E1,1.276984811E-1,1.420795321E-1,4.515386224E-1
1.473925339E1,3.715106845E-2,1.218395308E-1,5.996102691E-1
1.474922027E1,-5.446160212E-2,1.207742617E-1,6.848313808E-1
1.475917777E1,8.388951421E-3,1.335574239E-1,7.253113985E-1
1.476914365E1,6.697845459E-2,1.250353158E-1,7.901592851E-1
1.477912199E1,-2.568616867E-1,1.037300453E-1,7.763108611E-1
1.478908918E1,-2.600574791E-1,1.133174226E-1,7.901592851E-1
1.479904839E1,-4.207791388E-1,5.366265774E-2,7.645930052E-1
1.480901475E1,-1.183774248E-1,9.307741374E-2,7.613971829E-1
1.481897980E1,9.041424841E-2,1.612542868E-1,7.560708523E-1
1.482894600E1,-1.364869028E-1,1.090563685E-1,7.402250767E-1
1.483892694E1,-1.279647946E-1,2.916159295E-2,7.050713897E-1
1.484889464E1,1.266332120E-1,8.668582886E-2,6.326334476E-1
1.485886459E1,-1.759016514E-1,7.177213579E-2,5.612607598E-1
1.486883246E1,1.893506050E-1,2.059953511E-1,4.355596602E-1
1.487878657E1,1.340900660E-1,1.868206114E-1,3.503385782E-1
1.488875303E1,-6.724476814E-2,1.261005849E-1,2.544648647E-1
1.489872115E1,2.138516754E-1,1.580584943E-1,1.640505940E-1
1.490868782E1,2.223737836E-1,1.900164038E-1,3.515370190E-2
1.491866730E1,-3.388870060E-1,9.627319872E-2,-9.480846673E-2
1.492863522E1,4.673844203E-2,1.186437383E-1,-2.577938139E-1
1.493858798E1,2.532664239E-1,1.292963773E-1,-4.344944060E-1
1.494855438E1,-1.663142890E-1,5.579318479E-2,-5.846965909E-1
1.495853985E1,-5.459476262E-3,4.660528619E-3,-6.858966351E-1
1.496850813E1,7.323687430E-3,-9.321057051E-2,-8.126630187E-1
1.497847256E1,-7.576687634E-2,-1.443432271E-1,-9.552751780E-1
1.498844048E1,1.713742912E-1,-1.134505793E-1,-1.066062570E0
1.499839089E1,-3.848264739E-2,-1.486042738E-1,-1.164066792E0
1.500835699E1,-7.590003312E-3,-1.741705984E-1,-1.218395233E0
1.501834626E1,1.713742912E-1,-1.741705984E-1,-1.204546809E0
1.502831470E1,-2.676474862E-2,-1.912148297E-1,-1.096955180E0
1.503827709E1,-1.407479644E-1,-2.178464085E-1,-9.701888561E-1
1.504824490E1,1.117195264E-1,-2.018674612E-1,-8.700540662E-1
1.505819803E1,-1.673795432E-1,-2.274337858E-1,-8.254461884E-1
1.506816438E1,-1.087900475E-1,-2.199769467E-1,-7.700524330E-1
1.507815006E1,4.514054656E-1,-1.326253265E-1,-7.327682376E-1
1.508811834E1,2.010685205E-2,-1.976063997E-1,-6.805703044E-1
1.509808522E1,-1.098553166E-1,-2.711096108E-1,-5.442165732E-1
1.510805334E1,2.703106403E-1,-1.763011366E-1,-3.961449265E-1
1.511800110E1,-2.131858915E-1,-2.039979845E-1,-3.110569715E-1
1.512796714E1,5.142560005E-1,-3.688475490E-2,-1.970737725E-1
1.513795647E1,9.254477918E-2,-8.362319320E-2,-5.539371073E-2
1.514792485E1,-2.653838098E-1,-1.549958587E-1,4.154528305E-2
1.515789272E1,1.703090221E-1,-1.496695429E-1,1.342232227E-1
1.516786105E1,-1.641837656E-1,-1.677790284E-1,2.470080107E-1
1.517781548E1,-7.925561666E-1,-2.434127480E-1,2.374206334E-1
1.518778240E1,6.420876384E-1,3.981423005E-2,2.800311744E-1
1.519774392E1,-2.263685223E-3,-2.090579830E-2,3.503385782E-1
1.520771027E1,-7.094655633E-1,-1.635179669E-1,4.291680753E-1
1.521766542E1,2.862896025E-1,-6.125266105E-2,5.261070728E-1
1.522763063E1,1.371526904E-2,-5.286370963E-2,5.612607598E-1
1.523761563E1,-5.017392039E-1,-6.764423847E-2,5.250418186E-1
1.524758287E1,2.191779912E-1,4.301001877E-2,5.250418186E-1
1.525756225E1,-2.664490640E-1,-4.434159771E-2,5.069323182E-1
1.526753068E1,-1.279647946E-1,-3.368896246E-2,5.197154880E-1
1.527748907E1,3.384875357E-1,5.472791940E-2,5.324986577E-1
1.528745647E1,-4.314317703E-1,-4.753739014E-2,5.122586489E-1
1.529741735E1,-3.749727905E-1,-7.297056168E-2,3.961449265E-1
1.530738412E1,3.906854391E-1,3.342264518E-2,3.311638236E-1
1.531734110E1,-2.387522161E-1,-5.179844424E-2,2.533995807E-1
1.532730683E1,-7.789740711E-2,-4.114580899E-2,1.608548164E-1
1.533728621E1,2.830938101E-1,-1.344895363E-2,1.161137372E-1
1.534725334E1,-1.503353268E-1,-8.149266988E-2,6.498108059E-2
1.535724089E1,4.567318037E-2,-6.018739566E-2,2.769685537E-2
1.536721006E1,2.937464416E-1,-2.836264484E-2,-1.278316416E-2
1.537715662E1,1.383511126E-1,-4.753739014E-2,-5.752423778E-2
1.538712350E1,2.223737836E-1,-2.303632535E-2,-1.054610983E-1
1.539708662E1,2.969422378E-2,-6.551371515E-2,-1.512674391E-1
1.540705308E1,1.468732208E-1,-8.681898564E-2,-1.704421788E-1
1.541704459E1,4.290349185E-1,-4.221107066E-2,-1.533979625E-1
1.542701360E1,-1.759016514E-1,-1.251684725E-1,-1.789642870E-1
1.543698548E1,3.747064769E-1,-4.434159771E-2,-1.970737725E-1
1.544695475E1,7.155908346E-1,1.211737376E-2,-1.576590240E-1
1.545689694E1,-1.247690022E-1,-9.640636295E-2,-1.938779801E-1
1.546686345E1,2.511359155E-1,-6.977476925E-2,-1.225053221E-1
1.547683464E1,7.081339955E-1,-5.992108025E-3,-4.367581010E-2
1.548680162E1,1.628521830E-1,-6.764423847E-2,2.982738242E-2
1.549675725E1,5.771065950E-1,3.129211813E-2,8.841688186E-2
1.550672308E1,5.014728308E-1,5.725792143E-3,1.597895473E-1
1.551671579E1,5.462139249E-1,3.994738800E-4,2.214416862E-1
1.552668433E1,9.647293687E-1,8.881635964E-2,3.332943618E-1
1.553663871E1,1.181111038E-1,2.170474641E-2,4.036017656E-1
1.554660579E1,-6.061350107E-1,-1.603221744E-1,3.961449265E-1
1.555658058E1,7.495461106E-1,-2.836264484E-2,3.599259555E-1
1.556654845E1,3.768370152E-1,-8.468846232E-2,3.854922652E-1
1.557652110E1,1.234374270E-1,-7.829687744E-2,4.451470375E-1
1.558648944E1,1.117062092E0,8.668582886E-2,4.834965467E-1
1.559644449E1,5.536707640E-1,6.431528926E-2,4.792354703E-1
1.560641147E1,2.543316968E-2,1.318263728E-2,5.974797606E-1
1.561636220E1,5.685844421E-1,1.484711170E-1,6.507429481E-1
1.562632751E1,-1.077247858E-1,1.303616315E-1,6.890923977E-1
1.563629183E1,-5.709813237E-1,7.603318989E-2,6.837661266E-1
1.564625704E1,-4.807002097E-2,1.996037811E-1,6.411555409E-1
1.565625709E1,-1.280313730E0,4.301001877E-2,5.484775901E-1
1.566622584E1,-7.755119205E-1,1.175784767E-1,4.675175846E-1
1.567617240E1,7.644598484E-1,3.199785650E-1,5.048018098E-1
1.568613892E1,9.361004084E-2,2.539322078E-1,5.857618451E-1
1.569610631E1,-5.017392039E-1,1.559279710E-1,5.729786754E-1
1.570607287E1,5.014728308E-1,2.890859246E-1,5.175849795E-1
1.571606438E1,1.617869139E-1,2.858901322E-1,5.005407333E-1
1.572603345E1,-2.557964325E-1,2.880206704E-1,4.749744236E-1
1.573598511E1,-1.098553166E-1,2.976080179E-1,4.153196514E-1
1.574595246E1,-9.735178351E-1,1.101216301E-1,3.524691164E-1
1.575590412E1,-4.037349224E-1,1.846900880E-1,2.533995807E-1
1.576586980E1,2.159821987E-1,2.677806616E-1,1.448758543E-1
1.577582751E1,1.042626798E-1,2.667153776E-1,3.941475600E-2
1.578579240E1,1.756353378E-1,2.475406379E-1,-5.326318089E-3
1.579578824E1,3.949464858E-1,2.635195851E-1,-7.563371956E-2
1.580575626E1,1.202416345E-1,2.518016994E-1,-5.965476483E-2
1.581570798E1,-6.263750196E-1,1.143826842E-1,-6.285055727E-2
1.582567433E1,-3.335606754E-1,8.349003643E-2,-1.693769246E-1
1.583566183E1,6.378266215E-2,8.135951310E-2,-1.960085034E-1
1.584563032E1,2.937464416E-1,1.953427196E-1,-3.514038324E-1
1.585556579E1,5.281044245E-1,2.304964215E-1,-3.993407190E-1
1.586553095E1,-2.866890728E-1,1.015995219E-1,-4.898881316E-1
1.587554496E1,-2.430132627E-1,8.135951310E-2,-5.335639119E-1
1.588551501E1,1.447426975E-1,1.133174226E-1,-5.921534300E-1
1.589545392E1,-2.952111959E-1,3.235738352E-2,-6.283723712E-1
1.590542084E1,-3.292996287E-1,-8.468846232E-2,-6.145239472E-1
1.591544074E1,9.147951752E-2,-2.942790836E-2,-6.347639561E-1
1.592541298E1,-5.368928909E-1,-9.853688627E-2,-6.507429481E-1
1.593538652E1,-4.394212738E-3,1.850895584E-2,-5.985450149E-1
1.594535892E1,-4.061317816E-2,-3.368896246E-2,-5.356944799E-1
1.595527319E1,1.051947847E-2,-3.688475490E-2,-4.121238589E-1
1.596523970E1,-6.617950648E-2,-8.575372398E-2,-3.258375227E-1
1.597518475E1,2.362222075E-1,-5.992108025E-3,-3.226417303E-1
1.598514907E1,2.223737910E-2,-7.936213911E-2,-2.386190593E-1
1.599513470E1,7.367629409E-1,1.744369231E-2,-1.576590240E-1
1.600510115E1,1.161803126E0,6.111950055E-2,6.817687303E-2
1.601507194E1,-1.611211337E-2,-5.286370963E-2,1.438105851E-1
1.602503881E1,-4.394212738E-3,1.464737463E-3,3.737743795E-1
1.603500845E1,1.051947847E-2,2.530001104E-3,4.611259997E-1
1.604497563E1,-3.802991211E-1,-4.221107066E-2,4.728438854E-1
1.605492798E1,4.428833723E-1,1.314269006E-1,5.324986577E-1
1.606489360E1,5.153213143E-1,1.665806025E-1,5.122586489E-1
1.607486918E1,-3.328948980E-3,5.259739235E-2,5.538039207E-1
1.608483584E1,-4.271707237E-1,-1.134505793E-1,5.996102691E-1
1.609479647E1,4.109254479E-1,5.792371184E-2,7.135934830E-1
1.610476246E1,-5.126581341E-2,9.094688296E-2,7.508777380E-1
1.611473824E1,-1.748363972E-1,9.201214463E-2,7.858982682E-1
1.612470522E1,9.254477918E-2,4.301001877E-2,9.084035754E-1
1.613466631E1,-5.486107469E-1,-4.647212476E-2,8.274435401E-1
1.614463272E1,-1.311605871E-1,4.833633825E-2,7.795066833E-1
1.615460225E1,7.452850938E-1,1.687111259E-1,8.721846342E-1
1.616456897E1,-3.848264739E-2,1.037300453E-1,7.635276914E-1
1.617452740E1,3.715106845E-2,1.324921697E-1,7.178545594E-1
1.618449329E1,4.077296555E-1,2.198437899E-1,7.837677002E-1
1.619447688E1,-4.793686271E-1,1.878858805E-1,7.189198136E-1
1.620444454E1,-3.741738573E-2,2.709764242E-1,7.146587372E-1
1.621440938E1,5.281044245E-1,3.295659423E-1,7.476819158E-1
1.622437673E1,-3.792338669E-1,1.953427196E-1,7.114629745E-1
1.623434688E1,-8.085350990E-1,1.324921697E-1,5.601955056E-1
1.624431454E1,-2.536658943E-1,2.390185297E-1,3.524691164E-1
1.625428037E1,-2.355564237E-1,2.251701057E-1,2.267680019E-1
1.626424777E1,9.041424841E-2,2.560627460E-1,9.267793596E-2
1.627420277E1,8.944219947E-1,3.572627902E-1,-6.924213469E-2
1.628416897E1,5.611276031E-1,2.155827284E-1,-1.715074480E-1
1.629414865E1,7.591335177E-1,2.038648278E-1,-3.174485564E-1
1.630411615E1,5.771065950E-1,2.113216817E-1,-6.550039649E-1
1.631408355E1,-3.102580272E-2,3.235738352E-2,-8.169240355E-1
1.632405105E1,-7.723161578E-1,-1.976063997E-1,-9.957551956E-1
1.633400647E1,-4.399538934E-1,-2.391516864E-1,-1.153414249E0
1.634397277E1,2.713759243E-1,-1.166463718E-1,-1.336639524E0
1.635395063E1,-7.062698007E-1,-3.563306928E-1,-1.574060202E0
1.636391803E1,-5.922865868E-1,-4.191812575E-1,-1.713609695E0
1.637387548E1,-4.101265073E-1,-3.691138625E-1,-1.827592969E0
1.638384188E1,-2.739059031E-1,-3.254380524E-1,-1.911748767E0
1.639382230E1,6.676539779E-1,-2.221074700E-1,-1.820136070E0
1.640379011E1,9.135967493E-1,-2.391516864E-1,-1.803091884E0
1.641373100E1,5.600623488E-1,-3.563306928E-1,-1.708283424E0
1.642369610E1,5.366265774E-1,-4.213117659E-1,-1.501622319E0
1.643368652E1,5.632581711E-1,-4.681833684E-1,-1.250353217E0
1.644365418E1,-4.601939023E-1,-5.842971206E-1,-9.840372801E-1
1.645362173E1,-7.542066574E-1,-5.225118399E-1,-8.456861973E-1
1.646358938E1,1.415469050E-1,-2.530001104E-1,-7.998798490E-1
1.647355282E1,-7.896266878E-2,-2.828274965E-1,-5.921534300E-1
1.648352001E1,-6.679202914E-1,-4.340949357E-1,-4.323638678E-1
1.649349345E1,2.820285559E-1,-2.796317041E-1,-3.247722387E-1
1.650346126E1,2.479401082E-1,-3.328948915E-1,-1.885516644E-1
1.651342183E1,-1.084305286E0,-6.086649895E-1,-5.965476483E-2
1.652338886E1,-8.117309213E-1,-6.161218882E-1,4.367581010E-2
1.653336100E1,8.454198837E-1,-2.316948473E-1,7.563371956E-2
1.654332860E1,3.225085735E-1,-1.890842915E-1,1.544632316E-1
1.655329704E1,1.777658761E-1,-1.752358675E-1,2.523343265E-1
1.656326470E1,3.928159773E-1,-1.507348120E-1,3.961449265E-1
1.657322860E1,-7.435539961E-1,-2.785664499E-1,3.716438413E-1
1.658319589E1,-4.420844018E-1,-2.700443268E-1,3.993407190E-1
1.659317240E1,7.123950869E-2,-2.029327303E-1,5.644565821E-1
1.660314058E1,-1.038498878E0,-3.265033066E-1,5.090628862E-1
1.661309850E1,-2.845585644E-1,-1.241032109E-1,4.547344148E-1
1.662306563E1,-2.270343155E-1,-1.166463718E-1,4.376901984E-1
1.663303319E1,-8.532761931E-1,-2.956106663E-1,3.705785871E-1
1.664300037E1,5.760413408E-1,-1.741705984E-1,3.119890988E-1
1.665296808E1,9.700556993E-1,-1.336905807E-1,2.182458937E-1
1.666293532E1,1.585911214E-1,-2.253032625E-1,2.109221965E-1
1.667290142E1,8.134619594E-1,-1.379516423E-1,2.981406748E-1
1.668286850E1,8.294408917E-1,-1.027979404E-1,3.343596160E-1
1.669283761E1,1.051947847E-2,-1.816274524E-1,3.332943618E-1
1.670280490E1,2.447443157E-1,-1.145158410E-1,5.069323182E-1
1.671276928E1,-1.192962170E0,-3.073285520E-1,4.781702161E-1
1.672273626E1,-1.628521800E0,-4.330296814E-1,2.182458937E-1
1.673272496E1,7.356976867E-1,-6.338318437E-2,-8.628635854E-2
1.674269412E1,4.194475710E-1,-9.001477808E-2,5.326318089E-3
1.675265746E1,-6.668550372E-1,-2.977411747E-1,-3.941475600E-2
1.676262605E1,3.267696202E-1,-2.359558940E-1,6.072002649E-2
1.677259412E1,-5.784381628E-1,-4.127896726E-1,1.874863952E-1
1.678256261E1,-2.888196111E-1,-3.701791167E-1,2.906838059E-1
1.679253350E1,1.013731480E0,-9.534109384E-2,3.556649089E-1
1.680250225E1,5.238434076E-1,-5.699160323E-2,3.663175404E-1
1.681246595E1,-2.781669796E-1,-2.061285079E-1,3.929491341E-1
1.682243418E1,1.087234735E0,5.725792143E-3,3.343596160E-1
1.683239475E1,5.909550190E-1,-6.870950758E-2,3.258375227E-1
1.684236220E1,4.844286442E-1,-1.209074259E-1,3.151848912E-1
1.685232392E1,4.151864946E-1,-2.583264410E-1,3.343596160E-1
1.686229079E1,-1.035303116E0,-5.331644416E-1,3.024017215E-1
1.687225782E1,-1.215332627E0,-6.416881680E-1,1.928127259E-1
1.688222470E1,8.390282989E-1,-2.412822098E-1,1.459411234E-1
1.689216839E1,9.254477918E-2,-2.711096108E-1,1.949432492E-1
1.690213287E1,-5.603286624E-1,-4.255728126E-1,1.374190152E-1
1.691211095E1,-6.298371404E-2,-5.054675937E-1,1.885516644E-1
1.692207683E1,1.371526904E-2,-5.736444592E-1,3.418164849E-1
1.693204845E1,6.559360623E-1,-4.522044063E-1,4.664523304E-1
1.694201490E1,1.680453420E0,-1.954758763E-1,5.601955056E-1
1.695198438E1,8.486156464E-1,-2.934801280E-1,6.262418628E-1
1.696195115E1,-3.378217220E-1,-5.044023395E-1,7.986814380E-1
1.697191553E1,-4.058654606E-1,-5.704486966E-1,7.656582594E-1
1.698188199E1,-7.446193099E-1,-6.619281769E-1,5.601955056E-1
1.699185142E1,-7.861645818E-1,-6.864292622E-1,6.901576519E-1
1.700181818E1,5.451486707E-1,-4.894886315E-1,1.020256281E0
1.701178418E1,9.029440880E-1,-4.319643974E-1,1.331180096E0
1.702175089E1,6.111950278E-1,-4.575307369E-1,1.580451727E0
1.703171803E1,4.929507375E-1,-4.426170290E-1,1.946769357E0
1.704168475E1,7.323687430E-3,-3.925496638E-1,2.189649343E0
1.705165074E1,-4.697812796E-1,-3.957454562E-1,2.306828499E0
1.706161740E1,2.330264263E-2,-2.924148738E-1,2.600708008E0
1.707158720E1,-2.398174703E-1,-3.137201369E-1,2.939328671E0
1.708155412E1,-3.463438451E-1,-2.838927507E-1,3.275952101E0
1.709152746E1,2.809632719E-1,-1.059937328E-1,3.598593712E0
1.710149506E1,-2.547311783E-1,-9.534109384E-2,3.796732664E0
1.711145392E1,-3.122554123E-1,5.725792143E-3,3.958652735E0
1.712142063E1,-3.707117438E-1,1.111868918E-1,4.055458546E0
1.713139027E1,-6.828339696E-1,9.733846784E-2,4.146006107E0
1.714135725E1,-9.720530361E-3,1.058605760E-1,4.300469398E0
1.715132459E1,3.928159550E-2,1.105211023E-2,4.429366112E0
1.716129157E1,2.426137924E-1,7.283740491E-2,4.496477604E0
1.717125569E1,9.828388691E-1,3.338269889E-1,4.393147469E0
1.718122240E1,1.279914260E0,5.787044764E-1,4.009652138E0
1.719118777E1,1.286305904E0,3.615238369E-1,3.810581207E0
1.720115433E1,7.177214026E-1,-5.592634156E-2,3.646530628E0
1.721112621E1,-1.331579551E-4,-4.434159771E-2,3.208840370E0
1.722109329E1,-8.213182688E-1,2.976080179E-1,2.174735785E0
1.723106074E1,-5.539370775E-1,6.010749936E-1,1.213068962E0
1.724102787E1,5.430181623E-1,6.767086983E-1,6.145239472E-1
1.725099464E1,1.052080989E0,5.179844499E-1,2.374206334E-1
1.726096168E1,1.614407063E0,3.583280444E-1,2.450106293E-2
1.727093506E1,2.133057356E0,3.583280444E-1,-2.961432934E-1
1.728090277E1,7.633945346E-1,1.719069183E-1,-5.335639119E-1
1.729089438E1,7.633945346E-1,9.201214463E-2,-3.503385782E-1
1.730086449E1,1.702823877E0,1.601890177E-1,-3.515370190E-2
1.731080240E1,6.218476295E-1,-1.984053478E-2,1.874863952E-1
1.732076923E1,9.263799191E-1,2.358227372E-1,2.342248410E-1
1.733074053E1,1.545164943E0,6.404897571E-1,2.651174963E-1
1.734070782E1,1.075516820E0,7.768434882E-1,4.749744236E-1
1.735067355E1,1.247024298E0,7.853656411E-1,9.084035754E-1
1.736064068E1,1.311872125E0,8.311719298E-1,1.188567877E0
1.737060360E1,7.303713560E-1,8.908267021E-1,1.302417994E0
1.738057032E1,-3.909517527E-1,8.993488550E-1,1.064997315E0
1.739055527E1,-3.475289583E0,1.665806025E-1,7.402250767E-1
1.740052376E1,-3.984085917E-1,7.390266657E-2,8.700540662E-1
1.741046892E1,2.496179104E0,4.286354482E-1,8.434224725E-1
1.742043511E1,1.051015735E0,2.177132517E-1,8.263782859E-1
1.743041147E1,-1.641837656E-1,4.660528619E-3,9.691236019E-1
1.744037865E1,1.135171533E0,2.209090441E-1,8.295740485E-1
1.745037183E1,1.648495436E0,4.829638898E-1,6.773745418E-1
1.746034162E1,9.902957082E-1,6.159886718E-1,4.398207366E-1
1.747027694E1,-1.611211337E-2,4.456796646E-1,2.171806246E-1
1.748024324E1,-1.576323867E0,-1.581916511E-1,4.025365114E-1
1.749020397E1,1.158474199E-2,-2.018674612E-1,6.571345329E-1
1.750016970E1,2.032922506E0,1.633848101E-1,1.094824672E0
1.751014855E1,1.516402841E0,1.974732429E-1,1.494165421E0
1.752011558E1,9.370325208E-1,2.219743133E-1,1.563407540E0
1.753008235E1,1.219327450E0,5.094623566E-1,1.698696017E0
1.754004933E1,-7.169224024E-1,3.221091032E-1,1.961683035E0
1.755001511E1,-2.458229065E0,2.081258893E-1,1.958487153E0
1.755998199E1,-1.592302799E0,1.974732429E-1,1.777525544E0
1.756995136E1,2.500706315E-1,2.304964215E-1,1.763677120E0
1.757991850E1,9.295756817E-1,2.837595940E-1,2.151299953E0
1.758988287E1,1.484444857E0,4.765723348E-1,2.587924957E0
1.759984970E1,1.554752231E0,9.419593811E-1,2.890459776E0
1.760981277E1,6.463487148E-1,1.041960955E0,2.893655539E0
1.761977918E1,8.721846342E-2,5.861613154E-1,2.675276518E0
1.762975126E1,1.349156380E0,4.595280886E-1,2.274870396E0
1.763971824E1,1.353417397E0,5.179844499E-1,2.101232529E0
1.764969006E1,1.234241128E0,8.226498365E-1,2.008554697E0
1.765965751E1,2.369412661E0,1.130377889E0,1.896701932E0
1.766962131E1,1.095756769E0,9.728519917E-1,1.764742374E0
1.767958834E1,-4.461457253E0,-1.131842658E-2,1.541036963E0
1.768955292E1,-5.720465779E-1,7.856319658E-3,1.479251742E0
1.769951975E1,4.322706699E0,5.744433999E-1,1.706152916E0
1.770949100E1,1.762478709E0,4.179828167E-1,1.712544441E0
1.771945824E1,3.576622605E-1,6.756434441E-1,1.437706470E0
1.772942402E1,2.342781067E0,1.158074737E0,1.478186488E0
1.773939115E1,1.784849286E0,9.898962379E-1,1.689108610E0
1.774936157E1,3.693801761E-1,8.141277432E-1,1.607083321E0
1.775932897E1,1.343830109E0,1.011201501E0,1.185372114E0
1.776929444E1,1.612276554E0,1.112268448E0,7.677887678E-1
1.777926168E1,5.110602379E-1,8.673909307E-1,6.464818716E-1
1.778921626E1,1.195891619E0,8.929572701E-1,5.271723270E-1
1.779918220E1,1.359809041E0,9.259804487E-1,5.197154880E-1
1.780915975E1,4.759065211E-1,7.321024537E-1,5.996102691E-1
1.781912688E1,1.550491214E0,7.789740562E-1,7.773761153E-1
1.782910162E1,1.620798588E0,9.046751261E-1,7.040061355E-1
1.783906949E1,1.175651550E0,1.139965296E0,5.932186842E-1
1.784903433E1,1.937048793E0,1.379649520E0,5.346291661E-1
1.785900183E1,3.576622605E-1,1.148487329E0,4.046670198E-1
1.786896839E1,-1.773397684E0,8.247803450E-1,4.728438854E-1
1.787893579E1,1.633581758E0,1.171923161E0,5.932186842E-1
1.788889938E1,1.828391910E0,1.067527294E0,8.306393027E-1
1.789886642E1,-1.652490199E-1,6.713824272E-1,8.849677444E-1
1.790884454E1,1.192695856E0,8.982835412E-1,8.146603703E-1
1.791881272E1,2.178863525E0,1.134638906E0,7.167892456E-1
1.792878142E1,2.404832691E-1,1.119725227E0,4.238417745E-1
1.793874959E1,-5.102612972E-1,1.006940484E0,1.043958366E-1
1.794872834E1,8.017440438E-1,1.049417853E0,-2.450106293E-2
1.795869756E1,1.223721579E-1,8.194540739E-1,-6.924213469E-2
1.796864527E1,-3.559312224E-1,5.542033911E-1,-1.555284858E-1
1.797861230E1,1.201217890E0,6.745781898E-1,-2.535327375E-1
1.798857595E1,1.324655294E0,7.779088020E-1,-4.099933505E-1
1.799854267E1,5.994771123E-1,9.430246353E-1,-6.060018539E-1
1.800852121E1,6.793718934E-1,1.138900042E0,-7.934882641E-1
1.801848907E1,2.170474678E-1,1.017593145E0,-8.392946124E-1
1.802845339E1,-7.265098095E-1,6.862961054E-1,-8.030756116E-1
1.803842089E1,-7.190529704E-1,5.073317885E-1,-7.721830010E-1
1.804839225E1,4.034686089E-1,6.064013243E-1,-8.392946124E-1
1.805836011E1,3.491401672E-1,6.064013243E-1,-1.071388960E0
1.806831371E1,2.000032514E-1,5.233107805E-1,-1.141696334E0
1.807828011E1,8.954872489E-1,6.585992575E-1,-1.184306860E0
1.808824194E1,7.218492627E-1,7.512772083E-1,-1.304681659E0
1.809820787E1,-2.440785319E-1,5.765739679E-1,-1.306812167E0
1.810818313E1,1.500690132E-1,4.126565158E-1,-1.302551150E0
1.811815001E1,6.452834606E-1,3.689807057E-1,-1.332378507E0
1.812812720E1,1.850895584E-1,2.390185297E-1,-1.343031168E0
1.813809511E1,3.406180441E-1,2.294311523E-1,-1.315334320E0
1.814805412E1,2.681801319E-1,2.475406379E-1,-1.258875251E0
1.815802110E1,-6.404897571E-2,1.953427196E-1,-1.019191027E0
1.816798767E1,1.447426975E-1,2.241048366E-1,-6.560692191E-1
1.817795459E1,9.454214945E-3,3.146522343E-1,-3.865575492E-1
1.818791230E1,-1.897500902E-1,3.583280444E-1,-8.309056610E-2
1.819787834E1,3.150517344E-1,4.627238810E-1,2.629869580E-1
1.820786454E1,1.735048145E-1,5.360939503E-1,5.719134212E-1
1.821783261E1,-2.664490640E-1,5.659213066E-1,8.050730228E-1
1.822776980E1,-4.687159956E-1,5.243760347E-1,1.019191027E0
1.823773470E1,-5.901560783E-1,4.691154659E-1,1.154479504E0
1.824773371E1,3.182475269E-2,5.020055175E-1,1.299222112E0
1.825770204E1,5.558013320E-1,6.085318327E-1,1.407879114E0
1.826764194E1,3.949464858E-1,6.202497482E-1,1.403617978E0
1.827760735E1,3.022685647E-1,5.989444852E-1,1.400422215E0
1.828760454E1,4.812328517E-1,7.022750378E-1,1.285506845E0
1.829757318E1,2.660495937E-1,6.894918680E-1,1.205612183E0
1.830753850E1,4.269044101E-1,7.448856235E-1,1.014929891E0
1.831750678E1,4.950812757E-1,7.938877344E-1,7.656582594E-1
1.832745454E1,4.354264960E-2,6.351634264E-1,5.623260736E-1
1.833742079E1,7.443529367E-2,5.318328738E-1,4.334291518E-1
1.834738944E1,3.640538454E-1,5.179844499E-1,2.629869580E-1
1.835735589E1,1.372858584E-1,3.934817612E-1,8.415582776E-2
1.836734423E1,3.363569975E-1,3.167827725E-1,-9.374319762E-2
1.837731287E1,2.468748540E-1,2.784332931E-1,-2.215748429E-1
1.838728334E1,2.202432603E-1,3.870901763E-1,-4.366249442E-1
1.839725214E1,3.747064769E-1,4.680502117E-1,-6.145239472E-1
1.840722444E1,4.780370593E-1,5.030707717E-1,-8.265114427E-1
1.841719360E1,4.865591824E-1,5.052012801E-1,-9.904288650E-1
1.842713782E1,1.724395454E-1,3.647196293E-1,-9.510141015E-1
1.843710449E1,-5.020054802E-2,3.050648868E-1,-8.732498884E-1
1.844707506E1,-1.801627129E-1,3.466101587E-1,-9.819067717E-1
1.845704204E1,-9.596694112E-1,1.378184855E-1,-1.041561484E0
1.846698261E1,-2.302301079E-1,1.282311082E-1,-1.037300467E0
1.847694694E1,3.587275445E-1,1.846900880E-1,-1.168327928E0
1.848694933E1,-2.206427306E-1,1.026647836E-1,-1.290833235E0
1.849691751E1,2.607232630E-1,1.463405937E-1,-1.365401626E0
1.850686261E1,6.729803085E-1,1.474058628E-1,-1.423858047E0
1.851682845E1,-1.482048035E-1,-5.992108025E-3,-1.500556946E0
1.852679220E1,3.896201849E-1,6.431528926E-2,-1.551689625E0
1.853675777E1,5.856286883E-1,8.775109053E-2,-1.525058031E0
1.854675032E1,-3.090596199E-1,-5.486107618E-2,-1.446228504E0
1.855671865E1,-1.982721984E-1,-1.027979404E-1,-1.392033219E0
1.856665282E1,8.388951421E-3,-1.432779580E-1,-1.335574269E0
1.857661766E1,-6.402234435E-1,-2.679138184E-1,-1.297224760E0
1.858660652E1,-1.077247858E-1,-1.656484902E-1,-1.252483726E0
1.859657381E1,2.362222075E-1,-1.006674170E-1,-1.181111097E0
1.860655595E1,1.490037590E-1,-1.145158410E-1,-1.083106756E0
1.861652475E1,6.378266215E-1,1.464737463E-3,-9.488835931E-1
1.862648418E1,6.921550632E-1,3.661843762E-2,-8.062714338E-1
1.863645199E1,5.952160433E-2,-5.286370963E-2,-6.528734565E-1
1.864643183E1,2.234390527E-1,-7.403582335E-2,-4.515386224E-1
1.865640089E1,4.237086177E-1,-8.362319320E-2,-3.131875098E-1
1.866636662E1,1.319595277E-1,-9.640636295E-2,-2.737727463E-1
1.867633532E1,-1.418132186E-1,-1.027979404E-1,-2.556632757E-1
1.868626110E1,-6.412886977E-1,-1.816274524E-1,-1.970737725E-1
1.869622542E1,2.500706315E-1,-2.836264484E-2,-2.002695650E-1
1.870623636E1,4.055991173E-1,-3.049317189E-2,-1.693769246E-1
1.871620543E1,-2.153164148E-1,-1.784316599E-1,-1.246358454E-1
1.872613959E1,7.474156022E-1,-8.149266988E-2,-1.043958366E-1
1.873610516E1,9.487504363E-1,-4.860265180E-2,-1.214400530E-1
1.874609412E1,-3.954791278E-2,-1.358211190E-1,-1.459411234E-1
1.875606204E1,7.337003201E-2,-1.315600574E-1,-1.384842694E-1
1.876601266E1,4.386222959E-1,-3.475422785E-2,-1.768337637E-1
1.877597881E1,-1.119858399E-1,-6.764423847E-2,-2.354232669E-1
1.878595459E1,-2.323606312E-1,-1.209074259E-1,-2.354232669E-1
1.879592173E1,-8.109319210E-2,-1.560611278E-1,-2.322274745E-1
1.880589214E1,-1.822932363E-1,-1.837579757E-1,-2.545980215E-1
1.881585954E1,-3.271690905E-1,-1.858884990E-1,-2.748380303E-1
1.882582558E1,-3.292996287E-1,-1.699095517E-1,-2.567285299E-1
1.883579287E1,-4.282359779E-1,-1.731053442E-1,-2.269011587E-1
1.884578548E1,-5.656549931E-1,-2.103895694E-1,-2.087916732E-1
1.885575532E1,-5.273054838E-1,-2.221074700E-1,-2.332927436E-1
1.886569990E1,-1.268995255E-1,-1.454084814E-1,-2.641853690E-1
1.887566720E1,-4.061317816E-2,-1.091895252E-1,-2.183790505E-1
1.888564777E1,4.684496820E-1,1.637842879E-2,-1.406148076E-1
1.889561636E1,1.016927361E0,8.349003643E-2,-2.450106293E-2
1.890557600E1,6.442182064E-1,-6.657897611E-4,1.320926845E-1
1.891554371E1,7.230477035E-2,-7.084003091E-2,2.885532975E-1
1.892551537E1,2.394180000E-1,-6.551371515E-2,4.941491783E-1
1.893548345E1,3.736412227E-1,-9.187898599E-3,6.368945241E-1
1.894543470E1,2.458095849E-1,5.472791940E-2,7.018755674E-1
1.895540105E1,2.830938101E-1,1.239700541E-1,7.338334918E-1
1.896542928E1,7.123950869E-2,1.079910994E-1,7.487471700E-1
1.897540188E1,7.337003201E-2,6.538055837E-2,7.901592851E-1
1.898535464E1,6.271740049E-2,1.957421936E-2,8.625972271E-1
1.899532527E1,-2.440785319E-1,7.856319658E-3,8.753803968E-1
1.900524860E1,-1.854890287E-1,6.538055837E-2,8.689888120E-1
1.901521444E1,-1.993374527E-1,8.562056720E-2,8.647277355E-1
1.902517714E1,-3.760380745E-1,6.111950055E-2,8.562056422E-1
1.903514261E1,-3.229080439E-1,6.538055837E-2,8.178561330E-1
1.904509751E1,-4.601939023E-1,1.850895584E-2,7.476819158E-1
1.905506194E1,-3.356912136E-1,5.725792143E-3,6.187850237E-1
1.906503449E1,3.821633384E-2,6.751108170E-2,5.154544711E-1
1.907499975E1,-2.344911546E-1,-1.025316212E-2,5.516734123E-1
1.908498949E1,-1.258342713E-1,-4.114580899E-2,6.422207952E-1
1.909495720E1,3.779022694E-1,1.069258377E-1,6.294376254E-1
1.910491115E1,1.000016257E-1,1.186437383E-1,5.836313367E-1
1.911487746E1,-1.119858399E-1,8.668582886E-2,4.930838943E-1
1.912484980E1,2.330264263E-2,1.207742617E-1,3.364901543E-1
1.913481668E1,-2.579269707E-1,6.111950055E-2,2.555301189E-1
1.914478740E1,-2.504701018E-1,2.277000993E-2,2.395511568E-1
1.915475470E1,-1.141163707E-1,2.383527346E-2,2.246374637E-1
1.916472240E1,-2.717753947E-1,-5.179844424E-2,2.299637944E-1
1.917468970E1,-1.311605871E-1,-7.297056168E-2,2.182458937E-1
1.918466178E1,-6.085318699E-2,-6.764423847E-2,1.736379713E-1
1.919462954E1,-1.194426864E-1,-9.427583218E-2,1.438105851E-1
1.920457277E1,8.388951421E-3,-8.042740822E-2,1.384842694E-1
1.921453803E1,1.584579609E-2,-4.221107066E-2,8.841688186E-2
1.922452933E1,2.117211558E-2,-2.836264484E-2,6.285055727E-2
1.923449725E1,1.861548275E-1,-3.368896246E-2,7.456845790E-2
1.924447652E1,1.415469050E-1,-6.018739566E-2,8.522108942E-2
1.925444558E1,1.063932031E-1,-4.540686309E-2,6.498108059E-2
1.926439371E1,1.351553202E-1,-2.516685426E-2,4.793686420E-2
1.927436063E1,3.608580679E-2,-3.581948951E-2,3.728422895E-2
1.928429355E1,-4.593949392E-2,-5.286370963E-2,1.171789970E-2
1.929425704E1,-2.356895804E-2,-6.125266105E-2,-1.491369121E-2
1.930425407E1,-1.162468940E-1,-9.427583218E-2,-4.687159881E-2
1.931422095E1,-1.290300637E-1,-1.091895252E-1,-8.735162020E-2
1.932417360E1,-8.428898454E-2,-1.017326787E-1,-1.427453309E-1
1.933413902E1,-7.257108390E-2,-9.214530140E-2,-1.874863952E-1
1.934411850E1,-9.494162351E-2,-9.960214794E-2,-2.226400971E-1
1.935408532E1,-8.428898454E-2,-1.166463718E-1,-2.354232669E-1
1.936405949E1,-2.996053919E-2,-1.177116334E-1,-2.279664129E-1
1.937402704E1,2.543316968E-2,-1.134505793E-1,-2.237053663E-1
1.938398787E1,3.075948730E-2,-1.187768951E-1,-2.162485123E-1
1.939395475E1,3.182475269E-2,-1.134505793E-1,-1.949432492E-1
1.940391964E1,-2.569948509E-2,-1.049284711E-1,-1.672463864E-1
1.941388631E1,-3.102580272E-2,-8.255793154E-2,-1.214400530E-1
1.942385516E1,-5.978792161E-2,-6.125266105E-2,-5.965476483E-2
1.943382204E1,-1.194426864E-1,-3.901528195E-2,1.704421826E-2
1.944377871E1,-1.450090110E-1,-1.025316212E-2,8.628635854E-2
1.945374454E1,-1.194426864E-1,1.318263728E-2,1.555284858E-1
1.946372558E1,-1.503353268E-1,1.318263728E-2,2.278332561E-1
1.947369292E1,-1.300953180E-1,2.809632942E-2,2.896185517E-1
1.948366803E1,-1.045289934E-1,3.981423005E-2,3.343596160E-1
1.949363615E1,-1.290300637E-1,4.833633825E-2,3.695133328E-1
1.950358095E1,-1.141163707E-1,8.455529809E-2,3.759049177E-1
1.951354673E1,-8.428898454E-2,1.197090000E-1,3.716438413E-1
1.952353001E1,-8.002793044E-2,1.207742617E-1,3.812312186E-1
1.953349751E1,-3.422159329E-2,9.733846784E-2,3.599259555E-1
1.954346542E1,-5.020054802E-2,5.685844645E-2,3.183806837E-1
1.955343293E1,-7.150582224E-2,4.660528619E-3,2.629869580E-1
1.956338069E1,-3.422159329E-2,-4.008054361E-2,1.864211410E-1
1.957334621E1,-3.209106624E-2,-7.297056168E-2,1.001347825E-1
1.958333819E1,-1.930790395E-2,-9.960214794E-2,2.237053588E-2
1.959330642E1,7.323687430E-3,-1.358211190E-1,-2.982738242E-2
1.960326475E1,9.321057005E-4,-1.848232448E-1,-7.776424289E-2
1.961323194E1,4.673844203E-2,-2.082590461E-1,-1.246358454E-1
1.962318761E1,5.952160433E-2,-2.125200927E-1,-1.693769246E-1
1.963315360E1,-6.298371404E-2,-2.402169555E-1,-1.874863952E-1
1.964313746E1,1.021321490E-1,-2.146506310E-1,-1.906821877E-1
1.965310527E1,1.053279415E-1,-2.103895694E-1,-1.693769246E-1
1.966307313E1,-1.717737690E-2,-2.338253707E-1,-1.395495385E-1
1.967304095E1,1.426121742E-1,-2.221074700E-1,-1.480716467E-1
1.968298683E1,1.914811432E-1,-2.061285079E-1,-1.906821877E-1
1.969295240E1,3.928159550E-2,-2.231727391E-1,-1.842906028E-1
1.970294845E1,1.308942735E-1,-2.221074700E-1,-2.269011587E-1
1.971291709E1,1.745700836E-1,-1.954758763E-1,-2.716422379E-1
1.972287600E1,-1.198421582E-3,-1.784316599E-1,-2.503369451E-1
1.973284365E1,7.230477035E-2,-1.336905807E-1,-2.354232669E-1
1.974279725E1,1.063932031E-1,-9.640636295E-2,-2.162485123E-1
1.975276350E1,-6.085318699E-2,-7.510108501E-2,-2.141179889E-1
1.976274454E1,7.323687430E-3,-4.327633604E-2,-2.428801060E-1
1.977271225E1,6.910897791E-2,-4.114580899E-2,-2.801643312E-1
1.978267527E1,-3.741738573E-2,-6.977476925E-2,-3.206443489E-1
1.979264251E1,2.543316968E-2,-7.084003091E-2,-3.631217480E-1
1.980259792E1,6.271740049E-2,-8.255793154E-2,-4.089280665E-1
1.981256392E1,-2.037316747E-2,-1.006674170E-1,-4.387554526E-1
1.982255287E1,2.436790615E-2,-8.894951642E-2,-4.536691606E-1
1.983252121E1,3.821633384E-2,-7.616634667E-2,-4.536691606E-1
1.984247938E1,-2.463422157E-2,-8.042740822E-2,-4.376901984E-1
1.985244668E1,3.182475269E-2,-6.551371515E-2,-4.227765203E-1
1.986239647E1,3.289001435E-2,-5.179844424E-2,-4.057323039E-1
1.987236199E1,-9.720530361E-3,-5.179844424E-2,-3.695133328E-1
1.988234397E1,3.182475269E-2,-3.901528195E-2,-3.428817391E-1
1.989231115E1,2.223737910E-2,-2.303632535E-2,-3.153180480E-1
1.990229214E1,-8.655266836E-3,-9.187898599E-3,-2.705769539E-1
1.991226074E1,2.010685205E-2,9.986846708E-3,-2.450106442E-1
1.992220511E1,-1.198421582E-3,2.809632942E-2,-2.119874656E-1
1.993217121E1,-2.143843099E-2,4.194475710E-2,-1.715074480E-1
1.994215912E1,9.454214945E-3,5.792371184E-2,-1.480716467E-1
1.995212740E1,1.997369342E-3,6.325002760E-2,-1.267663687E-1
1.996208996E1,-9.720530361E-3,6.857634336E-2,-1.054610983E-1
1.997205766E1,6.258423906E-3,7.496792823E-2,-1.001347825E-1
1.998201792E1,-7.590003312E-3,6.751108170E-2,-9.480846673E-2
1.999198485E1,-6.524739787E-3,6.005423889E-2,-9.267793596E-2
2.000196292E1,1.051947847E-2,6.005423889E-2,-9.587372839E-2
2.001193100E1,-7.590003312E-3,5.153212696E-2,-9.161267430E-2
2.002189548E1,-4.394212738E-3,4.407528415E-2,-1.118526831E-1
2.003186318E1,1.478053257E-2,4.514054582E-2,-1.502021700E-1
2.004181006E1,4.127896391E-3,4.194475710E-2,-1.757684946E-1
2.005177558E1,-1.331579551E-4,3.129211813E-2,-1.928127259E-1
2.006175928E1,1.584579609E-2,2.277000993E-2,-2.098569423E-1
2.007172668E1,1.371526904E-2,1.850895584E-2,-2.279664129E-1
2.008168121E1,2.010685205E-2,7.856319658E-3,-2.396843135E-1
2.009164725E1,1.904158667E-2,-1.131842658E-2,-2.364885211E-1
2.010161975E1,7.323687430E-3,-2.197106183E-2,-2.439453751E-1
2.011158647E1,4.034686089E-2,-2.197106183E-2,-2.641853690E-1
2.012154808E1,7.230477035E-2,-1.557948068E-2,-2.822948694E-1
2.013151428E1,3.075948730E-2,-1.984053478E-2,-2.961432934E-1
2.014150068E1,2.436790615E-2,-2.623211779E-2,-3.046653867E-1
2.015146892E1,4.247738793E-2,-3.368896246E-2,-2.961432934E-1
2.016144574E1,4.247738793E-2,-3.581948951E-2,-2.833601236E-1
2.017141480E1,3.395527974E-2,-3.155843541E-2,-2.865559161E-1
2.018135980E1,3.608580679E-2,-2.090579830E-2,-2.812296152E-1
2.019132647E1,1.265000552E-2,-1.557948068E-2,-2.641853690E-1
2.020127824E1,-2.263685223E-3,-8.122635074E-3,-2.428801060E-1
2.021124339E1,6.258423906E-3,6.791055668E-3,-2.183790505E-1
2.022121209E1,1.478053257E-2,1.424790081E-2,-2.013348341E-1
2.023117756E1,2.117211558E-2,1.318263728E-2,-1.842906028E-1
2.024117824E1,2.223737910E-2,9.986846708E-3,-1.725727171E-1
2.025114730E1,1.904158667E-2,1.531316526E-2,-1.672463864E-1
2.026110246E1,2.330264263E-2,1.957421936E-2,-1.736379713E-1
2.027107011E1,3.075948730E-2,2.170474641E-2,-1.597895473E-1
2.028105001E1,2.543316968E-2,2.703106403E-2,-1.459411234E-1
2.029101892E1,2.010685205E-2,3.555317223E-2,-1.416800618E-1
2.030097537E1,1.478053257E-2,3.981423005E-2,-1.267663687E-1
2.031094298E1,8.388951421E-3,3.981423005E-2,-1.203747913E-1
2.032092376E1,6.258423906E-3,3.448791057E-2,-1.193095297E-1
2.033089266E1,5.193160381E-3,2.916159295E-2,-1.182442605E-1
2.034084100E1,3.062632866E-3,2.703106403E-2,-1.182442605E-1
2.035080782E1,8.388951421E-3,3.661843762E-2,-1.107874215E-1
2.036079574E1,-2.263685223E-3,4.620581120E-2,-9.267793596E-2
2.037076470E1,1.158474199E-2,4.514054582E-2,-7.030740380E-2
2.038073089E1,6.258423906E-3,3.874896467E-2,-5.645897239E-2
2.039069959E1,7.323687430E-3,3.874896467E-2,-5.645897239E-2
2.040067714E1,2.649843320E-2,4.194475710E-2,-6.924213469E-2
2.041064668E1,1.797632314E-2,3.661843762E-2,-8.415582776E-2
2.042059662E1,3.395527974E-2,3.448791057E-2,-1.012000442E-1
2.043056418E1,2.969422378E-2,2.596580051E-2,-9.267793596E-2
2.044053412E1,5.313002318E-2,3.448791057E-2,-7.137266546E-2
2.045050194E1,4.567318037E-2,4.301001877E-2,-3.941475600E-2
2.046046355E1,3.075948730E-2,4.194475710E-2,-1.704421826E-2
2.047043074E1,1.797632314E-2,4.087949172E-2,8.522109129E-3
2.048038772E1,3.182475269E-2,5.046686530E-2,3.621896356E-2
2.049035381E1,1.797632314E-2,5.685844645E-2,5.219791830E-2
2.050031235E1,1.478053257E-2,5.792371184E-2,6.817687303E-2
2.051027772E1,1.904158667E-2,5.685844645E-2,8.841688186E-2
2.052025631E1,9.321057005E-4,5.153212696E-2,9.693899006E-2
2.053022303E1,1.051947847E-2,5.153212696E-2,1.033305749E-1
2.054017782E1,2.010685205E-2,5.366265774E-2,1.033305749E-1
2.055014329E1,1.584579609E-2,5.792371184E-2,1.054610983E-1
2.056011975E1,-4.394212738E-3,6.325002760E-2,1.075916290E-1
2.057008631E1,-5.459476262E-3,6.111950055E-2,1.118526831E-1
2.058004022E1,-1.331579551E-4,5.472791940E-2,1.257011145E-1
2.059000553E1,-7.590003312E-3,4.940159991E-2,1.246358454E-1
2.059999293E1,-1.078579482E-2,5.366265774E-2,1.214400530E-1
2.060996042E1,-3.328948980E-3,5.259739235E-2,1.171789989E-1
2.061992532E1,9.454214945E-3,5.153212696E-2,1.150484756E-1
2.062989256E1,8.388951421E-3,5.046686530E-2,1.118526831E-1
2.063984563E1,9.454214945E-3,5.046686530E-2,1.097221524E-1
2.064981142E1,1.051947847E-2,4.940159991E-2,1.107874215E-1
2.065979032E1,4.127896391E-3,4.407528415E-2,1.065263674E-1
2.066975746E1,9.321057005E-4,4.407528415E-2,9.906952083E-2
2.067972266E1,-2.263685223E-3,4.301001877E-2,9.693899006E-2
2.068968954E1,-8.655266836E-3,4.301001877E-2,8.735162020E-2
2.069964766E1,-1.291632187E-2,3.874896467E-2,7.989477366E-2
2.070961365E1,-1.824264042E-2,3.448791057E-2,7.882951200E-2
2.071960881E1,-1.078579482E-2,2.916159295E-2,7.350318879E-2
2.072957772E1,-1.717737690E-2,2.170474641E-2,5.752423778E-2
2.073953568E1,-9.720530361E-3,1.211737376E-2,4.793686420E-2
2.074950350E1,-1.930790395E-2,1.464737463E-3,3.089264594E-2
2.075945308E1,-2.996053919E-2,-5.992108025E-3,1.171789970E-2
2.076941902E1,-2.996053919E-2,-7.057371549E-3,-4.261054564E-3
2.077940537E1,-6.191844866E-2,-8.122635074E-3,-1.278316416E-2
2.078937334E1,-3.422159329E-2,-1.131842658E-2,-8.522109129E-3
2.079932834E1,8.615319431E-2,-3.861580743E-3,-1.597895473E-2
2.080929506E1,2.117211558E-2,-1.344895363E-2,-2.556632832E-2
2.081925740E1,-5.233107507E-2,-1.664474420E-2,-3.515370190E-2
2.082922365E1,-2.463422157E-2,-1.451421715E-2,-4.900212586E-2
2.084643005E1,-2.463422157E-2,3.994738800E-4,-1.171789970E-2
2.084653757E1,-2.463422157E-2,3.994738800E-4,-1.171789970E-2
2.085653757E1,-2.463422157E-2,3.994738800E-4,-1.171789970E-2
2.086653757E1,-2.463422157E-2,3.994738800E-4,-1.171789970E-2
2.087652080E1,-6.524739787E-3,-6.657897611E-4,-1.704421826E-2
2.088652080E1,-6.524739787E-3,-6.657897611E-4,-1.704421826E-2
2.089643314E1,1.051947847E-2,-6.657897611E-4,-2.024000883E-2
2.090640049E1,-4.394212738E-3,-3.861580743E-3,-2.130527236E-2
2.091633538E1,6.258423906E-3,-2.796316985E-3,-2.024000883E-2
2.092629934E1,1.051947847E-2,2.530001104E-3,-2.343579940E-2
2.093627694E1,7.323687430E-3,5.725792143E-3,-1.810948178E-2
2.094624231E1,3.062632866E-3,4.660528619E-3,-1.810948178E-2
2.095620528E1,7.323687430E-3,5.725792143E-3,-1.384842768E-2
2.096617038E1,-1.078579482E-2,3.595264861E-3,-1.171789970E-2
2.097614314E1,-7.590003312E-3,4.660528619E-3,-1.384842768E-2
2.098610903E1,-4.394212738E-3,7.856319658E-3,-1.810948178E-2
2.099607455E1,-2.263685223E-3,8.921583183E-3,-1.810948178E-2
2.100604038E1,-1.331579551E-4,7.856319658E-3,-1.917474531E-2
2.101603741E1,-1.331579551E-4,5.725792143E-3,-1.704421826E-2
2.102600637E1,-8.655266836E-3,1.464737463E-3,-1.917474531E-2
2.103596882E1,-1.198421582E-3,1.464737463E-3,-2.343579940E-2
2.104593715E1,-4.394212738E-3,1.464737463E-3,-3.089264594E-2
2.105587611E1,-2.263685223E-3,3.595264861E-3,-3.515370190E-2
2.106584148E1,8.388951421E-3,5.725792143E-3,-3.941475600E-2
2.107584778E1,1.478053257E-2,4.660528619E-3,-3.941475600E-2
2.108581720E1,1.478053257E-2,3.595264861E-3,-3.621896356E-2
2.109579439E1,1.371526904E-2,1.464737463E-3,-3.728422895E-2
2.110576460E1,2.543316968E-2,7.856319658E-3,-3.834949061E-2
2.111572840E1,-1.078579482E-2,3.595264861E-3,-3.941475600E-2
2.112569799E1,-1.331579551E-4,6.791055668E-3,-3.941475600E-2
2.113566085E1,7.323687430E-3,8.921583183E-3,-3.621896356E-2
2.114562970E1,-1.078579482E-2,1.211737376E-2,-3.089264594E-2
2.115558491E1,-1.078579482E-2,1.744369231E-2,-2.663159184E-2
2.116555236E1,-2.263685223E-3,1.957421936E-2,-2.024000883E-2
2.117552892E1,-9.720530361E-3,1.850895584E-2,-1.384842768E-2
2.118549731E1,-3.328948980E-3,1.637842879E-2,-1.384842768E-2
2.119545648E1,3.062632866E-3,1.637842879E-2,-1.384842768E-2
2.120542392E1,3.062632866E-3,1.531316526E-2,-1.278316416E-2
2.121539345E1,-1.198421582E-3,1.531316526E-2,-1.278316416E-2
2.122536111E1,1.997369342E-3,1.957421936E-2,-1.278316416E-2
2.123531288E1,1.997369342E-3,2.063948289E-2,-1.278316416E-2
2.124527892E1,1.997369342E-3,2.063948289E-2,-1.171789970E-2
2.125524549E1,-1.198421582E-3,1.957421936E-2,-1.384842768E-2
2.126521153E1,-3.328948980E-3,1.850895584E-2,-1.597895473E-2
2.127519200E1,-3.328948980E-3,2.063948289E-2,-1.810948178E-2
2.128515950E1,-2.263685223E-3,2.063948289E-2,-1.917474531E-2
2.129510653E1,3.062632866E-3,2.170474641E-2,-2.024000883E-2
2.130507194E1,3.062632866E-3,2.063948289E-2,-2.130527236E-2
2.131505939E1,6.258423906E-3,2.170474641E-2,-2.024000883E-2
2.132502705E1,5.193160381E-3,2.170474641E-2,-2.024000883E-2
2.133499116E1,-1.331579551E-4,2.277000993E-2,-1.917474531E-2
2.134495840E1,-2.263685223E-3,2.170474641E-2,-1.917474531E-2
2.135493460E1,-2.263685223E-3,2.063948289E-2,-1.810948178E-2
2.136490278E1,-4.394212738E-3,1.957421936E-2,-1.810948178E-2
2.137485861E1,-4.394212738E-3,1.850895584E-2,-1.917474531E-2
2.138482554E1,-5.459476262E-3,2.063948289E-2,-2.024000883E-2
2.139478944E1,-5.459476262E-3,2.277000993E-2,-1.917474531E-2
2.140475606E1,-1.331579551E-4,2.490053698E-2,-1.597895473E-2
2.141472007E1,-2.263685223E-3,2.490053698E-2,-1.278316416E-2
2.142468642E1,-3.328948980E-3,2.703106403E-2,-1.065263618E-2
2.143465403E1,9.321057005E-4,2.809632942E-2,-1.171789970E-2
2.144462049E1,-6.524739787E-3,2.809632942E-2,-1.278316416E-2
2.145459012E1,-6.524739787E-3,2.916159295E-2,-1.491369121E-2
2.146455689E1,-2.263685223E-3,3.022685647E-2,-1.704421826E-2
2.147453939E1,-6.524739787E-3,2.916159295E-2,-2.024000883E-2
2.148450772E1,-4.394212738E-3,2.703106403E-2,-2.237053588E-2
2.149445366E1,-4.394212738E-3,2.383527346E-2,-2.556632832E-2
2.150441970E1,-7.590003312E-3,2.170474641E-2,-2.450106293E-2
2.151440924E1,-6.524739787E-3,2.063948289E-2,-2.663159184E-2
2.152437762E1,-4.394212738E-3,2.170474641E-2,-2.450106293E-2
2.153434158E1,-1.078579482E-2,2.063948289E-2,-2.130527236E-2
2.154430955E1,-6.524739787E-3,2.063948289E-2,-1.810948178E-2
2.155426434E1,-2.263685223E-3,2.063948289E-2,-1.491369121E-2
2.156423101E1,-5.459476262E-3,1.850895584E-2,-9.587372653E-3
2.157418085E1,-5.459476262E-3,1.850895584E-2,-7.456845604E-3
2.158414575E1,-2.263685223E-3,1.957421936E-2,-7.456845604E-3
2.159414470E1,-1.198421582E-3,2.170474641E-2,-9.587372653E-3
2.160411304E1,-4.913528636E-2,1.211737376E-2,-9.587372653E-3
2.161408674E1,6.804371625E-2,3.342264518E-2,-4.261054564E-3
2.162405559E1,6.697845459E-2,2.170474641E-2,-1.278316416E-2
2.163399111E1,-2.996053919E-2,1.744369231E-2,-5.326318089E-3
2.164395658E1,-1.331579551E-4,2.383527346E-2,-1.171789970E-2
2.165392913E1,1.797632314E-2,2.916159295E-2,-1.065263618E-2
2.166389533E1,-3.209106624E-2,2.916159295E-2,-5.326318089E-3
2.167388163E1,1.997369342E-3,4.301001877E-2,1.065263641E-3
2.168384981E1,6.258423906E-3,4.620581120E-2,9.587372653E-3
2.169382304E1,-2.263685223E-3,5.046686530E-2,1.491369121E-2
2.170379179E1,2.756369673E-2,5.792371184E-2,1.384842768E-2
2.171376465E1,1.265000552E-2,5.579318479E-2,1.384842768E-2
2.172373377E1,-1.611211337E-2,5.153212696E-2,1.704421826E-2
2.173369043E1,6.258423906E-3,4.940159991E-2,9.587372653E-3
2.174365830E1,1.158474199E-2,4.727107286E-2,2.130527282E-3
2.175363080E1,3.062632866E-3,4.514054582E-2,-3.195791040E-3
2.176359913E1,1.797632314E-2,5.153212696E-2,-2.130527282E-3
2.177354497E1,-1.331579551E-4,4.514054582E-2,4.261054564E-3
2.178351101E1,7.323687430E-3,4.301001877E-2,1.171789970E-2
2.179349314E1,1.584579609E-2,4.620581120E-2,1.917474531E-2
2.180346075E1,-2.263685223E-3,4.833633825E-2,1.704421826E-2
2.181339205E1,1.371526904E-2,5.579318479E-2,1.065263618E-2
2.182335601E1,1.691105962E-2,6.005423889E-2,1.384842768E-2
2.183335616E1,3.062632866E-3,5.472791940E-2,1.917474531E-2
2.184332382E1,4.127896391E-3,5.153212696E-2,2.450106293E-2
2.185329418E1,-2.263685223E-3,4.407528415E-2,2.130527236E-2
2.186326210E1,5.193160381E-3,4.407528415E-2,5.326318089E-3
2.187322549E1,8.388951421E-3,5.046686530E-2,-1.917474531E-2
2.188319293E1,7.323687430E-3,5.153212696E-2,-4.261054471E-2
2.189317595E1,-1.198421582E-3,4.514054582E-2,-5.113265663E-2
2.190314497E1,-2.263685223E-3,4.087949172E-2,-5.006739125E-2
2.191313903E1,-6.524739787E-3,3.022685647E-2,-5.752423778E-2
2.192311059E1,-3.328948980E-3,2.703106403E-2,-6.711161137E-2
2.193300674E1,-3.328948980E-3,2.809632942E-2,-8.628635854E-2
2.194297064E1,-2.263685223E-3,3.022685647E-2,-9.906952083E-2
2.195294470E1,9.321057005E-4,1.957421936E-2,-1.054610983E-1
2.196290965E1,-1.198421582E-3,4.660528619E-3,-9.161267430E-2
2.197287095E1,-1.611211337E-2,3.595264861E-3,-7.669898123E-2
2.198283549E1,-2.356895804E-2,1.211737376E-2,-7.456845790E-2
2.199281757E1,-6.524739787E-3,2.916159295E-2,-6.711161137E-2
2.200278387E1,-4.394212738E-3,3.555317223E-2,-5.858949944E-2
2.201275533E1,-1.291632187E-2,3.874896467E-2,-4.687159881E-2
2.202272210E1,-2.037316747E-2,3.448791057E-2,-4.154528305E-2
2.203271491E1,-2.263685223E-3,4.087949172E-2,-1.502021700E-1
2.204268434E1,1.818937659E-1,8.242477477E-2,-3.407512009E-1
2.205262163E1,-1.258342713E-1,-1.344895363E-2,-1.672463864E-1
2.206258783E1,-1.290300637E-1,-9.640636295E-2,-1.523326933E-1
2.207261637E1,1.882853508E-1,-4.008054361E-2,-1.629853398E-1
2.208258887E1,-2.430132627E-1,-9.108003974E-2,-2.492716908E-1
2.209258418E1,1.330247968E-1,8.921583183E-3,-3.046653867E-1
2.210255898E1,1.042626798E-1,1.531316526E-2,-3.673827946E-1
2.211244720E1,-2.067943066E-1,-5.073318258E-2,-3.876228034E-1
2.212241325E1,6.258423906E-3,-7.084003091E-2,-3.247722387E-1
2.213237788E1,-3.315633163E-2,-9.853688627E-2,-2.311622053E-1
2.214234377E1,-1.173121557E-1,-7.403582335E-2,-1.715074480E-1
2.215231163E1,-1.078579482E-2,-2.623211779E-2,-1.235705838E-1
2.216227767E1,-5.020054802E-2,-8.122635074E-3,-1.118526831E-1
2.217223382E1,-1.824264042E-2,6.791055668E-3,-7.882951200E-2
2.218219887E1,-1.717737690E-2,5.725792143E-3,-5.006739125E-2
2.219215267E1,-6.831002980E-2,-1.451421715E-2,-2.343579940E-2
2.220211658E1,-3.635212034E-2,-8.122635074E-3,-3.195790946E-2
2.221211002E1,-1.398158539E-2,-1.731053460E-3,-4.900212586E-2
2.222207689E1,-4.380896688E-2,-2.796316985E-3,-5.432844535E-2
2.223202017E1,-4.913528636E-2,-4.926844500E-3,-6.924213469E-2
2.224198465E1,-2.250369452E-2,-1.731053460E-3,-8.735162020E-2
2.225197049E1,-3.848264739E-2,-1.557948068E-2,-8.522108942E-2
2.226193715E1,-3.528685868E-2,-1.984053478E-2,-9.374319762E-2
2.227191918E1,-1.078579482E-2,-1.451421715E-2,-1.299621612E-1
2.228188736E1,-3.954791278E-2,-2.090579830E-2,-1.587242782E-1
2.229186215E1,-5.978792161E-2,-2.410159074E-2,-1.768337637E-1
2.230183101E1,-2.889527567E-2,-1.557948068E-2,-1.970737725E-1
2.231178924E1,-4.274370521E-2,-2.303632535E-2,-2.343579978E-1
2.232175700E1,-3.954791278E-2,-3.262370080E-2,-2.641853690E-1
2.233171960E1,-2.037316747E-2,-4.221107066E-2,-2.961432934E-1
2.234168684E1,-3.848264739E-2,-5.912213027E-2,-3.332943618E-1
2.235166017E1,-4.167843983E-2,-7.829687744E-2,-3.716438413E-1
2.236162799E1,-1.611211337E-2,-9.001477808E-2,-3.940143883E-1
2.237159361E1,-1.504684892E-2,-1.038632020E-1,-4.067975581E-1
2.238156122E1,-3.635212034E-2,-1.177116334E-1,-4.249070287E-1
2.239153720E1,-3.635212034E-2,-1.241032109E-1,-4.515386224E-1
2.240150564E1,-9.720530361E-3,-1.230379492E-1,-4.589954615E-1
2.241145528E1,-3.315633163E-2,-1.272990108E-1,-4.387554526E-1
2.242142179E1,-8.535424620E-2,-1.262337416E-1,-4.089280665E-1
2.243139497E1,-1.620532274E-1,-1.432779580E-1,-3.940143883E-1
2.244136215E1,-6.404897571E-2,-1.358211190E-1,-4.025365114E-1
2.245133137E1,-1.824264042E-2,-1.411474347E-1,-4.195807278E-1
2.246129877E1,-4.807002097E-2,-1.464737505E-1,-4.238417745E-1
2.247126705E1,-8.655266836E-3,-1.379516423E-1,-4.334291518E-1
2.248123450E1,-6.191844866E-2,-1.507348120E-1,-4.121238589E-1
2.249118080E1,-1.109205782E-1,-1.773663908E-1,-4.067975581E-1
2.250114611E1,5.193160381E-3,-1.752358675E-1,-3.929491341E-1
2.251111319E1,4.127896391E-3,-1.677790284E-1,-3.727091253E-1
2.252107866E1,-7.363634557E-2,-1.688442826E-1,-3.503385782E-1
2.253104653E1,-6.831002980E-2,-1.784316599E-1,-3.322291076E-1
2.254101226E1,-1.205079481E-1,-2.093243003E-1,-3.057306707E-1
2.255098382E1,-2.783001214E-2,-2.029327303E-1,-2.705769539E-1
2.256095012E1,4.460791498E-2,-1.880190372E-1,-2.439453751E-1
2.257090439E1,-5.020054802E-2,-2.050632536E-1,-2.226400971E-1
2.258086944E1,-1.504684892E-2,-2.039979845E-1,-1.938779801E-1
2.259085236E1,6.591318548E-2,-2.008021921E-1,-1.587242782E-1
2.260081924E1,5.632581562E-2,-2.050632536E-1,-8.628635854E-2
2.261078674E1,-3.102580272E-2,-2.071937770E-1,-3.195791040E-3
2.262075366E1,-4.274370521E-2,-1.933453530E-1,5.858949944E-2
2.263071840E1,3.715106845E-2,-1.709748209E-1,9.800425172E-2
2.264068512E1,-6.404897571E-2,-1.794969290E-1,1.352884769E-1
2.265065059E1,-2.569948509E-2,-1.592569202E-1,1.715074480E-1
2.266061710E1,1.149153188E-1,-1.155811027E-1,2.130527347E-1
2.267058382E1,9.361004084E-2,-9.960214794E-2,2.874880135E-1
2.268055038E1,9.361004084E-2,-6.870950758E-2,3.737743795E-1
2.269052314E1,-8.655266836E-3,-3.475422785E-2,4.483428299E-1
2.270049033E1,-1.930790395E-2,2.383527346E-2,5.229113102E-1
2.271044934E1,-1.291632187E-2,6.964161247E-2,5.761744976E-1
2.272041569E1,-4.593949392E-2,8.135951310E-2,5.740439296E-1
2.273039148E1,6.258423906E-3,7.816372067E-2,5.335639119E-1
2.274035877E1,1.127847880E-1,8.135951310E-2,4.909533858E-1
2.275031778E1,4.567318037E-2,6.218476593E-2,4.643217921E-1
2.276028418E1,3.715106845E-2,6.751108170E-2,4.344944060E-1
2.277025132E1,1.158474199E-2,6.964161247E-2,4.004059732E-1
2.278021778E1,-2.483395934E-1,2.809632942E-2,3.673827946E-1
2.279019215E1,-1.077247858E-1,2.490053698E-2,3.322291076E-1
2.280015944E1,2.191779912E-1,6.218476593E-2,2.842922211E-1
2.281012205E1,6.271740049E-2,3.022685647E-2,2.225069404E-1
2.282008887E1,-1.801627129E-1,-9.187898599E-3,1.587242782E-1
2.283005304E1,-1.759016514E-1,3.595264861E-3,8.628635854E-2
2.284001955E1,-1.109205782E-1,2.916159295E-2,1.278316416E-2
2.284999095E1,-1.078579482E-2,5.898897350E-2,-5.539371073E-2
2.285995793E1,-8.855003864E-2,6.964161247E-2,-1.288969070E-1
2.286992345E1,-1.247690022E-1,3.874896467E-2,-1.874863952E-1
2.287989028E1,2.010685205E-2,3.981423005E-2,-2.897517085E-1
2.288985892E1,-8.109319210E-2,-1.238369010E-2,-4.536691606E-1
2.289982590E1,-3.328948980E-3,-4.327633604E-2,-6.081323624E-1
2.290979345E1,-5.765739456E-2,-9.001477808E-2,-7.796398401E-1
2.291976049E1,9.893636405E-2,-8.362319320E-2,-9.659277797E-1
2.292972637E1,3.257043660E-1,-9.853688627E-2,-1.094824672E0
2.293969330E1,-9.494162351E-2,-2.125200927E-1,-1.237570047E0
2.294965465E1,4.886896908E-2,-2.583264410E-1,-1.389902711E0
2.295962101E1,2.585927546E-1,-2.934801280E-1,-1.479251742E0
2.296959924E1,-4.380896688E-2,-3.712443709E-1,-1.511209607E0
2.297956674E1,1.031974182E-1,-3.893538713E-1,-1.523992777E0
2.298953142E1,2.063948363E-1,-4.021370113E-1,-1.466468573E0
2.299949866E1,-1.198421582E-3,-4.063980877E-1,-1.414270639E0
2.300946465E1,5.193160381E-3,-3.680485785E-1,-1.345161676E0
2.301943179E1,1.298290044E-1,-3.275685608E-1,-1.163001537E0
2.302939622E1,-2.356895804E-2,-2.956106663E-1,-9.126646519E-1
2.303936304E1,-9.720530361E-3,-2.295643091E-1,-6.454166174E-1
2.304934106E1,-6.937529147E-2,-1.826927215E-1,-3.780354261E-1
2.305930898E1,9.254477918E-2,-9.640636295E-2,-1.512674391E-1
2.306926944E1,1.308942735E-1,-6.551371515E-2,3.728422895E-2
2.307923663E1,-2.760364413E-1,-1.198421568E-1,2.193111479E-1
2.308920241E1,-4.700475931E-2,-6.444845349E-2,3.940143883E-1
2.309916944E1,2.575274706E-1,1.105211023E-2,6.379597783E-1
2.310913939E1,-1.183774248E-1,-1.025316212E-2,8.679235578E-1
2.311910668E1,1.106542572E-1,2.916159295E-2,1.045822620E0
2.312906814E1,2.916159332E-1,6.218476593E-2,1.194959521E0
2.313903486E1,-1.844237745E-1,-7.057371549E-3,1.348224282E0
2.314899825E1,-2.463422157E-2,3.768370301E-2,1.470729589E0
2.315896460E1,3.182475269E-2,1.015995219E-1,1.561277032E0
2.316893455E1,-2.356895804E-2,1.346226931E-1,1.567668557E0
2.317890127E1,2.479401082E-1,1.964079887E-1,1.521862268E0
2.318887418E1,1.340900660E-1,1.857553422E-1,1.481382251E0
2.319884153E1,-8.215846121E-2,1.282311082E-1,1.413205385E0
2.320880267E1,-7.257108390E-2,9.414267540E-2,1.336506367E0
2.321876939E1,-1.002679393E-1,8.668582886E-2,1.231178403E0
2.322873736E1,-5.765739456E-2,9.733846784E-2,1.075649977E0
2.323870418E1,-3.848264739E-2,9.733846784E-2,9.414267540E-1
2.324867351E1,-1.524658650E-1,7.177213579E-2,8.647277355E-1
2.325864054E1,-1.291632187E-2,7.070687413E-2,8.221172094E-1
2.326860366E1,-1.824264042E-2,5.046686530E-2,7.976161242E-1
2.327857033E1,-9.813741595E-2,3.448791057E-2,7.359640002E-1
2.328854372E1,-8.535424620E-2,4.833633825E-2,6.390250325E-1
2.329851106E1,-1.002679393E-1,6.111950055E-2,5.676523447E-1
2.330847325E1,-1.364869028E-1,5.898897350E-2,5.250418186E-1
2.331844007E1,6.378266215E-2,9.520793706E-2,5.207807422E-1
2.332840731E1,-8.428898454E-2,7.390266657E-2,5.335639119E-1
2.333837413E1,-7.363634557E-2,7.070687413E-2,5.687175989E-1
2.334834554E1,3.928159550E-2,9.840372950E-2,5.889576077E-1
2.335831283E1,-9.387636185E-2,9.946899116E-2,5.697829127E-1
2.336827382E1,-1.119858399E-1,1.197090000E-1,5.346291661E-1
2.337824049E1,6.697845459E-2,1.527321786E-1,5.367597342E-1
2.338821736E1,-9.600688517E-2,1.186437383E-1,5.559344888E-1
2.339818502E1,-6.724476814E-2,1.122521535E-1,5.655218363E-1
2.340815345E1,1.797632314E-2,1.175784767E-1,6.155892015E-1
2.341812122E1,-1.002679393E-1,1.005342528E-1,6.656566262E-1
2.342808262E1,-1.023984700E-1,1.069258377E-1,7.146587372E-1
2.343804965E1,1.925463974E-1,1.889511347E-1,7.476819158E-1
2.344801851E1,-9.281109273E-2,1.857553422E-1,7.455514073E-1
2.345798575E1,-1.705753356E-1,2.145174593E-1,7.498124242E-1
2.346794939E1,-8.535424620E-2,2.720417082E-1,7.784414291E-1
2.347791627E1,-2.783001214E-2,2.869553864E-1,8.061382771E-1
2.348789778E1,-7.257108390E-2,2.688459158E-1,8.093340397E-1
2.349786611E1,-3.635212034E-2,2.688459158E-1,8.135951161E-1
2.350783658E1,-1.641837656E-1,2.400837988E-1,7.741803527E-1
2.351780517E1,8.388951421E-3,2.400837988E-1,7.592666745E-1
2.352777366E1,-3.209106624E-2,2.486059070E-1,6.752439737E-1
2.353774220E1,-1.663142890E-1,2.368880063E-1,5.740439296E-1
2.354770127E1,-1.034637317E-1,2.251701057E-1,5.122586489E-1
2.355766887E1,1.117195264E-1,2.326269448E-1,4.792354703E-1
2.356763418E1,-1.396826953E-1,1.644500792E-1,3.599259555E-1
2.357760153E1,-5.446160212E-2,1.644500792E-1,2.193111479E-1
2.358757236E1,7.763108611E-2,2.038648278E-1,8.522108942E-2
2.359754007E1,-1.130511016E-1,2.113216817E-1,-4.367581010E-2
2.360751330E1,-1.185105834E-2,2.432795912E-1,-1.597895473E-1
2.361748153E1,1.692437679E-1,2.613890767E-1,-2.514022291E-1
2.362744226E1,-1.013332009E-1,2.113216817E-1,-3.854922652E-1
2.363740970E1,-7.257108390E-2,1.868206114E-1,-5.250418186E-1
2.364736382E1,-3.315633163E-2,1.431448013E-1,-6.155892015E-1
2.365732991E1,3.928159550E-2,7.496792823E-2,-6.571345329E-1
2.366729450E1,9.787109494E-2,2.277000993E-2,-6.858966351E-1
2.367726043E1,6.591318548E-2,6.791055668E-3,-7.860314250E-1
2.368722069E1,1.095889956E-1,-2.410159074E-2,-8.584693074E-1
2.369718606E1,1.276984811E-1,-6.657897681E-2,-9.094688296E-1
2.370716163E1,2.862896025E-2,-1.187768951E-1,-8.860330582E-1
2.371712799E1,1.861548275E-1,-1.283642650E-1,-8.350335360E-1
2.372709747E1,-2.707101107E-1,-2.295643091E-1,-7.583345771E-1
2.373706418E1,1.149153188E-1,-1.123853177E-1,-6.432861090E-1
2.374702658E1,2.564622164E-1,-3.901528195E-2,-5.687175989E-1
2.375699283E1,-3.431480527E-1,-1.123853177E-1,-6.145239472E-1
2.376696575E1,-1.460742801E-1,-1.209074259E-1,-5.569997430E-1
2.377693262E1,3.267696202E-1,-5.379581451E-2,-4.355596602E-1
2.378689002E1,-7.470161468E-2,-6.551371515E-2,-3.737743795E-1
2.379685595E1,-2.259690464E-1,-3.262370080E-2,-3.195790946E-1
2.380683200E1,4.673844203E-2,7.922898233E-2,-2.194443047E-1
2.381679892E1,-5.123918056E-1,4.087949172E-2,-1.533979625E-1
2.382676767E1,1.330247968E-1,1.793637723E-1,-2.876211889E-2
2.383673481E1,4.503402114E-1,1.772332340E-1,5.539371073E-2
2.384670450E1,-6.444845200E-1,-1.664474420E-2,5.645897239E-2
2.385667184E1,-8.215846121E-2,6.538055837E-2,7.456845790E-2
2.386663736E1,8.837693334E-1,2.091911435E-1,1.416800618E-1
2.387660455E1,8.508793265E-2,6.751108170E-2,7.882951200E-2
2.388656132E1,-1.897500902E-1,9.986846708E-3,2.237053588E-2
2.389652741E1,1.564605981E-1,7.496792823E-2,9.800425172E-2
2.390650590E1,-1.311605871E-1,5.259739235E-2,1.683116555E-1
2.391647325E1,-2.057290375E-1,2.383527346E-2,1.555284858E-1
2.392643705E1,-3.037332892E-1,2.596580051E-2,1.661811322E-1
2.393640403E1,-1.524658650E-1,8.668582886E-2,1.608548164E-1
2.394637668E1,8.082687855E-2,1.261005849E-1,1.001347825E-1
2.395634418E1,-1.450090110E-1,8.881635964E-2,-6.498108059E-2
2.396630507E1,-2.355564237E-1,3.994738800E-4,-2.258358896E-1
2.397627194E1,5.193160381E-3,-4.114580899E-2,-3.514038324E-1
2.398623158E1,2.149169445E-1,-1.344895363E-2,-5.431513190E-1
2.399619767E1,2.649843320E-2,-4.008054361E-2,-8.073366880E-1
2.400617752E1,-4.700475931E-2,-8.149266988E-2,-9.882983565E-1
2.401614497E1,1.692437679E-1,-8.362319320E-2,-1.102281570E0
2.402610752E1,-5.872265995E-2,-1.262337416E-1,-1.230113149E0
2.403607450E1,-1.982721984E-1,-1.603221744E-1,-1.348357439E0
2.404604122E1,-1.609879732E-1,-1.837579757E-1,-1.417466402E0
2.405600814E1,-6.524739787E-3,-1.613874435E-1,-1.473925352E0
2.406597736E1,-1.078579482E-2,-1.635179669E-1,-1.502687573E0
2.407594455E1,2.330264263E-2,-1.805621833E-1,-1.481382251E0
2.408590799E1,-5.872265995E-2,-2.167811543E-1,-1.437706470E0
2.409587476E1,-1.258342713E-1,-2.316948473E-1,-1.414270639E0
2.410584325E1,-2.206427306E-1,-2.530001104E-1,-1.405748487E0
2.411581017E1,2.010685205E-2,-1.837579757E-1,-1.307877421E0
2.412577830E1,4.961465299E-1,-4.540686309E-2,-1.259940624E0
2.413574533E1,1.426121742E-1,-8.468846232E-2,-1.307877421E0
2.414571741E1,-1.748363972E-1,-1.858884990E-1,-1.339835286E0
2.415568491E1,3.203780353E-1,-1.741705984E-1,-1.262071133E0
2.416564996E1,2.767022252E-1,-2.412822098E-1,-1.132108927E0
2.417561726E1,-5.765739456E-2,-3.265033066E-1,-1.057540536E0
2.418559220E1,-2.323606312E-1,-3.605917394E-1,-9.989509583E-1
2.419556028E1,2.767022252E-1,-2.764359117E-1,-8.902940750E-1
2.420551637E1,1.223721579E-1,-3.115896285E-1,-8.892288208E-1
2.421548319E1,-4.665854871E-1,-4.330296814E-1,-9.286435843E-1
2.422545564E1,-9.174583107E-2,-3.840275407E-1,-9.115993381E-1
2.423542304E1,3.139864504E-1,-3.456780612E-1,-8.689888120E-1
2.424538601E1,-3.579285741E-1,-4.660528302E-1,-8.721846342E-1
2.425535293E1,-1.322258562E-1,-3.946801722E-1,-8.764456511E-1
2.426532825E1,3.289001584E-1,-2.636527419E-1,-8.115977645E-1
2.427529601E1,-1.503353268E-1,-3.382211924E-1,-6.944187284E-1
2.428523148E1,-1.173121557E-1,-3.584612012E-1,-6.177197695E-1
2.429519595E1,8.508793265E-2,-2.934801280E-1,-5.016059875E-1
2.430519179E1,2.820285559E-1,-2.775011659E-1,-3.663175404E-1
2.431515944E1,-7.470161468E-2,-2.636527419E-1,-2.886864543E-1
2.432512861E1,5.653886795E-1,-1.368863732E-1,-2.034653574E-1
2.433509642E1,5.611276031E-1,-1.379516423E-1,-1.342232227E-1
2.434505637E1,-2.408827394E-1,-2.796317041E-1,-8.735162020E-2
2.435502335E1,-2.312953621E-1,-3.105243444E-1,-9.161267430E-2
2.436498377E1,-8.961530030E-2,-2.998717129E-1,-7.456845604E-3
2.437495007E1,5.952160433E-2,-2.625874877E-1,1.118526831E-1
2.438490543E1,5.568665862E-1,-2.029327303E-1,1.470063776E-1
2.439487064E1,-7.683213800E-2,-2.924148738E-1,1.789642870E-1
2.440486929E1,-3.378217220E-1,-3.254380524E-1,1.800295562E-1
2.441483788E1,5.387570858E-1,-2.018674612E-1,2.119874656E-1
2.442480746E1,-1.556616426E-1,-2.881538272E-1,2.544648647E-1
2.443477616E1,-1.801627129E-1,-3.201117218E-1,3.002711833E-1
2.444473715E1,1.078712583E0,-1.890842915E-1,3.471427858E-1
2.445470502E1,-4.761728346E-1,-4.426170290E-1,4.036017656E-1
2.446466340E1,-1.399623275E0,-4.916191697E-1,3.258375227E-1
2.447463033E1,7.229145169E-1,-1.475390196E-1,4.419512451E-1
2.448460955E1,2.649843395E-1,-1.667137593E-1,5.559344888E-1
2.449457773E1,-1.040629387E0,-2.881538272E-1,6.028060913E-1
2.450454674E1,4.886896908E-1,-8.468846232E-2,7.582014203E-1
2.451451497E1,1.074584723E-1,-5.592634156E-2,9.510141015E-1
2.452446960E1,-3.314301372E-1,-9.534109384E-2,1.087367892E0
2.453443642E1,5.771065950E-1,7.922898233E-2,1.173654199E0
2.454440861E1,1.063932031E-1,6.751108170E-2,1.310940027E0
2.455437595E1,-4.484759867E-1,6.538055837E-2,1.420662165E0
2.456433408E1,6.090644598E-1,2.571280003E-1,1.435575962E0
2.457430049E1,2.862896025E-2,1.985385120E-1,1.463272810E0
2.458426674E1,-3.047985733E-1,1.612542868E-1,1.410009623E0
2.459423314E1,3.715106845E-1,2.805638015E-1,1.324788451E0
2.460421033E1,-2.398174703E-1,2.102564126E-1,1.223721623E0
2.461417778E1,-7.201182246E-1,1.612542868E-1,1.149153113E0
2.462415559E1,4.045338631E-1,3.029343486E-1,1.089498401E0
2.463412408E1,-1.918806136E-1,1.772332340E-1,1.067127824E0
2.464405111E1,-7.318361402E-1,2.277000993E-2,1.030908942E0
2.465401543E1,1.649827063E-1,1.378184855E-1,8.817719817E-1
2.466398158E1,4.993423447E-2,1.218395308E-1,7.571361065E-1
2.467394606E1,-4.378233552E-1,5.366265774E-2,6.134586930E-1
2.468392059E1,2.063948363E-1,1.314269006E-1,4.163849354E-1
2.469388611E1,6.058686972E-2,1.015995219E-1,2.949448824E-1
2.470385705E1,8.189214021E-2,5.898897350E-2,1.651158631E-1
2.471382309E1,3.608580679E-2,4.940159991E-2,-1.491369121E-2
2.472379887E1,-1.332911104E-1,1.318263728E-2,-1.267663687E-1
2.473376590E1,4.354264960E-2,2.596580051E-2,-1.853558719E-1
2.474373679E1,1.394163817E-1,2.383527346E-2,-2.727074921E-1
2.475370418E1,1.756353378E-1,3.661843762E-2,-3.769701719E-1
2.476366986E1,3.853591084E-1,7.922898233E-2,-4.376901984E-1
2.477363710E1,2.490053773E-1,6.111950055E-2,-4.632565379E-1
2.478362101E1,-5.858950019E-1,3.994738800E-4,-5.431513190E-1
2.479358991E1,2.830938101E-1,1.484711170E-1,-5.239765644E-1
2.480356856E1,4.876244366E-1,1.506016403E-1,-4.632565379E-1
2.481353845E1,-7.446193099E-1,-1.664474420E-2,-4.898881316E-1
2.482345663E1,2.862896025E-1,1.079910994E-1,-5.410207510E-1
2.483342127E1,3.246390820E-1,1.229047924E-1,-5.612607598E-1
2.484341736E1,-4.495412707E-1,-4.926844500E-3,-6.379597783E-1
2.485338517E1,-9.813741595E-2,6.005423889E-2,-6.603302956E-1
2.486334377E1,-5.339634046E-2,7.816372067E-2,-6.667218804E-1
2.487331064E1,-6.444845200E-1,1.531316526E-2,-6.432861090E-1
2.488326981E1,4.673844278E-1,1.335574239E-1,-6.326334476E-1
2.489323590E1,-1.407479644E-1,3.555317223E-2,-6.123934388E-1
2.490323892E1,-4.996086359E-1,-2.516685426E-2,-5.772397518E-1
2.491320872E1,3.448790908E-1,1.388837546E-1,-5.612607598E-1
2.492316528E1,9.787109494E-2,1.111868918E-1,-5.005407333E-1
2.493313377E1,5.193160381E-3,5.472791940E-2,-4.259723127E-1
2.494306970E1,5.845634267E-2,1.424790081E-2,-4.185154438E-1
2.495303486E1,-8.053393364E-1,-1.017326787E-1,-3.195790946E-1
2.496301184E1,2.905506492E-1,2.490053698E-2,-1.896169335E-1
2.497297819E1,7.166560888E-1,1.850895584E-2,-1.544632316E-1
2.498297059E1,-8.532761931E-1,-1.518000662E-1,-1.139832065E-1
2.499293955E1,-2.355564237E-1,-5.179844424E-2,3.195791040E-3
2.500287132E1,7.017424107E-1,1.261005849E-1,1.842906028E-1
2.501283653E1,-1.215732098E-1,2.530001104E-3,2.715090811E-1
2.502283398E1,4.940160215E-1,4.660528619E-3,2.832269669E-1
2.503280247E1,4.886896908E-1,-1.664474420E-2,3.194459379E-1
2.504273450E1,-5.134570599E-1,-1.283642650E-1,4.238417745E-1
2.505269929E1,-1.332911104E-1,-6.231792271E-2,4.685828388E-1
2.506269429E1,5.121254921E-1,1.850895584E-2,5.143891573E-1
2.507266210E1,2.415485233E-1,-5.992108025E-3,6.081323624E-1
2.508262460E1,-3.250385821E-1,-6.018739566E-2,6.624608040E-1
2.509259189E1,6.399571300E-1,1.026647836E-1,7.498124242E-1
2.510260252E1,2.553969622E-1,1.239700541E-1,8.455530405E-1
2.511257418E1,1.607216448E-1,9.094688296E-2,8.178561330E-1
2.512254929E1,2.106558830E-1,1.367532164E-1,6.954839826E-1
2.513252132E1,8.828372508E-2,1.261005849E-1,6.507429481E-1
2.514244575E1,-1.929458827E-1,1.175784767E-1,6.102629304E-1
2.515241293E1,3.619233072E-1,1.878858805E-1,6.273071170E-1
2.516236970E1,9.454214945E-3,1.495363861E-1,5.900229216E-1
2.517233580E1,1.904158667E-2,1.676458716E-1,5.506081581E-1
2.518230075E1,6.058686972E-1,2.635195851E-1,5.143891573E-1
2.519226674E1,2.266348451E-1,1.985385120E-1,3.897533417E-1
2.520223174E1,-1.514005959E-1,1.452753246E-1,1.757684946E-1
2.521219762E1,5.600623488E-1,1.996037811E-1,-2.024000883E-2
2.522217137E1,-1.130511016E-1,5.366265774E-2,-9.800425172E-2
2.523213804E1,2.862896025E-1,1.239700541E-1,-1.576590240E-1
2.524208351E1,7.442198396E-1,1.985385120E-1,-2.972085476E-1
2.525204799E1,5.962813497E-1,1.857553422E-1,-3.609912097E-1
2.526202757E1,-1.717737690E-2,1.165132076E-1,-4.749744236E-1
2.527199356E1,2.127864063E-1,1.548627019E-1,-6.006755233E-1
2.528194674E1,2.873548567E-1,1.346226931E-1,-6.656566262E-1
2.529191142E1,-3.186469972E-1,7.856319658E-3,-6.901576519E-1
2.530190194E1,2.223737910E-2,7.922898233E-2,-7.487471700E-1
2.531186924E1,3.107906580E-1,1.367532164E-1,-8.339682817E-1
2.532182486E1,5.099949613E-2,8.988162130E-2,-8.595346212E-1
2.533179095E1,1.351553202E-1,5.153212696E-2,-8.775109053E-1
2.534175220E1,-3.335606754E-1,-3.049317189E-2,-8.785761595E-1
2.535171778E1,-2.227732539E-1,-2.410159074E-2,-9.478183389E-1
2.536170174E1,-2.569948509E-2,-2.516685426E-2,-9.222519994E-1
2.537166918E1,-1.077247858E-1,-2.410159074E-2,-8.956204057E-1
2.538162913E1,-2.696448565E-1,-1.113200486E-1,-8.753803968E-1
2.539159585E1,-7.499455810E-1,-2.753706574E-1,-8.115977645E-1
2.540155382E1,-3.621896505E-1,-1.677790284E-1,-7.913577557E-1
2.541151960E1,1.703090221E-1,-9.427583218E-2,-8.424903750E-1
2.542150194E1,3.534012139E-1,-6.338318437E-2,-7.817703485E-1
2.543146939E1,-3.111901283E-1,-2.157158852E-1,-7.285071611E-1
2.544143194E1,6.793718934E-1,-1.145158410E-1,-7.519429922E-1
2.545139887E1,4.759065211E-1,-1.986716688E-1,-6.965492368E-1
2.546135804E1,-5.933518410E-1,-3.605917394E-1,-5.985450149E-1
2.547132424E1,-9.649956822E-1,-4.777707458E-1,-6.070671082E-1
2.548129965E1,6.090644598E-1,-2.263685167E-1,-6.880271435E-1
2.549126668E1,3.928159550E-2,-3.083938360E-1,-6.624608040E-1
2.550124387E1,-8.575372100E-1,-4.905539155E-1,-5.900229216E-1
2.551121200E1,6.942855716E-1,-2.476737946E-1,-6.422207952E-1
2.552116085E1,4.972118139E-1,-2.029327303E-1,-6.805703044E-1
2.553112700E1,7.656582445E-2,-2.977411747E-1,-6.038713455E-1
2.554111299E1,6.548708081E-1,-3.105243444E-1,-4.334291518E-1
2.555108116E1,-5.233107507E-2,-4.138549268E-1,-2.918822467E-1
2.556104267E1,6.058686972E-2,-2.924148738E-1,-1.810948253E-1
2.557101012E1,1.660479754E-1,-2.327601016E-1,-7.137266546E-2
2.558096788E1,-2.994722426E-1,-2.231727391E-1,5.539371073E-2
2.559093434E1,2.926811874E-1,-1.315600574E-1,1.331579536E-1
2.560091127E1,-6.199834347E-1,-3.275685608E-1,3.215764761E-1
2.561087877E1,-1.367665410E0,-4.554001987E-1,4.174501896E-1
2.562083976E1,8.145272136E-1,-1.230379492E-1,4.057323039E-1
2.563080658E1,4.759065211E-1,-1.358211190E-1,5.367597342E-1
2.564076726E1,-8.255793452E-1,-3.126548827E-1,7.253113985E-1
2.565073351E1,2.692453861E-1,-2.178464085E-1,8.902940750E-1
2.566070924E1,6.293044686E-1,-1.091895252E-1,9.787109494E-1
2.567067642E1,-2.536658943E-1,-1.688442826E-1,1.075649977E0
2.568065246E1,4.428833723E-1,-1.451421715E-2,1.166197419E0
2.569062054E1,5.163865685E-1,8.349003643E-2,1.171523690E0
2.570057038E1,1.447426975E-1,7.603318989E-2,1.140631080E0
2.571053658E1,7.932219505E-1,1.069258377E-1,1.192829013E0
2.572052986E1,-1.300953180E-1,-7.403582335E-2,1.246092200E0
2.573049877E1,-2.824280262E-1,-9.640636295E-2,1.135304689E0
2.574045460E1,3.789675534E-1,9.986846708E-3,1.018125772E0
2.575042220E1,-3.271690905E-1,-9.214530140E-2,9.968204498E-1
2.576037559E1,-2.291648388E-1,-1.006674170E-1,8.870983124E-1
2.577034179E1,6.751108170E-1,6.751108170E-2,8.647277355E-1
2.578033007E1,7.123950869E-2,7.856319658E-3,8.924246430E-1
2.579029845E1,1.797632314E-2,4.727107286E-2,9.179909229E-1
2.580025679E1,-6.404897571E-2,5.579318479E-2,8.998814821E-1
2.581022418E1,-1.437839627E0,-1.816274524E-1,8.945551515E-1
2.582017418E1,-1.993374527E-1,-2.516685426E-2,8.231824636E-1
2.583013976E1,2.051032066E0,3.370227814E-1,6.411555409E-1
2.584012122E1,1.073386312E0,2.858901322E-1,6.443513632E-1
2.585008840E1,-2.717753947E-1,1.655153334E-1,7.880287766E-1
2.586005809E1,-4.346275628E-1,4.514054582E-2,7.189198136E-1
2.587002549E1,2.404832691E-1,1.090563685E-1,6.368945241E-1
2.587999903E1,-2.813627720E-1,7.177213579E-2,4.984102249E-1
2.588996705E1,-9.724525213E-1,1.531316526E-2,2.608564198E-1
2.589994887E1,4.577970505E-1,2.539322078E-1,1.640505940E-1
2.590991825E1,1.111735821E0,2.763027549E-1,2.928143442E-1
2.591987569E1,3.235738277E-1,4.727107286E-2,3.439469934E-1
2.592984387E1,-1.291632187E-2,3.555317223E-2,2.098569423E-1
2.593980627E1,6.793718934E-1,2.102564126E-1,3.195791040E-3
2.594977387E1,4.418180883E-1,1.367532164E-1,-1.459411234E-1
2.595974523E1,1.319595277E-1,4.620581120E-2,-2.940127552E-1
2.596971319E1,4.343612492E-1,1.474058628E-1,-4.387554526E-1
2.597968299E1,3.267696202E-1,1.495363861E-1,-4.547344148E-1
2.598965116E1,-2.920154035E-1,-1.877527125E-2,-3.844270110E-1
2.599960569E1,-4.122570157E-1,-8.575372398E-2,-3.663175404E-1
2.600957246E1,-1.077247858E-1,1.424790081E-2,-4.803007543E-1
2.601955799E1,-2.996053919E-2,1.069258377E-1,-5.431513190E-1
2.602952663E1,-5.209138989E-1,-1.344895363E-2,-5.090628862E-1
2.603948799E1,-9.692567587E-1,-1.890842915E-1,-4.430165291E-1
2.604945585E1,4.567317963E-1,5.472791940E-2,-5.218459964E-1
2.605938960E1,7.889608741E-1,1.751027107E-1,-6.230461001E-1
2.606935403E1,3.033338189E-1,1.388837546E-1,-6.102629304E-1
2.607934283E1,5.952160433E-2,-1.877527125E-2,-4.376901984E-1
2.608930970E1,-2.643185556E-1,-1.134505793E-1,-2.588590682E-1
2.609927200E1,-4.569981098E-1,-1.272990108E-1,-2.833601236E-1
2.610923840E1,-1.077913642E0,-2.988064587E-1,-4.025365114E-1
2.611918132E1,-2.941459119E-1,-1.805621833E-1,-3.131875098E-1
2.612914533E1,1.635712266E0,1.282311082E-1,-2.492716908E-1
2.613914220E1,5.621928573E-1,-1.344895363E-2,-2.162485123E-1
2.614910955E1,-1.385774851E0,-1.613874435E-1,-6.391582079E-3
2.615906877E1,-2.452902794E0,-3.850927949E-1,1.001347825E-1
2.616903528E1,3.139864504E-1,-8.255793154E-2,1.235705838E-1
2.617899564E1,9.998830557E-1,1.464737463E-3,1.842906028E-1
2.618896153E1,-2.300570011E0,-2.913496196E-1,1.608548164E-1
2.619893622E1,-7.616634965E-1,-8.894951642E-2,1.938779801E-1
2.620890299E1,1.332112193E0,1.655153334E-1,2.523343265E-1
2.621886976E1,1.575258672E-1,-1.731053460E-3,3.673827946E-1
2.622883653E1,2.522011697E-1,2.490053698E-2,3.034669757E-1
2.623880845E1,6.367613673E-1,3.235738352E-2,3.844270110E-1
2.624877575E1,-6.221139431E-1,-1.422126889E-1,3.482080400E-1
2.625874398E1,2.756369710E-1,-1.131842658E-2,1.075916290E-1
2.626871132E1,6.410223842E-1,6.325002760E-2,-8.202529699E-2
2.627867517E1,-6.370276809E-1,-1.006674170E-1,-7.882951200E-2
2.628864215E1,-4.772381186E-1,-1.358211190E-1,-6.817687303E-2
2.629858736E1,4.109254479E-1,8.921583183E-3,-1.075916290E-1
2.630855210E1,-8.641951531E-2,-2.303632535E-2,-1.864211410E-1
2.631854220E1,-7.243793011E-1,-1.699095517E-1,-2.151832581E-1
2.632850955E1,4.354264960E-2,-1.400821656E-1,-2.290316820E-1
2.633848075E1,-3.229080439E-1,-2.231727391E-1,-2.865559161E-1
2.634844845E1,2.436790615E-2,-1.411474347E-1,-2.886864543E-1
2.635839450E1,6.804371476E-1,-2.516685426E-2,-2.364885211E-1
2.636836002E1,2.958769798E-1,-5.592634156E-2,-1.299621612E-1
2.637834611E1,-2.707101107E-1,-1.656484902E-1,2.876211889E-2
2.638831372E1,-2.323606312E-1,-1.901495606E-1,1.587242782E-1
2.639828252E1,-2.078595608E-1,-1.677790284E-1,1.800295562E-1
2.640825023E1,-4.676507413E-1,-2.444780022E-1,2.055958807E-1
2.641821595E1,-6.831002980E-2,-1.848232448E-1,2.757701278E-1
2.642818340E1,7.113298178E-1,-4.327633604E-2,3.535343707E-1
2.643814965E1,9.498156905E-1,-2.090579830E-2,3.993407190E-1
2.644811700E1,7.976161689E-2,-1.400821656E-1,5.442165732E-1
2.645808439E1,-4.069307148E-1,-2.093243003E-1,7.125282288E-1
2.646805174E1,-2.143843099E-2,-1.347558498E-1,7.508777380E-1
2.647801299E1,9.040093422E-1,6.538055837E-2,8.242477179E-1
2.648797970E1,8.006787896E-1,9.307741374E-2,8.391614556E-1
2.649794924E1,3.736412227E-1,3.874896467E-2,9.520793557E-1
2.650791622E1,4.258391261E-1,1.850895584E-2,1.083106756E0
2.651788330E1,3.949464858E-1,2.530001104E-3,1.095889926E0
2.652785028E1,1.490037590E-1,1.957421936E-2,1.005342603E0
2.653782392E1,6.793718934E-1,1.314269006E-1,9.957551956E-1
2.654779158E1,-3.111901283E-1,-2.197106183E-2,1.041561484E0
2.655774960E1,-1.025715709E0,-9.960214794E-2,9.851025343E-1
2.656771627E1,6.815024018E-1,1.463405937E-1,1.021321535E0
2.657768757E1,1.182043195E0,2.177132517E-1,8.412919641E-1
2.658765470E1,-5.837644935E-1,4.833633825E-2,1.031974196E0
2.659761736E1,-1.886848211E-1,1.537974328E-1,1.034104705E0
2.660758403E1,1.037167311E0,3.604585826E-1,8.817719817E-1
2.661755611E1,-3.952127993E-1,1.687111259E-1,7.295724154E-1
2.662752335E1,-1.454883814E0,3.595264861E-3,7.274419069E-1
2.663749106E1,6.836329699E-1,3.625891209E-1,8.103992939E-1
2.664745830E1,1.071255803E0,4.584628344E-1,6.901576519E-1
2.665747856E1,-2.696448565E-1,2.241048366E-1,5.548691750E-1
2.666745116E1,5.845634267E-2,1.261005849E-1,6.486123800E-1
2.667734783E1,1.146889448E0,1.900164038E-1,6.645913720E-1
2.668731272E1,3.821633384E-2,8.775109053E-2,4.344944060E-1
2.669728809E1,-7.115961313E-1,-3.861580743E-3,3.428817391E-1
2.670725403E1,5.131907463E-1,1.069258377E-1,3.588607013E-1
2.671722231E1,4.609928429E-1,7.922898233E-2,3.567301631E-1
2.672718851E1,-9.660609365E-1,-7.829687744E-2,3.588607013E-1
2.673717184E1,-8.617982864E-1,-1.539305896E-1,5.058670640E-1
2.674713976E1,-8.322372288E-2,-7.084003091E-2,6.550039649E-1
2.675709288E1,-1.047021031E0,-1.752358675E-1,6.102629304E-1
2.676705929E1,-6.306360960E-1,-4.327633604E-2,6.368945241E-1
2.677701924E1,8.486156464E-1,3.082606792E-1,9.243825078E-1
2.678698502E1,-3.781685829E-1,8.135951310E-2,1.069258332E0
2.679696668E1,-6.700508595E-1,-7.829687744E-2,1.261005878E0
2.680693403E1,6.761760712E-1,1.676458716E-1,1.391900063E0
2.681689731E1,2.053295672E-1,2.070606202E-1,1.213068962E0
2.682686424E1,-1.246225357E0,1.069258377E-1,1.030908942E0
2.683682340E1,1.255679578E-1,3.018690944E-1,1.127847910E0
2.684678950E1,8.187882900E-1,3.796333373E-1,1.203481555E0
2.685677340E1,-6.562023759E-1,1.175784767E-1,1.245026827E0
2.686674132E1,2.500706315E-1,2.166479975E-1,1.224786878E0
2.687670252E1,8.720514774E-1,2.784332931E-1,1.115064740E0
2.688666976E1,-1.790974438E-1,1.729721874E-1,9.808415174E-1
2.689662054E1,2.213085145E-1,2.368880063E-1,8.551403880E-1
2.690658606E1,-2.334259003E-1,1.985385120E-1,6.890923977E-1
2.691657429E1,-3.781685829E-1,1.985385120E-1,7.231808305E-1
2.692654210E1,4.173170328E-1,2.166479975E-1,7.741803527E-1
2.693650137E1,-2.142511457E-1,1.953427196E-1,7.677887678E-1
2.694646830E1,1.829590350E-1,3.050648868E-1,7.380945683E-1
2.695642262E1,6.836329699E-1,2.720417082E-1,7.274419069E-1
2.696638825E1,-4.623244107E-1,1.026647836E-1,8.242477179E-1
2.697636418E1,-9.920267761E-2,2.017343044E-1,7.093324065E-1
2.698633090E1,5.195823312E-1,3.402185738E-1,6.592650414E-1
2.699630668E1,-2.866890728E-1,1.708416492E-1,6.954839826E-1
2.700627429E1,3.257043660E-1,1.900164038E-1,7.093324065E-1
2.701622580E1,4.908202291E-1,2.209090441E-1,6.645913720E-1
2.702619174E1,1.745700836E-1,2.187785208E-1,5.783050060E-1
2.703617502E1,5.898897648E-1,2.390185297E-1,5.079975724E-1
2.704614273E1,-6.524739787E-3,1.229047924E-1,4.707133770E-1
2.705611606E1,-8.322372288E-2,1.559279710E-1,4.707133770E-1
2.706608434E1,1.326785922E0,4.083954394E-1,6.347639561E-1
2.707605262E1,1.794436574E0,3.988080621E-1,6.677871346E-1
2.708602090E1,7.038729787E-1,1.687111259E-1,5.942839384E-1
2.709598038E1,5.142560005E-1,1.292963773E-1,6.091976166E-1
2.710594772E1,5.398223400E-1,1.388837546E-1,5.900229216E-1
2.711593356E1,-2.600574791E-1,-2.516685426E-2,4.834965467E-1
2.712590278E1,-3.696464896E-1,2.530001104E-3,5.250418186E-1
2.713584512E1,7.976161689E-2,1.388837546E-1,5.538039207E-1
2.714581158E1,-5.454149842E-1,9.946899116E-2,6.827008128E-1
2.715575835E1,-1.141163707E-1,2.113216817E-1,9.755151868E-1
2.716572283E1,1.394163817E-1,2.848248780E-1,1.171523690E0
2.717570226E1,-3.292996287E-1,2.336922139E-1,1.299222112E0
2.718566825E1,-4.037349224E-1,2.145174593E-1,1.359942198E0
2.719564517E1,2.308958918E-1,4.201133549E-1,1.313070655E0
2.720561220E1,3.001380265E-1,4.850944281E-1,1.306679010E0
2.721558335E1,1.245026886E-1,3.743070066E-1,1.339702129E0
2.722555080E1,3.832286000E-1,3.956122994E-1,1.261005878E0
2.723551809E1,-2.057290375E-1,3.647196293E-1,1.063932061E0
2.724548554E1,5.291697383E-1,5.233107805E-1,9.616667628E-1
2.725543392E1,7.177214026E-1,4.776375890E-1,8.061382771E-1
2.726539944E1,-2.270343155E-1,3.189133108E-1,6.443513632E-1
2.727536543E1,-3.209106624E-2,3.423491120E-1,4.845618010E-1
2.728533095E1,-4.394212738E-3,3.242396116E-1,3.993407190E-1
2.729532111E1,-3.346259296E-1,2.784332931E-1,4.568649530E-1
2.730528913E1,5.227781534E-1,4.307659864E-1,4.845618010E-1
2.731524861E1,6.229129434E-1,4.605933726E-1,5.516734123E-1
2.732521580E1,1.319595277E-1,3.711112142E-1,5.612607598E-1
2.733519262E1,5.984118581E-1,3.924165070E-1,5.623260736E-1
2.734516075E1,4.918854833E-1,3.444796205E-1,5.324986577E-1
2.735513512E1,-3.209106624E-2,2.826943398E-1,3.727091253E-1
2.736510387E1,3.022685647E-1,3.561975360E-1,2.757701278E-1
2.737505179E1,-2.217079997E-1,2.443448454E-1,2.970753908E-1
2.738501845E1,-5.997434258E-1,1.708416492E-1,4.270375669E-1
2.739498293E1,5.430181623E-1,4.030691385E-1,5.175849795E-1
2.740494934E1,8.773777485E-1,4.956139028E-1,5.804355145E-1
2.741490955E1,4.141212255E-2,2.422143221E-1,5.633913279E-1
2.742487533E1,4.908202291E-1,1.953427196E-1,6.486123800E-1
2.743485632E1,5.664539337E-1,2.166479975E-1,6.262418628E-1
2.744482361E1,6.346307993E-1,3.018690944E-1,4.866923392E-1
2.745480090E1,5.952160358E-1,2.613890767E-1,3.769701719E-1
2.746476918E1,2.937464416E-1,1.740374416E-1,3.833617568E-1
2.747473168E1,2.351569533E-1,2.017343044E-1,4.483428299E-1
2.748469934E1,-2.962764502E-1,9.201214463E-2,5.016059875E-1
2.749467278E1,-3.005374968E-1,1.303616315E-1,5.708481669E-1
2.750464101E1,-9.600688517E-2,2.549974918E-1,5.708481669E-1
2.751460590E1,-8.234487772E-1,1.687111259E-1,5.751091838E-1
2.752457382E1,-3.273954630E0,-3.307643533E-1,5.037365556E-1
2.753454497E1,1.053279415E-1,-1.238369010E-2,6.986798048E-1
2.754451319E1,3.346126318E0,7.757782340E-1,7.677887678E-1
2.755445429E1,-6.231792569E-1,3.838943839E-1,1.005342603E0
2.756441976E1,-4.137617111E0,-2.977411747E-1,1.207742691E0
2.757442356E1,9.689904451E-1,2.507364154E-1,1.533580184E0
2.758439288E1,3.348256826E0,6.170539856E-1,1.668868661E0
2.759433533E1,-1.439437568E-1,4.094607234E-1,1.298156857E0
2.760430194E1,-2.261155128E0,1.591237634E-1,1.231178403E0
2.761426174E1,1.207609534E0,4.680502117E-1,1.165132165E0
2.762422762E1,1.289501667E0,4.829638898E-1,1.043691993E0
2.763422392E1,-1.175917864E0,3.679154217E-1,7.858982682E-1
2.764419288E1,-3.186469972E-1,3.732417524E-1,6.773745418E-1
2.765412668E1,1.331046939E0,4.755070508E-1,8.125298619E-1
2.766409205E1,-5.986781716E-1,3.210438192E-1,6.475471258E-1
2.767406184E1,-1.745700836E0,2.901511788E-1,4.398207366E-1
2.768402767E1,2.255695760E-1,4.945486486E-1,6.187850237E-1
2.769399543E1,-9.281109273E-2,4.179828167E-1,7.135934830E-1
2.770396142E1,-2.284590960E0,1.335574239E-1,6.251766086E-1
2.771396095E1,-4.921517968E-1,3.828291297E-1,7.613971829E-1
2.772393033E1,1.090430498E0,5.893571377E-1,8.455530405E-1
2.773388382E1,-5.038697124E-1,2.411490530E-1,9.627320170E-1
2.774385163E1,-2.263685223E-3,2.379532605E-1,1.036235213E0
2.775379845E1,1.628255486E0,5.914876461E-1,8.114646077E-1
2.776376413E1,1.872200817E-1,3.743070066E-1,5.697829127E-1
2.777374960E1,-3.579285741E-1,1.846900880E-1,6.102629304E-1
2.778371726E1,1.597362876E0,3.561975360E-1,4.621912539E-1
2.779369236E1,8.326367140E-1,1.729721874E-1,3.173153996E-1
2.780366075E1,-1.450622797E0,6.111950055E-2,2.896185517E-1
2.781363090E1,-2.366616249E0,-1.880190372E-1,2.342248410E-1
2.782359950E1,-2.496578455E0,-5.310339332E-1,4.078628123E-1
2.783354512E1,1.776327133E0,3.913512230E-1,1.049018383E0
2.784351132E1,2.833867550E0,7.150582075E-1,1.681651831E0
2.785345731E1,6.367613673E-1,3.018690944E-1,1.587908626E0
2.786342148E1,1.906156182E0,1.367532164E-1,1.945703983E0
2.787340345E1,2.046770811E0,3.391533196E-1,2.121472597E0
2.788336939E1,7.889608741E-1,4.595280886E-1,1.437706470E0
2.789335335E1,-3.248388290E0,-2.796316985E-3,5.431513190E-1
2.790332111E1,-3.762777567E0,-2.806969583E-1,1.088433146E0
2.791328314E1,3.283275604E0,5.861613154E-1,1.209873199E0
2.792325033E1,3.726292133E0,7.246456146E-1,1.997901917E0
2.793324200E1,-6.327666044E-1,3.029343486E-1,1.750893950E0
2.794321163E1,-1.222789526E0,2.059953511E-1,1.894571424E0
2.795314127E1,2.420545340E0,5.542033911E-1,2.205628395E0
2.796310689E1,2.217213154E0,6.479465961E-1,1.584712863E0
2.797308366E1,-1.056608319E0,4.797681272E-1,1.062866807E0
2.798305038E1,-9.213199019E-1,4.020038545E-1,1.148087859E0
2.799300267E1,2.732667446E0,8.844351172E-1,1.172588944E0
2.800296793E1,1.702823877E0,6.799045205E-1,1.264201641E0
2.801295127E1,-8.223835230E-1,5.307676196E-1,1.178980589E0
2.802291835E1,-1.530517578E0,3.721764982E-1,9.467530847E-1
2.803289361E1,8.295740932E-2,4.755070508E-1,8.625972271E-1
2.804286148E1,1.155411601E0,6.277065873E-1,9.147951603E-1
2.805283444E1,3.885549009E-1,5.691171288E-1,1.007473111E0
2.806280288E1,7.166560888E-1,6.170539856E-1,9.211867452E-1
2.807274366E1,1.163933635E0,6.522076726E-1,8.700540662E-1
2.808270924E1,8.358324766E-1,6.000097394E-1,7.858982682E-1
2.809270585E1,-7.363634557E-2,3.647196293E-1,5.048018098E-1
2.810267455E1,4.151864946E-1,4.669849575E-1,2.597911656E-1
2.811266069E1,7.836345434E-1,6.554034352E-1,-7.776424289E-2
2.812263116E1,7.869634777E-2,5.850960612E-1,-2.194443047E-1
2.813261465E1,2.170474678E-1,4.105259776E-1,7.456845604E-3
2.814258642E1,2.852243483E-1,2.912164330E-1,1.938779801E-1
2.815256158E1,-1.258342713E-1,2.986733019E-1,1.992042959E-1
2.816253372E1,9.189230204E-1,4.776375890E-1,1.459411234E-1
2.817254460E1,4.343612492E-1,3.700459599E-1,1.097221524E-1
2.818252064E1,4.577970505E-1,3.476754129E-1,7.243792713E-2
2.819237351E1,1.244893670E0,4.542017877E-1,4.048001766E-2
2.820233705E1,8.443545699E-1,3.540669978E-1,2.982738242E-2
2.821229819E1,-8.215846121E-2,1.974732429E-1,1.917474531E-2
2.822226153E1,2.937464416E-1,2.986733019E-1,1.065263641E-3
2.823225559E1,6.740455627E-1,4.414186180E-1,-1.491369121E-2
2.824222200E1,4.396875799E-1,3.604585826E-1,9.587372839E-2
2.825218538E1,-3.474090993E-1,2.027995586E-1,1.299621612E-1
2.826215148E1,-4.061317816E-2,2.986733019E-1,1.555284858E-1
2.827213745E1,6.665887237E-1,4.382228255E-1,1.810948253E-1
2.828210495E1,3.289001435E-2,3.487406969E-1,2.109221965E-1
2.829205787E1,5.472791791E-1,4.467449486E-1,2.257027328E-1
2.830202386E1,1.152215838E0,5.094623566E-1,2.981406748E-1
2.831198839E1,8.912261724E-1,4.179828167E-1,3.119890988E-1
2.832195422E1,6.111950278E-1,2.837595940E-1,2.640522122E-1
2.833192605E1,5.526055023E-2,1.537974328E-1,2.576606572E-1
2.834189250E1,-5.459476262E-3,1.612542868E-1,1.597895473E-1
2.835185855E1,-1.198421582E-3,2.315616906E-1,4.580633715E-2
2.836182495E1,5.952160433E-2,2.805638015E-1,5.113265663E-2
2.837178584E1,9.689904451E-1,5.073317885E-1,2.151832581E-1
2.838175167E1,8.592683077E-1,3.881554306E-1,4.153196514E-1
2.839172818E1,-4.825644195E-1,1.825595498E-1,4.845618010E-1
2.840169506E1,-2.696448565E-1,2.219743133E-1,5.495429039E-1
2.841165896E1,-6.221139431E-1,4.620581120E-2,5.154544711E-1
2.842162553E1,-4.026696682E-1,1.292963773E-1,4.717786312E-1
2.843158886E1,1.193761110E0,6.032055616E-1,3.215764761E-1
2.844155511E1,6.836329699E-1,5.382244587E-1,4.398207366E-1
2.845151323E1,-2.568616867E-1,2.059953511E-1,6.336987019E-1
2.846147865E1,-1.460742801E-1,1.122521535E-1,7.944203615E-1
2.847143448E1,5.579318404E-1,3.199785650E-1,7.103977203E-1
2.848139891E1,4.908202291E-1,3.551322520E-1,5.964145064E-1
2.849138620E1,-1.812279820E-1,2.411490530E-1,5.559344888E-1
2.850135297E1,-2.235589027E0,-1.198421568E-1,5.005407333E-1
2.851131381E1,-3.579285741E-1,1.964079887E-1,4.803007543E-1
2.852127990E1,2.277933121E0,6.756434441E-1,5.889576077E-1
2.853125516E1,1.745700836E-1,3.743070066E-1,7.656582594E-1
2.854122219E1,-2.036384583E0,-8.122635074E-3,8.391614556E-1
2.855118297E1,5.834981799E-1,2.400837988E-1,1.028778315E0
2.856114938E1,1.727324963E0,4.083954394E-1,9.254477620E-1
2.857111672E1,-2.930806577E-1,3.711112142E-1,6.795050502E-1
2.858108318E1,-1.276052713E0,2.571280003E-1,5.431513190E-1
2.859104912E1,2.628538013E-1,2.571280003E-1,6.368945241E-1
2.860101552E1,-4.133222997E-1,8.242477477E-2,7.677887678E-1
2.861098318E1,-3.516701460E-1,2.368880063E-1,7.773761153E-1
2.862094969E1,8.347672224E-1,4.945486486E-1,8.210519552E-1
2.863091198E1,3.981422782E-1,3.572627902E-1,1.024517298E0
2.864087803E1,-3.941475451E-1,2.017343044E-1,1.066062570E0
2.865085605E1,2.553969622E-1,2.965427637E-1,1.128913164E0
2.866082334E1,4.961465299E-1,3.689807057E-1,1.058605790E0
2.867078990E1,-4.175833464E-1,3.327617347E-1,9.584709406E-1
2.868075714E1,-9.383640885E-1,2.251701057E-1,9.563404322E-1
2.869072511E1,3.150517344E-1,3.966775537E-1,1.126782656E0
2.870069240E1,2.372874767E-1,4.616586268E-1,1.170458436E0
2.871065652E1,-4.324970245E-1,3.892207146E-1,1.192829013E0
2.872062344E1,5.568665862E-1,4.297007322E-1,1.299222112E0
2.873059417E1,5.877591968E-1,3.455449045E-1,1.471794844E0
2.874056146E1,1.808284968E-1,3.285006881E-1,1.494165421E0
2.875052230E1,1.309741616E0,6.362286806E-1,1.322657943E0
2.876048896E1,7.293061018E-1,5.787044764E-1,1.082041502E0
2.877045730E1,-2.792322338E-1,4.691154659E-1,9.147951603E-1
2.878042412E1,3.331612051E-1,4.744417965E-1,8.135951161E-1
2.879039157E1,3.012032807E-1,4.201133549E-1,8.029424548E-1
2.880035844E1,1.372858584E-1,4.169175625E-1,7.986814380E-1
2.881033188E1,4.791023135E-1,4.446144104E-1,7.327682376E-1
2.882029938E1,4.354265034E-1,4.648544192E-1,7.699192762E-1
2.883025625E1,5.089297295E-1,5.403549671E-1,6.965492368E-1
2.884022266E1,4.247738793E-2,4.860265255E-1,5.101281404E-1
2.885019823E1,6.058686972E-2,4.520712495E-1,4.099933505E-1
2.886016558E1,7.953524590E-1,4.988096952E-1,3.716438413E-1
2.887012500E1,4.226433635E-1,4.275701940E-1,3.418164849E-1
2.888009152E1,3.917506933E-1,3.977428079E-1,3.066627681E-1
2.889006016E1,4.918854833E-1,3.881554306E-1,2.640522122E-1
2.890002693E1,-5.459476262E-3,3.167827725E-1,1.033305749E-1
2.891000214E1,4.759065211E-1,3.806985915E-1,-8.522109129E-3
2.891996974E1,6.197171211E-1,3.860249221E-1,-6.924213469E-2
2.892992928E1,3.928159550E-2,2.656501234E-1,-5.326318368E-2
2.893989605E1,2.106558830E-1,2.858901322E-1,-4.261054564E-3
2.894987021E1,2.436790615E-1,3.263701499E-1,-3.302317113E-2
2.895983771E1,-4.303665161E-1,2.880206704E-1,-7.456845790E-2
2.896980625E1,-2.494048476E-1,2.869553864E-1,-1.235705838E-1
2.897977386E1,5.526055023E-2,2.901511788E-1,-5.858949944E-2
2.898973646E1,-2.387522161E-1,2.059953511E-1,1.012000442E-1
2.899970349E1,-2.419480085E-1,2.336922139E-1,2.141179889E-1
2.900966709E1,3.597927988E-1,3.998733461E-1,3.237069845E-1
2.901963381E1,4.524707198E-1,4.616586268E-1,4.366249442E-1
2.902960521E1,4.908202291E-1,4.094607234E-1,5.175849795E-1
2.903957240E1,3.693801761E-1,3.657849133E-1,5.367597342E-1
2.904954152E1,1.978727281E-1,3.327617347E-1,6.155892015E-1
2.905950886E1,2.458095849E-1,3.285006881E-1,7.221155763E-1
2.906948141E1,3.054643571E-1,3.668501675E-1,7.624624372E-1
2.907944928E1,-2.621880174E-1,2.560627460E-1,8.189214468E-1
2.908938652E1,-6.466150284E-1,1.601890177E-1,1.072454214E0
2.909935131E1,-2.962764502E-1,2.816290855E-1,1.291765332E0
2.910934553E1,-6.146571040E-1,3.018690944E-1,1.485643268E0
2.911931329E1,1.671132296E-1,4.637891650E-1,1.759416103E0
2.912927146E1,7.836345434E-1,5.275717974E-1,2.063948393E0
2.913923823E1,1.322524786E0,6.191844940E-1,2.189649343E0
2.914920823E1,1.459943771E0,6.841655970E-1,2.148104191E0
2.915917532E1,9.231840968E-1,7.651256323E-1,1.861548185E0
2.916912995E1,-5.446160212E-2,7.044056058E-1,1.466468573E0
2.917909579E1,-1.924665093E0,2.571280003E-1,1.294961095E0
2.918908214E1,-1.330381155E0,7.603318989E-2,1.587908626E0
2.919905000E1,1.780588150E0,6.820350289E-1,1.907354593E0
2.920901532E1,1.977528811E0,7.661908865E-1,1.873266101E0
2.921898297E1,2.415485233E-1,5.872265697E-1,1.455815911E0
2.922895454E1,-8.703203797E-1,5.573992133E-1,1.508013844E0
2.923892250E1,-4.058654606E-1,3.753722608E-1,1.292830586E0
2.924888027E1,-1.694568157E0,4.194475710E-2,1.154479504E0
2.925884719E1,-5.166528821E-1,4.243744016E-1,1.182176352E0
2.926881792E1,2.186320543E0,8.492814302E-1,1.043691993E0
2.927878527E1,5.398223400E-1,3.764375448E-1,1.101216316E0
2.928874907E1,-4.729770422E-1,1.868206114E-1,1.196024776E0
2.929871599E1,2.064880371E0,5.030707717E-1,1.062866807E0
2.930868089E1,1.969006658E0,4.211786091E-1,7.560708523E-1
2.931864766E1,1.788311303E-1,3.860249221E-1,2.374206334E-1
2.932862448E1,3.789675534E-1,4.051996469E-1,-3.279680312E-1
2.933859224E1,9.253146052E-1,3.870901763E-1,-4.067975581E-1
2.934856058E1,-6.785729527E-1,1.442100704E-1,-4.344944060E-1
2.935852839E1,-1.735048175E0,-8.788424730E-2,-4.909533858E-1
2.936847792E1,7.868303657E-1,3.711112142E-1,-3.801659644E-1
2.937844386E1,1.811347723E0,5.627255440E-1,-2.801643312E-1
2.938842428E1,-1.844237745E-1,3.764375448E-1,-1.161137372E-1
2.939839167E1,-5.890907645E-1,3.285006881E-1,1.012000442E-1
2.940835334E1,1.030775785E0,5.499423742E-1,2.225069404E-1
2.941832016E1,-1.311605871E-1,4.829638898E-1,3.450122476E-1
2.942829625E1,-1.112002134E0,3.380880356E-1,5.942839384E-1
2.943826402E1,1.343830109E0,6.213150024E-1,7.306377292E-1
2.944824297E1,1.687910199E0,6.564686894E-1,8.615319729E-1
2.945821183E1,-1.663142890E-1,3.945470154E-1,1.091628909E0
2.946817422E1,-2.781669796E-1,3.924165070E-1,1.163001537E0
2.947814245E1,7.271755934E-1,6.298371553E-1,1.068193078E0
2.948810698E1,2.031990439E-1,5.435507894E-1,1.145957351E0
2.949807480E1,-1.545963883E-1,4.020038545E-1,1.212003708E0
2.950804782E1,5.323655009E-1,4.892223179E-1,1.156610012E0
2.951801615E1,2.958769798E-1,4.998749495E-1,1.132108927E0
2.952798058E1,-3.954791278E-2,5.435507894E-1,9.680583477E-1
2.953794849E1,3.757717609E-1,6.436855793E-1,7.592666745E-1
2.954788797E1,2.234390527E-1,5.573992133E-1,6.496776342E-1
2.955785302E1,2.969422378E-2,4.478102028E-1,6.592650414E-1
2.956784125E1,-6.937529147E-2,3.817638457E-1,6.209155321E-1
2.957780865E1,-2.430132627E-1,3.327617347E-1,5.846965909E-1
2.958777792E1,3.693801761E-1,4.371575713E-1,6.283723712E-1
2.959774552E1,1.184173703E0,6.245108247E-1,6.603302956E-1
2.960769568E1,6.122602820E-1,5.201149583E-1,5.985450149E-1
2.961766152E1,-7.789740711E-2,4.179828167E-1,6.166545153E-1
2.962761214E1,-4.569981098E-1,2.784332931E-1,5.229113102E-1
2.963757641E1,-1.424124360E0,-8.149266988E-2,3.737743795E-1
2.964756162E1,5.568665862E-1,2.826943398E-1,4.675175846E-1
2.965752797E1,1.920004606E0,7.342329621E-1,4.707133770E-1
2.966749006E1,9.530115128E-1,6.298371553E-1,5.346291661E-1
2.967745599E1,7.825692892E-1,4.051996469E-1,5.825660825E-1
2.968743422E1,1.164999008E0,3.327617347E-1,6.379597783E-1
2.969740141E1,6.261087060E-1,2.624543309E-1,5.687175989E-1
2.970736974E1,2.031990439E-1,2.805638015E-1,3.418164849E-1
2.971733704E1,1.265000552E-2,2.720417082E-1,1.022653133E-1
2.972729875E1,-8.554067016E-1,1.729721874E-1,1.917474531E-2
2.973726547E1,-1.814942956E0,-6.444845349E-2,7.350318879E-2
2.974723829E1,-1.025715709E0,-3.581948951E-2,4.291680753E-1
2.975720558E1,1.726259708E0,5.115928650E-1,6.933534741E-1
2.976716089E1,1.874198198E0,6.074665785E-1,1.007473111E0
2.977712693E1,-4.016043842E-1,2.496711612E-1,1.351420045E0
2.978710886E1,2.308958918E-1,2.880206704E-1,1.478186488E0
2.979707657E1,1.700693369E0,5.989444852E-1,1.584712863E0
2.980703631E1,4.673844278E-1,6.117276549E-1,1.566603303E0
2.981700318E1,-1.961416751E-1,5.893571377E-1,1.408944368E0
2.982697178E1,7.570029497E-1,6.799045205E-1,1.263136387E0
2.983693881E1,6.293044686E-1,6.149234176E-1,1.255679488E0
2.984690141E1,-6.724476814E-2,6.202497482E-1,1.198155284E0
2.985686797E1,-2.920154035E-1,6.500771642E-1,1.064997315E0
2.986684641E1,-1.321859002E0,4.243744016E-1,9.616667628E-1
2.987681417E1,-2.202565670E0,4.407528415E-2,1.121456265E0
2.988677386E1,1.665539742E0,7.374287844E-1,1.242896318E0
2.989674079E1,2.697513819E0,9.739173055E-1,1.178980589E0
2.990671016E1,-4.591286182E-1,5.669865608E-1,1.299222112E0
2.991667735E1,-1.237703204E0,3.199785650E-1,1.461142182E0
2.992665500E1,1.129845262E0,5.105276108E-1,1.370594859E0
2.993662323E1,1.628521830E-1,3.775027990E-1,1.196024776E0
2.994656714E1,-9.068056941E-2,5.094623566E-1,9.105340838E-1
2.995653292E1,9.892304540E-1,7.278413773E-1,6.422207952E-1
2.996649907E1,8.070703745E-1,5.648560524E-1,7.199850678E-1
2.997646485E1,3.150517344E-1,4.041343927E-1,7.476819158E-1
2.998645803E1,4.982770681E-1,5.414202213E-1,5.538039207E-1
2.999642662E1,-6.657897830E-1,6.000097394E-1,1.533979625E-1
3.000639047E1,-1.853292465E0,3.221091032E-1,7.563371956E-2
3.001635855E1,4.311654568E-1,2.720417082E-1,4.057323039E-1
3.002632120E1,1.612276554E0,3.966775537E-1,4.334291518E-1
3.003628870E1,3.012032807E-1,4.531365335E-1,2.034653574E-1
3.004625355E1,2.713759243E-1,7.161234617E-1,6.817687303E-2
3.005622079E1,1.284175277E0,7.832350731E-1,2.130527347E-1
3.006617636E1,3.257043660E-1,3.711112142E-1,3.524691164E-1
3.007614240E1,-4.399538934E-1,1.974732429E-1,2.109221965E-1
3.008611756E1,1.914811432E-1,3.892207146E-1,-5.326318368E-2
3.009608448E1,4.833633900E-1,5.094623566E-1,-1.012000442E-1
3.010605443E1,3.629885912E-1,4.563323259E-1,1.491369121E-2
3.011602167E1,6.303697824E-1,4.382228255E-1,1.374190152E-1
3.012599016E1,5.579318404E-1,4.680502117E-1,1.470063776E-1
3.013595750E1,-1.194426864E-1,5.041360259E-1,5.858949944E-2
3.014592282E1,-1.418132186E-1,5.233107805E-1,3.089264594E-2
3.015588995E1,-1.162468940E-1,4.051996469E-1,2.427469492E-1
3.016586865E1,-2.717753947E-1,2.603237927E-1,5.175849795E-1
3.017583693E1,-3.707117438E-1,2.656501234E-1,6.123934388E-1
3.018578776E1,-3.941475451E-1,3.583280444E-1,5.740439296E-1
3.019575428E1,-7.616634965E-1,3.796333373E-1,5.410207510E-1
3.020571891E1,-3.920170069E-1,4.051996469E-1,5.974797606E-1
3.021568521E1,4.418180883E-1,4.956139028E-1,6.795050502E-1
3.022565422E1,-4.807002097E-2,4.403533638E-1,6.944187284E-1
3.023562079E1,-1.673795432E-1,4.637891650E-1,6.763092279E-1
3.024558433E1,4.247738793E-2,4.360923171E-1,7.539403439E-1
3.025555058E1,7.443529367E-2,3.125217259E-1,8.743151426E-1
3.026553454E1,1.436774284E-1,3.167827725E-1,8.839024901E-1
3.027550256E1,6.921550632E-1,5.147886276E-1,8.498140574E-1
3.028547594E1,4.673844278E-1,5.882918239E-1,8.796414733E-1
3.029544454E1,3.523359597E-1,6.127929091E-1,9.446225166E-1
3.030539365E1,5.781718493E-1,6.010749936E-1,9.073383212E-1
3.031536021E1,-2.676474862E-2,4.488754570E-1,8.594014645E-1
3.032533105E1,-1.824264042E-2,4.137217700E-1,8.434224725E-1
3.033529802E1,5.632581711E-1,5.850960612E-1,7.912245989E-1
3.034524933E1,1.511342824E-1,6.660560966E-1,7.072018981E-1
3.035521474E1,6.910897791E-2,6.852308512E-1,7.263766527E-1
3.036519329E1,2.522011697E-1,6.447508335E-1,7.444861531E-1
3.037516000E1,-3.328948980E-3,5.446160436E-1,7.317029834E-1
3.038513928E1,2.969422340E-1,5.691171288E-1,6.795050502E-1
3.039510724E1,7.612640262E-1,6.522076726E-1,5.655218363E-1
3.040506719E1,3.299654126E-1,5.616602302E-1,3.993407190E-1
3.041503438E1,-4.593949392E-2,4.573975801E-1,2.448774725E-1
3.042498292E1,2.362222075E-1,4.456796646E-1,1.480716467E-1
3.043494823E1,1.036102057E0,5.233107805E-1,1.864211410E-1
3.044493823E1,1.009470463E0,5.179844499E-1,-3.195791040E-3
3.045490599E1,2.319611609E-1,5.914876461E-1,-3.961449265E-1
3.046484537E1,-2.856238186E-1,6.447508335E-1,-5.516734123E-1
3.047481027E1,-5.659212917E-2,4.870918095E-1,-4.920186400E-1
3.048477709E1,-1.940111369E-1,2.741722167E-1,-3.545996249E-1
3.049474219E1,-1.652490199E-1,2.699111700E-1,-3.929491341E-1
3.050474032E1,7.337003201E-2,4.190480709E-1,-4.803007543E-1
3.051470870E1,2.809632719E-1,5.531381369E-1,-5.303681493E-1
3.052465584E1,3.406180441E-1,5.712476373E-1,-6.400902867E-1
3.053462209E1,2.404832691E-1,4.913528562E-1,-7.551387548E-1
3.054461407E1,3.757717609E-1,4.510059953E-1,-8.615319729E-1
3.055458292E1,6.143907905E-1,4.414186180E-1,-1.029843569E0
3.056452506E1,3.608580679E-2,3.540669978E-1,-1.238635302E0
3.057449115E1,-1.237037405E-1,3.253048956E-1,-1.303616405E0
3.058447344E1,5.781718493E-1,3.189133108E-1,-1.251418471E0
3.059444120E1,1.074584723E-1,1.623195410E-1,-1.220525861E0
3.060441495E1,-3.611243665E-1,1.079910994E-1,-1.215199471E0
3.061438329E1,1.607216448E-1,2.699111700E-1,-1.177915215E0
3.062436152E1,2.074600905E-1,2.858901322E-1,-1.118260503E0
3.063433084E1,-2.323606312E-1,1.239700541E-1,-1.104412079E0
3.064427448E1,-1.577921808E-1,4.833633825E-2,-1.090563655E0
3.065424120E1,-2.419480085E-1,4.620581120E-2,-1.066062570E0
3.066422396E1,-4.133222997E-1,6.111950055E-2,-1.026647806E0
3.067419230E1,-1.450090110E-1,1.058605760E-1,-9.371656775E-1
3.068413719E1,1.861548275E-1,1.143826842E-1,-8.785761595E-1
3.069410313E1,-3.328948980E-3,5.259739235E-2,-9.424920082E-1
3.070408787E1,-1.588574350E-1,3.555317223E-2,-9.755151868E-1
3.071405568E1,2.500706315E-1,1.271658540E-1,-9.350351691E-1
3.072401282E1,4.077296555E-1,1.410142779E-1,-9.222519994E-1
3.073397959E1,1.106542572E-1,6.431528926E-2,-9.403614998E-1
3.074396037E1,5.025381446E-1,1.058605760E-1,-9.648625255E-1
3.075392855E1,6.016076207E-1,8.988162130E-2,-9.893636107E-1
3.076389193E1,7.763108611E-2,-4.114580899E-2,-9.893636107E-1
3.077385959E1,-9.707214683E-2,-9.747162461E-2,-9.808415174E-1
3.078381849E1,9.254477918E-2,-6.551371515E-2,-9.201214910E-1
3.079378527E1,-1.524658650E-1,-1.059937328E-1,-8.115977645E-1
3.080374928E1,-4.314317703E-1,-1.326253265E-1,-6.336987019E-1
3.081371579E1,8.828372508E-2,-1.238369010E-2,-4.494080842E-1
3.082368688E1,4.034686089E-2,2.170474641E-2,-4.440817833E-1
3.083365381E1,-1.727058738E-1,-2.197106183E-2,-4.483428299E-1
3.084364381E1,7.550056279E-2,-4.114580899E-2,-3.631217480E-1
3.085361308E1,-2.143843099E-2,-1.017326787E-1,-2.844253778E-1
3.086356402E1,-4.175833464E-1,-1.539305896E-1,-2.343579978E-1
3.087353141E1,-2.263685223E-3,-5.286370963E-2,-1.651158631E-1
3.088348120E1,8.615319431E-2,2.530001104E-3,-9.587372839E-2
3.089344683E1,-4.463454783E-1,5.725792143E-3,-3.621896356E-2
3.090341933E1,-1.492700726E-1,9.840372950E-2,2.130527282E-3
3.091338563E1,-1.727058738E-1,7.496792823E-2,4.154528305E-2
3.092335964E1,-3.802991211E-1,-6.657897611E-4,6.391581893E-2
3.093332672E1,-1.237037405E-1,7.856319658E-3,5.645897239E-2
3.094329969E1,-3.143859208E-1,-4.327633604E-2,1.129179448E-1
3.095326735E1,-2.387522161E-1,-3.368896246E-2,1.470063776E-1
3.096321245E1,1.287637353E-1,5.898897350E-2,1.012000442E-1
3.097317787E1,-1.535311192E-1,4.727107286E-2,6.285055727E-2
3.098313875E1,-2.408827394E-1,4.833633825E-2,7.030740380E-2
3.099310365E1,-4.061317816E-2,1.058605760E-1,1.065263674E-1
3.100307688E1,-5.912213326E-1,6.218476593E-2,1.960085034E-1
3.101304266E1,-4.048001766E-1,1.367532164E-1,3.055975139E-1
3.102302214E1,2.948117256E-1,3.050648868E-1,3.918838501E-1
3.103298928E1,2.649843320E-2,2.709764242E-1,4.792354703E-1
3.104296256E1,-1.876195520E-1,1.782985032E-1,5.005407333E-1
3.105293032E1,1.170458421E-1,1.804290265E-1,5.175849795E-1
3.106287922E1,1.829590350E-1,1.644500792E-1,4.877575934E-1
3.107284506E1,-1.611211337E-2,1.410142779E-1,4.291680753E-1
3.108284527E1,-9.600688517E-2,1.527321786E-1,4.227765203E-1
3.109281454E1,-2.227732539E-1,1.740374416E-1,4.675175846E-1
3.110275823E1,-1.556616426E-1,2.113216817E-1,5.111933947E-1
3.111272490E1,-2.685796022E-1,1.900164038E-1,5.356944799E-1
3.112271527E1,-4.697812796E-1,1.324921697E-1,5.356944799E-1
3.113268433E1,1.319595277E-1,1.772332340E-1,4.920186400E-1
3.114262573E1,1.170458421E-1,1.324921697E-1,4.291680753E-1
3.115259204E1,-1.876195520E-1,6.857634336E-2,3.716438413E-1
3.116262407E1,3.320959508E-1,1.516669095E-1,2.491385341E-1
3.117259704E1,1.681784987E-1,1.335574239E-1,9.267793596E-2
3.118267969E1,-2.270343155E-1,5.685844645E-2,-7.989477366E-2
3.119266370E1,3.065296113E-1,1.079910994E-1,-2.269011587E-1
3.120254370E1,3.416832983E-1,6.538055837E-2,-3.206443489E-1
3.121241672E1,-7.470161468E-2,-4.966791719E-2,-4.025365114E-1
3.122237469E1,2.692453861E-1,-3.581948951E-2,-4.771049619E-1
3.123233829E1,4.418180883E-1,-2.410159074E-2,-5.719134212E-1
3.124230152E1,1.181111038E-1,-8.362319320E-2,-6.581997871E-1
3.125226506E1,2.255695760E-1,-8.468846232E-2,-7.061366439E-1
3.126223641E1,-6.511423737E-2,-1.411474347E-1,-6.965492368E-1
3.127220079E1,-3.589938581E-1,-1.720400751E-1,-7.082671523E-1
3.128215698E1,1.287637353E-1,-9.321057051E-2,-7.285071611E-1
3.129212047E1,2.159821987E-1,-7.616634667E-2,-7.370292544E-1
3.130209922E1,5.952160433E-2,-7.510108501E-2,-7.870966792E-1
3.131206428E1,-3.422159329E-2,-9.187898599E-3,-8.073366880E-1
3.132202641E1,-2.632532716E-1,8.921583183E-3,-7.178545594E-1
3.133199115E1,-3.888212144E-1,-8.149266988E-2,-5.878923535E-1
3.134195667E1,-1.599227041E-1,-1.667137593E-1,-4.249070287E-1
3.135192152E1,-7.257108390E-2,-1.667137593E-1,-3.972101808E-1
3.136189428E1,-1.290300637E-1,-8.681898564E-2,-4.451470375E-1
3.137185985E1,-7.896266878E-2,3.874896467E-2,-5.101281404E-1
3.138183355E1,-1.013332009E-1,2.916159295E-2,-4.536691606E-1
3.139179995E1,-1.940111369E-1,-8.149266988E-2,-2.780338228E-1
3.140175766E1,-3.328948980E-3,-8.788424730E-2,-1.512674391E-1
3.141172318E1,3.182475269E-2,-5.286370963E-2,-1.033305749E-1
3.142170303E1,-1.002679393E-1,-3.581948951E-2,-7.776424289E-2
3.143166995E1,-1.759016514E-1,-3.475422785E-2,-4.154528305E-2
3.144164172E1,-1.237037405E-1,-2.623211779E-2,3.728422895E-2
3.145160912E1,-7.363634557E-2,1.105211023E-2,8.841688186E-2
3.146156365E1,-3.528685868E-2,7.816372067E-2,1.235705838E-1
3.147152974E1,-8.748477697E-2,1.292963773E-1,1.736379713E-1
3.148150823E1,-2.143843099E-2,1.708416492E-1,2.203764170E-1
3.149147558E1,-5.126581341E-2,1.868206114E-1,2.725743353E-1
3.150143693E1,-1.716406047E-1,1.719069183E-1,3.162501454E-1
3.151140370E1,-1.119858399E-1,1.878858805E-1,3.524691164E-1
3.152136792E1,-9.720530361E-3,2.187785208E-1,3.418164849E-1
3.153133438E1,-3.954791278E-2,1.974732429E-1,3.162501454E-1
3.154131959E1,-2.250369452E-2,1.516669095E-1,2.992059290E-1
3.155128792E1,1.051947847E-2,1.335574239E-1,2.629869580E-1
3.156123526E1,-1.482048035E-1,1.122521535E-1,1.992042959E-1
3.157120152E1,-2.451438010E-1,1.015995219E-1,1.267663687E-1
3.158116412E1,-1.886848211E-1,8.775109053E-2,8.522108942E-2
3.159112995E1,-1.663142890E-1,6.538055837E-2,8.522108942E-2
3.160111277E1,-2.174469382E-1,4.407528415E-2,9.267793596E-2
3.161108027E1,-1.524658650E-1,7.070687413E-2,1.235705838E-1
3.162105026E1,-1.300953180E-1,1.122521535E-1,1.459411234E-1
3.163101803E1,-2.302301079E-1,1.261005849E-1,1.672463864E-1
3.164096995E1,-1.119858399E-1,1.420795321E-1,1.565937549E-1
3.165093615E1,1.607216448E-1,2.113216817E-1,9.906952083E-2
3.166091157E1,-5.552686751E-2,2.326269448E-1,2.343579940E-2
3.167087870E1,-1.759016514E-1,2.475406379E-1,-3.195791040E-3
3.168085131E1,1.255679578E-1,2.837595940E-1,9.587372653E-3
3.169081896E1,1.394163817E-1,2.560627460E-1,2.450106293E-2
3.170077152E1,4.127896391E-3,1.868206114E-1,9.587372653E-3
3.171073761E1,1.426121742E-1,1.591237634E-1,-3.408843651E-2
3.172072120E1,1.330247968E-1,1.516669095E-1,-1.033305749E-1
3.173068907E1,7.443529367E-2,1.527321786E-1,-1.533979625E-1
3.174066245E1,6.697845459E-2,1.250353158E-1,-1.193095297E-1
3.175063084E1,2.969422378E-2,1.079910994E-1,-6.285055727E-2
3.176057985E1,1.978727281E-1,9.627319872E-2,2.982738242E-2
3.177054625E1,4.737760127E-1,1.101216301E-1,1.629853398E-1
3.178052985E1,3.012032807E-1,9.094688296E-2,2.779006660E-1
3.179049803E1,1.255679578E-1,1.005342528E-1,4.131891429E-1
3.180045605E1,8.828372508E-2,1.218395308E-1,5.548691750E-1
3.181042318E1,-2.996053919E-2,1.452753246E-1,6.763092279E-1
3.182037964E1,-7.044056058E-2,1.953427196E-1,7.869635224E-1
3.183034568E1,1.394163817E-1,2.826943398E-1,9.190561771E-1
3.184034386E1,6.271740049E-2,3.434143662E-1,1.006407857E0
3.185031313E1,-3.528685868E-2,3.860249221E-1,1.040496230E0
3.186027646E1,-4.394212738E-3,3.902859688E-1,1.056475163E0
3.187024516E1,-2.783001214E-2,3.870901763E-1,1.043691993E0
3.188020698E1,-1.930790395E-2,4.382228255E-1,9.403614998E-1
3.189017495E1,5.099949613E-2,4.870918095E-1,8.029424548E-1
3.190011777E1,-2.889527567E-2,4.627238810E-1,6.922882199E-1
3.191008318E1,6.058686972E-2,4.712460041E-1,5.293028951E-1
3.192005594E1,3.395527974E-2,4.573975801E-1,3.300985694E-1
3.193002209E1,-9.174583107E-2,3.764375448E-1,1.778990328E-1
3.194000933E1,-3.635212034E-2,3.189133108E-1,3.941475600E-2
3.194997761E1,-6.524739787E-3,2.944122255E-1,-1.651158631E-1
3.195995172E1,-1.300953180E-1,2.273006290E-1,-3.482080400E-1
3.196992058E1,-6.617950648E-2,1.559279710E-1,-4.589954615E-1
3.197988178E1,-1.055942550E-1,8.029424399E-2,-5.431513190E-1
3.198984985E1,-1.205079481E-1,-1.557948068E-2,-6.368945241E-1
3.199980719E1,-1.098553166E-1,-6.977476925E-2,-6.944187284E-1
3.200977417E1,-9.707214683E-2,-1.049284711E-1,-7.551387548E-1
3.201973886E1,-1.396826953E-1,-1.400821656E-1,-7.636608481E-1
3.202970563E1,-5.233107507E-2,-1.315600574E-1,-7.018755674E-1
3.203967219E1,-9.068056941E-2,-1.347558498E-1,-5.985450149E-1
3.204963891E1,-9.707214683E-2,-1.145158410E-1,-4.579302073E-1
3.205959813E1,-3.328948980E-3,-8.149266988E-2,-3.332943618E-1
3.206956407E1,-8.855003864E-2,-8.575372398E-2,-1.917474568E-1
3.207953803E1,-7.150582224E-2,-6.125266105E-2,-7.776424289E-2
3.208950480E1,-3.741738573E-2,-4.753739014E-2,1.810948178E-2
3.209947355E1,-1.055942550E-1,-6.018739566E-2,1.352884769E-1
3.210944047E1,-8.428898454E-2,-4.647212476E-2,2.278332561E-1
3.211939016E1,-6.085318699E-2,-1.025316212E-2,2.736395895E-1
3.212935532E1,-8.535424620E-2,1.211737376E-2,3.013364673E-1
3.213933948E1,-6.404897571E-2,2.809632942E-2,3.418164849E-1
3.214930657E1,-2.996053919E-2,3.022685647E-2,3.791007102E-1
3.215927662E1,-5.126581341E-2,4.407528415E-2,3.865575492E-1
3.216924402E1,-4.807002097E-2,5.792371184E-2,3.737743795E-1
3.217920052E1,-2.037316747E-2,6.751108170E-2,3.673827946E-1
3.218916683E1,-2.676474862E-2,8.135951310E-2,3.450122476E-1
3.219914652E1,-4.167843983E-2,1.015995219E-1,2.992059290E-1
3.220911417E1,-4.487423226E-2,1.197090000E-1,2.533995807E-1
3.221908896E1,-5.459476262E-3,1.250353158E-1,2.151832581E-1
3.222905730E1,-4.394212738E-3,1.175784767E-1,1.736379713E-1
3.223899922E1,-2.569948509E-2,1.037300453E-1,1.320926845E-1
3.224896485E1,8.388951421E-3,8.349003643E-2,9.480846673E-2
3.225894860E1,1.584579609E-2,6.218476593E-2,6.391581893E-2
3.226891605E1,-1.398158539E-2,4.833633825E-2,2.663159184E-2
3.227887547E1,2.649843320E-2,3.874896467E-2,-4.261054564E-3
3.228884214E1,9.321057005E-4,1.637842879E-2,-1.278316416E-2
3.229880579E1,-1.930790395E-2,3.595264861E-3,-1.384842768E-2
3.230877214E1,1.051947847E-2,-1.451421715E-2,-6.391582079E-3
3.231874563E1,-8.655266836E-3,-4.647212476E-2,1.065263618E-2
3.232871266E1,-8.655266836E-3,-6.657897681E-2,2.663159184E-2
3.233868323E1,2.117211558E-2,-8.362319320E-2,3.834949061E-2
3.234865063E1,1.051947847E-2,-1.123853177E-1,5.965476483E-2
3.235859271E1,1.051947847E-2,-1.283642650E-1,8.415582776E-2
3.236855750E1,1.584579609E-2,-1.443432271E-1,1.022653133E-1
3.237854928E1,9.321057005E-4,-1.624527127E-1,1.203747913E-1
3.238851683E1,6.258423906E-3,-1.731053442E-1,1.331579536E-1
3.239849219E1,-1.198421582E-3,-1.805621833E-1,1.384842694E-1
3.240846052E1,-3.328948980E-3,-1.794969290E-1,1.352884769E-1
3.241842625E1,-2.263685223E-3,-1.731053442E-1,1.363537461E-1
3.242839433E1,-1.611211337E-2,-1.741705984E-1,1.448758543E-1
3.243835532E1,-1.185105834E-2,-1.699095517E-1,1.470063776E-1
3.244832266E1,3.062632866E-3,-1.688442826E-1,1.502021700E-1
3.245828079E1,-2.676474862E-2,-1.731053442E-1,1.544632316E-1
3.246824719E1,-1.504684892E-2,-1.741705984E-1,1.470063776E-1
3.247822761E1,1.158474199E-2,-1.709748209E-1,1.310274303E-1
3.248819542E1,-3.315633163E-2,-1.784316599E-1,1.118526831E-1
3.249815052E1,9.321057005E-4,-1.816274524E-1,8.841688186E-2
3.250811704E1,9.454214945E-3,-1.954758763E-1,7.137266546E-2
3.251808829E1,-3.102580272E-2,-2.189116776E-1,5.326318368E-2
3.252805527E1,-1.198421582E-3,-2.221074700E-1,2.769685537E-2
3.253801370E1,-1.331579551E-4,-2.284990549E-1,1.704421826E-2
3.254797980E1,-1.611211337E-2,-2.242379934E-1,4.261054564E-3
3.255794631E1,1.051947847E-2,-2.125200927E-1,3.195791040E-3
3.256791240E1,-3.328948980E-3,-2.039979845E-1,1.917474531E-2
3.257789532E1,-6.524739787E-3,-1.965411454E-1,4.793686420E-2
3.258786313E1,1.158474199E-2,-1.826927215E-1,7.030740380E-2
3.259783188E1,-1.291632187E-2,-1.645832360E-1,8.415582776E-2
3.260779980E1,-1.717737690E-2,-1.411474347E-1,9.054741263E-2
3.261775730E1,9.321057005E-4,-1.262337416E-1,9.800425172E-2
3.262772412E1,-1.717737690E-2,-1.113200486E-1,8.522108942E-2
3.263769636E1,-6.524739787E-3,-9.427583218E-2,7.243792713E-2
3.264766370E1,-7.590003312E-3,-8.042740822E-2,6.498108059E-2
3.265765584E1,4.127896391E-3,-6.764423847E-2,5.326318368E-2
3.266762568E1,-5.459476262E-3,-5.379581451E-2,3.941475600E-2
3.267756407E1,-1.291632187E-2,-4.647212476E-2,2.769685537E-2
3.268753073E1,6.258423906E-3,-3.795001656E-2,1.278316416E-2
3.269749511E1,-3.328948980E-3,-4.221107066E-2,-1.171789970E-2
3.270746152E1,-1.930790395E-2,-4.327633604E-2,-3.195790946E-2
3.271747303E1,-7.590003312E-3,-4.434159771E-2,-4.261054471E-2
3.272744402E1,3.062632866E-3,-4.966791719E-2,-5.965476483E-2
3.273736302E1,-7.590003312E-3,-5.805686861E-2,-7.137266546E-2
3.274732875E1,-1.331579551E-4,-5.179844424E-2,-8.522108942E-2
3.275729985E1,6.258423906E-3,-5.073318258E-2,-9.267793596E-2
3.276726610E1,9.454214945E-3,-4.647212476E-2,-8.628635854E-2
3.277723495E1,8.388951421E-3,-4.327633604E-2,-7.243792713E-2
3.278720141E1,9.321057005E-4,-4.114580899E-2,-5.219791830E-2
3.279717792E1,-2.263685223E-3,-4.008054361E-2,-3.302317113E-2
3.280714537E1,3.062632866E-3,-3.795001656E-2,-1.704421826E-2
3.281710631E1,-4.394212738E-3,-4.221107066E-2,-3.195791040E-3
3.282707313E1,-4.394212738E-3,-4.008054361E-2,7.456845604E-3
3.283702881E1,-1.198421582E-3,-4.008054361E-2,1.810948178E-2
3.284699454E1,-6.524739787E-3,-4.860265180E-2,2.876211889E-2
3.285697047E1,-5.459476262E-3,-4.966791719E-2,3.728422895E-2
3.286693719E1,-7.590003312E-3,-4.966791719E-2,4.261054471E-2
3.287690026E1,-1.398158539E-2,-5.592634156E-2,4.793686420E-2
3.288686662E1,-1.398158539E-2,-6.018739566E-2,5.539371073E-2
3.289682672E1,-1.291632187E-2,-5.912213027E-2,6.711161137E-2
3.290679245E1,-1.185105834E-2,-5.486107618E-2,7.456845790E-2
3.291677631E1,-1.291632187E-2,-4.434159771E-2,8.096003532E-2
3.292674381E1,-4.394212738E-3,-2.516685426E-2,8.735162020E-2
3.293670417E1,-1.291632187E-2,-5.992108025E-3,8.628635854E-2
3.294667094E1,-7.590003312E-3,1.850895584E-2,7.350318879E-2
3.295663402E1,-5.459476262E-3,2.277000993E-2,1.075916290E-1
3.296660042E1,-2.783001214E-2,2.063948289E-2,1.193095297E-1
3.297657750E1,1.797632314E-2,3.448791057E-2,1.075916290E-1
3.298654495E1,-2.356895804E-2,3.448791057E-2,9.054741263E-2
3.299651146E1,-1.504684892E-2,4.620581120E-2,5.965476483E-2
3.300647881E1,2.756369673E-2,4.940159991E-2,2.556632832E-2
3.301645849E1,-2.356895804E-2,3.129211813E-2,-3.195791040E-3
3.302642709E1,9.321057005E-4,1.850895584E-2,-2.130527236E-2
3.303639454E1,1.371526904E-2,-3.861580743E-3,-3.408843651E-2
3.304636297E1,-2.676474862E-2,-1.984053478E-2,-3.302317113E-2
3.305630381E1,3.062632866E-3,-1.344895363E-2,-4.154528305E-2
3.306626948E1,1.691105962E-2,-8.122635074E-3,-4.793686420E-2
3.307623063E1,-2.037316747E-2,-1.984053478E-2,-3.302317113E-2
3.308619584E1,9.321057005E-4,-2.197106183E-2,-1.171789970E-2
3.309618849E1,9.454214945E-3,-2.516685426E-2,7.456845604E-3
3.310615646E1,-1.930790395E-2,-3.155843541E-2,2.556632832E-2
3.311612683E1,-2.263685223E-3,-2.729738131E-2,3.515370190E-2
3.312609506E1,1.158474199E-2,-1.984053478E-2,4.154528305E-2
3.313606053E1,-1.611211337E-2,-1.664474420E-2,3.834949061E-2
3.314602844E1,1.997369342E-3,-7.057371549E-3,3.728422895E-2
3.315599344E1,5.193160381E-3,-5.992108025E-3,3.728422895E-2
3.316596110E1,-1.504684892E-2,-9.187898599E-3,3.621896356E-2
3.317592422E1,9.321057005E-4,-8.122635074E-3,3.089264594E-2
3.318589141E1,-2.263685223E-3,-1.025316212E-2,2.769685537E-2
3.319585402E1,-9.720530361E-3,-1.451421715E-2,1.278316416E-2
3.320582073E1,7.323687430E-3,-9.187898599E-3,-8.522109129E-3
3.321579152E1,-1.331579551E-4,-1.131842658E-2,-2.450106293E-2
3.322575865E1,-8.655266836E-3,-1.877527125E-2,-3.302317113E-2
3.323571959E1,5.193160381E-3,-2.729738131E-2,-3.089264594E-2
3.324568605E1,-4.394212738E-3,-3.795001656E-2,-2.556632832E-2
3.325565875E1,-8.655266836E-3,-3.795001656E-2,-2.024000883E-2
3.326562579E1,6.258423906E-3,-2.836264484E-2,-2.769685537E-2
3.327558803E1,-2.263685223E-3,-2.942790836E-2,-2.876211889E-2
3.328555459E1,-4.394212738E-3,-2.836264484E-2,-1.704421826E-2
3.329552448E1,3.062632866E-3,-2.942790836E-2,-0.000000000E0
3.330549136E1,-9.720530361E-3,-3.581948951E-2,1.917474531E-2
3.331544511E1,-1.078579482E-2,-3.581948951E-2,3.195790946E-2
3.332541063E1,5.193160381E-3,-2.942790836E-2,3.089264594E-2
3.333539256E1,-5.459476262E-3,-2.623211779E-2,2.450106293E-2
3.334535980E1,9.321057005E-4,-2.303632535E-2,1.384842768E-2
3.335531204E1,5.193160381E-3,-2.623211779E-2,1.065263618E-2
3.336527771E1,-6.524739787E-3,-3.155843541E-2,9.587372653E-3
3.337526422E1,-2.263685223E-3,-3.262370080E-2,8.522109129E-3
3.338523198E1,-1.331579551E-4,-2.729738131E-2,1.065263641E-3
3.339519891E1,-5.459476262E-3,-2.516685426E-2,-1.065263641E-3
3.340516662E1,1.997369342E-3,-2.516685426E-2,-1.065263641E-3
3.341513599E1,-3.328948980E-3,-2.623211779E-2,-0.000000000E0
3.342510386E1,-5.459476262E-3,-3.155843541E-2,1.065263641E-3
3.343505214E1,-3.328948980E-3,-3.581948951E-2,-0.000000000E0
3.344501802E1,-4.394212738E-3,-3.581948951E-2,1.065263641E-3
3.345499844E1,-3.328948980E-3,-3.262370080E-2,-4.261054564E-3
3.346496579E1,-1.331579551E-4,-3.262370080E-2,-7.456845604E-3
3.347492381E1,-4.394212738E-3,-3.475422785E-2,-2.130527282E-3
3.348489016E1,-1.198421582E-3,-3.581948951E-2,8.522109129E-3
3.349484990E1,9.321057005E-4,-3.688475490E-2,1.491369121E-2
3.350481563E1,-1.198421582E-3,-3.581948951E-2,2.024000883E-2
3.351480276E1,-1.331579551E-4,-3.368896246E-2,2.343579940E-2
3.352477063E1,-1.331579551E-4,-3.475422785E-2,2.663159184E-2
3.353473823E1,-2.263685223E-3,-3.368896246E-2,2.450106293E-2
3.354470605E1,1.997369342E-3,-3.155843541E-2,2.450106293E-2
3.355467136E1,-2.263685223E-3,-3.262370080E-2,2.343579940E-2
3.356463891E1,-4.394212738E-3,-3.368896246E-2,2.237053588E-2
3.357459688E1,9.321057005E-4,-3.262370080E-2,1.597895473E-2
3.358456344E1,-2.263685223E-3,-3.368896246E-2,1.597895473E-2
3.359454526E1,-4.394212738E-3,-3.368896246E-2,1.384842768E-2
3.360451339E1,-1.198421582E-3,-3.155843541E-2,1.171789970E-2
3.361445344E1,-3.328948980E-3,-3.049317189E-2,8.522109129E-3
3.362441870E1,-3.328948980E-3,-2.729738131E-2,8.522109129E-3
3.363441865E1,-2.263685223E-3,-2.623211779E-2,9.587372653E-3
3.364438740E1,-2.263685223E-3,-2.623211779E-2,6.391582079E-3
3.365433886E1,-3.328948980E-3,-2.410159074E-2,7.456845604E-3
3.366430584E1,-1.198421582E-3,-2.090579830E-2,7.456845604E-3
3.367429063E1,-3.328948980E-3,-2.090579830E-2,4.261054564E-3
3.368425938E1,-4.394212738E-3,-1.984053478E-2,4.261054564E-3
3.369418792E1,-2.263685223E-3,-1.557948068E-2,3.195791040E-3
3.370415266E1,-2.263685223E-3,-1.451421715E-2,2.130527282E-3
3.371414646E1,-1.331579551E-4,-1.131842658E-2,1.065263641E-3
3.372411412E1,-1.198421582E-3,-1.131842658E-2,1.065263641E-3
3.373406391E1,-1.198421582E-3,-8.122635074E-3,1.065263641E-3
3.374402974E1,-1.331579551E-4,-7.057371549E-3,-1.065263641E-3
3.375399188E1,1.997369342E-3,-7.057371549E-3,-3.195791040E-3
3.376395735E1,9.321057005E-4,-4.926844500E-3,-3.195791040E-3
3.377395605E1,-2.263685223E-3,-4.926844500E-3,-3.195791040E-3
3.378392485E1,-1.331579551E-4,-1.731053460E-3,-5.326318089E-3
3.379388193E1,1.997369342E-3,-6.657897611E-4,-5.326318089E-3
3.380384959E1,-5.459476262E-3,1.464737463E-3,-6.391582079E-3
3.381381631E1,-2.263685223E-3,3.595264861E-3,-8.522109129E-3
3.382378386E1,1.997369342E-3,5.725792143E-3,-8.522109129E-3
3.383376834E1,-1.198421582E-3,5.725792143E-3,-5.326318089E-3
3.384373756E1,-1.198421582E-3,5.725792143E-3,-7.456845604E-3
3.385370297E1,-1.331579551E-4,8.921583183E-3,-9.587372653E-3
3.386367183E1,-1.198421582E-3,9.986846708E-3,-1.171789970E-2
3.387362855E1,1.997369342E-3,1.211737376E-2,-1.278316416E-2
3.388359615E1,-1.198421582E-3,1.211737376E-2,-1.278316416E-2
3.389354552E1,-1.198421582E-3,1.211737376E-2,-1.278316416E-2
3.390351125E1,-1.331579551E-4,1.318263728E-2,-1.384842768E-2
3.391349933E1,-1.331579551E-4,1.211737376E-2,-1.384842768E-2
3.392346730E1,9.321057005E-4,1.318263728E-2,-1.384842768E-2
3.393339756E1,9.321057005E-4,1.318263728E-2,-1.491369121E-2
3.394336178E1,9.321057005E-4,9.986846708E-3,-1.278316416E-2
3.395335766E1,2.010685205E-2,8.921583183E-3,-8.522109129E-3
3.396332506E1,1.797632314E-2,1.105211023E-2,-1.278316416E-2
3.397328928E1,-4.394212738E-3,7.856319658E-3,-1.384842768E-2
3.398325631E1,9.454214945E-3,8.921583183E-3,-1.171789970E-2
3.399323808E1,1.478053257E-2,7.856319658E-3,-8.522109129E-3
3.400320662E1,-2.263685223E-3,3.595264861E-3,-8.522109129E-3
3.401316615E1,1.997369342E-3,3.595264861E-3,-9.587372653E-3
3.402313375E1,-1.611211337E-2,6.791055668E-3,-6.391582079E-3
3.403308349E1,-1.078579482E-2,3.595264861E-3,-6.391582079E-3
3.404304933E1,1.158474199E-2,1.464737463E-3,-6.391582079E-3
3.405302250E1,1.265000552E-2,2.530001104E-3,-4.261054564E-3
3.406298907E1,4.127896391E-3,1.464737463E-3,-5.326318089E-3
3.407297178E1,9.321057005E-4,1.464737463E-3,-5.326318089E-3
3.408293995E1,-3.328948980E-3,2.530001104E-3,-6.391582079E-3
3.409292146E1,-4.394212738E-3,1.464737463E-3,-7.456845604E-3
3.410289094E1,-1.331579551E-4,3.994738800E-4,-5.326318089E-3
3.411282756E1,-6.524739787E-3,-2.796316985E-3,-6.391582079E-3
3.412279370E1,-2.263685223E-3,-1.731053460E-3,-8.522109129E-3
3.413276688E1,5.193160381E-3,-1.731053460E-3,-9.587372653E-3
3.414273375E1,1.997369342E-3,-1.731053460E-3,-4.261054564E-3
3.415271891E1,-1.198421582E-3,-3.861580743E-3,-2.130527282E-3
3.416268761E1,4.127896391E-3,-5.992108025E-3,-0.000000000E0
3.417266266E1,-4.394212738E-3,-5.992108025E-3,-3.195791040E-3
3.418263198E1,-5.459476262E-3,-5.992108025E-3,-1.065263641E-3
3.419260277E1,-6.524739787E-3,-4.926844500E-3,-2.130527282E-3
3.420257224E1,-2.263685223E-3,-4.926844500E-3,-2.130527282E-3
3.421257480E1,-1.198421582E-3,-5.992108025E-3,-3.195791040E-3
3.422254756E1,9.321057005E-4,-5.992108025E-3,-4.261054564E-3
3.423249402E1,-1.331579551E-4,-8.122635074E-3,-3.195791040E-3
3.424246417E1,5.193160381E-3,-8.122635074E-3,-4.261054564E-3
3.425237146E1,-1.198421582E-3,-8.122635074E-3,-3.195791040E-3
3.426233527E1,-5.459476262E-3,-7.057371549E-3,-0.000000000E0
3.427232157E1,-6.524739787E-3,-5.992108025E-3,-0.000000000E0
3.428228761E1,-8.655266836E-3,-4.926844500E-3,-0.000000000E0
3.429225209E1,-6.524739787E-3,-4.926844500E-3,-0.000000000E0
3.430221797E1,-3.328948980E-3,-4.926844500E-3,-2.130527282E-3
3.431218724E1,-3.328948980E-3,-7.057371549E-3,-1.065263641E-3
3.432215349E1,-1.198421582E-3,-8.122635074E-3,-0.000000000E0
3.433213365E1,3.062632866E-3,-3.861580743E-3,-0.000000000E0
3.434210131E1,-1.198421582E-3,-3.861580743E-3,-2.130527282E-3
3.435205568E1,-1.331579551E-4,-6.657897611E-4,-2.130527282E-3
3.436202198E1,-7.590003312E-3,-1.731053460E-3,-1.065263641E-3
3.437199386E1,-5.459476262E-3,-6.657897611E-4,-2.130527282E-3
3.438196068E1,-2.263685223E-3,-1.731053460E-3,-2.130527282E-3
3.439192579E1,9.321057005E-4,-3.861580743E-3,-3.195791040E-3
3.440189245E1,4.127896391E-3,-2.796316985E-3,-8.522109129E-3
3.441183339E1,6.258423906E-3,-6.657897611E-4,-8.522109129E-3
3.442179740E1,-1.331579551E-4,-1.731053460E-3,-6.391582079E-3
3.443177422E1,1.997369342E-3,-6.657897611E-4,-6.391582079E-3
3.444173954E1,9.321057005E-4,-6.657897611E-4,-6.391582079E-3
3.445170402E1,-2.263685223E-3,3.994738800E-4,-5.326318089E-3
3.446166928E1,-7.590003312E-3,1.464737463E-3,-6.391582079E-3
3.447163829E1,-6.524739787E-3,1.464737463E-3,-9.587372653E-3
3.448160386E1,-2.263685223E-3,2.530001104E-3,-9.587372653E-3
3.449156584E1,-2.263685223E-3,3.994738800E-4,-8.522109129E-3
3.450153110E1,9.321057005E-4,1.464737463E-3,-1.065263618E-2
3.451150891E1,1.997369342E-3,1.464737463E-3,-9.587372653E-3
3.452147537E1,9.321057005E-4,1.464737463E-3,-9.587372653E-3
3.453144276E1,9.321057005E-4,3.994738800E-4,-6.391582079E-3
3.454140933E1,-2.263685223E-3,3.994738800E-4,-6.391582079E-3
3.455139037E1,-6.524739787E-3,3.994738800E-4,-5.326318089E-3
3.456135834E1,-8.655266836E-3,2.530001104E-3,-6.391582079E-3
3.457131214E1,-5.459476262E-3,1.464737463E-3,-6.391582079E-3
3.458127870E1,-1.198421582E-3,1.464737463E-3,-7.456845604E-3
3.459123344E1,-1.331579551E-4,-6.657897611E-4,-7.456845604E-3
3.460119881E1,3.062632866E-3,1.464737463E-3,-7.456845604E-3
3.461118417E1,9.321057005E-4,-6.657897611E-4,-5.326318089E-3
3.462115152E1,-7.590003312E-3,-6.657897611E-4,-4.261054564E-3
3.463112079E1,-5.459476262E-3,3.994738800E-4,-3.195791040E-3
3.464108829E1,-6.524739787E-3,1.464737463E-3,-2.130527282E-3
3.465104829E1,-6.524739787E-3,-6.657897611E-4,-5.326318089E-3
3.466101506E1,-7.590003312E-3,3.994738800E-4,-5.326318089E-3
3.467098407E1,-2.250369452E-2,6.791055668E-3,-5.326318089E-3
3.468095105E1,-7.257108390E-2,-1.557948068E-2,-4.261054564E-3
3.469090391E1,1.159805804E-1,1.424790081E-2,-7.456845604E-3
3.470086943E1,1.904158667E-2,-7.057371549E-3,-8.522109129E-3
3.471085464E1,-2.783001214E-2,-1.731053460E-3,-2.130527282E-3
3.472082214E1,-5.459476262E-3,3.994738800E-4,-1.491369121E-2
3.473078516E1,-6.524739787E-3,-6.657897611E-4,1.065263641E-3
3.474376033E1,-1.198421582E-3,1.744369231E-2,-2.343579940E-2
3.475376033E1,-1.198421582E-3,1.744369231E-2,-2.343579940E-2
3.476376033E1,-1.198421582E-3,1.744369231E-2,-2.343579940E-2
3.477376033E1,-1.198421582E-3,1.744369231E-2,-2.343579940E-2
3.478376033E1,-1.198421582E-3,1.744369231E-2,-2.343579940E-2
3.479371695E1,-1.611211337E-2,1.318263728E-2,-2.556632832E-2
3.480368299E1,5.193160381E-3,1.957421936E-2,-2.663159184E-2
3.481360554E1,6.258423906E-3,2.277000993E-2,-2.343579940E-2
3.482356757E1,-1.331579551E-4,2.277000993E-2,-2.130527236E-2
3.483353278E1,7.323687430E-3,2.383527346E-2,-1.917474531E-2
3.484349512E1,4.127896391E-3,1.957421936E-2,-1.704421826E-2
3.485348768E1,7.323687430E-3,1.744369231E-2,-1.491369121E-2
3.486345304E1,-2.263685223E-3,1.637842879E-2,-1.597895473E-2
3.487340674E1,-3.328948980E-3,1.744369231E-2,-1.384842768E-2
3.488337091E1,-1.331579551E-4,1.744369231E-2,-1.384842768E-2
3.489333294E1,3.062632866E-3,1.744369231E-2,-1.065263618E-2
3.490329690E1,-2.263685223E-3,1.424790081E-2,-8.522109129E-3
3.491326257E1,4.127896391E-3,1.424790081E-2,-4.261054564E-3
3.492322669E1,9.321057005E-4,1.424790081E-2,-4.261054564E-3
3.493320861E1,1.997369342E-3,1.744369231E-2,-3.195791040E-3
3.494317455E1,-2.263685223E-3,1.531316526E-2,-1.065263641E-3
3.495314455E1,3.062632866E-3,1.318263728E-2,-0.000000000E0
3.496311085E1,-3.328948980E-3,8.921583183E-3,-0.000000000E0
3.497307716E1,3.062632866E-3,9.986846708E-3,-0.000000000E0
3.498304346E1,1.997369342E-3,9.986846708E-3,-4.261054564E-3
3.499305127E1,-1.198421582E-3,7.856319658E-3,-5.326318089E-3
3.500302179E1,-6.524739787E-3,1.105211023E-2,-6.391582079E-3
3.501295101E1,3.062632866E-3,9.986846708E-3,-8.522109129E-3
3.502291731E1,1.997369342E-3,6.791055668E-3,-9.587372653E-3
3.503290132E1,9.321057005E-4,5.725792143E-3,-1.171789970E-2
3.504286945E1,1.158474199E-2,7.856319658E-3,-1.491369121E-2
3.505283549E1,1.478053257E-2,1.318263728E-2,-1.491369121E-2
3.506280341E1,1.051947847E-2,1.424790081E-2,-1.491369121E-2
3.507278856E1,3.062632866E-3,1.531316526E-2,-1.171789970E-2
3.508275820E1,-3.328948980E-3,1.424790081E-2,-1.171789970E-2
3.509269450E1,-1.198421582E-3,1.424790081E-2,-9.587372653E-3
3.510266075E1,-4.394212738E-3,1.424790081E-2,-1.065263618E-2
3.511265679E1,-7.590003312E-3,1.531316526E-2,-1.065263618E-2
3.512262606E1,-9.720530361E-3,1.637842879E-2,-1.278316416E-2
3.513259049E1,-7.590003312E-3,1.957421936E-2,-1.491369121E-2
3.514255929E1,-8.655266836E-3,1.637842879E-2,-1.491369121E-2
3.515248789E1,-1.331579551E-4,1.318263728E-2,-1.491369121E-2
3.516245262E1,6.258423906E-3,1.211737376E-2,-1.597895473E-2
3.517244179E1,3.062632866E-3,1.318263728E-2,-1.597895473E-2
3.518240903E1,1.997369342E-3,1.531316526E-2,-1.491369121E-2
3.519237341E1,1.997369342E-3,1.744369231E-2,-1.597895473E-2
3.520234033E1,-1.198421582E-3,1.637842879E-2,-1.171789970E-2
3.521229799E1,-3.328948980E-3,1.531316526E-2,-9.587372653E-3
3.522226398E1,-4.394212738E-3,9.986846708E-3,-9.587372653E-3
3.523223971E1,-5.459476262E-3,8.921583183E-3,-8.522109129E-3
3.524220664E1,-3.328948980E-3,8.921583183E-3,-8.522109129E-3
3.525218398E1,9.321057005E-4,8.921583183E-3,-6.391582079E-3
3.526215195E1,-4.394212738E-3,6.791055668E-3,-6.391582079E-3
3.527209549E1,-3.328948980E-3,5.725792143E-3,-4.261054564E-3
3.528206101E1,1.997369342E-3,4.660528619E-3,-4.261054564E-3
3.529204533E1,-1.331579551E-4,3.595264861E-3,-4.261054564E-3
3.530201273E1,-3.328948980E-3,4.660528619E-3,-4.261054564E-3
3.531197841E1,-1.331579551E-4,5.725792143E-3,-3.195791040E-3
3.532194565E1,1.997369342E-3,6.791055668E-3,-2.130527282E-3
3.533192664E1,-1.198421582E-3,6.791055668E-3,2.130527282E-3
3.534189528E1,-1.198421582E-3,5.725792143E-3,2.130527282E-3
3.535182294E1,-1.331579551E-4,3.595264861E-3,4.261054564E-3
3.536178736E1,-1.331579551E-4,1.464737463E-3,2.130527282E-3
3.537178304E1,3.062632866E-3,1.464737463E-3,-1.065263641E-3
3.538175070E1,-3.328948980E-3,2.530001104E-3,-5.326318089E-3
3.539171731E1,-5.459476262E-3,3.595264861E-3,-7.456845604E-3
3.540168481E1,-2.263685223E-3,4.660528619E-3,-7.456845604E-3
3.541164789E1,-1.198421582E-3,3.595264861E-3,-7.456845604E-3
3.542161492E1,-2.263685223E-3,1.464737463E-3,-8.522109129E-3
3.543158268E1,-2.263685223E-3,2.530001104E-3,-1.278316416E-2
3.544154981E1,-1.198421582E-3,4.660528619E-3,-1.704421826E-2
3.545151872E1,-1.198421582E-3,4.660528619E-3,-1.917474531E-2
3.546148601E1,-2.263685223E-3,7.856319658E-3,-2.130527236E-2
3.547144090E1,-2.263685223E-3,7.856319658E-3,-1.917474531E-2
3.548140690E1,9.321057005E-4,7.856319658E-3,-1.810948178E-2
3.549137783E1,1.997369342E-3,7.856319658E-3,-1.491369121E-2
3.550134434E1,-1.331579551E-4,9.986846708E-3,-1.171789970E-2
3.551130903E1,-3.328948980E-3,9.986846708E-3,-9.587372653E-3
3.552127533E1,-5.459476262E-3,1.105211023E-2,-9.587372653E-3
3.553124695E1,-7.590003312E-3,1.105211023E-2,-1.065263618E-2
3.554121377E1,-8.655266836E-3,8.921583183E-3,-1.065263618E-2
3.555119382E1,-2.263685223E-3,8.921583183E-3,-9.587372653E-3
3.556116200E1,-4.394212738E-3,7.856319658E-3,-9.587372653E-3
3.557110226E1,-7.590003312E-3,6.791055668E-3,-9.587372653E-3
3.558106762E1,-3.328948980E-3,6.791055668E-3,-1.171789970E-2
3.559105492E1,-7.590003312E-3,5.725792143E-3,-1.065263618E-2
3.560102242E1,-8.655266836E-3,5.725792143E-3,-1.065263618E-2
3.561098565E1,-4.394212738E-3,6.791055668E-3,-6.391582079E-3
3.562095278E1,-5.459476262E-3,7.856319658E-3,-3.195791040E-3
3.563092085E1,-5.339634046E-2,-6.657897611E-4,1.065263641E-3
3.564088804E1,-3.209106624E-2,5.725792143E-3,4.261054564E-3
3.565085528E1,1.287637353E-1,2.277000993E-2,-2.130527282E-3
3.566082247E1,1.051947847E-2,3.595264861E-3,-0.000000000E0
3.567078809E1,-1.504684892E-2,8.921583183E-3,-1.065263641E-3
3.568075507E1,2.649843320E-2,1.531316526E-2,-3.195791040E-3
3.569071221E1,-1.398158539E-2,7.856319658E-3,2.130527282E-3
3.570067820E1,-4.394212738E-3,9.986846708E-3,-3.195791040E-3
3.571065945E1,8.388951421E-3,1.105211023E-2,-3.195791040E-3
3.572062695E1,-2.356895804E-2,3.595264861E-3,-6.391582079E-3
3.573057716E1,1.371526904E-2,8.921583183E-3,-9.587372653E-3
3.574054294E1,5.193160381E-3,5.725792143E-3,-1.171789970E-2
3.575051387E1,-8.655266836E-3,3.994738800E-4,-1.171789970E-2
3.576048018E1,1.051947847E-2,3.994738800E-4,-1.384842768E-2
3.577045971E1,1.265000552E-2,-6.657897611E-4,-1.384842768E-2
3.578042736E1,-1.078579482E-2,-3.861580743E-3,-1.278316416E-2
3.579039664E1,1.478053257E-2,5.725792143E-3,-8.522109129E-3
3.580036440E1,-2.263685223E-3,4.660528619E-3,-4.261054564E-3
3.581031507E1,-7.590003312E-3,6.791055668E-3,4.261054564E-3
3.582028111E1,-5.459476262E-3,6.791055668E-3,5.326318089E-3
3.583026596E1,-1.198421582E-3,6.791055668E-3,6.391582079E-3
3.584023387E1,-3.328948980E-3,4.660528619E-3,4.261054564E-3
3.585019257E1,4.127896391E-3,8.921583183E-3,4.261054564E-3
3.586015955E1,-6.524739787E-3,5.725792143E-3,2.130527282E-3
3.587011710E1,-1.331579551E-4,2.530001104E-3,2.130527282E-3
3.588008309E1,-1.331579551E-4,1.464737463E-3,-0.000000000E0
3.589006585E1,-3.328948980E-3,-1.731053460E-3,-5.326318089E-3
3.590003356E1,-2.263685223E-3,3.994738800E-4,-6.391582079E-3
3.590999424E1,-1.198421582E-3,3.994738800E-4,-7.456845604E-3
3.591996122E1,-4.394212738E-3,-6.657897611E-4,-6.391582079E-3
3.592992455E1,-1.198421582E-3,1.464737463E-3,-1.065263618E-2
3.593989111E1,-1.198421582E-3,2.530001104E-3,-1.171789970E-2
3.594986570E1,-2.263685223E-3,2.530001104E-3,-1.278316416E-2
3.595983309E1,9.321057005E-4,1.464737463E-3,-1.171789970E-2
3.596979346E1,9.321057005E-4,2.530001104E-3,-9.587372653E-3
3.597976018E1,-4.394212738E-3,7.856319658E-3,-8.522109129E-3
3.598971736E1,3.062632866E-3,1.424790081E-2,-8.522109129E-3
3.599968309E1,3.062632866E-3,2.277000993E-2,-3.195791040E-3
3.600966424E1,-1.331579551E-4,1.850895584E-2,-2.130527282E-3
3.601963153E1,6.258423906E-3,1.744369231E-2,-0.000000000E0
3.602959721E1,-1.198421582E-3,1.531316526E-2,-7.456845604E-3
3.603956429E1,3.062632866E-3,1.637842879E-2,-1.597895473E-2
3.604952533E1,6.258423906E-3,1.957421936E-2,-2.237053588E-2
3.605949179E1,1.997369342E-3,1.850895584E-2,-2.343579940E-2
3.606946528E1,1.997369342E-3,1.744369231E-2,-2.769685537E-2
3.607943247E1,3.062632866E-3,1.424790081E-2,-2.876211889E-2
3.608940429E1,1.997369342E-3,9.986846708E-3,-2.982738242E-2
3.609937195E1,7.323687430E-3,4.660528619E-3,-3.621896356E-2
3.610932111E1,7.323687430E-3,3.994738800E-4,-3.728422895E-2
3.611928690E1,-6.524739787E-3,-1.731053460E-3,-3.408843651E-2
3.612925585E1,-4.394212738E-3,-1.731053460E-3,-3.408843651E-2
3.613922190E1,-2.263685223E-3,2.530001104E-3,-3.302317113E-2
3.614920768E1,-5.459476262E-3,4.660528619E-3,-2.876211889E-2
3.615917575E1,-2.263685223E-3,3.595264861E-3,-2.663159184E-2
3.616914851E1,-6.524739787E-3,-2.796316985E-3,-2.237053588E-2
3.617911700E1,-1.078579482E-2,-5.992108025E-3,-2.237053588E-2
3.618908549E1,-1.078579482E-2,-3.861580743E-3,-2.876211889E-2
3.619905398E1,-1.078579482E-2,3.994738800E-4,-3.941475600E-2
3.620902268E1,-1.398158539E-2,4.660528619E-3,-4.367581010E-2
3.621899117E1,-1.078579482E-2,1.464737463E-3,-4.154528305E-2
3.622895382E1,-1.504684892E-2,-5.992108025E-3,-3.834949061E-2
3.623892174E1,-1.611211337E-2,-1.344895363E-2,-4.474107176E-2
3.624884799E1,-2.143843099E-2,-1.131842658E-2,-9.693899006E-2
3.625881169E1,9.361004084E-2,3.981423005E-2,-3.046653867E-1
3.626882330E1,4.886896908E-2,7.856319658E-3,-2.514022291E-1
3.627879184E1,-2.355564237E-1,-7.936213911E-2,-1.906821877E-1
3.628875039E1,2.031990439E-1,-4.434159771E-2,-2.460758984E-1
3.629871788E1,-6.511423737E-2,-9.321057051E-2,-2.780338228E-1
3.630868314E1,-1.748363972E-1,-9.960214794E-2,-2.822948694E-1
3.631865044E1,2.255695760E-1,-1.557948068E-2,-3.972101808E-1
3.632859856E1,-6.524739787E-3,-5.073318258E-2,-4.813660085E-1
3.633856393E1,-1.428784877E-1,-8.894951642E-2,-4.973449707E-1
3.634853539E1,1.234374270E-1,-8.468846232E-2,-4.845618010E-1
3.635850132E1,-1.930790395E-2,-1.027979404E-1,-4.344944060E-1
3.636847554E1,-1.343563795E-1,-1.081242561E-1,-4.302333593E-1
3.637844231E1,1.340900660E-1,-4.221107066E-2,-3.929491341E-1
3.638841153E1,-2.996053919E-2,-5.805686861E-2,-3.503385782E-1
3.639837851E1,-3.954791278E-2,-5.179844424E-2,-3.004043400E-1
3.640833351E1,7.230477035E-2,-4.114580899E-2,-2.801643312E-1
3.641829929E1,-1.198421582E-3,-6.338318437E-2,-2.588590682E-1
3.642827231E1,-3.848264739E-2,-7.084003091E-2,-2.407495826E-1
3.643823882E1,4.673844203E-2,-5.179844424E-2,-2.460758984E-1
3.644821731E1,-2.263685223E-3,-6.657897681E-2,-2.556632757E-1
3.645818502E1,-2.889527567E-2,-8.255793154E-2,-2.460758984E-1
3.646813247E1,1.478053257E-2,-8.255793154E-2,-2.428801060E-1
3.647809809E1,-6.524739787E-3,-9.001477808E-2,-2.364885211E-1
3.648808257E1,-1.930790395E-2,-1.038632020E-1,-2.162485123E-1
3.649805007E1,2.543316968E-2,-9.747162461E-2,-2.002695650E-1
3.650801294E1,6.258423906E-3,-1.027979404E-1,-1.725727171E-1
3.651797997E1,-1.930790395E-2,-1.123853177E-1,-1.661811322E-1
3.652795216E1,3.395527974E-2,-1.038632020E-1,-1.512674391E-1
3.653791971E1,-2.263685223E-3,-1.038632020E-1,-1.565937549E-1
3.654787090E1,-1.331579551E-4,-9.534109384E-2,-1.704421788E-1
3.655783679E1,2.436790615E-2,-7.936213911E-2,-1.864211410E-1
3.656782143E1,-2.263685223E-3,-8.255793154E-2,-1.928127259E-1
3.657778919E1,5.193160381E-3,-8.681898564E-2,-1.928127259E-1
3.658775226E1,1.691105962E-2,-9.108003974E-2,-1.992042959E-1
3.659771955E1,-1.331579551E-4,-9.640636295E-2,-2.279664129E-1
3.660767466E1,1.371526904E-2,-9.853688627E-2,-2.684464455E-1
3.661764070E1,1.691105962E-2,-9.747162461E-2,-3.217096329E-1
3.662762507E1,1.584579609E-2,-1.038632020E-1,-3.727091253E-1
3.663759294E1,2.756369673E-2,-1.049284711E-1,-4.217112362E-1
3.664753731E1,5.193160381E-3,-1.166463718E-1,-4.632565379E-1
3.665750278E1,-7.590003312E-3,-1.272990108E-1,-4.760396779E-1
3.666746523E1,8.388951421E-3,-1.304948032E-1,-5.026713014E-1
3.667743044E1,9.454214945E-3,-1.272990108E-1,-5.261070728E-1
3.668740091E1,-2.037316747E-2,-1.315600574E-1,-5.388902426E-1
3.669736664E1,1.797632314E-2,-1.262337416E-1,-5.367597342E-1
3.670734549E1,1.691105962E-2,-1.209074259E-1,-5.165197253E-1
3.671731252E1,-4.394212738E-3,-1.155811027E-1,-4.941491783E-1
3.672728914E1,1.371526904E-2,-1.113200486E-1,-4.685828388E-1
3.673725710E1,1.051947847E-2,-1.145158410E-1,-4.334291518E-1
3.674722007E1,-1.611211337E-2,-1.177116334E-1,-3.897533417E-1
3.675718752E1,1.797632314E-2,-1.145158410E-1,-3.599259555E-1
3.676714455E1,1.478053257E-2,-1.145158410E-1,-3.450122476E-1
3.677711096E1,-6.524739787E-3,-1.251684725E-1,-3.237069845E-1
3.678710570E1,3.289001435E-2,-1.251684725E-1,-3.046653867E-1
3.679707497E1,8.828372508E-2,-1.219726875E-1,-2.844253778E-1
3.680703841E1,3.395527974E-2,-1.390169114E-1,-2.652506530E-1
3.681700710E1,4.460791498E-2,-1.528653353E-1,-2.450106442E-1
3.682695148E1,3.289001435E-2,-1.656484902E-1,-2.343579978E-1
3.683691768E1,1.904158667E-2,-1.794969290E-1,-2.183790505E-1
3.684690356E1,1.584579609E-2,-1.858884990E-1,-2.087916732E-1
3.685687174E1,9.454214945E-3,-1.954758763E-1,-2.077264041E-1
3.686682492E1,2.969422378E-2,-1.997369379E-1,-2.098569423E-1
3.687679158E1,4.993423447E-2,-2.061285079E-1,-2.055958807E-1
3.688677226E1,1.371526904E-2,-2.167811543E-1,-2.002695650E-1
3.689674033E1,3.715106845E-2,-2.157158852E-1,-1.960085034E-1
3.690668789E1,5.632581562E-2,-2.157158852E-1,-1.778990328E-1
3.691665387E1,2.436790615E-2,-2.231727391E-1,-1.523326933E-1
3.692663679E1,-7.683213800E-2,-2.487390637E-1,-1.395495385E-1
3.693660450E1,4.247738793E-2,-2.391516864E-1,-1.384842694E-1
3.694655830E1,1.458079666E-1,-2.157158852E-1,-1.438105851E-1
3.695652455E1,-4.700475931E-2,-2.444780022E-1,-1.331579536E-1
3.696649960E1,-3.635212034E-2,-2.561959028E-1,-1.342232227E-1
3.697646674E1,6.697845459E-2,-2.487390637E-1,-1.459411234E-1
3.698645111E1,6.258423906E-3,-2.593916953E-1,-1.384842694E-1
3.699642002E1,-2.783001214E-2,-2.657832801E-1,-1.438105851E-1
3.700635731E1,7.763108611E-2,-2.530001104E-1,-1.651158631E-1
3.701632299E1,7.763108611E-2,-2.444780022E-1,-1.597895473E-1
3.702628533E1,8.402267098E-2,-2.231727391E-1,-1.448758543E-1
3.703625064E1,3.821633384E-2,-2.082590461E-1,-8.309056610E-2
3.704624752E1,-2.143843099E-2,-1.997369379E-1,-9.587372653E-3
3.705621601E1,-2.356895804E-2,-1.890842915E-1,7.456845790E-2
3.706616637E1,2.543316968E-2,-1.613874435E-1,1.608548164E-1
3.707613304E1,2.149169445E-1,-1.081242561E-1,2.533995807E-1
3.708608783E1,1.255679578E-1,-9.108003974E-2,2.970753908E-1
3.709605330E1,-2.143843099E-2,-8.575372398E-2,3.524691164E-1
3.710601252E1,-3.209106624E-2,-6.338318437E-2,4.419512451E-1
3.711597731E1,7.656582445E-2,-2.942790836E-2,5.516734123E-1
3.712597914E1,1.478053257E-2,-1.238369010E-2,6.645913720E-1
3.713594768E1,1.797632314E-2,3.235738352E-2,7.508777380E-1
3.714591216E1,-4.700475931E-2,6.857634336E-2,7.933551073E-1
3.715588028E1,-1.354216337E-1,8.668582886E-2,8.103992939E-1
3.716583007E1,-1.398158539E-2,1.175784767E-1,7.890940309E-1
3.717579637E1,-2.263685223E-3,1.250353158E-1,7.688540220E-1
3.718577512E1,-1.940111369E-1,9.307741374E-2,7.709845304E-1
3.719574262E1,-1.428784877E-1,9.094688296E-2,7.635276914E-1
3.720569559E1,4.354264960E-2,1.133174226E-1,7.603319287E-1
3.721566164E1,-1.695100814E-1,8.988162130E-2,7.677887678E-1
3.722562346E1,-1.396826953E-1,1.026647836E-1,7.306377292E-1
3.723558908E1,8.402267098E-2,1.335574239E-1,6.816355586E-1
3.724555710E1,3.075948730E-2,1.218395308E-1,6.390250325E-1
3.725552294E1,-3.848264739E-2,9.840372950E-2,5.900229216E-1
3.726548867E1,-1.066595241E-1,6.111950055E-2,5.644565821E-1
3.727545445E1,-1.247690022E-1,1.957421936E-2,5.378249884E-1
3.728544846E1,-8.109319210E-2,3.595264861E-3,4.717786312E-1
3.729541710E1,1.051947847E-2,3.994738800E-4,3.705785871E-1
3.730539278E1,1.607216448E-1,-5.992108025E-3,2.725743353E-1
3.731536216E1,-1.343563795E-1,-9.214530140E-2,2.109221965E-1
3.732530690E1,4.034686089E-2,-1.017326787E-1,1.502021700E-1
3.733527377E1,1.808284968E-1,-9.321057051E-2,8.522108942E-2
3.734526002E1,-1.343563795E-1,-1.272990108E-1,2.024000883E-2
3.735522882E1,1.468732208E-1,-5.379581451E-2,-2.982738242E-2
3.736524559E1,6.697845459E-2,-4.327633604E-2,-4.048001766E-2
3.737521924E1,-7.896266878E-2,-6.870950758E-2,-2.343579940E-2
3.738517450E1,1.893506050E-1,-1.344895363E-2,3.195791040E-3
3.739514627E1,-4.593949392E-2,-8.122635074E-3,4.900212586E-2
3.740507174E1,-3.079943359E-1,-2.410159074E-2,8.309056610E-2
3.741503887E1,3.289001435E-2,3.661843762E-2,1.331579536E-1
3.742496815E1,1.330247968E-1,7.070687413E-2,1.864211410E-1
3.743493143E1,-8.428898454E-2,6.644582003E-2,2.331595868E-1
3.744493148E1,1.158474199E-2,9.946899116E-2,2.704437971E-1
3.745489846E1,-1.535311192E-1,7.177213579E-2,2.906838059E-1
3.746486992E1,-7.789740711E-2,6.857634336E-2,3.407512009E-1
3.747483731E1,3.928159550E-2,9.414267540E-2,3.737743795E-1
3.748480309E1,-4.380896688E-2,9.201214463E-2,4.249070287E-1
3.749477033E1,-4.700475931E-2,9.414267540E-2,4.920186400E-1
3.750473158E1,-2.676474862E-2,1.015995219E-1,5.569997430E-1
3.751469825E1,-2.025332451E-1,9.094688296E-2,5.751091838E-1
3.752465919E1,-7.470161468E-2,1.218395308E-1,6.060018539E-1
3.753462523E1,-5.978792161E-2,1.239700541E-1,6.390250325E-1
3.754459596E1,7.337003201E-2,1.442100704E-1,6.773745418E-1
3.755456247E1,9.361004084E-2,1.655153334E-1,6.763092279E-1
3.756451476E1,-1.290300637E-1,1.399490088E-1,6.901576519E-1
3.757447981E1,-1.503353268E-1,1.303616315E-1,7.103977203E-1
3.758444429E1,9.041424841E-2,1.921469271E-1,7.317029834E-1
3.759440929E1,-9.920267761E-2,1.868206114E-1,7.391598225E-1
3.760437309E1,2.436790615E-2,2.134522051E-1,7.498124242E-1
3.761433799E1,1.319595277E-1,2.251701057E-1,7.582014203E-1
3.762430440E1,-1.002679393E-1,1.985385120E-1,7.603319287E-1
3.763426940E1,-4.274370521E-2,2.464753687E-1,7.050713897E-1
3.764423992E1,-5.659212917E-2,2.613890767E-1,7.061366439E-1
3.765420544E1,-1.109205782E-1,2.539322078E-1,6.805703044E-1
3.766418809E1,4.673844203E-2,2.571280003E-1,6.560692191E-1
3.767415539E1,5.193160381E-3,2.198437899E-1,6.390250325E-1
3.768411882E1,-2.783001214E-2,2.006690353E-1,5.857618451E-1
3.769408570E1,-7.576687634E-2,1.868206114E-1,5.122586489E-1
3.770404007E1,-8.655266836E-3,1.687111259E-1,4.376901984E-1
3.771400565E1,-6.937529147E-2,1.367532164E-1,3.482080400E-1
3.772399200E1,9.321057005E-4,1.452753246E-1,2.502037883E-1
3.773395971E1,-1.013332009E-1,1.186437383E-1,1.555284858E-1
3.774391481E1,-9.813741595E-2,8.668582886E-2,9.267793596E-2
3.775388122E1,-4.274370521E-2,7.816372067E-2,2.663159184E-2
3.776385466E1,-2.143843099E-2,7.177213579E-2,-6.924213469E-2
3.777382179E1,-2.355564237E-1,1.637842879E-2,-1.693769246E-1
3.778378976E1,9.321057005E-4,4.407528415E-2,-2.673811615E-1
3.779375695E1,-3.328948980E-3,6.325002760E-2,-3.748396337E-1
3.780372408E1,-3.954791278E-2,5.792371184E-2,-4.792354703E-1
3.781369127E1,2.223737910E-2,4.407528415E-2,-5.697829127E-1
3.782364903E1,-1.013332009E-1,3.994738800E-4,-6.603302956E-1
3.783361528E1,-8.535424620E-2,-2.729738131E-2,-7.732482553E-1
3.784358768E1,3.075948730E-2,-5.379581451E-2,-8.201198578E-1
3.785355450E1,-7.257108390E-2,-7.616634667E-2,-8.595346212E-1
3.786353179E1,-4.700475931E-2,-7.510108501E-2,-9.073383212E-1
3.787349966E1,-6.617950648E-2,-6.657897681E-2,-9.755151868E-1
3.788346294E1,-1.279647946E-1,-8.788424730E-2,-1.044757366E0
3.789343033E1,-1.524658650E-1,-1.390169114E-1,-1.037300467E0
3.790339387E1,6.378266215E-2,-1.123853177E-1,-9.627320170E-1
3.791336085E1,-7.590003312E-3,-1.209074259E-1,-9.392961860E-1
3.792332601E1,8.934898674E-2,-9.853688627E-2,-9.020119905E-1
3.793329283E1,-1.492700726E-1,-1.347558498E-1,-9.297088385E-1
3.794326064E1,-2.792322338E-1,-1.763011366E-1,-9.648625255E-1
3.795322752E1,1.181111038E-1,-1.379516423E-1,-9.030772448E-1
3.796319174E1,6.271740049E-2,-1.347558498E-1,-7.849661708E-1
3.797315830E1,-1.364869028E-1,-1.272990108E-1,-7.061366439E-1
3.798312617E1,9.680583328E-2,-6.764423847E-2,-6.422207952E-1
3.799309288E1,7.123950869E-2,-6.764423847E-2,-6.198502779E-1
3.800305643E1,-8.002793044E-2,-9.108003974E-2,-5.740439296E-1
3.801302283E1,-4.394212738E-3,-1.006674170E-1,-4.717786312E-1
3.802298851E1,1.479384899E-1,-7.616634667E-2,-3.375554085E-1
3.803295481E1,6.484792382E-2,-7.297056168E-2,-1.885516644E-1
3.804292757E1,-1.930790395E-2,-7.829687744E-2,-9.800425172E-2
3.805289450E1,-1.226384789E-1,-9.427583218E-2,-1.384842768E-2
3.806286575E1,-2.004027218E-1,-7.829687744E-2,7.350318879E-2
3.807283309E1,2.607232630E-1,7.856319658E-3,1.938779801E-1
3.808279945E1,1.904158667E-2,-4.434159771E-2,3.173153996E-1
3.809276669E1,-1.077247858E-1,-9.427583218E-2,3.982754350E-1
3.810273590E1,2.649843395E-1,-3.049317189E-2,5.356944799E-1
3.811270335E1,4.684496820E-1,6.325002760E-2,6.613955498E-1
3.812267080E1,2.223737910E-2,4.407528415E-2,7.072018981E-1
3.813263820E1,-1.185105834E-2,6.751108170E-2,7.582014203E-1
3.814260247E1,-3.315633163E-2,9.414267540E-2,8.306393027E-1
3.815256960E1,-6.191844866E-2,1.058605760E-1,8.945551515E-1
3.816253825E1,-5.459476262E-3,1.484711170E-1,8.934898973E-1
3.817250549E1,-1.929458827E-1,1.410142779E-1,8.743151426E-1
3.818246835E1,-1.567269117E-1,1.782985032E-1,8.072035313E-1
3.819243518E1,-2.035985142E-1,1.729721874E-1,7.539403439E-1
3.820240309E1,-1.396826953E-1,1.751027107E-1,6.741787195E-1
3.821236997E1,-8.109319210E-2,1.410142779E-1,6.145239472E-1
3.822233752E1,-9.600688517E-2,1.133174226E-1,5.239765644E-1
3.823230445E1,-1.258342713E-1,7.603318989E-2,4.206459820E-1
3.824226976E1,-4.167843983E-2,7.283740491E-2,3.418164849E-1
3.825223653E1,-1.322258562E-1,5.685844645E-2,2.363553643E-1
3.826220434E1,-6.937529147E-2,6.431528926E-2,1.544632316E-1
3.827217122E1,1.691105962E-2,7.496792823E-2,9.693899006E-2
3.828213830E1,-2.291648388E-1,5.898897350E-2,3.195791040E-3
3.829210518E1,-1.759016514E-1,9.094688296E-2,-7.563371956E-2
3.830207236E1,-3.635212034E-2,1.239700541E-1,-1.363537461E-1
3.831203924E1,-2.025332451E-1,9.946899116E-2,-2.098569423E-1
3.832200882E1,2.756369673E-2,1.282311082E-1,-2.897517085E-1
3.833197601E1,9.574057162E-2,1.218395308E-1,-3.386206925E-1
3.834193809E1,-1.940111369E-1,7.283740491E-2,-4.195807278E-1
3.835190476E1,-1.972069293E-1,5.046686530E-2,-5.207807422E-1
3.836187304E1,-3.079943359E-1,-1.664474420E-2,-5.676523447E-1
3.837183986E1,-5.826992393E-1,-8.788424730E-2,-6.166545153E-1
3.838180549E1,5.664539337E-1,1.026647836E-1,-6.091976166E-1
3.839177216E1,5.334307551E-1,9.201214463E-2,-6.145239472E-1
3.840174408E1,-6.380929351E-1,-4.860265180E-2,-8.934898973E-1
3.841171127E1,-5.765739456E-2,-9.747162461E-2,-9.371656775E-1
3.842166752E1,9.189230204E-1,-1.771000773E-2,-8.478167057E-1
3.843163356E1,4.780370742E-2,-1.379516423E-1,-8.615319729E-1
3.844160710E1,-3.941475451E-1,-1.954758763E-1,-8.488819599E-1
3.845157393E1,2.181127369E-1,-1.038632020E-1,-8.700540662E-1
3.846153966E1,2.042642981E-1,-9.640636295E-2,-8.924246430E-1
3.847150637E1,-2.536658943E-1,-1.581916511E-1,-9.179909229E-1
3.848147700E1,-4.623244107E-1,-2.018674612E-1,-9.339699149E-1
3.849144408E1,-1.450090110E-1,-1.699095517E-1,-8.849677444E-1
3.850141257E1,7.656582445E-2,-1.379516423E-1,-8.668583035E-1
3.851137981E1,-4.495412707E-1,-2.274337858E-1,-9.041424990E-1
3.852133773E1,3.821633384E-2,-1.677790284E-1,-8.913593292E-1
3.853130403E1,1.829590350E-1,-1.613874435E-1,-8.743151426E-1
3.854126690E1,-3.941475451E-1,-2.348906398E-1,-9.467530847E-1
3.855123283E1,-2.302301079E-1,-2.530001104E-1,-9.808415174E-1
3.856123533E1,1.383511126E-1,-2.348906398E-1,-9.084035754E-1
3.857120497E1,-4.324970245E-1,-3.520696461E-1,-8.478167057E-1
3.858116872E1,3.928159550E-2,-2.167811543E-1,-8.201198578E-1
3.859113773E1,4.769718051E-1,-9.001477808E-2,-8.574040532E-1
3.860109716E1,-3.090596199E-1,-1.794969290E-1,-9.595362544E-1
3.861106518E1,2.564622164E-1,-1.411474347E-1,-9.776456952E-1
3.862103179E1,8.635293245E-1,-1.070589945E-1,-8.233156204E-1
3.863099966E1,8.295740932E-2,-2.082590461E-1,-7.338334918E-1
3.864096867E1,-3.484743834E-1,-2.806969583E-1,-6.677871346E-1
3.865093664E1,3.161169887E-1,-2.018674612E-1,-6.475471258E-1
3.866090382E1,-9.174583107E-2,-2.966759205E-1,-6.251766086E-1
3.867087169E1,4.567318037E-2,-2.838927507E-1,-5.825660825E-1
3.868083247E1,5.930855274E-1,-1.645832360E-1,-5.410207510E-1
3.869079966E1,-2.195774615E-1,-2.668485343E-1,-4.898881316E-1
3.870076351E1,-7.701855898E-1,-3.531349003E-1,-5.580649972E-1
3.871073033E1,7.953524590E-1,-1.613874435E-1,-5.580649972E-1
3.872067716E1,6.229129434E-1,-2.242379934E-1,-4.973449707E-1
3.873064195E1,-4.197138846E-1,-3.211769760E-1,-4.930838943E-1
3.874061908E1,2.330264151E-1,-2.530001104E-1,-4.707133770E-1
3.875058507E1,4.918854833E-1,-2.274337858E-1,-3.865575492E-1
3.876054872E1,-4.559328258E-1,-3.435475230E-1,-2.982738316E-1
3.877051450E1,-2.238385230E-1,-3.360906839E-1,-2.311622053E-1
3.878048872E1,2.000032514E-1,-2.572611570E-1,-2.737727463E-1
3.879045528E1,-2.302301079E-1,-2.806969583E-1,-3.641870022E-1
3.880041940E1,-2.099900991E-1,-2.689790726E-1,-3.652522564E-1
3.881038575E1,1.042626798E-1,-2.221074700E-1,-3.418164849E-1
3.882034335E1,-6.617950648E-2,-2.615222335E-1,-3.089264631E-1
3.883030882E1,-2.387522161E-1,-3.083938360E-1,-2.588590682E-1
3.884028997E1,2.660495937E-1,-2.284990549E-1,-2.194443047E-1
3.885025700E1,2.138516754E-1,-2.103895694E-1,-1.565937549E-1
3.886021591E1,2.756369710E-1,-1.496695429E-1,-1.054610983E-1
3.887018210E1,-5.459476262E-3,-1.454084814E-1,-6.285055727E-2
3.888015632E1,-8.535424620E-2,-1.368863732E-1,-5.432844535E-2
3.889012330E1,2.127864063E-1,-1.251684725E-1,1.171789970E-2
3.890009132E1,4.471444190E-1,-1.155811027E-1,1.097221524E-1
3.891005840E1,5.632581562E-2,-1.422126889E-1,1.459411234E-1
3.892001570E1,-3.037332892E-1,-1.880190372E-1,1.171789989E-1
3.892998174E1,5.739107728E-2,-1.486042738E-1,5.752423778E-2
3.893995976E1,4.982770681E-1,-9.001477808E-2,1.001347825E-1
3.894992705E1,-5.126581341E-2,-1.752358675E-1,1.757684946E-1
3.895988950E1,-2.153164148E-1,-2.061285079E-1,2.034653574E-1
3.896985627E1,1.074584723E-1,-1.635179669E-1,1.789642870E-1
3.897982596E1,3.821633384E-2,-1.794969290E-1,1.384842694E-1
3.898979299E1,5.419528857E-2,-2.039979845E-1,1.757684946E-1
3.899976111E1,2.181127369E-1,-2.125200927E-1,2.342248410E-1
3.900972830E1,-3.271690905E-1,-2.966759205E-1,2.470080107E-1
3.901969440E1,-2.057290375E-1,-2.689790726E-1,2.448774725E-1
3.902966143E1,3.395527899E-1,-1.741705984E-1,3.002711833E-1
3.903962976E1,-5.659212917E-2,-2.061285079E-1,3.940143883E-1
3.904959695E1,6.258423906E-3,-1.656484902E-1,4.707133770E-1
3.905956252E1,1.394163817E-1,-1.134505793E-1,5.538039207E-1
3.906952950E1,-1.769669205E-1,-1.336905807E-1,6.390250325E-1
3.907949762E1,4.886896908E-2,-8.894951642E-2,7.221155763E-1
3.908946476E1,3.427485824E-1,-2.942790836E-2,7.922898531E-1
3.909942731E1,-8.322372288E-2,-7.084003091E-2,8.423572183E-1
3.910939398E1,-7.150582224E-2,-5.179844424E-2,8.913593292E-1
3.911936643E1,3.981422782E-1,6.325002760E-2,9.520793557E-1
3.912933367E1,-7.590003312E-3,6.644582003E-2,1.014929891E0
3.913929664E1,-2.813627720E-1,5.579318479E-2,1.066062570E0
3.914926341E1,-1.375521719E-1,6.111950055E-2,1.067127824E0
3.915922981E1,3.062632866E-3,6.538055837E-2,1.055409908E0
3.916919653E1,4.673844203E-2,7.283740491E-2,1.052214146E0
3.917916861E1,3.075948656E-1,1.569932252E-1,1.038365722E0
3.918913585E1,1.872200817E-1,1.996037811E-1,1.031974196E0
3.919909867E1,-1.748363972E-1,1.942774504E-1,1.008538365E0
3.920906549E1,-3.824296594E-1,1.729721874E-1,9.669930935E-1
3.921902127E1,2.724411786E-1,2.613890767E-1,9.318393469E-1
3.922898695E1,5.131907463E-1,2.901511788E-1,8.849677444E-1
3.923897033E1,-3.611243665E-1,2.230395675E-1,8.103992939E-1
3.924893778E1,-6.647245288E-1,1.751027107E-1,7.295724154E-1
3.925889882E1,4.982770681E-1,3.103911877E-1,7.008103132E-1
3.926886565E1,1.521995366E-1,1.974732429E-1,7.103977203E-1
3.927883512E1,-1.285640001E0,3.235738352E-2,7.029408216E-1
3.928880216E1,2.767022252E-1,2.571280003E-1,6.081323624E-1
3.929876820E1,1.272457361E0,3.444796205E-1,4.664523304E-1
3.930873512E1,-1.770201802E0,8.349003643E-2,4.195807278E-1
3.931870471E1,-4.207791388E-1,1.484711170E-1,4.004059732E-1
3.932867195E1,2.228930950E0,4.297007322E-1,2.981406748E-1
3.933863695E1,1.223721579E-1,2.155827284E-1,2.512690723E-1
3.934860393E1,-2.537990570E0,1.424790081E-2,1.406148076E-1
3.935857346E1,2.351569533E-1,1.804290265E-1,8.948214352E-2
3.936854070E1,1.795368671E0,3.519364893E-1,1.789642870E-1
3.937850783E1,-7.470161468E-2,1.687111259E-1,1.065263674E-1
3.938847507E1,-8.617982864E-1,9.733846784E-2,3.834949061E-2
3.939844242E1,5.877591968E-1,2.581932843E-1,3.089264594E-2
3.940840966E1,2.958769798E-1,2.038648278E-1,-5.965476483E-2
3.941837565E1,-1.357012749E0,7.177213579E-2,-1.842906028E-1
3.942834268E1,-8.799077868E-1,6.325002760E-2,-2.322274745E-1
3.943831064E1,7.102645040E-1,2.070606202E-1,-1.565937549E-1
3.944827783E1,5.898897648E-1,1.910816729E-1,-5.752423778E-2
3.945824851E1,-6.524739787E-3,9.414267540E-2,-1.299621612E-1
3.946821601E1,-2.323606312E-1,8.881635964E-2,-2.577938139E-1
3.947817846E1,4.908202291E-1,2.368880063E-1,-3.025348783E-1
3.948814544E1,1.109605193E0,2.027995586E-1,-5.378249884E-1
3.949810851E1,-1.247690022E-1,2.063948289E-2,-7.434208393E-1
3.950807507E1,-1.442100644E0,-1.272990108E-1,-6.539387107E-1
3.951805200E1,9.199883342E-1,1.782985032E-1,-5.197154880E-1
3.952801966E1,1.655952334E0,2.123869359E-1,-6.091976166E-1
3.953798169E1,-5.613939166E-1,-1.344895363E-2,-6.816355586E-1
3.954794872E1,-1.062999964E0,-1.017326787E-1,-7.029408216E-1
3.955792653E1,1.125584245E0,1.964079887E-1,-7.103977203E-1
3.956789466E1,7.740471959E-1,9.307741374E-2,-7.061366439E-1
3.957784617E1,-6.455497742E-1,-7.510108501E-2,-7.402250767E-1
3.958781257E1,-1.588574350E-1,-7.510108501E-2,-7.327682376E-1
3.959778507E1,1.126649499E0,1.218395308E-1,-6.379597783E-1
3.960775210E1,4.684496820E-1,1.850895584E-2,-7.114629745E-1
3.961770169E1,-2.664490640E-1,-4.647212476E-2,-7.679219246E-1
3.962766695E1,8.209187984E-1,5.366265774E-2,-7.391598225E-1
3.963763273E1,3.906854391E-1,-4.860265180E-2,-7.327682376E-1
3.964759804E1,-1.230246305E0,-2.380864173E-1,-7.029408216E-1
3.965758997E1,2.170474678E-1,-9.001477808E-2,-5.751091838E-1
3.966755794E1,1.963680387E0,9.094688296E-2,-5.239765644E-1
3.967752273E1,2.351569533E-1,-8.788424730E-2,-4.408859909E-1
3.968749039E1,2.553969622E-1,-2.623211779E-2,-4.185154438E-1
3.969743804E1,1.522794366E0,1.495363861E-1,-5.175849795E-1
3.970740367E1,2.926811874E-1,1.318263728E-2,-5.761744976E-1
3.971737262E1,-7.201182246E-1,-1.581916511E-1,-5.506081581E-1
3.972733861E1,-2.664490640E-1,-2.668485343E-1,-4.163849354E-1
3.973729981E1,-1.577921808E-1,-2.668485343E-1,-2.450106442E-1
3.974726523E1,-2.302301079E-1,-1.997369379E-1,-2.024000883E-2
3.975723752E1,6.335655451E-1,8.921583183E-3,1.736379713E-1
3.976720367E1,1.660479754E-1,4.407528415E-2,2.427469492E-1
3.977719945E1,-4.495412707E-1,3.129211813E-2,2.970753908E-1
3.978716861E1,2.245043069E-1,1.431448013E-1,4.036017656E-1
3.979713294E1,4.993423223E-1,1.047953144E-1,4.398207366E-1
3.980710158E1,-1.386174262E-1,-4.647212476E-2,3.364901543E-1
3.981706664E1,-7.041392922E-1,-5.805686861E-2,2.619217038E-1
3.982703492E1,-3.328948980E-3,4.407528415E-2,3.013364673E-1
3.983701429E1,-2.845585644E-1,7.856319658E-3,3.833617568E-1
3.984698367E1,-1.266465306E0,-9.108003974E-2,4.611259997E-1
3.985693773E1,-6.988129616E-1,-4.753739014E-2,5.591302514E-1
3.986690554E1,-1.331579551E-4,4.514054582E-2,6.134586930E-1
3.987684351E1,8.858999014E-1,9.414267540E-2,8.370308876E-1
3.988680830E1,3.896201849E-1,1.531316526E-2,8.285087943E-1
3.989679137E1,3.086601496E-1,1.559279710E-1,5.335639119E-1
3.990675799E1,1.724395454E-1,2.571280003E-1,3.407512009E-1
3.991672960E1,-3.898864985E-1,1.601890177E-1,3.237069845E-1
3.992669674E1,-9.202546477E-1,6.538055837E-2,2.928143442E-1
3.993664497E1,-3.250385821E-1,9.201214463E-2,3.769701719E-1
3.994661018E1,2.596580088E-1,6.538055837E-2,5.271723270E-1
3.995660346E1,-3.367564678E-1,-4.221107066E-2,6.273071170E-1
3.996657148E1,-1.620532274E-1,5.259739235E-2,5.527386665E-1
3.997652976E1,3.182475269E-1,2.539322078E-1,4.920186400E-1
3.998649679E1,4.577970505E-1,2.826943398E-1,4.291680753E-1
3.999645231E1,2.713759243E-1,1.708416492E-1,2.533995807E-1
4.000641815E1,-5.198486447E-1,1.229047924E-1,6.178529188E-2
4.001638731E1,-3.962780833E-1,1.154479459E-1,4.687159881E-2
4.002635351E1,8.645945787E-1,2.017343044E-1,7.456845604E-3
4.003635799E1,-3.675159514E-1,-1.344895363E-2,-1.299621612E-1
4.004632799E1,-1.365534782E0,-1.304948032E-1,-1.406148076E-1
4.005627882E1,6.878939867E-1,1.900164038E-1,-2.173137814E-1
4.006624690E1,-3.848264739E-2,1.378184855E-1,-4.366249442E-1
4.007619205E1,-7.936214209E-1,3.994738800E-4,-5.090628862E-1
4.008615783E1,8.209187984E-1,1.207742617E-1,-4.952144325E-1
4.009613627E1,8.912261724E-1,5.685844645E-2,-5.655218363E-1
4.010610330E1,-1.370861173E0,-1.209074259E-1,-7.359640002E-1
4.011605257E1,-8.820382953E-1,-1.763011366E-1,-6.954839826E-1
4.012601783E1,1.546230197E0,8.988162130E-2,-6.155892015E-1
4.013601851E1,1.957421899E-1,-6.444845349E-2,-6.486123800E-1
4.014598731E1,-1.175917864E0,-1.752358675E-1,-6.219807863E-1
4.015592393E1,3.640538454E-1,-1.344895363E-2,-5.601955056E-1
4.016588950E1,8.368977308E-1,3.994738800E-4,-5.655218363E-1
4.017586809E1,-7.041392922E-1,-1.432779580E-1,-5.591302514E-1
4.018583497E1,-8.660593629E-1,-2.199769467E-1,-5.293028951E-1
4.019579314E1,8.997483253E-1,-4.008054361E-2,-5.090628862E-1
4.020575914E1,8.912261724E-1,-4.008054361E-2,-4.792354703E-1
4.021570502E1,2.841590643E-1,-7.723161578E-2,-3.599259555E-1
4.022566893E1,9.455546141E-1,-1.731053460E-3,-2.109221965E-1
4.023564247E1,4.673844278E-1,-1.379516423E-1,-1.917474531E-2
4.024560736E1,-9.490167499E-1,-2.775011659E-1,-4.367581010E-2
4.025559773E1,-4.420844018E-1,-1.198421568E-1,-1.491369158E-1
4.026556523E1,4.854938984E-1,1.186437383E-1,-2.993390858E-1
4.027554575E1,-4.026696682E-1,-6.764423847E-2,-2.556632757E-1
4.028551450E1,6.197171211E-1,1.744369231E-2,-1.320926845E-1
4.029545507E1,6.484792233E-1,-1.006674170E-1,-9.054741263E-2
4.030542096E1,-6.231792569E-1,-2.775011659E-1,-3.408843651E-2
4.031539840E1,-1.152482152E0,-4.063980877E-1,-7.030740380E-2
4.032536544E1,1.287637353E-1,-2.242379934E-1,-1.491369158E-1
4.033535377E1,1.090430498E0,3.595264861E-3,-1.832253486E-1
4.034532294E1,5.153213143E-1,-4.540686309E-2,-1.555284858E-1
4.035530580E1,-6.466150284E-1,-2.434127480E-1,-1.214400530E-1
4.036527637E1,-3.589938581E-1,-3.296990991E-1,-8.628635854E-2
4.037521710E1,7.378282547E-1,-1.571263820E-1,-7.456845790E-2
4.038518466E1,3.118559420E-1,-1.667137593E-1,4.261054564E-3
4.039522278E1,-7.531414032E-1,-2.775011659E-1,7.137266546E-2
4.040519752E1,3.821633384E-2,-1.443432271E-1,-1.065263641E-3
4.041508294E1,1.288436413E0,4.407528415E-2,6.817687303E-2
4.042504861E1,6.335655451E-1,-6.977476925E-2,1.555284858E-1
4.043501971E1,-7.030739784E-1,-1.752358675E-1,1.821600795E-1
4.044498596E1,-4.394212738E-3,-1.592569202E-1,1.555284858E-1
4.045494403E1,9.189230204E-1,-6.444845349E-2,2.119874656E-1
4.046490940E1,-1.098553166E-1,-1.890842915E-1,3.396859467E-1
4.047488528E1,-3.495396376E-1,-2.157158852E-1,4.270375669E-1
4.048485169E1,8.571377397E-1,-9.187898599E-3,4.941491783E-1
4.049480591E1,2.820285559E-1,-7.403582335E-2,5.591302514E-1
4.050477106E1,-2.749711871E-1,-1.198421568E-1,6.017407775E-1
4.051473268E1,2.628538013E-1,-5.073318258E-2,6.049365997E-1
4.052469752E1,-9.707214683E-2,-5.286370963E-2,6.028060913E-1
4.053466908E1,-4.708465338E-1,-6.657897681E-2,6.049365997E-1
4.054463455E1,-2.589922249E-1,-9.640636295E-2,6.592650414E-1
4.055460372E1,3.310306668E-1,3.595264861E-3,7.008103132E-1
4.056456955E1,-8.855003864E-2,-4.327633604E-2,6.816355586E-1
4.057454117E1,-1.226384789E-1,-5.179844424E-2,6.528734565E-1
4.058450757E1,5.067991614E-1,3.768370301E-2,6.219807863E-1
4.059446507E1,5.632581562E-2,-2.303632535E-2,6.294376254E-1
4.060443054E1,-1.790974438E-1,3.994738800E-4,6.326334476E-1
4.061440044E1,7.337003201E-2,5.579318479E-2,6.560692191E-1
4.062436637E1,-2.557964325E-1,5.153212696E-2,6.560692191E-1
4.063434992E1,-2.739059031E-1,1.090563685E-1,6.241113544E-1
4.064431762E1,5.536707640E-1,2.400837988E-1,6.613955498E-1
4.065428716E1,-8.554067016E-1,1.101216301E-1,6.550039649E-1
4.066425502E1,-4.580766678E0,-4.628570378E-1,3.780354261E-1
4.067420596E1,1.223721579E-1,3.555317223E-2,2.608564198E-1
4.068417216E1,4.482496262E0,4.616586268E-1,1.992042959E-1
4.069415059E1,4.876244366E-1,-2.197106183E-2,3.545996249E-1
4.070411799E1,-3.394329548E0,-1.560611278E-1,3.620564938E-1
4.071407570E1,-6.753771305E-1,-1.557948068E-2,2.842922211E-1
4.072404210E1,2.405631542E0,3.391533196E-1,2.171806246E-1
4.073400674E1,-2.834932804E-1,1.271658540E-1,1.906821877E-1
4.074397299E1,-2.712693930E0,-1.272990108E-1,1.086568907E-1
4.075397070E1,2.138516754E-1,1.154479459E-1,7.882951200E-2
4.076394007E1,1.693236589E0,2.241048366E-1,9.267793596E-2
4.077388554E1,-3.101248741E-1,6.751108170E-2,-9.800425172E-2
4.078385247E1,-7.467498183E-1,-3.688475490E-2,-1.054610983E-1
4.079380585E1,7.081339955E-1,9.201214463E-2,-7.137266546E-2
4.080377143E1,-4.394212738E-3,5.725792143E-3,-1.139832065E-1
4.081375367E1,-1.102414727E0,-1.241032109E-1,-1.629853398E-1
4.082372090E1,-4.250401855E-1,-1.155811027E-1,-1.491369158E-1
4.083366799E1,3.299654126E-1,5.046686530E-2,-2.300969511E-1
4.084363320E1,-2.419480085E-1,1.105211023E-2,-2.247706354E-1
4.085360846E1,-8.032087684E-1,-1.177116334E-1,-1.480716467E-1
4.086357471E1,1.287637353E-1,-8.255793154E-2,-6.072002649E-2
4.087356085E1,1.362205893E-1,-8.042740822E-2,-6.604634225E-2
4.088352908E1,-3.834949136E-1,-1.006674170E-1,-9.267793596E-2
4.089348960E1,2.862896025E-2,-6.870950758E-2,-2.982738242E-2
4.090345700E1,3.661843836E-1,-4.114580899E-2,7.350318879E-2
4.091342632E1,-2.557964325E-1,-1.059937328E-1,1.107874215E-1
4.092339393E1,3.502054140E-2,-5.912213027E-2,1.693769246E-1
4.093333361E1,1.245026886E-1,-2.090579830E-2,2.416816950E-1
4.094329841E1,-7.044056058E-2,-5.073318258E-2,3.173153996E-1
4.095331143E1,2.990727723E-1,5.725792143E-3,3.524691164E-1
4.096328111E1,6.133255363E-1,4.301001877E-2,4.419512451E-1
4.097321424E1,8.741819859E-1,1.197090000E-1,5.069323182E-1
4.098318018E1,7.335671782E-1,8.562056720E-2,5.942839384E-1
4.099314695E1,1.174586296E0,1.793637723E-1,7.040061355E-1
4.100311299E1,1.538773298E0,1.836248189E-1,7.965508699E-1
4.101311533E1,1.042493582E0,1.740374416E-1,8.679235578E-1
4.102308502E1,-1.087501049E0,7.922898233E-2,8.082687855E-1
4.103302414E1,-1.202549458E0,-8.122635074E-3,6.816355586E-1
4.104299070E1,1.017992616E0,1.846900880E-1,6.432861090E-1
4.105297976E1,1.745700836E-1,7.603318989E-2,6.571345329E-1
4.106294861E1,-4.729770422E-1,-6.657897611E-4,6.336987019E-1
4.107291564E1,4.791023135E-1,1.495363861E-1,5.985450149E-1
4.108288434E1,2.191779912E-1,1.484711170E-1,6.081323624E-1
4.109282309E1,-1.038498878E0,5.259739235E-2,5.868270993E-1
4.110278872E1,-1.194426864E-1,1.261005849E-1,5.921534300E-1
4.111278627E1,8.230493069E-1,2.613890767E-1,5.708481669E-1
4.112275512E1,-7.150582224E-2,2.017343044E-1,4.270375669E-1
4.113267924E1,-2.802974880E-1,2.187785208E-1,2.555301189E-1
4.114264356E1,6.452834606E-1,3.061301410E-1,1.683116555E-1
4.115260835E1,3.257043660E-1,1.527321786E-1,9.906952083E-2
4.116257273E1,-6.423539519E-1,2.916159295E-2,-7.137266546E-2
4.117256179E1,2.330264263E-2,1.154479459E-1,-2.226400971E-1
4.118252867E1,3.757717609E-1,1.633848101E-1,-3.142527640E-1
4.119249507E1,-2.046637833E-1,8.135951310E-2,-3.705785871E-1
4.120246190E1,-2.515353858E-1,1.211737376E-2,-4.238417745E-1
4.121244695E1,4.588623047E-1,1.101216301E-1,-4.110586047E-1
4.122241559E1,-1.258342713E-1,1.637842879E-2,-4.483428299E-1
4.123237262E1,-9.068056941E-2,1.424790081E-2,-4.589954615E-1
4.124234007E1,3.363569975E-1,4.727107286E-2,-4.707133770E-1
4.125229903E1,-3.848264739E-2,-4.647212476E-2,-4.526038766E-1
4.126226559E1,-3.133206666E-1,-1.166463718E-1,-4.227765203E-1
4.127224632E1,1.191763729E-1,-6.125266105E-2,-4.067975581E-1
4.128221434E1,-1.268995255E-1,-1.198421568E-1,-3.482080400E-1
4.129216700E1,-4.633896947E-1,-1.475390196E-1,-2.940127552E-1
4.130213341E1,3.299654126E-1,-7.057371549E-3,-2.588590682E-1
4.131210278E1,2.926811874E-1,-5.592634156E-2,-1.576590240E-1
4.132206950E1,-3.047985733E-1,-1.315600574E-1,-8.202529699E-2
4.133210481E1,3.438138366E-1,-1.731053460E-3,1.704421826E-2
4.134207846E1,3.960117698E-1,-2.836264484E-2,1.203747913E-1
4.135196716E1,-3.175817132E-1,-9.960214794E-2,2.161153555E-1
4.136193221E1,-3.122554123E-1,-1.006674170E-1,3.066627681E-1
4.137190512E1,5.206475854E-1,4.514054582E-2,4.291680753E-1
4.138187096E1,-1.098553166E-1,-3.795001656E-2,5.101281404E-1
4.139185247E1,-1.824264042E-2,-2.623211779E-2,6.305029392E-1
4.140181986E1,3.970770240E-1,1.318263728E-2,7.072018981E-1
4.141177059E1,-3.635212034E-2,-5.073318258E-2,7.295724154E-1
4.142173632E1,-6.040045023E-1,-1.187768951E-1,7.380945683E-1
4.143171070E1,4.311654568E-1,7.496792823E-2,7.018755674E-1
4.144167726E1,2.522011697E-1,5.366265774E-2,5.953491926E-1
4.145164398E1,-1.187635779E0,-1.059937328E-1,5.921534300E-1
4.146161054E1,-7.467498183E-1,-1.379516423E-1,6.379597783E-1
4.147157210E1,8.177229762E-1,5.579318479E-2,6.720482111E-1
4.148153814E1,3.427485824E-1,-9.187898599E-3,5.676523447E-1
4.149150127E1,8.295740932E-2,-1.528653353E-1,5.239765644E-1
4.150146705E1,7.889608741E-1,-6.764423847E-2,4.515386224E-1
4.151143127E1,6.048034430E-1,-8.894951642E-2,3.439469934E-1
4.152139684E1,1.840242893E-1,-1.102547869E-1,2.130527347E-1
4.153136882E1,4.514054656E-1,-6.870950758E-2,1.022653133E-1
4.154133507E1,5.845634267E-2,-1.667137593E-1,1.107874215E-1
4.155130700E1,-3.954791278E-2,-1.997369379E-1,1.789642870E-1
4.156127382E1,3.299654126E-1,-1.464737505E-1,1.800295562E-1
4.157122846E1,5.739107728E-2,-1.613874435E-1,2.151832581E-1
4.158119398E1,-1.854890287E-1,-2.029327303E-1,2.693785429E-1
4.159117877E1,-3.016027808E-1,-2.476737946E-1,3.300985694E-1
4.160114622E1,-6.828339696E-1,-2.913496196E-1,3.993407190E-1
4.161111012E1,-1.588574350E-1,-1.912148297E-1,5.154544711E-1
4.162107726E1,4.066644013E-1,-9.321057051E-2,6.368945241E-1
4.163103705E1,1.394163817E-1,-9.534109384E-2,7.114629745E-1
4.164100341E1,-1.611211337E-2,-9.960214794E-2,8.274435401E-1
4.165097617E1,1.330247968E-1,-8.788424730E-2,9.914941192E-1
4.166094315E1,-1.929458827E-1,-1.262337416E-1,1.110803604E0
4.167091174E1,-8.905603886E-1,-1.912148297E-1,1.215199471E0
4.168087893E1,-8.341014385E-1,-1.645832360E-1,1.347159028E0
4.169083190E1,3.949464858E-1,4.407528415E-2,1.590039134E0
4.170079762E1,6.037381887E-1,9.414267540E-2,1.775395036E0
4.171077018E1,4.119907022E-1,7.070687413E-2,1.870070338E0
4.172073658E1,4.375570416E-1,8.881635964E-2,1.946769357E0
4.173071231E1,2.117211558E-2,1.165132076E-1,1.947834611E0
4.174067966E1,-6.902908683E-1,9.946899116E-2,1.833851337E0
4.175063762E1,-6.391581893E-1,7.177213579E-2,1.812679291E0
4.176060398E1,4.205128253E-1,1.921469271E-1,1.873266101E0
4.177058637E1,1.168194771E0,3.050648868E-1,1.969139814E0
4.178055434E1,5.526055098E-1,2.592585385E-1,1.943573475E0
4.179051789E1,4.514054656E-1,3.498059511E-1,1.812679291E0
4.180048538E1,-4.633896947E-1,2.155827284E-1,1.602822304E0
4.181043752E1,-8.978840709E-1,1.367532164E-1,1.496295929E0
4.182040346E1,2.916159332E-1,2.006690353E-1,1.425988555E0
4.183037314E1,1.085237339E-1,5.898897350E-2,1.440902233E0
4.184033945E1,4.482096732E-1,1.186437383E-1,1.330114841E0
4.185031773E1,1.049950480E0,1.868206114E-1,1.155544758E0
4.186028523E1,2.894853950E-1,2.134522051E-1,1.011734128E0
4.187024335E1,-3.315633163E-2,2.294311523E-1,9.329046607E-1
4.188020986E1,9.977525473E-1,4.030691385E-1,7.773761153E-1
4.189018596E1,5.930855274E-1,2.869553864E-1,6.976145506E-1
4.190015346E1,-1.597629189E0,-1.344895363E-2,7.285071611E-1
4.191010684E1,3.416832983E-1,2.155827284E-1,7.699192762E-1
4.192007288E1,2.118143559E0,3.050648868E-1,8.380961418E-1
4.193004273E1,2.617885470E-1,1.399490088E-1,8.487488031E-1
4.194000914E1,-5.339634046E-2,2.688459158E-1,8.146603703E-1
4.194998820E1,9.274451733E-1,3.359575272E-1,8.125298619E-1
4.195995590E1,-2.291648388E-1,1.814942956E-1,1.071388960E0
4.196991976E1,-1.662610173E0,1.122521535E-1,1.251418471E0
4.197988705E1,7.443529367E-2,3.806985915E-1,1.433445334E0
4.198984455E1,1.093626261E0,5.105276108E-1,1.695500255E0
4.199981085E1,2.905506492E-1,3.817638457E-1,1.877527118E0
4.200979174E1,4.940160215E-1,3.956122994E-1,2.010685205E0
4.201975950E1,8.102661371E-1,5.041360259E-1,2.092710495E0
4.202972539E1,-3.463438451E-1,6.064013243E-1,2.066078901E0
4.203969294E1,-1.789376616E0,5.488771200E-1,2.041577816E0
4.204964408E1,-5.560676455E-1,7.438203096E-1,2.096971512E0
4.205960997E1,-4.239749312E-1,6.074665785E-1,2.213085175E0
4.206959023E1,-1.056608319E0,2.400837988E-1,2.472876310E0
4.207955757E1,1.038232565E0,4.041343927E-1,2.499507904E0
4.208952408E1,1.517468095E0,4.712460041E-1,2.182192564E0
4.209949132E1,-9.281109273E-2,4.190480709E-1,1.828658223E0
4.210944820E1,-4.751075804E-1,4.870918095E-1,1.364203215E0
4.211941440E1,-1.183774248E-1,4.062649310E-1,1.129978418E0
4.212939012E1,5.110602379E-1,3.870901763E-1,1.082041502E0
4.213935726E1,9.892304540E-1,3.423491120E-1,9.797762632E-1
4.214934591E1,1.108539939E0,3.753722608E-1,8.530098796E-1
4.215931518E1,1.306545854E0,4.723112583E-1,6.155892015E-1
4.216927382E1,5.898897648E-1,4.446144104E-1,3.482080400E-1
4.217924205E1,-4.708465338E-1,3.700459599E-1,1.629853398E-1
4.218921356E1,-6.828339696E-1,2.965427637E-1,7.563371956E-2
4.219918210E1,-8.234487772E-1,1.804290265E-1,1.736379713E-1
4.220914747E1,-5.986781716E-1,2.134522051E-1,3.503385782E-1
4.221911570E1,-1.609879732E-1,2.347574681E-1,4.824312627E-1
4.222907403E1,-1.737711281E-1,1.623195410E-1,5.900229216E-1
4.223904122E1,-3.122554123E-1,1.687111259E-1,5.868270993E-1
4.224901424E1,-1.577921808E-1,2.922817171E-1,5.623260736E-1
4.225898200E1,1.767006069E-1,3.732417524E-1,6.581997871E-1
4.226895012E1,8.934898674E-2,2.443448454E-1,8.231824636E-1
4.227891794E1,1.584579609E-2,5.259739235E-2,1.094824672E0
4.228887877E1,5.547360182E-1,5.898897350E-2,1.276984811E0
4.229884580E1,7.442198396E-1,6.644582003E-2,1.449424386E0
4.230879794E1,4.162517786E-1,4.833633825E-2,1.676325440E0
4.231876346E1,5.717802644E-1,2.518016994E-1,1.766872883E0
4.232873091E1,8.230493069E-1,3.434143662E-1,1.912680864E0
4.233869664E1,-9.053409100E-1,2.549974918E-1,1.799896121E0
4.234865690E1,-3.120556593E0,2.383527346E-2,1.632649660E0
4.235862205E1,-6.679202914E-1,1.612542868E-1,1.874331355E0
4.236859950E1,1.021188378E0,1.335574239E-1,2.222672701E0
4.237856590E1,7.910913825E-1,-2.103895694E-1,2.584728956E0
4.238853341E1,1.166064262E0,-3.233075142E-1,2.810564995E0
4.239849992E1,2.238518476E0,3.231743574E-1,2.745583773E0
4.240845820E1,1.898699284E0,8.556730151E-1,2.630535364E0
4.241842387E1,1.287371159E0,1.166596889E0,2.201367378E0
4.242840184E1,5.227781534E-1,9.728519917E-1,1.751959205E0
4.243836872E1,-1.254747391E0,9.840372950E-2,1.898832440E0
4.244835210E1,7.230477035E-2,-2.817622423E-1,2.149169445E0
4.245832070E1,9.349020123E-1,-4.191812575E-1,2.842522860E0
4.246825815E1,6.143907905E-1,-6.018739566E-2,2.848914385E0
4.247822356E1,1.162868381E0,4.850944281E-1,2.734931231E0
4.248820684E1,9.146620035E-1,5.275717974E-1,2.853175402E0
4.249817403E1,4.950812757E-1,2.699111700E-1,2.981939316E0
4.250814372E1,7.612640262E-1,-1.368863732E-1,3.177947760E0
4.251811117E1,8.699209094E-1,1.424790081E-2,2.861697674E0
4.252805684E1,1.829457164E0,7.139929533E-1,2.230129480E0
4.253802210E1,2.316282511E0,5.147886276E-1,2.073535681E0
4.254802231E1,1.276718497E0,8.881635964E-2,2.004293442E0
4.255799106E1,5.526055098E-1,1.484711170E-1,1.828658223E0
4.256794518E1,-1.060869455E0,9.946899116E-2,1.287637472E0
4.257791247E1,-1.355947495E0,1.292963773E-1,8.764456511E-1
4.258786398E1,1.466335416E0,5.595297217E-1,5.889576077E-1
4.259782960E1,1.182043195E0,4.860265255E-1,5.367597342E-1
4.260781252E1,3.139864504E-1,2.560627460E-1,5.793702602E-1
4.261777992E1,7.985482812E-1,3.595264861E-3,8.743151426E-1
4.262772611E1,6.175866127E-1,4.301001877E-2,1.157675266E0
4.263769137E1,8.454198837E-1,4.137217700E-1,1.292830586E0
4.264765778E1,9.892304540E-1,6.085318327E-1,1.555950761E0
4.265762314E1,7.878956199E-1,5.946834087E-1,2.008554697E0
4.266761976E1,1.187369466E0,6.287718415E-1,2.500573158E0
4.267758825E1,1.501489043E0,6.969487667E-1,2.943589687E0
4.268754153E1,1.448225975E0,7.811045647E-1,3.292996168E0
4.269750846E1,1.118127346E0,7.587340474E-1,3.403783560E0
4.270747658E1,6.697845459E-2,6.724476814E-1,3.229080439E0
4.271744361E1,3.299654126E-1,7.800393105E-1,3.077812910E0
4.272742481E1,8.635293245E-1,7.139929533E-1,3.106575012E0
4.273739325E1,4.695149362E-1,3.828291297E-1,3.206709862E0
4.274736356E1,8.315714002E-1,2.848248780E-1,3.106575012E0
4.275733221E1,1.095756769E0,6.325002760E-2,2.990461349E0
4.276728778E1,-8.010782599E-1,-3.691138625E-1,2.958503485E0
4.277725507E1,3.289001435E-2,7.283740491E-2,2.786063910E0
4.278721106E1,1.779522896E0,4.307659864E-1,2.804173470E0
4.279717726E1,1.802825570E0,2.645848691E-1,2.987265587E0
4.280715611E1,1.252350569E0,-2.210422009E-1,3.288735151E0
4.281712351E1,3.331612051E-1,-3.925496638E-1,3.317497253E0
4.282707674E1,-6.807034612E-1,-1.241032109E-1,2.871284962E0
4.283704273E1,-1.205079481E-1,2.752375007E-1,2.468615294E0
4.284702398E1,1.572861791E0,8.396940827E-1,2.278066397E0
4.285699148E1,1.383244872E0,7.406245470E-1,2.444114208E0
4.286696867E1,5.728455186E-1,2.656501234E-1,2.745583773E0
4.287693710E1,2.511092663E0,3.370227814E-1,3.078878164E0
4.288687544E1,2.778473854E0,3.998733461E-1,3.011766672E0
4.289684085E1,8.965525031E-1,3.050648868E-1,2.623078585E0
4.290685242E1,1.524924874E0,7.917572260E-1,1.759416103E0
4.291682252E1,3.086201906E0,1.243295789E0,9.627320170E-1
4.292676856E1,1.878459215E0,8.354330063E-1,7.954856157E-1
4.293673622E1,7.293061018E-1,1.974732429E-1,1.003211975E0
4.294670070E1,1.321459532E0,2.496711612E-1,8.839024901E-1
4.295666799E1,2.816823483E0,8.418245912E-1,4.547344148E-1
4.296661585E1,1.720933437E0,8.492814302E-1,1.470063776E-1
4.297658122E1,1.394962788E0,8.056056499E-1,8.309056610E-2
4.298654872E1,2.609097004E0,8.727172613E-1,2.024000883E-1
4.299651429E1,2.664490700E0,9.845699072E-1,1.981390417E-1
4.300649216E1,2.404566288E0,9.558078051E-1,9.587372839E-2
4.301645893E1,2.455698967E0,8.396940827E-1,-1.065263641E-3
4.302644148E1,1.894438267E0,7.278413773E-1,1.320926845E-1
4.303640986E1,8.230493069E-1,7.938877344E-1,1.981390417E-1
4.304634825E1,-4.356928170E-1,6.053360701E-1,2.013348341E-1
4.305631361E1,3.182475269E-1,5.243760347E-1,7.338334918E-1
4.306628387E1,1.382179618E0,6.937529445E-1,1.084172130E0
4.307624971E1,1.003078818E0,5.467465520E-1,1.384443283E0
4.308624658E1,3.928159773E-1,2.358227372E-1,1.808418155E0
4.309621554E1,8.315714002E-1,4.233091474E-1,1.911615610E0
4.310616533E1,8.539419770E-1,5.499423742E-1,1.843438745E0
4.311613236E1,5.206475854E-1,6.255760789E-1,1.908419847E0
4.312608867E1,3.747064769E-1,7.352982163E-1,1.848765016E0
4.313605460E1,4.013380706E-1,8.620646000E-1,1.765807629E0
4.314602799E1,5.792371035E-1,9.515467286E-1,1.708283424E0
4.315599466E1,2.127864063E-1,7.374287844E-1,1.882853508E0
4.316597637E1,3.065296113E-1,6.223802567E-1,2.022403002E0
4.317594455E1,2.745717168E-1,5.328981280E-1,2.108689308E0
4.318590627E1,2.085253596E-1,5.510076284E-1,2.003228188E0
4.319587377E1,6.900244951E-1,6.543381810E-1,1.915876627E0
4.320583460E1,7.187866569E-1,5.989444852E-1,1.820136070E0
4.321580143E1,5.206475854E-1,5.573992133E-1,1.744502425E0
4.322576830E1,1.062733650E0,6.767086983E-1,1.528253794E0
4.323573512E1,1.153281093E0,7.715172172E-1,1.352485299E0
4.324568809E1,7.538071871E-1,7.214497924E-1,1.093759418E0
4.325565351E1,3.651190996E-1,6.245108247E-1,9.691236019E-1
4.326563924E1,-1.141163707E-1,4.265049398E-1,9.094688296E-1
4.327560669E1,3.523359597E-1,4.254396558E-1,1.043691993E0
4.328557372E1,8.582029939E-1,4.829638898E-1,1.112934232E0
4.329554111E1,6.601971388E-1,4.339617789E-1,1.202416301E0
4.330551190E1,5.025381446E-1,4.179828167E-1,1.308809519E0
4.331547966E1,7.687208652E-1,5.978792310E-1,1.400422215E0
4.332542231E1,8.134619594E-1,6.841655970E-1,1.439836979E0
4.333538752E1,7.538071871E-1,6.127929091E-1,1.609213829E0
4.334537997E1,6.783066392E-1,5.297023654E-1,1.722131848E0
4.335534789E1,6.772413850E-1,5.648560524E-1,1.843438745E0
4.336532752E1,8.177229762E-1,6.884266138E-1,1.876461864E0
4.337529664E1,7.825692892E-1,7.800393105E-1,1.951030374E0
4.338525049E1,4.130559862E-1,6.628602743E-1,2.040512562E0
4.339521804E1,6.175866127E-1,6.202497482E-1,2.137451410E0
4.340524814E1,9.966872931E-1,6.948181987E-1,2.088449478E0
4.341522205E1,6.026729345E-1,6.490118504E-1,2.026664019E0
4.342515804E1,6.751108170E-1,6.852308512E-1,1.992575645E0
4.343512809E1,1.508945942E0,8.354330063E-1,1.803091884E0
4.344504387E1,8.944219947E-1,6.383592486E-1,1.607083321E0
4.345500840E1,3.864243925E-1,5.350286365E-1,1.419596910E0
4.346498445E1,1.150085211E0,7.321024537E-1,1.061801553E0
4.347495012E1,1.020123124E0,7.885614038E-1,6.816355586E-1
4.348490877E1,4.993423447E-2,5.819002390E-1,4.291680753E-1
4.349487372E1,6.665887237E-1,4.924181104E-1,4.163849354E-1
4.350486601E1,1.271392107E0,4.531365335E-1,3.684480488E-1
4.351483372E1,6.484792233E-1,3.327617347E-1,2.651174963E-1
4.352479835E1,9.519461989E-1,4.616586268E-1,1.374190152E-1
4.353476575E1,1.486575365E0,6.756434441E-1,-5.006739125E-2
4.354469106E1,9.604683518E-1,6.756434441E-1,-2.247706354E-1
4.355465419E1,9.839041233E-1,6.436855793E-1,-3.514038324E-1
4.356463861E1,1.045689464E0,5.552686453E-1,-4.760396779E-1
4.357460393E1,5.281044245E-1,4.243744016E-1,-5.197154880E-1
4.358456122E1,7.155908346E-1,4.456796646E-1,-5.985450149E-1
4.359452570E1,6.623276472E-1,4.446144104E-1,-7.274419069E-1
4.360449747E1,2.830938101E-1,4.169175625E-1,-8.892288208E-1
4.361446268E1,6.484792233E-1,4.988096952E-1,-1.033039451E0
4.362443367E1,4.077296555E-1,4.797681272E-1,-1.204546809E0
4.363439945E1,-2.238385230E-1,3.402185738E-1,-1.200285792E0
4.364437872E1,2.149169445E-1,3.263701499E-1,-1.078845739E0
4.365434585E1,6.761760712E-1,3.806985915E-1,-1.033039451E0
4.366430356E1,3.906854391E-1,3.071953952E-1,-1.060736299E0
4.367426976E1,5.803023577E-1,3.029343486E-1,-1.036235213E0
4.368423429E1,6.655234694E-1,3.391533196E-1,-9.978857040E-1
4.369420028E1,2.383527458E-1,3.434143662E-1,-9.435572624E-1
4.370417309E1,3.502054140E-2,2.901511788E-1,-7.785745859E-1
4.371413976E1,4.652538896E-1,3.338269889E-1,-5.612607598E-1
4.372412143E1,3.736412227E-1,3.466101587E-1,-4.739091694E-1
4.373408960E1,-9.068056941E-2,3.466101587E-1,-4.366249442E-1
4.374404622E1,3.480748832E-1,4.307659864E-1,-3.705785871E-1
4.375401320E1,4.631233811E-1,3.817638457E-1,-3.311638236E-1
4.376398424E1,5.206476152E-2,2.763027549E-1,-3.705785871E-1
4.377395164E1,2.319611609E-1,2.752375007E-1,-4.014712274E-1
4.378390361E1,2.298306376E-1,2.006690353E-1,-4.355596602E-1
4.379386945E1,-2.387522161E-1,8.455529809E-2,-4.547344148E-1
4.380384768E1,-2.771016955E-1,6.964161247E-2,-4.813660085E-1
4.381381471E1,-2.217079997E-1,8.349003643E-2,-5.133239031E-1
4.382378627E1,-3.282343447E-1,8.455529809E-2,-5.942839384E-1
4.383375377E1,-9.068056941E-2,1.133174226E-1,-7.253113985E-1
4.384371731E1,1.074584723E-1,1.079910994E-1,-8.689888120E-1
4.385368445E1,1.893506050E-1,4.514054582E-2,-9.648625255E-1
4.386364981E1,3.448790908E-1,-7.057371549E-3,-1.030908942E0
4.387361674E1,4.524707198E-1,-4.540686309E-2,-1.083106756E0
4.388358914E1,3.331612051E-1,-1.251684725E-1,-1.139565825E0
4.389355658E1,2.703106403E-1,-1.347558498E-1,-1.225852132E0
4.390352065E1,1.968074590E-1,-1.155811027E-1,-1.320660591E0
4.391348778E1,-2.783001214E-2,-1.187768951E-1,-1.345161676E0
4.392345111E1,-1.609879732E-1,-1.304948032E-1,-1.324921608E0
4.393341783E1,-7.590003312E-3,-1.091895252E-1,-1.284441590E0
4.394338893E1,2.287653685E-1,-8.681898564E-2,-1.225852132E0
4.395335611E1,1.882853508E-1,-1.134505793E-1,-1.163001537E0
4.396331778E1,1.383511126E-1,-1.294295341E-1,-1.138500571E0
4.397328434E1,2.106558830E-1,-9.960214794E-2,-1.092694163E0
4.398325325E1,9.254477918E-2,-8.468846232E-2,-1.052214146E0
4.399322007E1,1.478053257E-2,-5.379581451E-2,-9.701888561E-1
4.400318882E1,8.388951421E-3,-5.992108025E-3,-8.775109053E-1
4.401315580E1,-4.814991653E-1,2.277000993E-2,-8.190546036E-1
4.402312299E1,-4.772381186E-1,1.079910994E-1,-6.773745418E-1
4.403308997E1,5.153213143E-1,2.826943398E-1,-5.953491926E-1
4.404305434E1,4.386222959E-1,2.454101145E-1,-4.675175846E-1
4.405302106E1,4.886896908E-2,1.367532164E-1,-3.940143883E-1
4.406298992E1,3.363569975E-1,1.303616315E-1,-3.588607013E-1
4.407295684E1,3.938812315E-1,1.569932252E-1,-3.833617568E-1
4.408292523E1,-1.759016514E-1,1.388837546E-1,-4.014712274E-1
4.409289226E1,-4.793686271E-1,8.988162130E-2,-3.577954173E-1
4.410286200E1,-2.962764502E-1,6.325002760E-2,-2.652506530E-1
4.411282934E1,-2.781669796E-1,6.431528926E-2,-1.651158631E-1
4.412279414E1,-9.920267761E-2,1.165132076E-1,-8.522108942E-2
4.413276117E1,1.436774284E-1,1.878858805E-1,-8.415582776E-2
4.414273143E1,9.041424841E-2,2.209090441E-1,-1.161137372E-1
4.415269877E1,2.223737836E-1,2.219743133E-1,-1.267663687E-1
4.416266627E1,4.343612492E-1,2.081258893E-1,-1.406148076E-1
4.417263361E1,3.139864504E-1,1.037300453E-1,-1.161137372E-1
4.418260429E1,5.451486707E-1,7.603318989E-2,-1.225053221E-1
4.419257200E1,5.579318404E-1,5.259739235E-2,-1.523326933E-1
4.420252023E1,3.012032807E-1,1.637842879E-2,-2.013348341E-1
4.421248596E1,4.748412669E-1,3.661843762E-2,-2.151832581E-1
4.422246585E1,5.036033988E-1,5.579318479E-2,-2.194443047E-1
4.423243304E1,-1.428784877E-1,-1.238369010E-2,-1.917474568E-1
4.424240262E1,-2.717753947E-1,-4.753739014E-2,-1.565937549E-1
4.425237002E1,-8.322372288E-2,1.464737463E-3,-1.331579536E-1
4.426233403E1,1.106542572E-1,4.194475710E-2,-1.086568907E-1
4.427230106E1,1.500690132E-1,-1.131842658E-2,-1.075916290E-1
4.428226637E1,1.904158741E-1,4.660528619E-3,-1.810948253E-1
4.429223320E1,1.607216448E-1,3.022685647E-2,-2.535327375E-1
4.430219090E1,1.649827063E-1,1.424790081E-2,-2.940127552E-1
4.431215679E1,2.031990439E-1,2.170474641E-2,-3.556649089E-1
4.432214200E1,1.639174372E-1,3.129211813E-2,-4.281028211E-1
4.433210986E1,1.584579609E-2,2.530001104E-3,-4.866923392E-1
4.434206398E1,-9.720530361E-3,-1.557948068E-2,-5.463470817E-1
4.435203044E1,7.230477035E-2,-2.623211779E-2,-5.910881758E-1
4.436200554E1,1.671132296E-1,-4.221107066E-2,-5.804355145E-1
4.437197289E1,1.521995366E-1,-7.057371549E-3,-5.655218363E-1
4.438193387E1,1.265000552E-2,1.211737376E-2,-5.495429039E-1
4.439190054E1,-1.492700726E-1,-3.901528195E-2,-4.856270552E-1
4.440187226E1,-4.394212738E-3,-4.327633604E-2,-4.270375669E-1
4.441183945E1,2.894853950E-1,5.898897350E-2,-4.355596602E-1
4.442181544E1,-2.250369452E-2,6.644582003E-2,-4.302333593E-1
4.443178351E1,-3.527354300E-1,2.530001104E-3,-3.844270110E-1
4.444174903E1,-9.920267761E-2,3.595264861E-3,-3.354249001E-1
4.445171684E1,-5.765739456E-2,2.277000993E-2,-2.993390858E-1
4.446167252E1,-4.921517968E-1,-3.901528195E-2,-2.620548606E-1
4.447163903E1,-2.025332451E-1,-2.197106183E-2,-2.269011587E-1
4.448160497E1,7.123950869E-2,1.424790081E-2,-2.482064217E-1
4.449157143E1,-2.163816839E-1,-3.155843541E-2,-2.460758984E-1
4.450152799E1,-2.323606312E-1,-6.338318437E-2,-1.874863952E-1
4.451149346E1,-9.813741595E-2,-6.018739566E-2,-1.150484756E-1
4.452147314E1,-2.078595608E-1,-7.297056168E-2,-2.556632832E-2
4.453144002E1,7.337003201E-2,2.383527346E-2,4.261054471E-2
4.454142262E1,8.189214021E-2,8.881635964E-2,1.214400530E-1
4.455139106E1,-1.226384789E-1,5.259739235E-2,2.363553643E-1
4.456136643E1,3.107906580E-1,7.816372067E-2,3.961449265E-1
4.457133559E1,3.757717609E-1,9.733846784E-2,5.868270993E-1
4.458129424E1,-1.268995255E-1,4.407528415E-2,7.922898531E-1
4.459126236E1,4.897549450E-1,1.388837546E-1,1.024517298E0
4.460122846E1,8.198535442E-1,2.635195851E-1,1.151283622E0
4.461119632E1,1.362205893E-1,2.688459158E-1,1.226917386E0
4.462116127E1,1.882853508E-1,2.251701057E-1,1.390834808E0
4.463112882E1,6.016076207E-1,2.709764242E-1,1.495230675E0
4.464110268E1,1.925463974E-1,2.507364154E-1,1.476055980E0
4.465107085E1,-8.215846121E-2,2.209090441E-1,1.464338064E0
4.466103637E1,-3.102580272E-2,2.091911435E-1,1.465403318E0
4.467100429E1,-3.954791278E-2,2.059953511E-1,1.423858047E0
4.468096476E1,-4.167843983E-2,1.868206114E-1,1.333310604E0
4.469093195E1,2.117211558E-2,1.942774504E-1,1.220525861E0
4.470087106E1,4.034686089E-2,2.059953511E-1,1.072454214E0
4.471083538E1,7.337003201E-2,2.070606202E-1,9.648625255E-1
4.472081955E1,2.287653685E-1,2.155827284E-1,8.466182947E-1
4.473078585E1,3.161169887E-1,1.814942956E-1,7.135934830E-1
4.474074471E1,3.438138366E-1,1.239700541E-1,5.825660825E-1
4.475071023E1,3.406180441E-1,1.676458716E-1,4.142543972E-1
4.476068700E1,2.063948363E-1,2.645848691E-1,2.055958807E-1
4.477065367E1,9.254477918E-2,2.944122255E-1,2.237053588E-2
4.478061341E1,4.247738793E-2,2.464753687E-1,-7.243792713E-2
4.479057934E1,-7.257108390E-2,1.889511347E-1,-1.225053221E-1
4.480056247E1,-9.720530361E-3,1.335574239E-1,-1.384842694E-1
4.481053018E1,1.997369342E-3,8.455529809E-2,-1.715074480E-1
4.482048684E1,-2.067943066E-1,4.194475710E-2,-2.524674833E-1
4.483045335E1,-5.659212917E-2,1.431448013E-1,-3.364901543E-1
4.484041768E1,2.213085145E-1,2.091911435E-1,-3.300985694E-1
4.485038398E1,-8.002793044E-2,1.346226931E-1,-3.142527640E-1
4.486035570E1,-2.889527567E-2,8.562056720E-2,-2.652506530E-1
4.487032257E1,1.010668874E-1,1.133174226E-1,-2.950780392E-1
4.488028809E1,-2.143843099E-2,1.292963773E-1,-3.535343707E-1
4.489025481E1,2.223737910E-2,1.079910994E-1,-3.695133328E-1
4.490021929E1,5.952160433E-2,6.644582003E-2,-3.375554085E-1
4.491018575E1,-6.404897571E-2,4.620581120E-2,-3.354249001E-1
4.492016356E1,-5.872265995E-2,9.201214463E-2,-3.332943618E-1
4.493013122E1,-6.831002980E-2,1.090563685E-1,-3.089264631E-1
4.494008361E1,8.388951421E-3,8.562056720E-2,-2.364885211E-1
4.495004966E1,1.649827063E-1,8.775109053E-2,-1.896169335E-1
4.496002127E1,1.681784987E-1,8.562056720E-2,-1.533979625E-1
4.496998783E1,1.671132296E-1,8.349003643E-2,-9.906952083E-2
4.497995554E1,2.862896025E-1,1.431448013E-1,-8.096003532E-2
4.498992226E1,7.763108611E-2,1.431448013E-1,-9.906952083E-2
4.499988330E1,3.075948730E-2,1.239700541E-1,-7.989477366E-2
4.500984940E1,1.074584723E-1,1.239700541E-1,-5.752423778E-2
4.501982809E1,3.289001435E-2,9.946899116E-2,-4.261054471E-2
4.502979549E1,4.127896391E-3,5.792371184E-2,-2.663159184E-2
4.503975903E1,1.031974182E-1,5.153212696E-2,-3.302317113E-2
4.504972601E1,1.997369342E-3,3.448791057E-2,-8.096003532E-2
4.505970268E1,-5.459476262E-3,1.318263728E-2,-1.193095297E-1
4.506967059E1,4.460791498E-2,3.994738800E-4,-1.448758543E-1
4.507962632E1,1.085237339E-1,1.424790081E-2,-1.874863952E-1
4.508959304E1,1.000016257E-1,1.318263728E-2,-2.471411675E-1
4.509955111E1,1.245026886E-1,1.637842879E-2,-3.131875098E-1
4.510951695E1,1.415469050E-1,1.850895584E-2,-3.812312186E-1
4.511949726E1,1.989379823E-1,1.744369231E-2,-4.355596602E-1
4.512946455E1,1.989379823E-1,3.994738800E-4,-4.685828388E-1
4.513943414E1,1.936116666E-1,-2.090579830E-2,-4.685828388E-1
4.514940164E1,1.989379823E-1,-2.090579830E-2,-4.707133770E-1
4.515936424E1,1.031974182E-1,-2.303632535E-2,-4.813660085E-1
4.516933122E1,5.526055023E-2,-1.344895363E-2,-4.739091694E-1
4.517930012E1,1.893506050E-1,2.170474641E-2,-4.451470375E-1
4.518926731E1,1.074584723E-1,1.850895584E-2,-4.110586047E-1
4.519923169E1,-2.783001214E-2,-4.926844500E-3,-3.631217480E-1
4.520919856E1,3.395527974E-2,1.105211023E-2,-3.131875098E-1
4.521916466E1,2.447443157E-1,6.538055837E-2,-2.790990770E-1
4.522913148E1,1.287637353E-1,6.431528926E-2,-2.684464455E-1
4.523907695E1,6.697845459E-2,5.579318479E-2,-2.577938139E-1
4.524904158E1,1.798963994E-1,6.431528926E-2,-2.290316820E-1
4.525904205E1,1.106542572E-1,4.194475710E-2,-1.736379713E-1
4.526901033E1,6.058686972E-2,2.703106403E-2,-1.118526831E-1
4.527897315E1,1.532648057E-1,4.301001877E-2,-5.645897239E-2
4.528894085E1,-2.263685223E-3,2.596580051E-2,-2.769685537E-2
4.529891268E1,-1.215732098E-1,1.211737376E-2,-1.704421826E-2
4.530888080E1,-1.300953180E-1,1.744369231E-2,-6.391582079E-3
4.531883653E1,-1.130511016E-1,1.424790081E-2,2.130527236E-2
4.532880335E1,6.591318548E-2,2.916159295E-2,5.539371073E-2
4.533877080E1,1.797632314E-2,6.791055668E-3,7.776424289E-2
4.534873768E1,-2.463422157E-2,-1.731053460E-3,6.711161137E-2
4.535870320E1,1.298290044E-1,3.555317223E-2,4.900212586E-2
4.536866997E1,-2.398174703E-1,-1.238369010E-2,4.048001766E-2
4.537865320E1,-4.069307148E-1,-4.753739014E-2,4.367581010E-2
4.538862158E1,-1.194426864E-1,-1.731053460E-3,4.048001766E-2
4.539856164E1,-1.173121557E-1,1.105211023E-2,2.876211889E-2
4.540852716E1,-2.717753947E-1,1.464737463E-3,8.522109129E-3
4.541850861E1,-5.765739456E-2,4.301001877E-2,4.261054564E-3
4.542847575E1,-5.978792161E-2,5.579318479E-2,-1.278316416E-2
4.543844992E1,-1.908153445E-1,3.448791057E-2,-2.237053588E-2
4.544841773E1,-5.872265995E-2,4.833633825E-2,-2.130527236E-2
4.545837330E1,-6.937529147E-2,6.218476593E-2,-3.834949061E-2
4.546833986E1,-2.099900991E-1,6.857634336E-2,-6.817687303E-2
4.547831028E1,-1.130511016E-1,9.946899116E-2,-9.161267430E-2
4.548827721E1,-1.482048035E-1,9.201214463E-2,-1.139832065E-1
4.549825585E1,-2.643185556E-1,6.431528926E-2,-1.342232227E-1
4.550822398E1,-1.801627129E-1,6.751108170E-2,-1.725727171E-1
4.551818091E1,-1.439437568E-1,6.857634336E-2,-2.162485123E-1
4.552814788E1,-1.641837656E-1,5.685844645E-2,-2.609896064E-1
4.553811028E1,-6.937529147E-2,4.727107286E-2,-2.929475009E-1
4.554807679E1,-6.617950648E-2,8.921583183E-3,-3.089264631E-1
4.555804377E1,-1.002679393E-1,-2.942790836E-2,-3.206443489E-1
4.556801028E1,-3.102580272E-2,-3.155843541E-2,-3.375554085E-1
4.557798268E1,-8.655266836E-3,-2.410159074E-2,-3.727091253E-1
4.558794981E1,-2.463422157E-2,-2.623211779E-2,-3.950796425E-1
4.559789507E1,5.419528857E-2,-1.451421715E-2,-3.950796425E-1
4.560785997E1,4.141212255E-2,-1.664474420E-2,-3.833617568E-1
4.561785622E1,3.062632866E-3,-2.410159074E-2,-3.588607013E-1
4.562782429E1,4.993423447E-2,-8.122635074E-3,-3.354249001E-1
4.563778627E1,5.526055023E-2,2.530001104E-3,-3.099917173E-1
4.564775372E1,6.378266215E-2,4.660528619E-3,-2.652506530E-1
4.565769695E1,1.106542572E-1,6.791055668E-3,-2.205095738E-1
4.566766195E1,9.254477918E-2,-6.657897611E-4,-1.874863952E-1
4.567765658E1,7.869634777E-2,-1.557948068E-2,-1.629853398E-1
4.568762455E1,1.042626798E-1,-2.090579830E-2,-1.448758543E-1
4.569759872E1,9.467530251E-2,-2.197106183E-2,-1.331579536E-1
4.570756731E1,7.763108611E-2,7.856319658E-3,-1.427453309E-1
4.571751419E1,9.147951752E-2,2.809632942E-2,-1.331579536E-1
4.572748059E1,5.739107728E-2,1.850895584E-2,-9.161267430E-2
4.573743762E1,5.099949613E-2,9.986846708E-3,-5.645897239E-2
4.574740304E1,5.206476152E-2,7.856319658E-3,-2.769685537E-2
4.575738611E1,3.502054140E-2,9.986846708E-3,-9.587372653E-3
4.576735330E1,3.715106845E-2,1.531316526E-2,-3.195791040E-3
4.577730549E1,3.289001435E-2,1.957421936E-2,1.171789970E-2
4.578727117E1,1.371526904E-2,1.637842879E-2,2.450106293E-2
4.579725794E1,-1.185105834E-2,1.531316526E-2,4.900212586E-2
4.580722575E1,-1.824264042E-2,1.637842879E-2,7.989477366E-2
4.581720184E1,-2.356895804E-2,1.637842879E-2,1.118526831E-1
4.582717049E1,-1.824264042E-2,2.809632942E-2,1.363537461E-1
4.583714184E1,-1.930790395E-2,4.194475710E-2,1.629853398E-1
4.584711070E1,-2.356895804E-2,5.153212696E-2,1.842906028E-1
4.585705315E1,-3.102580272E-2,6.218476593E-2,2.066611499E-1
4.586701934E1,-3.315633163E-2,7.177213579E-2,2.288985252E-1
4.587700132E1,-2.996053919E-2,6.751108170E-2,2.448774725E-1
4.588696914E1,-2.569948509E-2,6.111950055E-2,2.491385341E-1
4.589694127E1,-2.676474862E-2,5.685844645E-2,2.470080107E-1
4.590690950E1,-1.717737690E-2,5.579318479E-2,2.331595868E-1
4.591686315E1,-1.291632187E-2,5.472791940E-2,2.246374637E-1
4.592682992E1,-3.528685868E-2,4.727107286E-2,2.109221965E-1
4.593677450E1,-2.996053919E-2,3.129211813E-2,2.055958807E-1
4.594673898E1,-8.655266836E-3,1.531316526E-2,2.013348341E-1
4.595671966E1,-7.590003312E-3,-4.926844500E-3,1.896169335E-1
4.596668575E1,-3.328948980E-3,-1.025316212E-2,1.736379713E-1
4.597664528E1,-1.078579482E-2,-1.877527125E-2,1.619200706E-1
4.598661070E1,-1.398158539E-2,-2.836264484E-2,1.565937549E-1
4.599659658E1,-1.185105834E-2,-2.623211779E-2,1.597895473E-1
4.600656408E1,-1.930790395E-2,-1.344895363E-2,1.629853398E-1
4.601651794E1,-1.504684892E-2,-4.926844500E-3,1.651158631E-1
4.602648408E1,-1.291632187E-2,1.464737463E-3,1.576590240E-1
4.603644143E1,-9.720530361E-3,8.921583183E-3,1.555284858E-1
4.604640664E1,1.371526904E-2,2.383527346E-2,1.363537461E-1
4.605639637E1,-3.328948980E-3,4.301001877E-2,1.193095297E-1
4.606636408E1,-5.459476262E-3,6.325002760E-2,1.033305749E-1
4.607633377E1,6.258423906E-3,8.029424399E-2,8.948214352E-2
4.608630169E1,-3.328948980E-3,8.988162130E-2,7.669898123E-2
4.609625789E1,-4.394212738E-3,7.603318989E-2,7.350318879E-2
4.610622460E1,1.371526904E-2,6.857634336E-2,6.498108059E-2
4.611620997E1,1.797632314E-2,6.005423889E-2,3.941475600E-2
4.612617856E1,1.478053257E-2,5.046686530E-2,1.491369121E-2
4.613613309E1,1.371526904E-2,3.874896467E-2,-1.065263641E-3
4.614610023E1,1.478053257E-2,2.383527346E-2,-7.456845604E-3
4.615605398E1,2.649843320E-2,1.211737376E-2,-1.278316416E-2
4.616601981E1,1.265000552E-2,4.660528619E-3,-2.130527236E-2
4.617601934E1,1.797632314E-2,5.725792143E-3,-2.556632832E-2
4.618598856E1,3.182475269E-2,7.856319658E-3,-1.384842768E-2
4.619594070E1,3.502054140E-2,1.464737463E-3,-2.237053588E-2
4.620590820E1,2.436790615E-2,-6.657897611E-4,-2.024000883E-2
4.621587945E1,1.797632314E-2,1.464737463E-3,-2.130527282E-3
4.622584731E1,1.797632314E-2,-4.926844500E-3,-1.065263641E-3
4.623580059E1,-8.655266836E-3,5.725792143E-3,-7.456845604E-3
4.624576695E1,1.371526904E-2,1.850895584E-2,-6.391582079E-3
4.625570940E1,1.997369342E-3,2.063948289E-2,-3.195791040E-3
4.626567330E1,-4.394212738E-3,1.531316526E-2,2.130527282E-3
4.627568023E1,1.691105962E-2,1.531316526E-2,-3.195791040E-3
4.628564851E1,-2.263685223E-3,9.986846708E-3,-1.171789970E-2
4.629561101E1,1.997369342E-3,3.994738800E-4,-2.237053588E-2
4.630557867E1,9.454214945E-3,-6.657897611E-4,-3.515370190E-2
4.631555018E1,-5.459476262E-3,8.921583183E-3,-3.728422895E-2
4.632551820E1,-3.422159329E-2,-1.344895363E-2,-2.982738242E-2
4.633545872E1,-8.655266836E-3,-3.688475490E-2,-1.491369121E-2
4.634542393E1,1.904158667E-2,-3.795001656E-2,3.302317113E-2
4.635540247E1,1.245026886E-1,-4.860265180E-2,2.876211889E-2
4.636536903E1,-7.044056058E-2,-6.764423847E-2,3.195791040E-3
4.637535200E1,-9.720530361E-3,-6.444845349E-2,2.130527236E-2
4.638532023E1,6.591318548E-2,-6.018739566E-2,-0.000000000E0
4.639529986E1,-5.020054802E-2,-9.108003974E-2,3.195791040E-3
4.640526924E1,3.075948730E-2,-9.214530140E-2,-0.000000000E0
4.641525262E1,-3.328948980E-3,-9.108003974E-2,1.597895473E-2
4.642522341E1,-1.198421582E-3,-8.468846232E-2,5.326318089E-3
4.643520960E1,3.062632866E-3,-7.510108501E-2,1.810948178E-2
4.644518195E1,3.395527974E-2,-6.764423847E-2,2.450106293E-2
4.645511992E1,-4.061317816E-2,-7.616634667E-2,3.728422895E-2
4.646508877E1,1.797632314E-2,-7.297056168E-2,5.432844535E-2
4.647502992E1,1.478053257E-2,-7.403582335E-2,5.858949944E-2
4.648499596E1,-3.328948980E-3,-8.362319320E-2,5.752423778E-2
4.649494648E1,8.388951421E-3,-8.894951642E-2,5.326318368E-2
4.650491096E1,9.454214945E-3,-9.108003974E-2,5.539371073E-2
4.651488351E1,8.388951421E-3,-9.534109384E-2,4.793686420E-2
4.652484882E1,1.797632314E-2,-1.006674170E-1,5.326318368E-2
4.653482091E1,1.371526904E-2,-9.960214794E-2,4.900212586E-2
4.654478684E1,-1.198421582E-3,-9.640636295E-2,4.687159881E-2
4.655473127E1,2.223737910E-2,-8.788424730E-2,4.474107176E-2
4.656469507E1,1.371526904E-2,-8.894951642E-2,5.006739125E-2
4.657467216E1,1.691105962E-2,-9.747162461E-2,6.711161137E-2
4.658463726E1,4.127896391E-3,-9.534109384E-2,7.137266546E-2
4.659461252E1,2.330264263E-2,-9.108003974E-2,5.858949944E-2
4.660457861E1,9.454214945E-3,-8.681898564E-2,4.580633715E-2
4.661453325E1,1.051947847E-2,-8.894951642E-2,3.621896356E-2
4.662449820E1,2.436790615E-2,-9.108003974E-2,2.876211889E-2
4.663447893E1,1.371526904E-2,-9.321057051E-2,2.556632832E-2
4.664444544E1,1.265000552E-2,-8.894951642E-2,1.491369121E-2
4.665441294E1,1.478053257E-2,-8.149266988E-2,7.456845604E-3
4.666437950E1,1.797632314E-2,-7.403582335E-2,-3.195791040E-3
4.667433262E1,1.997369342E-3,-6.657897681E-2,-1.171789970E-2
4.668429789E1,1.691105962E-2,-5.699160323E-2,-2.237053588E-2
4.669426966E1,1.584579609E-2,-4.966791719E-2,-2.450106293E-2
4.670423554E1,8.388951421E-3,-4.860265180E-2,-2.876211889E-2
4.671421867E1,8.388951421E-3,-4.221107066E-2,-3.621896356E-2
4.672418632E1,4.141212255E-2,-2.836264484E-2,-4.474107176E-2
4.673413216E1,2.649843320E-2,-3.155843541E-2,-5.326318368E-2
4.674409757E1,-1.398158539E-2,-2.729738131E-2,-5.752423778E-2
4.675408960E1,4.567318037E-2,-1.557948068E-2,-6.285055727E-2
4.676405773E1,-2.263685223E-3,-1.664474420E-2,-5.965476483E-2
4.677402486E1,2.969422378E-2,-1.877527125E-2,-7.243792713E-2
4.678399283E1,4.127896391E-3,-1.664474420E-2,-6.711161137E-2
4.679393580E1,1.158474199E-2,-1.664474420E-2,-7.350318879E-2
4.680390127E1,-1.611211337E-2,-2.623211779E-2,-6.711161137E-2
4.681388809E1,-2.263685223E-3,-2.303632535E-2,-6.178529188E-2
4.682385570E1,-9.720530361E-3,-1.557948068E-2,-5.539371073E-2
4.683382252E1,-2.356895804E-2,-1.664474420E-2,-4.580633715E-2
4.684379002E1,-7.150582224E-2,-1.557948068E-2,-4.048001766E-2
4.685373830E1,-1.185105834E-2,-1.731053460E-3,-2.130527236E-2
4.686370382E1,9.454214945E-3,5.725792143E-3,-9.587372653E-3
4.687368940E1,-2.463422157E-2,1.464737463E-3,-8.522109129E-3
4.688365695E1,-1.611211337E-2,3.595264861E-3,-3.195791040E-3
4.689360716E1,-3.328948980E-3,6.791055668E-3,4.261054564E-3
4.690357299E1,-1.504684892E-2,3.595264861E-3,6.391582079E-3
4.691355429E1,6.258423906E-3,6.791055668E-3,1.278316416E-2
4.692352164E1,6.258423906E-3,5.725792143E-3,1.704421826E-2
4.693350726E1,-1.504684892E-2,3.994738800E-4,2.237053588E-2
4.694347648E1,-1.078579482E-2,-2.796316985E-3,2.769685537E-2
4.695344403E1,-3.328948980E-3,-3.861580743E-3,3.621896356E-2
4.696341309E1,-6.524739787E-3,-3.861580743E-3,3.941475600E-2
4.697334294E1,-1.078579482E-2,-1.731053460E-3,3.941475600E-2
4.698330799E1,-3.328948980E-3,2.530001104E-3,4.154528305E-2
4.699331309E1,-1.331579551E-4,3.595264861E-3,5.006739125E-2
4.700328221E1,-1.078579482E-2,3.994738800E-4,5.432844535E-2
4.701324955E1,-1.185105834E-2,-6.657897611E-4,5.645897239E-2
4.702321846E1,-1.185105834E-2,-1.731053460E-3,5.326318368E-2
4.703314783E1,-1.824264042E-2,-1.731053460E-3,5.326318368E-2
4.704311278E1,-1.185105834E-2,2.530001104E-3,4.900212586E-2
4.705311252E1,1.051947847E-2,6.791055668E-3,4.900212586E-2
4.706308096E1,-1.331579551E-4,8.921583183E-3,4.900212586E-2
4.707305075E1,-2.037316747E-2,9.986846708E-3,4.793686420E-2
4.708301934E1,9.321057005E-4,1.318263728E-2,5.219791830E-2
4.709295856E1,-8.655266836E-3,8.921583183E-3,5.539371073E-2
4.710292419E1,-3.102580272E-2,7.856319658E-3,4.900212586E-2
4.711289924E1,-2.250369452E-2,8.921583183E-3,4.793686420E-2
4.712286575E1,-2.569948509E-2,1.211737376E-2,4.261054471E-2
4.713283070E1,-3.528685868E-2,9.986846708E-3,4.154528305E-2
4.714279705E1,-1.824264042E-2,1.637842879E-2,4.048001766E-2
4.715275096E1,-1.398158539E-2,2.063948289E-2,4.793686420E-2
4.716271611E1,-1.611211337E-2,2.277000993E-2,5.645897239E-2
4.717269726E1,-1.398158539E-2,2.809632942E-2,6.391581893E-2
4.718266403E1,-1.078579482E-2,3.235738352E-2,7.030740380E-2
4.719263632E1,-1.717737690E-2,3.555317223E-2,7.243792713E-2
4.720260361E1,-1.611211337E-2,3.661843762E-2,7.669898123E-2
4.721255512E1,-1.504684892E-2,3.981423005E-2,7.989477366E-2
4.722252080E1,-1.824264042E-2,4.194475710E-2,8.096003532E-2
4.723249544E1,-1.291632187E-2,4.407528415E-2,8.309056610E-2
4.724246200E1,-1.078579482E-2,4.727107286E-2,8.309056610E-2
4.725243507E1,-2.263685223E-3,5.046686530E-2,8.202529699E-2
4.726240231E1,-1.198421582E-3,5.366265774E-2,8.522108942E-2
4.727235971E1,-6.524739787E-3,5.153212696E-2,8.628635854E-2
4.728232596E1,-1.717737690E-2,4.940159991E-2,9.054741263E-2
4.729229304E1,-2.463422157E-2,4.833633825E-2,8.841688186E-2
4.730225934E1,-5.459476262E-3,5.792371184E-2,8.841688186E-2
4.731224195E1,-1.398158539E-2,6.857634336E-2,8.522108942E-2
4.732220986E1,-8.855003864E-2,5.259739235E-2,7.030740380E-2
4.733219080E1,-1.198421582E-3,6.964161247E-2,5.858949944E-2
4.734216002E1,1.265000552E-2,7.177213579E-2,5.113265663E-2
4.735211372E1,1.584579609E-2,6.325002760E-2,3.621896356E-2
4.736208137E1,2.543316968E-2,6.218476593E-2,3.515370190E-2
4.737203705E1,3.608580679E-2,5.898897350E-2,1.491369121E-2
4.738200346E1,3.821633384E-2,5.792371184E-2,-4.261054564E-3
4.739203966E1,2.436790615E-2,5.259739235E-2,-2.556632832E-2
4.740201315E1,-3.635212034E-2,4.087949172E-2,-3.941475600E-2
4.741191096E1,-5.765739456E-2,2.703106403E-2,-4.474107176E-2
4.742187679E1,-2.996053919E-2,2.703106403E-2,-4.367581010E-2
4.744296578E1,3.062632866E-3,3.595264861E-3,-4.900212586E-2
4.745296578E1,3.062632866E-3,3.595264861E-3,-4.900212586E-2
4.746296578E1,3.062632866E-3,3.595264861E-3,-4.900212586E-2
4.747292932E1,1.371526904E-2,7.856319658E-3,-4.261054471E-2
4.748289635E1,1.371526904E-2,8.921583183E-3,-3.408843651E-2
4.749286343E1,4.127896391E-3,4.660528619E-3,-2.450106293E-2
4.750280052E1,-1.331579551E-4,3.595264861E-3,-1.917474531E-2
4.751276526E1,-3.328948980E-3,6.791055668E-3,-1.384842768E-2
4.752275932E1,-6.524739787E-3,1.105211023E-2,-1.171789970E-2
4.753272703E1,-5.459476262E-3,1.318263728E-2,-1.171789970E-2
4.754266624E1,-4.394212738E-3,1.531316526E-2,-9.587372653E-3
4.755263109E1,-9.720530361E-3,1.531316526E-2,-6.391582079E-3
4.756259869E1,-3.328948980E-3,1.637842879E-2,-6.391582079E-3
4.757256380E1,1.997369342E-3,1.957421936E-2,-8.522109129E-3
4.758254765E1,-5.459476262E-3,1.744369231E-2,-1.171789970E-2
4.759251463E1,-6.524739787E-3,1.744369231E-2,-1.278316416E-2
4.760247510E1,3.062632866E-3,1.850895584E-2,-1.065263618E-2
4.761244140E1,5.193160381E-3,1.957421936E-2,-1.065263618E-2
4.762242046E1,9.321057005E-4,2.063948289E-2,-8.522109129E-3
4.763238807E1,3.062632866E-3,2.063948289E-2,-9.587372653E-3
4.764236119E1,-1.331579551E-4,1.850895584E-2,-6.391582079E-3
4.765232937E1,-1.331579551E-4,1.531316526E-2,-7.456845604E-3
4.766231249E1,-4.394212738E-3,1.105211023E-2,-6.391582079E-3
4.767228213E1,-5.459476262E-3,1.105211023E-2,-9.587372653E-3
4.768220598E1,-4.394212738E-3,9.986846708E-3,-1.384842768E-2
4.769217098E1,-1.198421582E-3,1.105211023E-2,-1.278316416E-2
4.770215213E1,3.062632866E-3,1.211737376E-2,-1.171789970E-2
4.771211880E1,-1.331579551E-4,9.986846708E-3,-1.171789970E-2
4.772208869E1,-4.394212738E-3,1.105211023E-2,-1.065263618E-2
4.773205562E1,-7.590003312E-3,9.986846708E-3,-1.384842768E-2
4.774202848E1,-6.524739787E-3,1.105211023E-2,-1.278316416E-2
4.775199598E1,-7.590003312E-3,9.986846708E-3,-1.278316416E-2
4.776196645E1,-7.590003312E-3,6.791055668E-3,-1.171789970E-2
4.777193427E1,-6.524739787E-3,6.791055668E-3,-1.278316416E-2
4.778186322E1,-5.459476262E-3,8.921583183E-3,-1.491369121E-2
4.779182713E1,-6.524739787E-3,1.105211023E-2,-1.597895473E-2
4.780182197E1,-8.655266836E-3,1.105211023E-2,-1.597895473E-2
4.781178900E1,-9.720530361E-3,7.856319658E-3,-1.384842768E-2
4.782173942E1,-9.720530361E-3,3.595264861E-3,-1.491369121E-2
4.783170473E1,-1.078579482E-2,-6.657897611E-4,-1.704421826E-2
4.784169244E1,-8.655266836E-3,-1.731053460E-3,-2.130527236E-2
4.785166005E1,-3.328948980E-3,-2.796316985E-3,-2.556632832E-2
4.786161505E1,-2.263685223E-3,-6.657897611E-4,-2.663159184E-2
4.787158135E1,-1.331579551E-4,-2.796316985E-3,-2.876211889E-2
4.788156031E1,-1.331579551E-4,-5.992108025E-3,-2.982738242E-2
4.789152786E1,1.997369342E-3,-1.025316212E-2,-2.982738242E-2
4.790149697E1,6.258423906E-3,-1.131842658E-2,-2.769685537E-2
4.791146468E1,6.258423906E-3,-1.025316212E-2,-2.876211889E-2
4.792144296E1,6.258423906E-3,-8.122635074E-3,-2.663159184E-2
4.793141171E1,7.323687430E-3,-7.057371549E-3,-2.556632832E-2
4.794133447E1,7.323687430E-3,-8.122635074E-3,-2.450106293E-2
4.795129854E1,6.258423906E-3,-9.187898599E-3,-2.769685537E-2
4.796128932E1,1.051947847E-2,-9.187898599E-3,-3.408843651E-2
4.797125609E1,1.478053257E-2,-8.122635074E-3,-4.154528305E-2
4.798124630E1,1.584579609E-2,-5.992108025E-3,-5.006739125E-2
4.799121546E1,1.265000552E-2,-5.992108025E-3,-5.219791830E-2
4.800116302E1,8.388951421E-3,-5.992108025E-3,-5.219791830E-2
4.801112999E1,4.127896391E-3,-7.057371549E-3,-4.900212586E-2
4.802108020E1,5.193160381E-3,-7.057371549E-3,-4.367581010E-2
4.803104546E1,5.193160381E-3,-7.057371549E-3,-3.834949061E-2
4.804102359E1,5.193160381E-3,-3.861580743E-3,-3.515370190E-2
4.805099015E1,1.051947847E-2,1.464737463E-3,-3.408843651E-2
4.806093453E1,1.584579609E-2,5.725792143E-3,-3.089264594E-2
4.807089885E1,9.321057005E-4,3.595264861E-3,-2.556632832E-2
4.808088911E1,9.321057005E-4,3.994738800E-4,-2.343579940E-2
4.809085604E1,-3.328948980E-3,-1.731053460E-3,-2.343579940E-2
4.810080994E1,-2.263685223E-3,-6.657897611E-4,-2.876211889E-2
4.811077552E1,2.010685205E-2,4.660528619E-3,-3.621896356E-2
4.812077348E1,8.388951421E-3,2.530001104E-3,-4.261054471E-2
4.813074234E1,-8.655266836E-3,-1.731053460E-3,-4.367581010E-2
4.814071124E1,-5.459476262E-3,-6.657897611E-4,-4.261054471E-2
4.815068015E1,-1.291632187E-2,-1.731053460E-3,-4.154528305E-2
4.816064807E1,-1.717737690E-2,-1.731053460E-3,-3.728422895E-2
4.817061682E1,-1.198421582E-3,1.464737463E-3,-2.982738242E-2
4.818057692E1,3.062632866E-3,4.660528619E-3,-2.024000883E-2
4.819054479E1,4.127896391E-3,8.921583183E-3,-9.587372653E-3
4.820053239E1,5.193160381E-3,1.211737376E-2,-5.326318089E-3
4.821050223E1,-6.524739787E-3,1.211737376E-2,2.130527282E-3
4.822048171E1,-1.398158539E-2,1.105211023E-2,9.587372653E-3
4.823045249E1,-1.824264042E-2,8.921583183E-3,1.384842768E-2
4.824041411E1,-2.143843099E-2,5.725792143E-3,1.704421826E-2
4.825038395E1,-1.930790395E-2,5.725792143E-3,1.810948178E-2
4.826030812E1,-2.037316747E-2,8.921583183E-3,1.810948178E-2
4.827027338E1,-2.037316747E-2,1.105211023E-2,1.810948178E-2
4.828023765E1,-1.504684892E-2,1.424790081E-2,2.024000883E-2
4.829020276E1,-8.655266836E-3,1.318263728E-2,2.237053588E-2
4.830016552E1,-4.394212738E-3,1.318263728E-2,1.810948178E-2
4.831013041E1,-4.394212738E-3,1.211737376E-2,1.065263618E-2
4.832009848E1,-1.331579551E-4,1.105211023E-2,2.130527282E-3
4.833006369E1,9.321057005E-4,8.921583183E-3,-4.261054564E-3
4.834002869E1,1.997369342E-3,7.856319658E-3,-8.522109129E-3
4.834999385E1,-1.198421582E-3,6.791055668E-3,-1.065263618E-2
4.835998124E1,-6.524739787E-3,5.725792143E-3,-1.171789970E-2
4.836994864E1,-5.459476262E-3,3.595264861E-3,-1.278316416E-2
4.837990802E1,-5.459476262E-3,1.464737463E-3,-1.171789970E-2
4.838987458E1,-5.459476262E-3,-6.657897611E-4,-1.384842768E-2
4.839984531E1,-5.459476262E-3,1.464737463E-3,-1.384842768E-2
4.840981229E1,-4.394212738E-3,2.530001104E-3,-1.278316416E-2
4.841978494E1,-5.459476262E-3,1.464737463E-3,-7.456845604E-3
4.842975244E1,-3.328948980E-3,-6.657897611E-4,-1.065263641E-3
4.843970822E1,-1.331579551E-4,-2.796316985E-3,1.065263641E-3
4.844967458E1,9.321057005E-4,3.994738800E-4,2.130527282E-3
4.845965765E1,3.062632866E-3,1.464737463E-3,2.130527282E-3
4.846962567E1,-1.198421582E-3,1.464737463E-3,1.065263641E-3
4.847958744E1,-2.263685223E-3,-6.657897611E-4,5.326318089E-3
4.848955484E1,-1.331579551E-4,-1.731053460E-3,3.195791040E-3
4.849951395E1,9.321057005E-4,-2.796316985E-3,1.065263641E-3
4.850948046E1,5.193160381E-3,-6.657897611E-4,-3.195791040E-3
4.851945302E1,4.127896391E-3,-2.796316985E-3,-5.326318089E-3
4.852942015E1,-2.263685223E-3,-8.122635074E-3,-8.522109129E-3
4.853938338E1,-1.198421582E-3,-7.057371549E-3,-8.522109129E-3
4.854935010E1,1.997369342E-3,-4.926844500E-3,-8.522109129E-3
4.855931322E1,-2.263685223E-3,-4.926844500E-3,-9.587372653E-3
4.856927958E1,-3.328948980E-3,-7.057371549E-3,-6.391582079E-3
4.857923593E1,9.321057005E-4,-9.187898599E-3,-5.326318089E-3
4.858920130E1,-1.198421582E-3,-1.238369010E-2,-3.195791040E-3
4.859915838E1,-6.524739787E-3,-1.344895363E-2,-3.195791040E-3
4.860912286E1,-3.328948980E-3,-1.025316212E-2,-1.065263641E-3
4.861911291E1,-6.524739787E-3,-8.122635074E-3,-0.000000000E0
4.862907994E1,-1.078579482E-2,-1.025316212E-2,3.195791040E-3
4.863903359E1,-6.524739787E-3,-1.025316212E-2,4.261054564E-3
4.864899932E1,-5.459476262E-3,-1.238369010E-2,6.391582079E-3
4.865897109E1,-8.655266836E-3,-1.238369010E-2,2.130527282E-3
4.866893739E1,-3.328948980E-3,-9.187898599E-3,-0.000000000E0
4.867888765E1,1.997369342E-3,-9.187898599E-3,1.065263641E-3
4.868885229E1,3.062632866E-3,-7.057371549E-3,-0.000000000E0
4.869883786E1,3.062632866E-3,-8.122635074E-3,1.065263641E-3
4.870880463E1,-1.331579551E-4,-9.187898599E-3,3.195791040E-3
4.871877713E1,-1.198421582E-3,-1.131842658E-2,3.195791040E-3
4.872874447E1,9.321057005E-4,-1.131842658E-2,3.195791040E-3
4.873869619E1,4.127896391E-3,-1.025316212E-2,4.261054564E-3
4.874866197E1,1.997369342E-3,-8.122635074E-3,5.326318089E-3
4.875864031E1,3.062632866E-3,-5.992108025E-3,5.326318089E-3
4.876860729E1,5.193160381E-3,-4.926844500E-3,5.326318089E-3
4.877856963E1,9.321057005E-4,-7.057371549E-3,5.326318089E-3
4.878853614E1,-1.198421582E-3,-1.025316212E-2,4.261054564E-3
4.879848999E1,-5.459476262E-3,-1.451421715E-2,2.130527282E-3
4.880845526E1,-7.590003312E-3,-1.451421715E-2,-0.000000000E0
4.881845182E1,-3.328948980E-3,-1.344895363E-2,-2.130527282E-3
4.882842020E1,-1.331579551E-4,-1.238369010E-2,1.065263641E-3
4.883837682E1,1.997369342E-3,-9.187898599E-3,2.130527282E-3
4.884834400E1,5.193160381E-3,-9.187898599E-3,3.195791040E-3
4.885830447E1,4.127896391E-3,-9.187898599E-3,2.130527282E-3
4.886827098E1,5.193160381E-3,-1.025316212E-2,-1.065263641E-3
4.887823885E1,4.127896391E-3,-1.238369010E-2,-0.000000000E0
4.888820552E1,3.062632866E-3,-1.238369010E-2,-1.065263641E-3
4.889817531E1,-1.331579551E-4,-1.025316212E-2,-2.130527282E-3
4.890814223E1,-3.328948980E-3,-9.187898599E-3,-3.195791040E-3
4.891811203E1,-6.524739787E-3,-1.025316212E-2,-2.130527282E-3
4.892807921E1,-3.328948980E-3,-1.238369010E-2,-0.000000000E0
4.893804276E1,-1.198421582E-3,-1.451421715E-2,-0.000000000E0
4.894800958E1,-1.331579551E-4,-1.451421715E-2,1.065263641E-3
4.895797255E1,3.062632866E-3,-1.238369010E-2,1.065263641E-3
4.896793895E1,-1.331579551E-4,-9.187898599E-3,3.195791040E-3
4.897792197E1,-4.394212738E-3,-8.122635074E-3,1.065263641E-3
4.898789005E1,-2.263685223E-3,-1.025316212E-2,2.130527282E-3
4.899784312E1,-3.328948980E-3,-1.238369010E-2,-0.000000000E0
4.900780968E1,-1.331579551E-4,-1.238369010E-2,-2.130527282E-3
4.901777401E1,-1.331579551E-4,-9.187898599E-3,-2.130527282E-3
4.902774036E1,-1.198421582E-3,-4.926844500E-3,-2.130527282E-3
4.903769083E1,-1.198421582E-3,-3.861580743E-3,2.130527282E-3
4.904765552E1,9.321057005E-4,-4.926844500E-3,7.456845604E-3
4.905764291E1,9.321057005E-4,-5.992108025E-3,8.522109129E-3
4.906760989E1,-2.263685223E-3,-7.057371549E-3,4.261054564E-3
4.907758984E1,-4.394212738E-3,-7.057371549E-3,-1.065263641E-3
4.908755812E1,-2.263685223E-3,-7.057371549E-3,-3.195791040E-3
4.909749895E1,3.062632866E-3,-5.992108025E-3,-2.130527282E-3
4.910746447E1,3.062632866E-3,-7.057371549E-3,-2.130527282E-3
4.911745630E1,1.997369342E-3,-9.187898599E-3,-3.195791040E-3
4.912743187E1,-1.331579551E-4,-1.131842658E-2,-3.195791040E-3
4.913739739E1,1.997369342E-3,-1.025316212E-2,-2.130527282E-3
4.914734588E1,-3.328948980E-3,-1.025316212E-2,-2.130527282E-3
4.915730973E1,-3.328948980E-3,-7.057371549E-3,-1.065263641E-3
4.916727557E1,-2.263685223E-3,-5.992108025E-3,2.130527282E-3
4.917723958E1,3.062632866E-3,-5.992108025E-3,4.261054564E-3
4.918722427E1,9.321057005E-4,-8.122635074E-3,5.326318089E-3
4.919719036E1,-4.394212738E-3,-1.131842658E-2,5.326318089E-3
4.920714666E1,-5.459476262E-3,-1.025316212E-2,7.456845604E-3
4.921711177E1,-4.394212738E-3,-7.057371549E-3,7.456845604E-3
4.922707921E1,1.997369342E-3,-4.926844500E-3,7.456845604E-3
4.923704458E1,3.062632866E-3,-3.861580743E-3,9.587372653E-3
4.924700447E1,-1.198421582E-3,-5.992108025E-3,9.587372653E-3
4.925696926E1,-1.198421582E-3,-7.057371549E-3,7.456845604E-3
4.926693598E1,-2.263685223E-3,-8.122635074E-3,7.456845604E-3
4.927690093E1,-2.263685223E-3,-7.057371549E-3,5.326318089E-3
4.928688510E1,-2.263685223E-3,-5.992108025E-3,5.326318089E-3
4.929685197E1,-6.524739787E-3,-7.057371549E-3,5.326318089E-3
4.930680776E1,-7.590003312E-3,-7.057371549E-3,7.456845604E-3
4.931677354E1,-7.590003312E-3,-1.025316212E-2,1.065263618E-2
4.932675151E1,-4.394212738E-3,-1.025316212E-2,1.171789970E-2
4.933671848E1,-2.263685223E-3,-5.992108025E-3,9.587372653E-3
4.934668416E1,4.127896391E-3,-4.926844500E-3,6.391582079E-3
4.935665098E1,7.323687430E-3,-3.861580743E-3,1.065263641E-3
4.936660916E1,5.193160381E-3,-4.926844500E-3,-0.000000000E0
4.937657510E1,-4.394212738E-3,-9.187898599E-3,-1.065263641E-3
4.938654557E1,-9.720530361E-3,-1.238369010E-2,-2.130527282E-3
4.939651197E1,-6.524739787E-3,-1.344895363E-2,-2.130527282E-3
4.940648760E1,-1.198421582E-3,-1.025316212E-2,-3.195791040E-3
4.941645494E1,6.258423906E-3,-4.926844500E-3,-3.195791040E-3
4.942640963E1,6.258423906E-3,-3.861580743E-3,-1.065263641E-3
4.943637567E1,-2.263685223E-3,-8.122635074E-3,-1.065263641E-3
4.944635828E1,-3.102580272E-2,-4.926844500E-3,-2.130527282E-3
4.945632598E1,-1.237037405E-1,-2.836264484E-2,-8.522109129E-3
4.946628385E1,-5.459476262E-3,-1.131842658E-2,-1.597895473E-2
4.947625057E1,2.756369673E-2,-3.861580743E-3,-4.261054564E-3
4.948620739E1,1.904158667E-2,-8.122635074E-3,-9.587372653E-3
4.949617312E1,5.419528857E-2,-8.122635074E-3,-1.065263641E-3
4.950614828E1,7.443529367E-2,-3.861580743E-3,-1.065263641E-3
4.951611489E1,3.289001435E-2,-4.926844500E-3,-0.000000000E0
4.952608807E1,-2.037316747E-2,-1.451421715E-2,-1.065263641E-3
4.953605536E1,-2.356895804E-2,-1.664474420E-2,-4.261054564E-3
4.961019946E1,-2.263685223E-3,8.921583183E-3,2.237053588E-2
4.962018160E1,8.388951421E-3,4.660528619E-3,2.343579940E-2
4.963013712E1,1.997369342E-3,5.725792143E-3,2.024000883E-2
4.964010217E1,3.062632866E-3,9.986846708E-3,1.597895473E-2
4.965006165E1,1.158474199E-2,1.211737376E-2,1.917474531E-2
4.966005430E1,7.323687430E-3,1.424790081E-2,2.343579940E-2
4.967002858E1,4.127896391E-3,9.986846708E-3,2.769685537E-2
4.967998811E1,1.265000552E-2,7.856319658E-3,3.621896356E-2
4.968992832E1,-1.331579551E-4,8.921583183E-3,-2.556632832E-2
4.969988071E1,-5.339634046E-2,-2.796316985E-3,-3.195790946E-2
4.970988946E1,2.862896025E-2,3.994738800E-4,-6.498108059E-2
4.971986545E1,-4.167843983E-2,-1.984053478E-2,-7.989477366E-2
4.972980592E1,8.388951421E-3,-1.984053478E-2,-1.118526831E-1
4.973976701E1,-4.394212738E-3,-2.836264484E-2,-1.001347825E-1
4.974975269E1,2.223737910E-2,-2.836264484E-2,-1.661811322E-1
4.975972399E1,-6.617950648E-2,-3.795001656E-2,-2.141179889E-1
4.976968503E1,4.354264960E-2,-3.368896246E-2,-2.194443047E-1
4.977965201E1,2.756369673E-2,-4.966791719E-2,-2.652506530E-1
4.978960430E1,-5.552686751E-2,-7.510108501E-2,-2.886864543E-1
4.979956509E1,7.337003201E-2,-5.805686861E-2,-3.067959249E-1
4.980952347E1,-1.198421582E-3,-6.551371515E-2,-3.226417303E-1
4.981948321E1,-8.655266836E-3,-6.125266105E-2,-3.471427858E-1
4.982948826E1,3.289001435E-2,-5.379581451E-2,-3.300985694E-1
4.983946696E1,3.502054140E-2,-4.966791719E-2,-3.332943618E-1
4.984941738E1,-3.102580272E-2,-5.912213027E-2,-3.439469934E-1
4.985938420E1,3.608580679E-2,-4.966791719E-2,-3.343596160E-1
4.986933217E1,1.478053257E-2,-4.540686309E-2,-3.375554085E-1
4.987929102E1,-1.930790395E-2,-4.540686309E-2,-3.407512009E-1
4.988927425E1,2.969422378E-2,-3.475422785E-2,-3.185138404E-1
4.989924332E1,1.691105962E-2,-2.836264484E-2,-2.940127552E-1
4.990921654E1,-1.291632187E-2,-2.516685426E-2,-2.812296152E-1
4.991918727E1,1.584579609E-2,-1.131842658E-2,-2.545980215E-1
4.992914003E1,1.051947847E-2,3.595264861E-3,-2.492716908E-1
4.993910321E1,-2.569948509E-2,4.660528619E-3,-2.577938139E-1
4.994907451E1,9.454214945E-3,8.921583183E-3,-2.450106442E-1
4.995904102E1,1.478053257E-2,1.318263728E-2,-2.396843135E-1
4.996901889E1,-8.655266836E-3,8.921583183E-3,-2.322274745E-1
4.997898654E1,1.691105962E-2,2.063948289E-2,-2.237053663E-1
4.998893956E1,-5.459476262E-3,2.596580051E-2,-2.130527347E-1
4.999890576E1,-6.524739787E-3,1.957421936E-2,-7.030740380E-2
5.000887149E1,1.383511126E-1,6.964161247E-2,-3.728422895E-2
5.001883758E1,-1.322258562E-1,5.153212696E-2,-5.752423778E-2
5.002881420E1,-1.717737690E-2,9.627319872E-2,-1.491369121E-2
5.003878139E1,6.271740049E-2,1.143826842E-1,-1.491369121E-2
5.004874232E1,-1.503353268E-1,6.218476593E-2,-2.130527236E-2
5.005870884E1,4.034686089E-2,7.496792823E-2,8.522109129E-3
5.006868514E1,6.165213138E-2,5.898897350E-2,2.663159184E-2
5.007865264E1,-1.130511016E-1,2.809632942E-2,4.154528305E-2
5.008860967E1,7.323687430E-3,6.218476593E-2,3.515370190E-2
5.009857608E1,1.478053257E-2,5.898897350E-2,-0.000000000E0
5.010854253E1,-1.535311192E-1,1.744369231E-2,-5.965476483E-2
5.011850894E1,-7.683213800E-2,1.464737463E-3,-1.033305749E-1
5.012847378E1,-4.807002097E-2,-1.731053460E-3,-1.917474568E-1
5.013844003E1,-1.119858399E-1,-2.516685426E-2,-2.854906619E-1
5.014840118E1,-1.504684892E-2,-1.131842658E-2,-3.737743795E-1
5.015836686E1,-3.954791278E-2,-2.516685426E-2,-4.355596602E-1
5.016834274E1,-1.077247858E-1,-5.286370963E-2,-4.845618010E-1
5.017830951E1,-3.209106624E-2,-5.912213027E-2,-5.122586489E-1
5.018827894E1,2.649843320E-2,-6.444845349E-2,-5.133239031E-1
5.019824592E1,1.478053257E-2,-7.084003091E-2,-5.026713014E-1
5.020818748E1,-4.593949392E-2,-8.575372398E-2,-4.749744236E-1
5.021815191E1,-4.167843983E-2,-8.362319320E-2,-4.451470375E-1
5.022813566E1,-5.459476262E-3,-6.657897681E-2,-4.249070287E-1
5.023810201E1,-3.102580272E-2,-4.221107066E-2,-4.174501896E-1
5.024807566E1,-3.954791278E-2,-3.901528195E-2,-4.270375669E-1
5.025804279E1,1.997369342E-3,-4.008054361E-2,-4.036017656E-1
5.026802915E1,-1.504684892E-2,-5.379581451E-2,-3.503385782E-1
5.027799821E1,-1.198421582E-3,-4.008054361E-2,-3.131875098E-1
5.028794154E1,-1.078579482E-2,-4.327633604E-2,-2.609896064E-1
5.029790795E1,-7.044056058E-2,-4.114580899E-2,-2.375537902E-1
5.030787508E1,-5.020054802E-2,-3.262370080E-2,-2.343579978E-1
5.031784154E1,9.454214945E-3,-2.197106183E-2,-2.194443047E-1
5.032786764E1,9.147951752E-2,6.791055668E-3,-1.778990328E-1
5.033784014E1,7.123950869E-2,2.277000993E-2,-1.395495385E-1
5.034774363E1,1.051947847E-2,4.194475710E-2,-1.118526831E-1
5.035770915E1,-1.078579482E-2,6.857634336E-2,-8.841688186E-2
5.036767149E1,-5.126581341E-2,6.644582003E-2,-7.350318879E-2
5.037763665E1,-1.930790395E-2,5.472791940E-2,-6.924213469E-2
5.038761805E1,1.095889956E-1,7.922898233E-2,-8.096003532E-2
5.039758488E1,1.234374270E-1,1.005342528E-1,-1.097221524E-1
5.040753774E1,1.051947847E-2,7.496792823E-2,-1.278316379E-1
5.041750316E1,7.323687430E-3,4.833633825E-2,-1.448758543E-1
5.042747712E1,1.394163817E-1,4.087949172E-2,-1.651158631E-1
5.043744337E1,6.378266215E-2,4.660528619E-3,-2.002695650E-1
5.044740243E1,1.415469050E-1,-1.877527125E-2,-2.343579978E-1
5.045736795E1,2.436790615E-1,-4.221107066E-2,-2.684464455E-1
5.046734436E1,1.138500497E-1,-9.321057051E-2,-2.940127552E-1
5.047731092E1,6.058686972E-2,-1.454084814E-1,-3.142527640E-1
5.048727982E1,1.543300748E-1,-1.763011366E-1,-3.099917173E-1
5.049724665E1,1.255679578E-1,-2.008021921E-1,-2.961432934E-1
5.050720436E1,-1.198421582E-3,-2.231727391E-1,-2.663159072E-1
5.051717024E1,7.656582445E-2,-1.912148297E-1,-2.237053663E-1
5.052715134E1,1.479384899E-1,-1.443432271E-1,-1.533979625E-1
5.053711873E1,4.247738793E-2,-1.219726875E-1,-6.072002649E-2
5.054708415E1,-2.250369452E-2,-9.640636295E-2,1.278316416E-2
5.055705139E1,-2.356895804E-2,-6.338318437E-2,5.219791830E-2
5.056700170E1,-2.356895804E-2,-3.795001656E-2,7.350318879E-2
5.057696717E1,-9.720530361E-3,-2.729738131E-2,7.456845790E-2
5.058694149E1,-2.250369452E-2,-4.008054361E-2,6.498108059E-2
5.059690785E1,-5.339634046E-2,-7.723161578E-2,4.900212586E-2
5.060687680E1,5.632581562E-2,-1.262337416E-1,3.195790946E-2
5.061684347E1,7.123950869E-2,-1.741705984E-1,2.130527236E-2
5.062680269E1,-2.037316747E-2,-1.944106072E-1,-6.391582079E-3
5.063676858E1,5.193160381E-3,-1.837579757E-1,-5.006739125E-2
5.064674186E1,5.193160381E-3,-1.890842915E-1,-7.989477366E-2
5.065670842E1,3.608580679E-2,-1.922800839E-1,-8.735162020E-2
5.066668045E1,-7.789740711E-2,-2.146506310E-1,-6.924213469E-2
5.067664764E1,-5.765739456E-2,-1.837579757E-1,-5.645897239E-2
5.068660332E1,9.361004084E-2,-9.960214794E-2,-3.728422895E-2
5.069656930E1,-9.720530361E-3,-4.434159771E-2,-1.491369121E-2
5.070655066E1,-9.920267761E-2,-1.025316212E-2,1.491369121E-2
5.071651816E1,-3.422159329E-2,3.981423005E-2,6.285055727E-2
5.072648399E1,-1.428784877E-1,4.620581120E-2,7.350318879E-2
5.073645134E1,-9.387636185E-2,6.538055837E-2,5.432844535E-2
5.074640665E1,3.062632866E-3,1.047953144E-1,-1.065263641E-3
5.075637274E1,-1.854890287E-1,7.283740491E-2,-7.882951200E-2
5.076635243E1,-9.387636185E-2,3.874896467E-2,-1.480716467E-1
5.077631988E1,2.287653685E-1,2.170474641E-2,-2.098569423E-1
5.078628326E1,-5.339634046E-2,-6.338318437E-2,-2.812296152E-1
5.079625029E1,-1.663142890E-1,-1.123853177E-1,-3.609912097E-1
5.080620326E1,2.202432603E-1,-8.575372398E-2,-4.078628123E-1
5.081616884E1,1.691105962E-2,-1.326253265E-1,-4.515386224E-1
5.082615191E1,-1.311605871E-1,-1.858884990E-1,-4.579302073E-1
5.083611925E1,2.031990439E-1,-1.752358675E-1,-4.036017656E-1
5.084607196E1,5.099949613E-2,-1.869537681E-1,-3.567301631E-1
5.085603785E1,-5.126581341E-2,-1.486042738E-1,-3.258375227E-1
5.086601222E1,1.649827063E-1,-7.616634667E-2,-2.833601236E-1
5.087597894E1,-3.848264739E-2,-6.551371515E-2,-2.450106442E-1
5.088597217E1,-8.428898454E-2,-6.764423847E-2,-1.928127259E-1
5.089594154E1,1.053279415E-1,-4.221107066E-2,-1.299621612E-1
5.090590665E1,-8.109319210E-2,-6.018739566E-2,-9.693899006E-2
5.091587555E1,-7.576687634E-2,-6.231792271E-2,-8.841688186E-2
5.092583508E1,-1.717737690E-2,-6.018739566E-2,-6.924213469E-2
5.093580305E1,-8.428898454E-2,-8.149266988E-2,-4.261054471E-2
5.094576706E1,1.691105962E-2,-6.231792271E-2,1.491369121E-2
5.095573467E1,4.993423447E-2,-3.155843541E-2,8.096003532E-2
5.096570628E1,-1.300953180E-1,-3.688475490E-2,1.459411234E-1
5.097567425E1,-7.470161468E-2,-1.664474420E-2,2.395511568E-1
5.098563482E1,1.051947847E-2,8.921583183E-3,3.460775316E-1
5.099560206E1,-1.524658650E-1,-2.796316985E-3,4.685828388E-1
5.100557014E1,-9.387636185E-2,4.194475710E-2,5.708481669E-1
5.101553743E1,5.526055023E-2,1.111868918E-1,6.539387107E-1
5.102550727E1,-9.174583107E-2,1.239700541E-1,7.285071611E-1
5.103547477E1,-8.215846121E-2,1.431448013E-1,8.050730228E-1
5.104541769E1,-6.085318699E-2,1.569932252E-1,8.764456511E-1
5.105538269E1,-1.727058738E-1,1.442100704E-1,9.371656775E-1
5.106536373E1,-1.492700726E-1,1.569932252E-1,9.584709406E-1
5.107533040E1,-1.611211337E-2,1.740374416E-1,9.542099237E-1
5.108528623E1,-8.322372288E-2,1.676458716E-1,9.371656775E-1
5.109525175E1,-1.790974438E-1,1.569932252E-1,8.902940750E-1
5.110521670E1,4.247738793E-2,1.772332340E-1,8.551403880E-1
5.111518217E1,1.797632314E-2,1.527321786E-1,8.317046165E-1
5.112515904E1,-1.535311192E-1,8.668582886E-2,7.720498443E-1
5.113512561E1,1.904158667E-2,9.627319872E-2,7.018755674E-1
5.114508082E1,9.467530251E-2,1.165132076E-1,6.379597783E-1
5.115504623E1,1.158474199E-2,1.367532164E-1,5.250418186E-1
5.116501982E1,-9.494162351E-2,1.175784767E-1,4.185154438E-1
5.117498608E1,-1.886848211E-1,6.218476593E-2,3.396859467E-1
5.118495587E1,1.372858584E-1,5.472791940E-2,2.406164259E-1
5.119492243E1,6.697845459E-2,2.530001104E-3,1.278316379E-1
5.120488410E1,-2.430132627E-1,-2.729738131E-2,-1.491369121E-2
5.121485014E1,-1.460742801E-1,1.211737376E-2,-1.683116555E-1
5.122480977E1,5.099949613E-2,3.235738352E-2,-2.364885211E-1
5.123477519E1,2.756369673E-2,1.850895584E-2,-2.514022291E-1
5.124475925E1,-6.724476814E-2,3.595264861E-3,-2.876211703E-1
5.125472654E1,-1.078579482E-2,6.791055668E-3,-3.110569715E-1
5.126469305E1,-3.209106624E-2,-1.731053460E-3,-3.407512009E-1
5.127466029E1,-5.283707380E-1,-9.001477808E-2,-3.886880577E-1
5.128461154E1,1.946769357E-1,3.981423005E-2,-4.387554526E-1
5.129457712E1,4.769718051E-1,1.218395308E-1,-4.941491783E-1
5.130456332E1,-4.271707237E-1,4.833633825E-2,-6.134586930E-1
5.131453097E1,-7.363634557E-2,3.874896467E-2,-7.157239914E-1
5.132449597E1,7.303713560E-1,6.111950055E-2,-7.263766527E-1
5.133446337E1,1.735048145E-1,-5.486107618E-2,-6.976145506E-1
5.134442118E1,-5.978792161E-2,-1.070589945E-1,-6.827008128E-1
5.135438758E1,4.098601937E-1,-3.901528195E-2,-7.199850678E-1
5.136436951E1,-2.037316747E-2,-9.001477808E-2,-7.998798490E-1
5.137433743E1,-3.133206666E-1,-1.560611278E-1,-8.222503662E-1
5.138428930E1,4.127896391E-3,-1.592569202E-1,-7.785745859E-1
5.139425561E1,-2.323606312E-1,-2.199769467E-1,-7.476819158E-1
5.140421925E1,-3.154512048E-1,-2.444780022E-1,-7.498124242E-1
5.141418529E1,2.245043069E-1,-1.912148297E-1,-7.380945683E-1
5.142415852E1,-1.194426864E-1,-2.487390637E-1,-7.476819158E-1
5.143412529E1,-2.728406489E-1,-2.689790726E-1,-7.540735006E-1
5.144409295E1,1.010668874E-1,-2.071937770E-1,-7.114629745E-1
5.145405977E1,-9.068056941E-2,-2.210422009E-1,-6.635261178E-1
5.146402446E1,-5.339634046E-2,-2.274337858E-1,-5.804355145E-1
5.147399102E1,1.585911214E-1,-1.997369379E-1,-4.025365114E-1
5.148396436E1,-6.511423737E-2,-1.773663908E-1,-2.929475009E-1
5.149393165E1,1.479384899E-1,-9.747162461E-2,-1.619200706E-1
5.150389654E1,3.182475269E-2,-8.575372398E-2,-4.900212586E-2
5.151386352E1,-6.072002649E-1,-1.549958587E-1,5.432844535E-2
5.152382394E1,-2.888196111E-1,-8.042740822E-2,1.427453309E-1
5.153379029E1,1.330247968E-1,2.063948289E-2,2.608564198E-1
5.154375686E1,-2.408827394E-1,-2.729738131E-2,3.418164849E-1
5.155372321E1,-8.535424620E-2,-1.238369010E-2,3.737743795E-1
5.156370227E1,2.330264263E-2,1.105211023E-2,4.089280665E-1
5.157366993E1,-9.174583107E-2,-6.657897611E-4,4.451470375E-1
5.158362248E1,1.371526904E-2,7.856319658E-3,4.792354703E-1
5.159358858E1,1.798963994E-1,2.383527346E-2,5.261070728E-1
5.160356321E1,-8.535424620E-2,3.994738800E-4,5.729786754E-1
5.161353014E1,-1.151816323E-1,4.620581120E-2,5.942839384E-1
5.162350040E1,-4.061317816E-2,7.283740491E-2,6.209155321E-1
5.163346769E1,-2.174469382E-1,2.596580051E-2,6.741787195E-1
5.164343316E1,-1.205079481E-1,3.661843762E-2,6.581997871E-1
5.165340019E1,2.447443157E-1,1.101216301E-1,5.719134212E-1
5.166336920E1,-7.576687634E-2,5.685844645E-2,5.250418186E-1
5.167333649E1,-4.932170510E-1,-5.286370963E-2,5.378249884E-1
5.168330014E1,1.946769357E-1,2.277000993E-2,4.973449707E-1
5.169326701E1,3.704454303E-1,5.259739235E-2,4.589954615E-1
5.170322295E1,-1.865542978E-1,-5.992108025E-3,4.217112362E-1
5.171318873E1,-1.759016514E-1,1.464737463E-3,3.854922652E-1
5.172317243E1,-4.274370521E-2,-4.926844500E-3,3.748396337E-1
5.173314003E1,3.182475269E-2,-1.731053460E-3,3.492733240E-1
5.174310738E1,1.158474199E-2,1.744369231E-2,3.141196072E-1
5.175307488E1,-2.889527567E-2,5.046686530E-2,2.949448824E-1
5.176302087E1,-1.950764060E-1,1.744369231E-2,2.523343265E-1
5.177298623E1,4.127896391E-3,3.129211813E-2,2.533995807E-1
5.178297717E1,-8.109319210E-2,2.596580051E-2,2.502037883E-1
5.179294508E1,-2.834932804E-1,1.424790081E-2,2.141179889E-1
5.180289410E1,-1.504684892E-2,5.366265774E-2,1.970737725E-1
5.181286009E1,1.149153188E-1,1.005342528E-1,1.629853398E-1
5.182282514E1,-2.834932804E-1,6.218476593E-2,1.129179448E-1
5.183279102E1,-4.394212738E-3,1.047953144E-1,9.480846673E-2
5.184275592E1,-6.724476814E-2,6.857634336E-2,1.097221524E-1
5.185272170E1,-5.233107507E-2,6.964161247E-2,6.391581893E-2
5.186267826E1,5.739107728E-2,1.047953144E-1,-5.326318089E-3
5.187264311E1,1.149153188E-1,1.282311082E-1,-3.834949061E-2
5.188262545E1,-7.363634557E-2,9.520793706E-2,-6.498108059E-2
5.189259201E1,1.968074590E-1,1.388837546E-1,-8.415582776E-2
5.190254436E1,-1.950764060E-1,8.242477477E-2,-1.374190152E-1
5.191250951E1,-5.379581451E-1,-2.796316985E-3,-1.597895473E-1
5.192251441E1,3.768370152E-1,1.111868918E-1,-1.438105851E-1
5.193248358E1,2.468748540E-1,6.964161247E-2,-2.247706354E-1
5.194243540E1,-1.439437568E-1,-2.796316985E-3,-3.153180480E-1
5.195240279E1,1.861548275E-1,5.792371184E-2,-3.460775316E-1
5.196234696E1,-1.290300637E-1,-8.122635074E-3,-3.812312186E-1
5.197231201E1,-1.162468940E-1,-6.231792271E-2,-3.791007102E-1
5.198230165E1,4.343612492E-1,4.301001877E-2,-3.961449265E-1
5.199226915E1,7.976161689E-2,-5.992108025E-3,-4.621912539E-1
5.200222066E1,1.127847880E-1,-1.731053460E-3,-4.930838943E-1
5.201218654E1,1.925463974E-1,-1.131842658E-2,-4.621912539E-1
5.202216863E1,-3.824296594E-1,-9.640636295E-2,-4.323638678E-1
5.203213618E1,-6.444845200E-1,-1.411474347E-1,-3.769701719E-1
5.204210686E1,2.681801319E-1,-5.992108025E-3,-2.972085476E-1
5.205207467E1,6.697845459E-2,-3.049317189E-2,-2.972085476E-1
5.206205212E1,-3.047985733E-1,-6.125266105E-2,-2.684464455E-1
5.207202092E1,-1.194426864E-1,-3.581948951E-2,-1.928127259E-1
5.208196087E1,1.584579609E-2,-4.926844500E-3,-5.965476483E-2
5.209192675E1,-2.195774615E-1,-5.179844424E-2,6.817687303E-2
5.210191706E1,3.384875357E-1,4.833633825E-2,1.619200706E-1
5.211188540E1,2.617885470E-1,6.218476593E-2,2.310290486E-1
5.212183566E1,-2.174469382E-1,8.921583183E-3,2.832269669E-1
5.213180212E1,-4.807002097E-2,3.235738352E-2,3.620564938E-1
5.214176904E1,2.298306376E-1,5.792371184E-2,4.344944060E-1
5.215173555E1,-2.143843099E-2,4.087949172E-2,4.312986135E-1
5.216170545E1,2.532664239E-1,1.090563685E-1,3.705785871E-1
5.217167227E1,3.182475269E-2,4.087949172E-2,3.471427858E-1
5.218163206E1,-5.677855015E-1,-6.338318437E-2,3.822965026E-1
5.219159816E1,1.490037590E-1,6.431528926E-2,4.227765203E-1
5.220158170E1,6.431529522E-1,1.282311082E-1,4.440817833E-1
5.221154956E1,-3.037332892E-1,1.105211023E-2,4.270375669E-1
5.222152910E1,-5.113265514E-1,-4.926844500E-3,4.057323039E-1
5.223149816E1,3.331612051E-1,1.218395308E-1,4.046670198E-1
5.224145748E1,-1.824264042E-2,5.366265774E-2,3.673827946E-1
5.225142550E1,-1.609879732E-1,2.277000993E-2,2.800311744E-1
5.226137472E1,1.671132296E-1,7.603318989E-2,2.013348341E-1
5.227134087E1,-4.261054695E-1,-6.657897611E-4,1.416800618E-1
5.228128649E1,1.213068962E-1,8.881635964E-2,8.841688186E-2
5.229125050E1,3.139864504E-1,1.047953144E-1,1.597895473E-2
5.230127321E1,-3.431480527E-1,-2.836264484E-2,-4.367581010E-2
5.231124321E1,5.952160433E-2,3.448791057E-2,-1.171789989E-1
5.232118842E1,4.460791498E-2,5.153212696E-2,-2.290316820E-1
5.233115587E1,-1.790974438E-1,1.744369231E-2,-3.471427858E-1
5.234111779E1,1.660479754E-1,2.596580051E-2,-4.440817833E-1
5.235108472E1,-1.268995255E-1,-4.860265180E-2,-5.388902426E-1
5.236106373E1,-1.982721984E-1,-4.860265180E-2,-6.102629304E-1
5.237103180E1,4.812328517E-1,5.366265774E-2,-6.166545153E-1
5.238097691E1,2.436790615E-1,-1.877527125E-2,-6.667218804E-1
5.239094269E1,-3.484743834E-1,-1.219726875E-1,-7.263766527E-1
5.240088503E1,5.526055023E-2,-4.008054361E-2,-7.327682376E-1
5.241084837E1,1.914811432E-1,-1.771000773E-2,-7.189198136E-1
5.242083785E1,-4.900212884E-1,-1.986716688E-1,-6.571345329E-1
5.243080389E1,-1.098553166E-1,-8.681898564E-2,-5.101281404E-1
5.244078811E1,8.326367140E-1,1.782985032E-1,-3.876228034E-1
5.245075597E1,3.821633384E-2,9.627319872E-2,-3.780354261E-1
5.246072493E1,-9.319725037E-1,-1.344895363E-2,-3.908185959E-1
5.247069290E1,1.797632314E-2,4.407528415E-2,-4.217112362E-1
5.248065430E1,5.962813497E-1,-7.057371549E-3,-3.247722387E-1
5.249062160E1,5.313002318E-2,-8.362319320E-2,-5.219791830E-2
5.250060045E1,-7.382277250E-1,-1.613874435E-1,4.580633715E-2
5.251056889E1,-2.515353858E-1,-4.860265180E-2,1.182442605E-1
5.252053066E1,6.197171211E-1,1.218395308E-1,1.768337637E-1
5.253049842E1,-1.311605871E-1,6.791055668E-3,1.171789989E-1
5.254044712E1,-4.868254960E-1,-3.581948951E-2,1.086568907E-1
5.255041290E1,3.555317521E-1,1.069258377E-1,2.151832581E-1
5.256044347E1,-9.813741595E-2,2.809632942E-2,2.246374637E-1
5.257041587E1,-2.035985142E-1,-9.187898599E-3,2.715090811E-1
5.258036842E1,9.467530251E-2,6.005423889E-2,2.363553643E-1
5.259033873E1,-2.930806577E-1,1.957421936E-2,1.768337637E-1
5.260026243E1,-5.765739456E-2,6.005423889E-2,1.533979625E-1
5.261022800E1,5.193160381E-3,8.135951310E-2,1.139832065E-1
5.262018311E1,-1.611211337E-2,7.603318989E-2,5.326318368E-2
5.263014764E1,1.584579609E-2,3.874896467E-2,4.261054564E-3
5.264011378E1,2.756369710E-1,1.637842879E-2,-5.006739125E-2
5.265007847E1,-2.249037921E-1,-1.006674170E-1,-1.864211410E-1
5.266004904E1,-2.463422157E-2,-1.006674170E-1,-3.428817391E-1
5.267001436E1,1.893506050E-1,-7.510108501E-2,-4.110586047E-1
5.268000061E1,4.620580971E-1,-5.592634156E-2,-4.014712274E-1
5.268996800E1,9.361004084E-2,-1.123853177E-1,-4.866923392E-1
5.269991227E1,-1.631184965E-1,-1.358211190E-1,-5.197154880E-1
5.270987732E1,2.181127369E-1,-8.788424730E-2,-4.813660085E-1
5.271983519E1,8.615319431E-2,-1.113200486E-1,-4.483428299E-1
5.272979951E1,-6.724476814E-2,-1.528653353E-1,-4.142543972E-1
5.273977514E1,3.342264593E-1,-9.108003974E-2,-3.364901543E-1
5.274974055E1,1.936116666E-1,-9.214530140E-2,-2.418148518E-1
5.275970550E1,-5.872265995E-2,-1.017326787E-1,-2.237053663E-1
5.276967087E1,4.119907022E-1,-6.657897611E-4,-1.768337637E-1
5.277965477E1,2.522011697E-1,-3.688475490E-2,-1.182442605E-1
5.278962201E1,-8.655266836E-3,-8.575372398E-2,-6.391581893E-2
5.279958394E1,4.759065211E-1,1.464737463E-3,-6.391582079E-3
5.280955066E1,3.555317521E-1,-1.025316212E-2,6.924213469E-2
5.281952165E1,6.258423906E-3,-6.125266105E-2,1.416800618E-1
5.282948878E1,3.246390820E-1,1.637842879E-2,1.821600795E-1
5.283943321E1,3.416832983E-1,4.087949172E-2,2.427469492E-1
5.284939805E1,-5.459476262E-3,1.464737463E-3,3.119890988E-1
5.285937608E1,1.628521830E-1,2.277000993E-2,3.844270110E-1
5.286934222E1,5.696497560E-1,1.175784767E-1,4.600607455E-1
5.287932722E1,-1.279647946E-1,7.177213579E-2,4.547344148E-1
5.288929524E1,3.214432895E-1,1.655153334E-1,4.504733682E-1
5.289925279E1,1.129845262E0,2.123869359E-1,5.016059875E-1
5.290921972E1,-1.332911104E-1,3.981423005E-2,4.920186400E-1
5.291917571E1,-1.114132643E0,-1.070589945E-1,4.781702161E-1
5.292914154E1,-1.194426864E-1,-1.984053478E-2,5.079975724E-1
5.293912811E1,1.572861791E0,2.379532605E-1,6.017407775E-1
5.294909602E1,7.314366698E-1,1.186437383E-1,5.175849795E-1
5.295904092E1,-6.404897571E-2,6.111950055E-2,3.759049177E-1
5.296900649E1,1.239567399E0,2.816290855E-1,3.237069845E-1
5.297898634E1,1.310806870E0,1.601890177E-1,2.267680019E-1
5.298895332E1,-4.559328258E-1,-1.664474420E-2,1.065263674E-1
5.299891472E1,-1.341033816E0,-1.486042738E-1,6.711161137E-2
5.300888113E1,2.745717168E-1,3.994738800E-4,9.161267430E-2
5.301884795E1,-6.298371404E-2,-5.486107618E-2,9.054741263E-2
5.302881441E1,-6.327666044E-1,-1.198421568E-1,4.793686420E-2
5.303877462E1,2.170474678E-1,2.383527346E-2,-7.456845604E-3
5.304874045E1,1.426121742E-1,3.555317223E-2,-4.900212586E-2
5.305871910E1,-2.121206224E-1,-2.303632535E-2,-1.107874215E-1
5.306868623E1,2.234390527E-1,2.596580051E-2,-1.470063776E-1
5.307864758E1,3.320959508E-1,2.383527346E-2,-1.725727171E-1
5.308861410E1,-1.545963883E-1,-3.581948951E-2,-2.215748429E-1
5.309858118E1,-3.579285741E-1,-5.379581451E-2,-2.769685388E-1
5.310854774E1,-3.367564678E-1,-7.510108501E-2,-2.503369451E-1
5.311850842E1,-1.441035390E0,-2.327601016E-1,-2.290316820E-1
5.312847436E1,-1.062999964E0,-2.263685167E-1,-1.672463864E-1
5.313844956E1,7.070687413E-1,7.496792823E-2,-2.450106293E-2
5.314841644E1,1.014796734E0,1.506016403E-1,6.711161137E-2
5.315838243E1,-2.312953621E-1,1.005342528E-1,-1.629853398E-1
5.316834920E1,-4.665854871E-1,8.455529809E-2,-1.757684946E-1
5.317832035E1,7.708513737E-1,2.187785208E-1,-2.024000883E-2
5.318828759E1,2.106558830E-1,7.709845901E-2,-1.065263618E-2
5.319824910E1,-1.147155762E0,-1.081242561E-1,-2.450106293E-2
5.320821576E1,-3.538006842E-1,-7.403582335E-2,5.432844535E-2
5.321818660E1,1.387505889E0,1.484711170E-1,1.331579536E-1
5.322815363E1,7.550056279E-2,2.063948289E-2,1.384842694E-1
5.323812467E1,-1.598694444E0,-1.283642650E-1,1.097221524E-1
5.324809212E1,3.587275445E-1,8.668582886E-2,1.640505940E-1
5.325805227E1,8.603335619E-1,1.207742617E-1,9.374319762E-2
5.326801899E1,-9.863009453E-1,-9.321057051E-2,-4.580633715E-2
5.327798628E1,-5.134570599E-1,-1.251684725E-1,-5.432844535E-2
5.328795305E1,1.073386312E0,2.703106403E-2,-1.810948178E-2
5.329794196E1,1.478053257E-2,-1.070589945E-1,-8.309056610E-2
5.330791092E1,-6.476802826E-1,-1.645832360E-1,-1.736379713E-1
5.331787894E1,6.388918757E-1,3.595264861E-3,-2.215748429E-1
5.332784779E1,-3.930822909E-1,-1.581916511E-1,-1.874863952E-1
5.333780503E1,-1.218528390E0,-2.316948473E-1,-2.269011587E-1
5.334777274E1,4.269044101E-1,3.994738800E-4,-2.567285299E-1
5.335774212E1,4.396875799E-1,-2.197106183E-2,-2.396843135E-1
5.336770998E1,1.051947847E-2,-4.753739014E-2,-2.396843135E-1
5.337767821E1,2.788327634E-1,-6.657897611E-4,-2.727074921E-1
5.338764608E1,-5.709813237E-1,-9.853688627E-2,-2.737727463E-1
5.339760170E1,-8.127961755E-1,-1.741705984E-1,-2.418148518E-1
5.340756837E1,8.645945787E-1,5.046686530E-2,-1.331579536E-1
5.341754649E1,4.748412669E-1,-1.025316212E-2,-1.065263674E-1
5.342751425E1,-8.053393364E-1,-1.518000662E-1,-6.817687303E-2
5.343747524E1,-2.143843099E-2,-3.049317189E-2,1.065263641E-3
5.344744227E1,6.623276472E-1,9.307741374E-2,5.326318089E-3
5.345739456E1,-3.431480527E-1,-3.155843541E-2,-1.597895473E-2
5.346736014E1,-8.468846083E-1,-1.581916511E-1,1.384842768E-2
5.347732483E1,6.783066392E-1,1.105211023E-2,2.769685537E-2
5.348729029E1,1.057407379E0,8.349003643E-2,2.769685537E-2
5.349726394E1,3.459443748E-1,6.538055837E-2,3.728422895E-2
5.350723024E1,4.556665123E-1,1.261005849E-1,8.948214352E-2
5.351719311E1,1.223721579E-1,7.283740491E-2,1.832253486E-1
5.352715904E1,-4.239749312E-1,-4.221107066E-2,2.491385341E-1
5.353712243E1,5.366265774E-1,5.472791940E-2,2.917490900E-1
5.354708811E1,1.543300748E-1,-3.262370080E-2,2.045306265E-1
5.355705930E1,-6.562023759E-1,-1.304948032E-1,2.343579940E-2
5.356702555E1,2.937464416E-1,-5.073318258E-2,-5.965476483E-2
5.357699477E1,1.030775785E0,1.211737376E-2,-8.202529699E-2
5.358696128E1,-8.641951531E-2,-1.081242561E-1,-8.948214352E-2
5.359692488E1,-8.756467104E-1,-2.487390637E-1,-2.982738242E-2
5.360689113E1,4.034686089E-2,-2.178464085E-1,3.728422895E-2
5.361686118E1,8.828372508E-2,-2.263685167E-1,2.982738242E-2
5.362682774E1,5.632581562E-2,-1.358211190E-1,-4.367581010E-2
5.363678529E1,8.241145611E-1,3.129211813E-2,-3.195790946E-2
5.364675097E1,-1.567269117E-1,-1.432779580E-1,7.456845604E-3
5.365672675E1,-5.784381628E-1,-1.933453530E-1,6.391582079E-3
5.366669347E1,2.841590643E-1,-6.977476925E-2,3.621896356E-2
5.367665915E1,1.213068962E-1,-6.231792271E-2,5.113265663E-2
5.368662571E1,-2.174469382E-1,-1.081242561E-1,7.456845790E-2
5.369659800E1,-8.109319210E-2,-1.304948032E-1,9.587372839E-2
5.370656514E1,3.299654126E-1,-4.540686309E-2,9.906952083E-2
5.371652821E1,8.305061460E-1,5.685844645E-2,4.793686420E-2
5.372649493E1,2.873548567E-1,-5.592634156E-2,6.391581893E-2
5.373645571E1,-7.552719116E-1,-1.901495606E-1,9.267793596E-2
5.374642180E1,2.340916842E-1,-3.688475490E-2,1.012000442E-1
5.375640363E1,8.102661371E-1,4.407528415E-2,1.139832065E-1
5.376637134E1,-7.392929792E-1,-1.283642650E-1,1.416800618E-1
5.377632701E1,-4.857602119E-1,-1.400821656E-1,1.842906028E-1
5.378629347E1,1.253415823E0,1.239700541E-1,2.288985252E-1
5.379625873E1,6.420876384E-1,5.259739235E-2,2.789659202E-1
5.380622508E1,-4.154528081E-1,-7.057371549E-3,2.896185517E-1
5.381620165E1,-8.428898454E-2,-1.731053460E-3,3.183806837E-1
5.382616899E1,1.532648057E-1,3.981423005E-2,2.917490900E-1
5.383612029E1,-1.641837656E-1,2.703106403E-2,2.661827505E-1
5.384608602E1,-2.792322338E-1,2.809632942E-2,2.555301189E-1
5.385607232E1,-4.378233552E-1,-1.557948068E-2,2.832269669E-1
5.386604014E1,-3.335606754E-1,-2.410159074E-2,2.438122183E-1
5.387599800E1,4.013380706E-1,7.496792823E-2,1.853558719E-1
5.388596477E1,3.949464858E-1,6.751108170E-2,1.917474568E-1
5.389593462E1,-1.504684892E-2,3.342264518E-2,2.310290486E-1
5.390590165E1,-4.442149401E-1,-2.623211779E-2,2.045306265E-1
5.391587279E1,-3.635212034E-2,4.514054582E-2,1.629853398E-1
5.392584024E1,2.202432603E-1,1.005342528E-1,1.938779801E-1
5.393579003E1,-3.175817132E-1,1.105211023E-2,2.512690723E-1
5.394575571E1,2.916159332E-1,1.005342528E-1,2.853575051E-1
5.395573920E1,7.443529367E-2,6.644582003E-2,2.438122183E-1
5.396570665E1,-1.206810594E0,3.994738800E-4,1.672463864E-1
5.397566441E1,-1.575258613E0,-9.427583218E-2,1.427453309E-1
5.398563087E1,-1.021454692E0,-1.304948032E-1,1.331579536E-1
5.399565295E1,1.051015735E0,1.186437383E-1,2.045306265E-1
5.400562503E1,6.697844863E-1,9.733846784E-2,7.563371956E-2
5.401553071E1,-1.020389438E0,3.994738800E-4,1.278316416E-2
5.402549602E1,-4.165180922E-1,7.856319658E-3,5.219791830E-2
5.403546227E1,4.215780795E-1,1.133174226E-1,2.130527282E-3
5.404542769E1,-4.218443930E-1,1.850895584E-2,-3.089264594E-2
5.405541191E1,-5.368928909E-1,-3.861580743E-3,-2.556632832E-2
5.406537920E1,-1.331579551E-4,5.153212696E-2,5.326318089E-3
5.407532920E1,9.977525473E-1,2.667153776E-1,-9.267793596E-2
5.408529472E1,3.310306668E-1,1.399490088E-1,-1.225053221E-1
5.409526618E1,-2.643185556E-1,7.709845901E-2,-1.129179448E-1
5.410523227E1,-1.185105834E-2,6.751108170E-2,-9.587372839E-2
5.411518602E1,6.165213138E-2,2.490053698E-2,-9.906952083E-2
5.412515087E1,-1.391101122E0,-1.326253265E-1,-1.874863952E-1
5.413514290E1,-1.142894745E0,-1.283642650E-1,-1.225053221E-1
5.414511050E1,6.868287325E-1,1.090563685E-1,3.089264594E-2
5.415506358E1,2.873548567E-1,3.342264518E-2,1.502021700E-1
5.416502967E1,-7.243793011E-1,-8.122635074E-3,9.480846673E-2
5.417500613E1,8.388951421E-3,1.058605760E-1,7.989477366E-2
5.418497332E1,4.950812757E-1,1.665806025E-1,1.012000442E-1
5.419493378E1,-1.929458827E-1,6.325002760E-2,6.711161137E-2
5.420490024E1,-2.696448565E-1,2.383527346E-2,3.195790946E-2
5.421487123E1,4.162517786E-1,1.101216301E-1,3.408843651E-2
5.422483816E1,1.159805804E-1,1.015995219E-1,6.391582079E-3
5.423480430E1,-1.034637317E-1,1.165132076E-1,-3.621896356E-2
5.424477113E1,8.189214021E-2,1.527321786E-1,-5.752423778E-2
5.425473358E1,2.543316968E-2,9.307741374E-2,-5.326318368E-2
5.426469993E1,2.767022252E-1,9.414267540E-2,-1.470063776E-1
5.427467295E1,6.527402997E-1,1.410142779E-1,-1.885516644E-1
5.428463998E1,7.942872047E-1,2.038648278E-1,-2.013348341E-1
5.429460915E1,5.355613232E-1,1.729721874E-1,-2.247706354E-1
5.430457639E1,1.347025871E0,2.784332931E-1,-2.130527347E-1
5.431454186E1,1.439703822E0,2.102564126E-1,-1.299621612E-1
5.432450889E1,6.932203174E-1,8.135951310E-2,-3.089264594E-2
5.433447186E1,-1.047021031E0,-6.338318437E-2,-1.012000442E-1
5.434443852E1,-1.743570209E0,-1.571263820E-1,-1.470063776E-1
5.435440524E1,8.166577220E-1,1.154479459E-1,-7.669898123E-2
5.436437191E1,1.261804819E0,1.442100704E-1,1.065263641E-3
5.437434842E1,-2.941459119E-1,-4.926844500E-3,1.491369121E-2
5.438431608E1,-4.431496859E-1,-1.557948068E-2,1.065263618E-2
5.439426811E1,4.801675975E-1,1.452753246E-1,1.384842768E-2
5.440423415E1,-5.294360518E-1,3.022685647E-2,2.982738242E-2
5.441420722E1,-4.772381186E-1,4.194475710E-2,5.539371073E-2
5.442417399E1,7.271755934E-1,1.985385120E-1,9.054741263E-2
5.443413878E1,-5.446160212E-2,8.135951310E-2,1.033305749E-1
5.444410529E1,-3.346259296E-1,5.472791940E-2,8.841688186E-2
5.445407477E1,8.337019682E-1,1.868206114E-1,7.776424289E-2
5.446404160E1,3.107906580E-1,6.857634336E-2,9.587372839E-2
5.447401446E1,-8.543414474E-1,-3.155843541E-2,1.384842768E-2
5.448398186E1,-1.727058738E-1,2.277000993E-2,-2.876211889E-2
5.449394774E1,6.090644598E-1,1.282311082E-1,-1.704421826E-2
5.450391498E1,-3.728422821E-1,3.994738800E-4,-3.728422895E-2
5.451388076E1,-6.298371404E-2,4.727107286E-2,-1.065263674E-1
5.452384790E1,2.735064328E-1,6.325002760E-2,-1.288969070E-1
5.453383217E1,-2.280995846E-1,-4.860265180E-2,-1.448758543E-1
5.454380097E1,-8.215846121E-2,-4.114580899E-2,-2.173137814E-1
5.455374811E1,4.886896908E-1,4.194475710E-2,-2.897517085E-1
5.456371467E1,-5.978792161E-2,-7.084003091E-2,-3.046653867E-1
5.457368373E1,-5.901560783E-1,-1.709748209E-1,-3.089264631E-1
5.458365061E1,-9.281109273E-2,-1.081242561E-1,-2.812296152E-1
5.459361436E1,5.472791791E-1,-1.771000773E-2,-2.311622053E-1
5.460358087E1,-5.933518410E-1,-1.699095517E-1,-2.269011587E-1
5.461354415E1,-3.516701460E-1,-1.475390196E-1,-2.109221965E-1
5.462351035E1,3.938812315E-1,-2.516685426E-2,-1.938779801E-1
5.463347436E1,-4.814991653E-1,-1.262337416E-1,-1.842906028E-1
5.464344029E1,-3.930822909E-1,-9.427583218E-2,-1.778990328E-1
5.465341082E1,8.912261724E-1,7.177213579E-2,-9.267793596E-2
5.466337722E1,2.894853950E-1,-9.187898599E-3,-6.817687303E-2
5.467334576E1,-4.218443930E-1,-8.362319320E-2,-2.876211889E-2
5.468331243E1,5.099949837E-1,6.751108170E-2,2.769685537E-2
5.469326873E1,4.695149362E-1,7.603318989E-2,9.054741263E-2
5.470323430E1,-2.037316747E-2,1.318263728E-2,1.565937549E-1
5.471321582E1,4.173170328E-1,8.349003643E-2,2.055958807E-1
5.472318300E1,-3.315633163E-2,7.856319658E-3,2.491385341E-1
5.473313571E1,-4.538023174E-1,-6.018739566E-2,2.448774725E-1
5.474310139E1,7.591335177E-1,9.094688296E-2,2.810964286E-1
5.475308160E1,6.165213585E-1,4.620581120E-2,3.215764761E-1
5.476304878E1,-1.459144831E0,-8.255793154E-2,2.427469492E-1
5.477301649E1,-1.751027107E0,-1.976063997E-1,2.151832581E-1
5.478298373E1,1.326785922E0,1.633848101E-1,2.608564198E-1
5.479292649E1,1.286305904E0,1.271658540E-1,2.448774725E-1
5.480289123E1,-1.045955777E0,-3.049317189E-2,2.034653574E-1
5.481286779E1,-2.366216928E-1,2.490053698E-2,1.406148076E-1
5.482283373E1,1.491901755E0,2.091911435E-1,1.352884769E-1
5.483279170E1,4.162517786E-1,7.816372067E-2,1.406148076E-1
5.484275680E1,-1.104545236E0,-8.149266988E-2,9.480846673E-2
5.485275290E1,-1.492700726E-1,-3.795001656E-2,2.450106293E-2
5.486272113E1,6.314350367E-1,6.431528926E-2,1.384842768E-2
5.487269092E1,-2.249037921E-1,-2.516685426E-2,-6.178529188E-2
5.488265930E1,-3.282343447E-1,-4.647212476E-2,-1.970737725E-1
5.489262941E1,6.921550632E-1,9.946899116E-2,-2.332927436E-1
5.490259800E1,1.521995366E-1,1.424790081E-2,-2.673811615E-1
5.491255998E1,2.053295672E-1,1.318263728E-2,-3.174485564E-1
5.492252785E1,6.506097913E-1,4.727107286E-2,-3.163833022E-1
5.493248295E1,3.800328076E-1,-1.344895363E-2,-3.217096329E-1
5.494244951E1,-1.396826953E-1,-5.699160323E-2,-3.620564938E-1
5.495240305E1,-7.044056058E-2,-5.379581451E-2,-3.663175404E-1
5.496236832E1,1.478053257E-2,-4.647212476E-2,-3.577954173E-1
5.497234644E1,-3.856254518E-1,-9.960214794E-2,-3.386206925E-1
5.498231300E1,1.777658761E-1,-1.731053460E-3,-3.343596160E-1
5.499228712E1,1.745700836E-1,-1.984053478E-2,-3.556649089E-1
5.500225441E1,-7.914909124E-1,-1.667137593E-1,-3.918838501E-1
5.501221332E1,-2.398174703E-1,-1.166463718E-1,-4.121238589E-1
5.502217977E1,4.322307110E-1,-4.221107066E-2,-4.014712274E-1
5.503214384E1,-8.961530030E-2,-1.294295341E-1,-3.876228034E-1
5.504211003E1,7.123950869E-2,-1.006674170E-1,-3.545996249E-1
5.505207082E1,7.964177132E-1,1.105211023E-2,-2.780338228E-1
5.506203644E1,3.906854391E-1,-2.303632535E-2,-2.247706354E-1
5.507202316E1,3.960117698E-1,-3.368896246E-2,-1.299621612E-1
5.508199092E1,1.745700836E-1,-7.723161578E-2,-2.130527236E-2
5.509193415E1,-8.170571923E-1,-1.315600574E-1,6.285055727E-2
5.510189941E1,-1.414536953E0,-2.242379934E-1,1.587242782E-1
5.511187456E1,-1.599759698E0,-3.083938360E-1,1.416800618E-1
5.512184082E1,3.693801761E-1,-5.179844424E-2,9.587372839E-2
5.513181248E1,1.844370842E0,1.495363861E-1,1.107874215E-1
5.514177925E1,-5.422192216E-1,-9.321057051E-2,1.118526831E-1
5.515173363E1,-1.434643865E0,-2.423474789E-1,2.331595868E-1
5.516169915E1,8.550072312E-1,1.531316526E-2,2.024000883E-1
5.517167967E1,5.259739161E-1,-9.001477808E-2,2.885532975E-1
5.518164670E1,-9.777788520E-1,-2.125200927E-1,3.226417303E-1
5.519164608E1,-2.707101107E-1,-1.379516423E-1,3.013364673E-1
5.520161634E1,3.853591084E-1,-2.197106183E-2,3.055975139E-1
5.521157227E1,-1.854890287E-1,-9.853688627E-2,3.428817391E-1
5.522154113E1,-2.621880174E-1,-1.315600574E-1,3.844270110E-1
5.523147253E1,5.920202732E-1,4.301001877E-2,3.407512009E-1
5.524143758E1,9.893636405E-2,-4.753739014E-2,3.471427858E-1
5.525142524E1,3.512706757E-1,-2.729738131E-2,3.791007102E-1
5.526139258E1,8.390282989E-1,4.514054582E-2,3.641870022E-1
5.527133326E1,3.715106845E-2,8.921583183E-3,4.206459820E-1
5.528129790E1,-1.170591593E0,-9.001477808E-2,4.536691606E-1
5.529126555E1,-6.402234435E-1,-8.362319320E-2,5.644565821E-1
5.530123045E1,7.506113648E-1,1.495363861E-1,6.113281846E-1
5.531124582E1,2.223737910E-2,9.414267540E-2,5.846965909E-1
5.532121582E1,-6.530066133E-1,5.153212696E-2,5.601955056E-1
5.533116144E1,7.932219505E-1,2.645848691E-1,5.559344888E-1
5.534112904E1,4.045338631E-1,1.761679798E-1,5.623260736E-1
5.535109753E1,-3.717769980E-1,1.207742617E-1,4.984102249E-1
5.536106519E1,-6.977477074E-1,5.792371184E-2,4.824312627E-1
5.537102264E1,-1.439437568E-1,1.239700541E-1,4.547344148E-1
5.538098930E1,1.319595277E-1,1.719069183E-1,4.131891429E-1
5.539098363E1,2.490053773E-1,2.081258893E-1,3.428817391E-1
5.540095305E1,1.234374270E-1,1.846900880E-1,2.789659202E-1
5.541087847E1,3.310306668E-1,2.049300969E-1,2.651174963E-1
5.542084342E1,2.287653685E-1,1.996037811E-1,2.182458937E-1
5.543080706E1,-3.154512048E-1,1.665806025E-1,1.736379713E-1
5.544077191E1,-5.283707380E-1,1.804290265E-1,2.055958807E-1
5.545077628E1,-5.464802384E-1,1.953427196E-1,1.970737725E-1
5.546074508E1,-3.578619957E0,-2.604569495E-1,5.006739125E-2
5.547070087E1,-1.247690022E-1,1.271658540E-1,2.342248410E-1
5.548066837E1,4.060651779E0,6.159886718E-1,3.077280223E-1
5.549064602E1,1.039297819E0,1.271658540E-1,3.641870022E-1
5.550061456E1,-1.630652308E0,-5.992108025E-3,-1.182442605E-1
5.551055425E1,-2.110553533E-1,-3.861580743E-3,-2.173137814E-1
5.552051988E1,1.619733334E0,2.155827284E-1,-4.302333593E-1
5.553051660E1,-6.135918498E-1,3.022685647E-2,-6.017407775E-1
5.554048529E1,-2.106692076E0,-2.306295782E-1,-3.972101808E-1
5.555047467E1,1.241697907E0,1.197090000E-1,-2.535327375E-1
5.556044545E1,1.310806870E0,6.644582003E-2,-3.759049177E-1
5.557045061E1,-1.644500732E0,-6.444845349E-2,-5.857618451E-1
5.558042493E1,-1.756353378E0,-1.837579757E-1,-6.997450590E-1
5.559029915E1,1.448225975E0,1.399490088E-1,-7.285071611E-1
5.560026326E1,7.250450850E-1,1.464737463E-3,-8.371640444E-1
5.561021535E1,-1.576323867E0,-1.251684725E-1,-8.732498884E-1
5.562017826E1,-4.399538934E-1,2.063948289E-2,-7.636608481E-1
5.563016055E1,1.760348201E0,2.230395675E-1,-6.837661266E-1
5.564012540E1,1.639174372E-1,3.295659423E-1,-1.113999486E0
5.565011644E1,-1.944905043E0,5.105276108E-1,-1.759416103E0
5.566008394E1,-1.153547406E0,2.166479975E-1,-1.402552724E0
5.567003613E1,-2.003361464E0,-4.426170290E-1,-6.091976166E-1
5.568000207E1,-1.133307338E0,-5.757750273E-1,3.728422895E-2
5.568998608E1,2.828541279E0,1.531316526E-2,1.065263674E-1
5.569995384E1,8.976177573E-1,8.921583183E-3,-3.067959249E-1
5.570990983E1,-6.647245288E-1,1.452753246E-1,-7.828356028E-1
5.571987639E1,3.502054140E-2,2.006690353E-1,-9.744499326E-1
5.572983008E1,7.676556110E-1,9.946899116E-2,-7.444861531E-1
5.573979535E1,-1.087501049E0,-2.593916953E-1,-5.484775901E-1
5.574977805E1,-5.420993328E0,-8.866988420E-1,-4.557996690E-1
5.575974503E1,2.484461069E0,-1.113200486E-1,-4.898881316E-1
5.576971332E1,4.476104736E0,-5.805686861E-2,-1.355814338E0
5.577968045E1,1.789110303E0,1.424790081E-2,-1.993640900E0
5.578962982E1,8.070703745E-1,-2.263685167E-1,-1.640106559E0
5.579959514E1,1.259674311E0,-4.767054915E-1,-1.838245511E0
5.580957920E1,2.208691120E0,-4.298338890E-1,-2.069274664E0
5.581954644E1,1.318263769E0,-6.864292622E-1,-1.659281254E0
5.582951305E1,-2.820285559E0,-1.030509472E0,-4.813660085E-1
5.583948019E1,-3.066228151E0,-9.847030640E-1,-4.451470375E-1
5.584941519E1,2.641054869E0,-4.860265180E-2,-8.265114427E-1
5.585937910E1,2.333193779E0,-8.788424730E-2,-6.688523889E-1
5.586936972E1,-6.338318586E-1,-3.542001545E-1,-6.070671082E-1
5.587933628E1,-2.327201605E0,-6.651239991E-1,-4.941491783E-1
5.588929774E1,7.443529367E-2,-5.757750273E-1,-2.343579978E-1
5.589926378E1,1.648495436E0,-3.840275407E-1,-6.924213469E-2
5.590923706E1,6.207823753E-1,-3.829622865E-1,1.022653133E-1
5.591920384E1,5.952160433E-2,-3.211769760E-1,3.375554085E-1
5.592914972E1,1.150085211E0,-1.571263820E-1,8.072035313E-1
5.593911436E1,1.040363073E0,-1.880190372E-1,1.150218368E0
5.594910316E1,-2.344911546E-1,-3.414169848E-1,1.351420045E0
5.595907019E1,-8.989493847E-1,-4.095938802E-1,1.487773776E0
5.596903842E1,1.745700836E-1,-2.966759205E-1,1.650759220E0
5.597900561E1,1.777658761E-1,-2.391516864E-1,1.829590321E0
5.598896071E1,-2.035985142E-1,-2.114548385E-1,1.970205069E0
5.599892665E1,3.874896467E-1,-1.368863732E-1,2.196041107E0
5.600890175E1,4.929507375E-1,-1.187768951E-1,2.368480444E0
5.601886863E1,3.225085735E-1,-4.926844500E-3,2.429200649E0
5.602884587E1,8.486156464E-1,2.773680091E-1,2.359026432E0
5.603881373E1,2.298306376E-1,3.487406969E-1,2.236521006E0
5.604876753E1,-1.759549260E0,2.241048366E-1,1.958487153E0
5.605873399E1,-2.059820414E0,-8.122635074E-3,1.790308714E0
5.606869649E1,1.309741616E0,2.571280003E-1,1.773264527E0
5.607866253E1,1.672996521E0,3.625891209E-1,1.701891780E0
5.608862920E1,-1.094957829E0,4.041343927E-1,1.498426437E0
5.609859529E1,-2.588057995E0,2.699111700E-1,1.213068962E0
5.610856706E1,-7.712509036E-1,2.464753687E-1,1.154479504E0
5.611853373E1,7.474156022E-1,2.816290855E-1,1.073519468E0
5.612848602E1,-3.079943359E-1,1.207742617E-1,9.456877708E-1
5.613845123E1,-3.506048918E-1,2.496711612E-1,7.933551073E-1
5.614841258E1,3.331612051E-1,4.179828167E-1,6.827008128E-1
5.615837738E1,3.139864504E-1,4.211786091E-1,7.135934830E-1
5.616836764E1,3.299654126E-1,5.456812978E-1,8.125298619E-1
5.617833498E1,-1.556616426E-1,6.287718415E-1,7.242461443E-1
5.618830514E1,-8.064045906E-1,5.254412889E-1,6.709829569E-1
5.619827279E1,2.234390527E-1,5.882918239E-1,6.400902867E-1
5.620822008E1,8.081356287E-1,6.170539856E-1,5.655218363E-1
5.621818566E1,-1.109205782E-1,5.520728827E-1,4.398207366E-1
5.622817019E1,-7.904255986E-1,5.712476373E-1,1.235705838E-1
5.623813769E1,-9.281109273E-2,6.415550113E-1,-8.309056610E-2
5.624810738E1,-3.848264739E-2,5.850960612E-1,-2.663159072E-1
5.625807508E1,-6.530066133E-1,5.030707717E-1,-4.398207366E-1
5.626806165E1,-1.205079481E-1,5.371592045E-1,-6.496776342E-1
5.627803123E1,1.861548275E-1,4.808333814E-1,-7.892271876E-1
5.628797076E1,-3.388870060E-1,3.434143662E-1,-9.637972713E-1
5.629793727E1,-5.273054838E-1,2.390185297E-1,-1.044757366E0
5.630790061E1,-1.663142890E-1,2.134522051E-1,-1.136369944E0
5.631786680E1,-3.026680350E-1,1.868206114E-1,-1.198155284E0
5.632791821E1,-2.792322338E-1,2.336922139E-1,-1.206677437E0
5.633789305E1,-6.615287066E-1,1.761679798E-1,-1.210938454E0
5.634778524E1,-1.073652625E0,1.324921697E-1,-1.176849961E0
5.635775170E1,-3.271690905E-1,2.262353599E-1,-1.261005878E0
5.636770134E1,2.628538013E-1,2.454101145E-1,-1.306812167E0
5.637766608E1,-4.807002097E-2,1.708416492E-1,-1.249287963E0
5.638763816E1,-1.717737690E-2,1.868206114E-1,-1.265266895E0
5.639760363E1,-4.037349224E-1,9.840372950E-2,-1.173654199E0
5.640756634E1,-2.707101107E-1,1.047953144E-1,-1.094824672E0
5.641753149E1,1.553953290E-1,1.303616315E-1,-1.040496230E0
5.642749102E1,3.725759685E-1,2.113216817E-1,-9.456877708E-1
5.643745561E1,4.460791498E-2,1.655153334E-1,-9.382309318E-1
5.644742451E1,5.323655009E-1,1.974732429E-1,-9.339699149E-1
5.645738951E1,6.452834606E-1,1.229047924E-1,-9.616667628E-1
5.646736962E1,2.553969622E-1,-7.057371549E-3,-9.510141015E-1
5.647733613E1,-1.109205782E-1,-1.241032109E-1,-9.797762632E-1
5.648730358E1,6.048034430E-1,-7.829687744E-2,-1.004277349E0
5.649727014E1,2.127864063E-1,-1.677790284E-1,-9.829720259E-1
5.650722503E1,-7.392929792E-1,-1.976063997E-1,-9.914941192E-1
5.651719045E1,-3.047985733E-1,-1.390169114E-1,-1.050083637E0
5.652715920E1,5.302349925E-1,-1.219726875E-1,-1.033039451E0
5.653712498E1,-1.737711281E-1,-2.231727391E-1,-1.030908942E0
5.654709972E1,-2.962764502E-1,-2.327601016E-1,-1.019191027E0
5.655706639E1,1.904158741E-1,-2.167811543E-1,-9.893636107E-1
5.656702602E1,6.868287325E-1,-1.368863732E-1,-9.105340838E-1
5.657699196E1,3.320959508E-1,-1.784316599E-1,-8.243808746E-1
5.658697748E1,7.261103392E-1,-1.315600574E-1,-7.072018981E-1
5.659694535E1,3.129211962E-1,-2.157158852E-1,-5.996102691E-1
5.660689993E1,-2.813627720E-1,-2.849580348E-1,-5.452818274E-1
5.661686644E1,-1.567269117E-1,-2.444780022E-1,-5.399554968E-1
5.662682764E1,6.804371625E-2,-2.391516864E-1,-4.430165291E-1
5.663679363E1,-2.685796022E-1,-2.838927507E-1,-3.290333152E-1
5.664676722E1,2.138516754E-1,-1.858884990E-1,-2.567285299E-1
5.665673399E1,6.676539779E-1,-1.358211190E-1,-1.193095297E-1
5.666670644E1,1.404816359E-1,-2.263685167E-1,5.113265663E-2
5.667667373E1,-1.535311192E-1,-2.806969583E-1,1.320926845E-1
5.668662660E1,6.367613673E-1,-1.837579757E-1,2.225069404E-1
5.669659243E1,6.037381887E-1,-1.603221744E-1,2.789659202E-1
5.670657248E1,5.227781534E-1,-1.400821656E-1,3.673827946E-1
5.671653977E1,5.973466039E-1,-9.108003974E-2,3.844270110E-1
5.672650774E1,2.735064328E-1,-2.410159074E-2,3.577954173E-1
5.673647508E1,-3.154512048E-1,-2.516685426E-2,4.440817833E-1
5.674643264E1,-1.294162154E0,-2.253032625E-1,6.858966351E-1
5.675639899E1,-1.036368370E0,-3.339601457E-1,7.603319287E-1
5.676637582E1,6.314350367E-1,-2.050632536E-1,6.954839826E-1
5.677634321E1,2.671148479E-1,-1.805621833E-1,5.239765644E-1
5.678630858E1,-9.174583107E-2,-1.155811027E-1,1.896169335E-1
5.679627576E1,3.406180441E-1,-9.321057051E-2,1.065263674E-1
5.680623217E1,1.850895584E-1,-1.390169114E-1,6.285055727E-2
5.681619821E1,2.745717168E-1,-1.326253265E-1,3.515370190E-2
5.682617368E1,6.250434518E-1,-1.347558498E-1,8.841688186E-2
5.683614066E1,-1.331579551E-4,-1.560611278E-1,6.498108059E-2
5.684610113E1,-2.589922249E-1,-1.592569202E-1,6.391582079E-3
5.685606748E1,4.311654568E-1,-1.209074259E-1,6.391582079E-3
5.686605493E1,3.075948656E-1,-1.571263820E-1,-2.556632832E-2
5.687602337E1,6.058686972E-1,-6.870950758E-2,-9.800425172E-2
5.688599847E1,8.613988161E-1,-5.592634156E-2,-1.278316416E-2
5.689596758E1,-3.250385821E-1,-1.358211190E-1,3.941475600E-2
5.690592535E1,-1.086435795E0,-1.794969290E-1,8.202529699E-2
5.691589326E1,-5.134570599E-1,-1.986716688E-1,1.491369158E-1
5.692585608E1,5.589970946E-1,-5.073318258E-2,1.938779801E-1
5.693582347E1,2.191779912E-1,-4.860265180E-2,2.874880135E-1
5.694579425E1,-1.748363972E-1,-7.403582335E-2,3.705785871E-1
5.695576201E1,6.016076207E-1,2.277000993E-2,3.950796425E-1
5.696572686E1,1.045689464E0,6.964161247E-2,4.387554526E-1
5.697569430E1,2.543316968E-2,5.259739235E-2,5.293028951E-1
5.698565727E1,-8.745814562E-1,-1.451421715E-2,5.516734123E-1
5.699562425E1,5.845634341E-1,1.026647836E-1,5.538039207E-1
5.700557472E1,1.225718975E0,1.324921697E-1,5.996102691E-1
5.701554003E1,1.478053257E-2,6.325002760E-2,6.241113544E-1
5.702550352E1,-3.930822909E-1,3.129211813E-2,6.006755233E-1
5.703546863E1,1.511342824E-1,3.342264518E-2,5.293028951E-1
5.704543332E1,1.756353378E-1,3.022685647E-2,4.174501896E-1
5.705539837E1,-2.717753947E-1,-1.984053478E-2,3.407512009E-1
5.706538769E1,-2.889527567E-2,-1.238369010E-2,2.928143442E-1
5.707535519E1,4.173170328E-1,3.874896467E-2,2.512690723E-1
5.708531321E1,2.628538013E-1,3.342264518E-2,2.480732650E-1
5.709527972E1,5.526055023E-2,3.342264518E-2,2.406164259E-1
5.710523873E1,2.948117256E-1,6.538055837E-2,2.480732650E-1
5.711520451E1,1.234374270E-1,3.555317223E-2,2.704437971E-1
5.712518003E1,-1.013332009E-1,-1.131842658E-2,3.162501454E-1
5.713514680E1,-3.399522603E-1,-6.444845349E-2,2.864227593E-1
5.714511399E1,2.436790615E-1,4.194475710E-2,1.821600795E-1
5.715508076E1,-1.705753356E-1,-9.187898599E-3,1.278316379E-1
5.716503326E1,-4.559328258E-1,-6.870950758E-2,1.555284858E-1
5.717499858E1,-2.802974880E-1,-7.616634667E-2,1.544632316E-1
5.718498269E1,7.123950869E-2,2.530001104E-3,1.459411234E-1
5.719494993E1,-8.428898454E-2,7.856319658E-3,1.203747913E-1
5.720491055E1,-2.889527567E-2,1.957421936E-2,1.267663687E-1
5.721487706E1,1.904158667E-2,3.448791057E-2,1.203747913E-1
5.722484118E1,-1.993374527E-1,4.087949172E-2,1.235705838E-1
5.723480748E1,-2.195774615E-1,1.850895584E-2,2.013348341E-1
5.724478326E1,6.804371625E-2,1.211737376E-2,2.821617126E-1
5.725475050E1,-4.996086359E-1,-2.942790836E-2,2.544648647E-1
5.726472342E1,-2.579269707E-1,3.768370301E-2,2.225069404E-1
5.727469123E1,2.191779912E-1,9.733846784E-2,2.374206334E-1
5.728464008E1,-4.207791388E-1,9.986846708E-3,2.896185517E-1
5.729460597E1,-8.468846083E-1,-8.894951642E-2,2.672480047E-1
5.730458003E1,7.932219505E-1,1.197090000E-1,1.502021700E-1
5.731454675E1,8.337019682E-1,1.175784767E-1,1.778990328E-1
5.732451795E1,-8.032087684E-1,6.791055668E-3,2.257027328E-1
5.733448509E1,-6.625939608E-1,-3.475422785E-2,2.683132887E-1
5.734444613E1,1.013731480E0,1.751027107E-1,3.055975139E-1
5.735441264E1,3.704454303E-1,1.399490088E-1,3.013364673E-1
5.736439248E1,-1.102414727E0,3.129211813E-2,2.789659202E-1
5.737436035E1,-3.984085917E-1,1.637842879E-2,2.320943177E-1
5.738432415E1,9.093356729E-1,1.793637723E-1,1.331579536E-1
5.739429154E1,1.031974182E-1,9.414267540E-2,7.989477366E-2
5.740424186E1,-3.741738573E-2,7.709845901E-2,7.776424289E-2
5.741420758E1,6.985466480E-1,1.431448013E-1,4.580633715E-2
5.742419154E1,4.098601937E-1,8.242477477E-2,-1.704421826E-2
5.743415904E1,-9.068056941E-2,3.768370301E-2,-3.515370190E-2
5.744412248E1,1.234374270E-1,5.472791940E-2,-2.556632832E-2
5.745408962E1,3.981422782E-1,1.047953144E-1,-3.621896356E-2
5.746404430E1,2.170474678E-1,9.946899116E-2,-1.065263641E-3
5.747401014E1,4.993423447E-2,8.562056720E-2,5.219791830E-2
5.748399300E1,-1.290300637E-1,4.514054582E-2,9.480846673E-2
5.749396050E1,-5.446160212E-2,4.514054582E-2,9.480846673E-2
5.750392488E1,8.508793265E-2,6.218476593E-2,9.906952083E-2
5.751389212E1,-1.002679393E-1,3.129211813E-2,9.161267430E-2
5.752384884E1,-1.930790395E-2,6.431528926E-2,3.728422895E-2
5.753381498E1,2.330264151E-1,1.356879622E-1,8.522109129E-3
5.754378733E1,-2.037316747E-2,1.058605760E-1,3.089264594E-2
5.755375410E1,-2.334259003E-1,5.898897350E-2,4.261054471E-2
5.756372399E1,1.777658761E-1,8.775109053E-2,4.793686420E-2
5.757369102E1,2.021337748E-1,1.069258377E-1,2.343579940E-2
5.758365587E1,-2.238385230E-1,5.898897350E-2,4.261054564E-3
5.759362269E1,-9.813741595E-2,3.768370301E-2,1.491369121E-2
5.760358852E1,1.617869139E-1,4.194475710E-2,-0.000000000E0
5.761355524E1,-9.920267761E-2,1.318263728E-2,-5.326318368E-2
5.762353550E1,-1.492700726E-1,1.211737376E-2,-1.001347825E-1
5.763350363E1,2.223737910E-2,2.596580051E-2,-1.033305749E-1
5.764344988E1,-1.503353268E-1,-4.008054361E-2,-5.645897239E-2
5.765341576E1,-2.302301079E-1,-6.444845349E-2,-5.752423778E-2
5.766340008E1,-5.459476262E-3,-9.187898599E-3,-1.043958366E-1
5.767336779E1,1.074584723E-1,2.277000993E-2,-1.054610983E-1
5.768332206E1,-1.918806136E-1,-3.049317189E-2,-6.924213469E-2
5.769328842E1,-7.683213800E-2,-4.114580899E-2,-6.924213469E-2
5.770325456E1,1.308942735E-1,-2.836264484E-2,-7.243792713E-2
5.771322087E1,7.976161689E-2,2.530001104E-3,-9.267793596E-2
5.772317660E1,5.632581562E-2,3.129211813E-2,-8.628635854E-2
5.773314186E1,1.415469050E-1,3.022685647E-2,-6.604634225E-2
5.774314035E1,2.117211558E-2,-3.155843541E-2,-3.941475600E-2
5.775310894E1,1.735048145E-1,-3.049317189E-2,-4.580633715E-2
5.776304982E1,2.170474678E-1,-1.877527125E-2,-3.408843651E-2
5.777301561E1,3.395527974E-2,-2.090579830E-2,-1.171789970E-2
5.778299899E1,9.321057005E-4,-1.877527125E-2,2.130527282E-3
5.779296654E1,2.330264151E-1,2.383527346E-2,1.704421826E-2
5.780293618E1,4.460791498E-2,1.211737376E-2,3.515370190E-2
5.781290394E1,8.082687855E-2,3.129211813E-2,5.432844535E-2
5.782286420E1,3.683148921E-1,6.964161247E-2,9.054741263E-2
5.783283118E1,4.130559862E-1,8.455529809E-2,1.203747913E-1
5.784277602E1,1.478053257E-2,6.644582003E-2,1.374190152E-1
5.785274076E1,-1.268995255E-1,6.218476593E-2,1.629853398E-1
5.786271373E1,-2.783001214E-2,6.857634336E-2,1.810948253E-1
5.787267930E1,1.031974182E-1,7.177213579E-2,2.119874656E-1
5.788266019E1,1.021321490E-1,6.538055837E-2,2.310290486E-1
5.789262732E1,1.330247968E-1,9.201214463E-2,2.299637944E-1
5.790259665E1,9.680583328E-2,9.520793706E-2,2.384859025E-1
5.791256399E1,3.395527974E-2,6.751108170E-2,2.597911656E-1
5.792253378E1,7.230477035E-2,4.727107286E-2,2.960101366E-1
5.793250134E1,-2.783001214E-2,2.530001104E-3,3.524691164E-1
5.794247566E1,-1.492700726E-1,-3.688475490E-2,3.684480488E-1
5.795244389E1,5.653886795E-1,7.496792823E-2,3.886880577E-1
5.796239769E1,1.436774284E-1,4.194475710E-2,3.897533417E-1
5.797236446E1,-6.085318699E-2,1.957421936E-2,3.918838501E-1
5.798232076E1,6.101297736E-1,1.101216301E-1,4.653870463E-1
5.799228649E1,6.527402997E-1,1.261005849E-1,5.197154880E-1
5.800226477E1,-1.609879732E-1,1.026647836E-1,5.633913279E-1
5.801223170E1,-6.359623671E-1,8.562056720E-2,5.527386665E-1
5.802220128E1,1.106542572E-1,1.697763950E-1,5.335639119E-1
5.803216852E1,3.374222517E-1,1.921469271E-1,5.783050060E-1
5.804213003E1,-5.443497300E-1,1.356879622E-1,5.857618451E-1
5.805209670E1,-5.837644935E-1,1.026647836E-1,5.942839384E-1
5.806206764E1,2.809632719E-1,2.017343044E-1,6.113281846E-1
5.807203472E1,1.010668874E-1,2.059953511E-1,5.601955056E-1
5.808201087E1,-4.016043842E-1,1.996037811E-1,4.632565379E-1
5.809197884E1,-2.131858915E-1,1.953427196E-1,4.131891429E-1
5.810195232E1,1.051947847E-2,2.123869359E-1,3.375554085E-1
5.811192087E1,-1.109205782E-1,1.974732429E-1,2.704437971E-1
5.812184930E1,-1.663142890E-1,1.793637723E-1,1.810948253E-1
5.813181378E1,6.484792382E-2,1.825595498E-1,8.202529699E-2
5.814179102E1,-1.013332009E-1,1.303616315E-1,-2.130527282E-3
5.815175675E1,-2.419480085E-1,1.058605760E-1,-7.882951200E-2
5.816171634E1,-3.102580272E-2,1.644500792E-1,-1.800295562E-1
5.817168144E1,-9.068056941E-2,1.751027107E-1,-2.929475009E-1
5.818164764E1,-1.354216337E-1,1.282311082E-1,-4.078628123E-1
5.819161285E1,9.361004084E-2,9.307741374E-2,-4.749744236E-1
5.820162602E1,7.337003201E-2,4.940159991E-2,-5.889576077E-1
5.821159613E1,-6.404897571E-2,-2.303632535E-2,-6.837661266E-1
5.822153472E1,2.436790615E-2,-6.338318437E-2,-7.444861531E-1
5.823150165E1,7.017423958E-2,-6.764423847E-2,-8.584693074E-1
5.824147540E1,-1.185105834E-2,-6.764423847E-2,-9.030772448E-1
5.825144300E1,1.031974182E-1,-2.197106183E-2,-9.307740927E-1
5.826141628E1,-4.487423226E-2,-1.984053478E-2,-9.669930935E-1
5.827138446E1,-6.085318699E-2,-2.516685426E-2,-9.233172536E-1
5.828133337E1,4.127896391E-3,-2.410159074E-2,-9.020119905E-1
5.829129951E1,-2.600574791E-1,-6.977476925E-2,-8.828372359E-1
5.830126587E1,5.845634267E-2,-1.664474420E-2,-8.275766969E-1
5.831123206E1,5.984118581E-1,5.366265774E-2,-6.997450590E-1
5.832121519E1,1.521995366E-1,-1.877527125E-2,-5.932186842E-1
5.833118305E1,4.567318037E-2,5.725792143E-3,-5.772397518E-1
5.834113425E1,5.430181623E-1,5.792371184E-2,-4.408859909E-1
5.835110045E1,4.556665123E-1,3.022685647E-2,-3.174485564E-1
5.836107425E1,-2.057290375E-1,-1.984053478E-2,-1.938779801E-1
5.837104118E1,-2.866890728E-1,-3.581948951E-2,-1.278316416E-2
5.838102123E1,1.861548275E-1,2.596580051E-2,1.267663687E-1
5.839098946E1,6.271740049E-2,2.703106403E-2,2.171806246E-1
5.840093430E1,-4.026696682E-1,2.063948289E-2,2.672480047E-1
5.841090019E1,-3.824296594E-1,5.366265774E-2,3.364901543E-1
5.842086555E1,-1.322258562E-1,1.207742617E-1,3.833617568E-1
5.843083139E1,-2.781669796E-1,1.356879622E-1,4.344944060E-1
5.844080243E1,-5.486107469E-1,1.324921697E-1,4.952144325E-1
5.845076873E1,-7.137266397E-1,1.303616315E-1,5.495429039E-1
5.846074738E1,-8.362319469E-1,1.250353158E-1,5.910881758E-1
5.847071498E1,-1.930790395E-2,2.443448454E-1,6.273071170E-1
5.848068597E1,1.340900660E-1,2.283658981E-1,6.986798048E-1
5.849065389E1,-5.741770864E-1,1.261005849E-1,6.976145506E-1
5.850058962E1,-9.707214683E-2,2.166479975E-1,6.656566262E-1
5.851055425E1,4.854938984E-1,3.114564717E-1,5.815007687E-1
5.852057514E1,-4.380896688E-2,2.837595940E-1,3.822965026E-1
5.853054545E1,-4.058654606E-1,1.996037811E-1,2.544648647E-1
5.854047811E1,6.697845459E-2,1.846900880E-1,1.661811322E-1
5.855044462E1,5.845634267E-2,1.719069183E-1,6.178529188E-2
5.856046920E1,-3.271690905E-1,1.367532164E-1,-4.048001766E-2
5.857044160E1,-1.876195520E-1,1.079910994E-1,-1.150484756E-1
5.858042342E1,7.323687430E-3,8.668582886E-2,-2.087916732E-1
5.859039675E1,-2.366216928E-1,8.921583183E-3,-2.929475009E-1
5.860029446E1,-3.069290817E-1,-8.362319320E-2,-3.396859467E-1
5.861026019E1,-1.822932363E-1,-1.400821656E-1,-3.737743795E-1
5.862022170E1,-3.090596199E-1,-1.699095517E-1,-4.568649530E-1
5.863018696E1,-6.370276809E-1,-1.922800839E-1,-5.527386665E-1
5.864014227E1,-4.825644195E-1,-1.933453530E-1,-4.728438854E-1
5.865010654E1,3.129211962E-1,-2.303632535E-2,-4.579302073E-1
5.866007535E1,-4.593949392E-2,-6.657897611E-4,-5.410207510E-1
5.867004003E1,-3.600591123E-1,-7.297056168E-2,-6.006755233E-1
5.868001722E1,3.896201849E-1,-2.090579830E-2,-6.411555409E-1
5.868998316E1,3.054643571E-1,-7.297056168E-2,-6.731134653E-1
5.869992941E1,-2.174469382E-1,-1.731053442E-1,-6.475471258E-1
5.870989337E1,1.202416345E-1,-1.518000662E-1,-6.219807863E-1
5.871989186E1,4.982770681E-1,-1.123853177E-1,-5.836313367E-1
5.872985925E1,2.862896025E-2,-1.805621833E-1,-5.793702602E-1
5.873980332E1,-4.665854871E-1,-1.837579757E-1,-6.145239472E-1
5.874976837E1,-6.085318699E-2,-9.747162461E-2,-6.166545153E-1
5.875972878E1,2.127864063E-1,-7.403582335E-2,-5.687175989E-1
5.876969337E1,-3.707117438E-1,-1.486042738E-1,-5.378249884E-1
5.877966665E1,-1.780321896E-1,-1.741705984E-1,-4.707133770E-1
5.878963206E1,1.936116666E-1,-1.731053442E-1,-4.014712274E-1
5.879959665E1,-2.376869470E-1,-2.103895694E-1,-3.727091253E-1
5.880956201E1,-1.545963883E-1,-1.773663908E-1,-3.247722387E-1
5.881953321E1,1.946769357E-1,-1.230379492E-1,-2.673811615E-1
5.882949915E1,-1.268995255E-1,-1.731053442E-1,-1.715074480E-1
5.883947045E1,-1.940111369E-1,-1.581916511E-1,-7.137266546E-2
5.884943691E1,2.181127369E-1,-6.018739566E-2,-0.000000000E0
5.885941488E1,-6.831002980E-2,-8.681898564E-2,4.154528305E-2
5.886938253E1,-4.548675716E-1,-1.336905807E-1,7.563371956E-2
5.887933727E1,-2.099900991E-1,-1.155811027E-1,1.086568907E-1
5.888930358E1,4.886896908E-2,-8.362319320E-2,1.416800618E-1
5.889928311E1,-1.663142890E-1,-1.304948032E-1,1.800295562E-1
5.890925076E1,1.797632314E-2,-1.336905807E-1,2.161153555E-1
5.891921654E1,8.189214021E-2,-1.315600574E-1,2.363553643E-1
5.892918399E1,-1.428784877E-1,-1.443432271E-1,2.491385341E-1
5.893914858E1,8.934898674E-2,-1.049284711E-1,2.693785429E-1
5.894911571E1,2.010685056E-1,-9.214530140E-2,2.768353820E-1
5.895907743E1,-3.954791278E-2,-7.616634667E-2,2.182458937E-1
5.896904399E1,8.721846342E-2,-1.131842658E-2,1.363537461E-1
5.897900899E1,1.713742912E-1,3.595264861E-3,6.498108059E-2
5.898897540E1,-1.737711281E-1,-5.912213027E-2,-5.326318089E-3
5.899895097E1,-3.548659384E-1,-1.304948032E-1,-3.728422895E-2
5.900891832E1,1.149153188E-1,-9.640636295E-2,-5.539371073E-2
5.901888920E1,2.564622164E-1,-5.699160323E-2,-1.043958366E-1
5.902885691E1,-8.855003864E-2,-7.190529257E-2,-1.661811322E-1
5.903881332E1,-8.322372288E-2,-5.286370963E-2,-2.439453751E-1
5.904877983E1,1.479384899E-1,-2.942790836E-2,-3.099917173E-1
5.905874722E1,8.508793265E-2,-6.444845349E-2,-3.620564938E-1
5.906871378E1,6.258423906E-3,-1.251684725E-1,-3.577954173E-1
5.907868456E1,1.829590350E-1,-1.411474347E-1,-3.121222556E-1
5.908865154E1,1.671132296E-1,-1.432779580E-1,-2.961432934E-1
5.909861998E1,7.869634777E-2,-1.486042738E-1,-2.982738316E-1
5.910858717E1,1.585911214E-1,-1.560611278E-1,-2.599243224E-1
5.911853868E1,9.041424841E-2,-1.368863732E-1,-2.269011587E-1
5.912850420E1,-1.291632187E-2,-1.102547869E-1,-1.725727171E-1
5.913849566E1,3.821633384E-2,-7.829687744E-2,-9.161267430E-2
5.914846384E1,-1.727058738E-1,-8.681898564E-2,-1.810948178E-2
5.915841894E1,-3.133206666E-1,-1.038632020E-1,2.982738242E-2
5.916838576E1,-2.323606312E-1,-9.960214794E-2,3.515370190E-2
5.917835519E1,-1.311605871E-1,-6.444845349E-2,-3.408843651E-2
5.918832222E1,-6.937529147E-2,-3.581948951E-2,-1.054610983E-1
5.919829035E1,2.330264263E-2,-4.327633604E-2,-1.288969070E-1
5.920825753E1,8.934898674E-2,-6.338318437E-2,-9.800425172E-2
5.921821811E1,4.780370742E-2,-7.190529257E-2,-5.326318368E-2
5.922818456E1,2.862896025E-2,-5.379581451E-2,-3.834949061E-2
5.923815732E1,-1.398158539E-2,-4.434159771E-2,-5.858949944E-2
5.924812446E1,-7.257108390E-2,-6.125266105E-2,-9.800425172E-2
5.925809951E1,-7.576687634E-2,-6.657897681E-2,-1.406148076E-1
5.926806743E1,2.330264263E-2,-3.901528195E-2,-1.970737725E-1
5.927803832E1,1.319595277E-1,-2.090579830E-2,-2.609896064E-1
5.928800654E1,1.724395454E-1,-3.049317189E-2,-3.163833022E-1
5.929797441E1,1.808284968E-1,-5.073318258E-2,-3.716438413E-1
5.930794258E1,1.543300748E-1,-5.592634156E-2,-4.451470375E-1
5.931791311E1,1.213068962E-1,-4.327633604E-2,-5.122586489E-1
5.932788149E1,2.042642981E-1,-1.344895363E-2,-5.836313367E-1
5.933784144E1,2.756369710E-1,-4.926844500E-3,-6.475471258E-1
5.934780894E1,2.639190555E-1,-1.664474420E-2,-6.901576519E-1
5.935777253E1,2.021337748E-1,-2.942790836E-2,-7.072018981E-1
5.936773967E1,2.649843395E-1,-3.475422785E-2,-6.858966351E-1
5.937768988E1,2.415485233E-1,-7.190529257E-2,-6.336987019E-1
5.938765524E1,9.574057162E-2,-1.155811027E-1,-5.910881758E-1
5.939763618E1,1.893506050E-1,-1.166463718E-1,-5.612607598E-1
5.940760311E1,-4.487423226E-2,-1.709748209E-1,-5.271723270E-1
5.941757279E1,-1.897500902E-1,-2.274337858E-1,-4.611259997E-1
5.942754003E1,7.763108611E-2,-2.135853618E-1,-4.440817833E-1
5.943748691E1,8.402267098E-2,-1.912148297E-1,-4.952144325E-1
5.944745206E1,4.886896908E-2,-2.093243003E-1,-5.218459964E-1
5.945742024E1,2.884201407E-1,-2.093243003E-1,-5.229113102E-1
5.946738571E1,2.298306376E-1,-2.284990549E-1,-5.186502337E-1
5.947736061E1,1.893506050E-1,-2.284990549E-1,-4.994754791E-1
5.948732701E1,3.715106845E-1,-1.912148297E-1,-4.760396779E-1
5.949729233E1,3.438138366E-1,-1.837579757E-1,-4.281028211E-1
5.950725863E1,2.351569533E-1,-1.571263820E-1,-3.652522564E-1
5.951722524E1,3.384875357E-1,-9.960214794E-2,-2.961432934E-1
5.952719154E1,2.671148479E-1,-7.829687744E-2,-2.247706354E-1
5.953716102E1,3.853591084E-1,-3.581948951E-2,-1.544632316E-1
5.954712769E1,3.651190996E-1,-3.581948951E-2,-8.415582776E-2
5.955709045E1,-1.279647946E-1,-1.038632020E-1,2.024000883E-2
5.956705670E1,4.780370742E-2,-7.297056168E-2,1.118526831E-1
5.957702910E1,-1.023984700E-1,-6.338318437E-2,1.459411234E-1
5.958699592E1,-2.483395934E-1,-4.221107066E-2,1.438105851E-1
5.959695696E1,-1.185105834E-2,3.022685647E-2,9.587372839E-2
5.960692321E1,1.957421899E-1,2.916159295E-2,1.012000442E-1
5.961689232E1,-1.247690022E-1,-4.753739014E-2,9.267793596E-2
5.962685884E1,2.223737910E-2,-3.475422785E-2,2.663159184E-2
5.963682248E1,4.652538896E-1,1.424790081E-2,-3.302317113E-2
5.964678873E1,1.511342824E-1,-6.125266105E-2,-5.539371073E-2
5.965675889E1,-5.446160212E-2,-1.262337416E-1,-6.285055727E-2
5.966672545E1,1.925463974E-1,-9.427583218E-2,-7.669898123E-2
5.967670222E1,2.106558830E-1,-6.551371515E-2,-1.065263674E-1
5.968666988E1,7.656582445E-2,-8.468846232E-2,-1.065263674E-1
5.969662858E1,1.478053257E-2,-1.102547869E-1,-6.498108059E-2
5.970659529E1,-1.078579482E-2,-1.134505793E-1,-3.089264594E-2
5.971656082E1,8.388951421E-3,-9.108003974E-2,-1.597895473E-2
5.972652738E1,1.745700836E-1,-2.942790836E-2,1.597895473E-2
5.973650561E1,1.521995366E-1,1.637842879E-2,2.982738242E-2
5.974647337E1,-3.954791278E-2,2.063948289E-2,3.515370190E-2
5.975642826E1,-5.978792161E-2,1.744369231E-2,5.113265663E-2
5.976639467E1,-7.590003312E-3,1.850895584E-2,4.580633715E-2
5.977636472E1,4.034686089E-2,2.490053698E-2,2.237053588E-2
5.978633154E1,6.484792382E-2,2.596580051E-2,1.491369121E-2
5.979629993E1,-6.404897571E-2,2.703106403E-2,1.278316416E-2
5.980626686E1,-1.716406047E-1,3.768370301E-2,5.326318089E-3
5.981623232E1,-8.961530030E-2,8.455529809E-2,1.171789970E-2
5.982619910E1,1.584579609E-2,1.250353158E-1,2.769685537E-2
5.983616493E1,-1.119858399E-1,1.090563685E-1,7.243792713E-2
5.984613165E1,-4.593949392E-2,9.946899116E-2,1.012000442E-1
5.985610472E1,-1.198421582E-3,1.058605760E-1,1.086568907E-1
5.986607207E1,-1.364869028E-1,8.775109053E-2,9.800425172E-2
5.987602482E1,-9.068056941E-2,8.455529809E-2,7.137266546E-2
5.988599066E1,7.323687430E-3,9.201214463E-2,6.285055727E-2
5.989596769E1,-3.954791278E-2,7.709845901E-2,5.326318368E-2
5.990593462E1,-1.930790395E-2,5.792371184E-2,3.515370190E-2
5.991590300E1,7.443529367E-2,4.301001877E-2,9.587372653E-3
5.992587014E1,9.041424841E-2,1.531316526E-2,-2.663159184E-2
5.993583660E1,-1.291632187E-2,-1.877527125E-2,-8.096003532E-2
5.994580358E1,-1.824264042E-2,-3.901528195E-2,-1.022653133E-1
5.995576363E1,8.295740932E-2,-3.049317189E-2,-1.001347825E-1
5.996572993E1,4.460791498E-2,-3.475422785E-2,-9.906952083E-2
5.997569373E1,-2.676474862E-2,-3.795001656E-2,-9.587372839E-2
5.998565977E1,5.419528857E-2,-1.557948068E-2,-9.267793596E-2
5.999563790E1,2.969422378E-2,-4.926844500E-3,-1.214400530E-1
6.000560514E1,-2.037316747E-2,1.464737463E-3,-1.576590240E-1
6.001556717E1,8.934898674E-2,2.170474641E-2,-1.874863952E-1
6.002553389E1,1.436774284E-1,3.129211813E-2,-1.810948253E-1
6.003550837E1,-8.109319210E-2,4.660528619E-3,-1.768337637E-1
6.004547582E1,-1.291632187E-2,2.170474641E-2,-1.704421788E-1
6.005543941E1,1.532648057E-1,5.259739235E-2,-1.672463864E-1
6.006540644E1,1.904158667E-2,3.768370301E-2,-1.821600795E-1
6.007536264E1,-3.848264739E-2,1.744369231E-2,-1.938779801E-1
6.008532858E1,6.378266215E-2,8.921583183E-3,-1.800295562E-1
6.009530462E1,1.478053257E-2,-9.187898599E-3,-1.810948253E-1
6.010527160E1,1.797632314E-2,-6.657897611E-4,-1.981390417E-1
6.011522774E1,8.721846342E-2,2.596580051E-2,-2.205095738E-1
6.012519363E1,-3.102580272E-2,1.850895584E-2,-2.119874656E-1
6.013516889E1,-7.044056058E-2,9.986846708E-3,-1.938779801E-1
6.014513571E1,-3.635212034E-2,6.791055668E-3,-1.715074480E-1
6.015511701E1,-2.356895804E-2,-6.657897611E-4,-1.523326933E-1
6.016508529E1,-3.741738573E-2,-3.861580743E-3,-1.555284858E-1
6.017502363E1,-9.720530361E-3,1.318263728E-2,-1.544632316E-1
6.018498889E1,-4.394212738E-3,3.448791057E-2,-1.523326933E-1
6.019496785E1,-3.422159329E-2,4.407528415E-2,-1.246358454E-1
6.020493441E1,-5.459476262E-3,5.153212696E-2,-8.522108942E-2
6.021491040E1,1.158474199E-2,5.366265774E-2,-3.941475600E-2
6.022487790E1,-2.463422157E-2,4.727107286E-2,1.491369121E-2
6.023483545E1,-5.459476262E-3,5.472791940E-2,5.965476483E-2
6.024480196E1,2.543316968E-2,6.964161247E-2,1.129179448E-1
6.025476337E1,1.051947847E-2,7.603318989E-2,1.683116555E-1
6.026472936E1,-1.611211337E-2,8.135951310E-2,2.225069404E-1
6.027469196E1,6.258423906E-3,1.015995219E-1,2.619217038E-1
6.028465759E1,-1.291632187E-2,1.005342528E-1,2.832269669E-1
6.029463795E1,-7.044056058E-2,1.005342528E-1,3.205111921E-1
6.030460509E1,-2.889527567E-2,1.154479459E-1,3.577954173E-1
6.031456946E1,-1.291632187E-2,1.250353158E-1,3.876228034E-1
6.032453628E1,-7.257108390E-2,1.058605760E-1,4.270375669E-1
6.033450337E1,-7.150582224E-2,1.090563685E-1,4.621912539E-1
6.034447019E1,-4.913528636E-2,1.282311082E-1,4.866923392E-1
6.035443894E1,-6.724476814E-2,1.569932252E-1,4.877575934E-1
6.036440592E1,-9.707214683E-2,1.793637723E-1,4.898881316E-1
6.037435733E1,-7.257108390E-2,1.878858805E-1,5.101281404E-1
6.038432274E1,-6.831002980E-2,1.836248189E-1,5.303681493E-1
6.039430274E1,-7.683213800E-2,1.559279710E-1,5.665870905E-1
6.040426962E1,-6.831002980E-2,1.506016403E-1,5.985450149E-1
6.041423550E1,-8.641951531E-2,1.772332340E-1,6.049365997E-1
6.042420227E1,-5.765739456E-2,2.113216817E-1,6.241113544E-1
6.043418769E1,-3.741738573E-2,2.613890767E-1,6.315681934E-1
6.044415634E1,-2.889527567E-2,2.890859246E-1,6.368945241E-1
6.045412347E1,-2.143843099E-2,2.976080179E-1,6.528734565E-1
6.046409191E1,-5.765739456E-2,3.071953952E-1,6.677871346E-1
6.047402253E1,3.182475269E-2,3.860249221E-1,6.454166174E-1
6.048398717E1,-5.020054802E-2,3.306311965E-1,7.072018981E-1
6.049398701E1,-3.165164590E-1,2.496711612E-1,6.784397960E-1
6.050395519E1,7.123950869E-2,2.965427637E-1,6.145239472E-1
6.051392404E1,1.042626798E-1,3.135869801E-1,4.557996690E-1
6.052389227E1,-1.716406047E-1,2.464753687E-1,3.620564938E-1
6.053385592E1,5.193160381E-3,1.825595498E-1,3.556649089E-1
6.054382368E1,4.460791498E-2,1.026647836E-1,3.354249001E-1
6.055378446E1,-1.364869028E-1,3.022685647E-2,2.906838059E-1
6.056375149E1,-1.185105834E-2,5.898897350E-2,2.151832581E-1
6.057372519E1,7.763108611E-2,9.307741374E-2,1.587242782E-1
6.058369290E1,-1.780321896E-1,4.407528415E-2,1.267663687E-1
6.059362660E1,-6.511423737E-2,4.940159991E-2,1.075916290E-1
6.060359087E1,1.213068962E-1,7.603318989E-2,8.628635854E-2
6.061357024E1,-5.339634046E-2,1.637842879E-2,1.022653133E-1
6.062353602E1,-6.298371404E-2,-8.122635074E-3,1.235705838E-1
6.063351087E1,7.337003201E-2,3.235738352E-2,1.097221524E-1
6.064347758E1,-7.683213800E-2,3.768370301E-2,7.776424289E-2
6.065344274E1,-5.978792161E-2,4.620581120E-2,9.587372839E-2
6.066340925E1,7.656582445E-2,7.709845901E-2,1.182442605E-1
6.067336076E1,-1.824264042E-2,6.964161247E-2,1.267663687E-1
6.068332571E1,-1.002679393E-1,5.153212696E-2,1.086568907E-1
6.069331540E1,6.804371625E-2,7.603318989E-2,1.043958366E-1
6.070328285E1,2.010685205E-2,4.940159991E-2,1.022653133E-1
6.071324545E1,-6.404897571E-2,1.211737376E-2,8.735162020E-2
6.072321243E1,3.182475269E-2,1.957421936E-2,6.285055727E-2
6.073317930E1,-1.331579551E-4,1.105211023E-2,5.006739125E-2
6.074314623E1,-7.683213800E-2,-1.664474420E-2,4.687159881E-2
6.075311852E1,4.567318037E-2,-1.451421715E-2,4.154528305E-2
6.076308597E1,2.862896025E-2,-8.122635074E-3,3.089264594E-2
6.077303066E1,-1.717737690E-2,-1.451421715E-2,2.130527236E-2
6.078299582E1,2.223737910E-2,-2.942790836E-2,3.515370190E-2
6.079297576E1,2.010685205E-2,-3.901528195E-2,3.728422895E-2
6.080294243E1,-1.611211337E-2,-4.966791719E-2,2.450106293E-2
6.081292019E1,3.502054140E-2,-5.699160323E-2,1.917474531E-2
6.082288795E1,8.388951421E-3,-6.870950758E-2,3.195791040E-3
6.083283008E1,-2.356895804E-2,-6.551371515E-2,-1.491369121E-2
6.084279524E1,5.193160381E-3,-6.231792271E-2,-3.195791040E-3
6.085275998E1,4.993423447E-2,-5.286370963E-2,1.278316416E-2
6.086272508E1,2.117211558E-2,-7.190529257E-2,2.556632832E-2
6.087269378E1,1.158474199E-2,-9.214530140E-2,6.285055727E-2
6.088265920E1,5.193160381E-3,-1.059937328E-1,7.030740380E-2
6.089262790E1,-2.996053919E-2,-1.251684725E-1,7.776424289E-2
6.090259368E1,9.321057005E-4,-1.241032109E-1,6.498108059E-2
6.091258727E1,6.258423906E-3,-1.347558498E-1,6.817687303E-2
6.092255587E1,-7.590003312E-3,-1.560611278E-1,9.374319762E-2
6.093249404E1,9.321057005E-4,-1.411474347E-1,1.075916290E-1
6.094245951E1,-1.198421582E-3,-1.166463718E-1,1.288969070E-1
6.095245050E1,-1.331579551E-4,-1.145158410E-1,1.747032404E-1
6.096241858E1,-1.078579482E-2,-9.960214794E-2,2.235722095E-1
6.097238706E1,-2.250369452E-2,-6.764423847E-2,2.523343265E-1
6.098235519E1,-7.590003312E-3,-4.647212476E-2,2.906838059E-1
6.099231118E1,3.062632866E-3,-2.197106183E-2,3.162501454E-1
6.100227805E1,-1.078579482E-2,-6.657897611E-4,2.949448824E-1
6.101225847E1,-1.398158539E-2,-2.796316985E-3,2.661827505E-1
6.102222670E1,9.454214945E-3,-1.131842658E-2,2.267680019E-1
6.103220384E1,-1.078579482E-2,-2.942790836E-2,1.683116555E-1
6.104217295E1,-1.717737690E-2,-5.286370963E-2,1.086568907E-1
6.105213337E1,4.127896391E-3,-6.018739566E-2,5.113265663E-2
6.106210160E1,-1.930790395E-2,-7.297056168E-2,1.704421826E-2
6.107205436E1,5.193160381E-3,-8.149266988E-2,4.261054564E-3
6.108202102E1,1.584579609E-2,-8.788424730E-2,-2.130527282E-3
6.109198165E1,-5.459476262E-3,-9.108003974E-2,-1.278316416E-2
6.110194769E1,-4.394212738E-3,-9.321057051E-2,-3.195790946E-2
6.111191529E1,7.323687430E-3,-9.640636295E-2,-4.580633715E-2
6.112188149E1,-4.394212738E-3,-9.534109384E-2,-6.711161137E-2
6.113183660E1,-2.263685223E-3,-9.108003974E-2,-8.522108942E-2
6.114180165E1,1.997369342E-3,-9.108003974E-2,-7.989477366E-2
6.115180061E1,9.321057005E-4,-8.255793154E-2,-7.563371956E-2
6.116176904E1,-2.263685223E-3,-7.190529257E-2,-7.456845790E-2
6.117171660E1,1.997369342E-3,-6.551371515E-2,-6.604634225E-2
6.118168290E1,3.062632866E-3,-5.805686861E-2,-6.178529188E-2
6.119169206E1,-1.198421582E-3,-5.486107618E-2,-6.604634225E-2
6.120166274E1,2.223737910E-2,-4.966791719E-2,-7.243792713E-2
6.121158920E1,5.845634267E-2,-4.114580899E-2,-8.415582776E-2
6.122155540E1,1.266332120E-1,-4.753739014E-2,-9.480846673E-2
6.123153811E1,-1.398158539E-2,-7.297056168E-2,-7.882951200E-2
6.124150597E1,-9.387636185E-2,-9.108003974E-2,-8.309056610E-2
6.125146404E1,-1.198421582E-3,-7.936213911E-2,-7.456845790E-2
6.126143092E1,3.075948730E-2,-7.190529257E-2,-5.006739125E-2
6.127140967E1,8.388951421E-3,-6.977476925E-2,-4.261054471E-2
6.128137769E1,1.904158667E-2,-6.444845349E-2,-1.917474531E-2
6.129133029E1,3.075948730E-2,-5.805686861E-2,1.065263641E-3
6.130129680E1,-9.720530361E-3,-5.912213027E-2,1.917474531E-2
6.131124508E1,-6.524739787E-3,-5.486107618E-2,4.154528305E-2
6.132120967E1,4.127896391E-3,-4.647212476E-2,4.793686420E-2
6.133119738E1,-9.720530361E-3,-4.647212476E-2,5.858949944E-2
6.134116430E1,-4.394212738E-3,-4.327633604E-2,6.711161137E-2
6.135112982E1,4.127896391E-3,-3.688475490E-2,6.498108059E-2
6.136109660E1,-3.328948980E-3,-3.581948951E-2,6.498108059E-2
6.137107748E1,-4.394212738E-3,-3.368896246E-2,7.030740380E-2
6.138104571E1,9.321057005E-4,-2.729738131E-2,6.711161137E-2
6.139100618E1,9.321057005E-4,-2.729738131E-2,6.604634225E-2
6.140097358E1,1.051947847E-2,-2.197106183E-2,6.817687303E-2
6.141092076E1,1.051947847E-2,-2.090579830E-2,7.350318879E-2
6.142088613E1,-1.291632187E-2,-2.090579830E-2,7.669898123E-2
6.143088014E1,-1.717737690E-2,-2.090579830E-2,7.669898123E-2
6.144084837E1,-1.398158539E-2,-1.984053478E-2,7.882951200E-2
6.145080722E1,9.454214945E-3,-1.451421715E-2,8.202529699E-2
6.146077451E1,2.969422378E-2,-9.187898599E-3,8.096003532E-2
6.147071623E1,1.478053257E-2,-1.131842658E-2,8.202529699E-2
6.148068092E1,-1.524658650E-1,-2.090579830E-2,7.882951200E-2
6.149068217E1,-8.855003864E-2,-2.729738131E-2,6.498108059E-2
6.150065050E1,1.265000552E-2,-1.131842658E-2,6.604634225E-2
6.151061180E1,5.193160381E-3,-1.664474420E-2,5.645897239E-2
6.152057946E1,1.904158667E-2,-1.771000773E-2,5.113265663E-2
6.153054472E1,5.845634267E-2,-1.771000773E-2,5.113265663E-2
6.154051212E1,7.443529367E-2,-1.451421715E-2,3.728422895E-2
6.155049227E1,2.330264263E-2,-9.187898599E-3,3.089264594E-2
6.156046092E1,-6.724476814E-2,-2.090579830E-2,1.917474531E-2
6.157046264E1,-6.937529147E-2,-2.410159074E-2,-0.000000000E0
6.158043467E1,-4.913528636E-2,-2.090579830E-2,-4.261054564E-3
