"Time (s)","w","x","y","z","Direct (°)","Yaw (°)","Pitch (°)","Roll (°)"
5.151510000E-2,8.237427005E-1,2.334123254E-1,-1.083454564E-1,-5.052008629E-1,6.907754661E1,2.965854425E1,3.287295546E0,-6.217096477E1
6.148395500E-2,8.238372135E-1,2.330662757E-1,-1.085480824E-1,-5.051630139E-1,6.905844186E1,2.963543829E1,3.245881698E0,-6.217295318E1
7.137333000E-2,8.238591101E-1,2.326766104E-1,-1.085289940E-1,-5.053110123E-1,6.905401503E1,2.959402690E1,3.228773438E0,-6.219233310E1
8.131208000E-2,8.235613263E-1,2.329689562E-1,-1.077260971E-1,-5.058332682E-1,6.911419642E1,2.957413703E1,3.339300677E0,-6.223497706E1
9.131890200E-2,8.231047443E-1,2.333251536E-1,-1.064407527E-1,-5.066836476E-1,6.920638155E1,2.953072268E1,3.509859745E0,-6.230557794E1
1.012859340E-1,8.228193361E-1,2.339261770E-1,-1.057319194E-1,-5.070183873E-1,6.926395167E1,2.954851251E1,3.624266622E0,-6.232633238E1
1.112794750E-1,8.227378151E-1,2.340825498E-1,-1.055229083E-1,-5.071220398E-1,6.928038769E1,2.955160968E1,3.656891111E0,-6.233314793E1
1.212574440E-1,8.224519899E-1,2.343782932E-1,-1.047162488E-1,-5.076160431E-1,6.933798804E1,2.953176754E1,3.767056963E0,-6.237240256E1
1.311780690E-1,8.221253493E-1,2.342906445E-1,-1.037009507E-1,-5.083934665E-1,6.940376241E1,2.945916342E1,3.882657523E0,-6.244329819E1
1.411321840E-1,8.219336815E-1,2.344361842E-1,-1.031629890E-1,-5.087456107E-1,6.944233245E1,2.944048334E1,3.953708993E0,-6.247274323E1
1.511102570E-1,8.218307211E-1,2.344526500E-1,-1.028584614E-1,-5.089659691E-1,6.946304383E1,2.942308504E1,3.990573683E0,-6.249233004E1
1.610742670E-1,8.216942578E-1,2.345906347E-1,-1.024822965E-1,-5.091985464E-1,6.949048629E1,2.941374995E1,4.042027779E0,-6.251111324E1
1.710499960E-1,8.216293380E-1,2.346630991E-1,-1.023276374E-1,-5.093010068E-1,6.950353820E1,2.941148375E1,4.064391028E0,-6.251970052E1
1.810187980E-1,8.215543000E-1,2.346540987E-1,-1.021390855E-1,-5.094640255E-1,6.951862165E1,2.939862420E1,4.086937004E0,-6.253537764E1
1.909786940E-1,8.214922100E-1,2.344934940E-1,-1.019798145E-1,-5.096699595E-1,6.953110027E1,2.937185802E1,4.098844745E0,-6.255789722E1
2.009437460E-1,8.214618937E-1,2.344726324E-1,-1.019508392E-1,-5.097342134E-1,6.953719241E1,2.936772363E1,4.102443765E0,-6.256547725E1
2.109209860E-1,8.214685233E-1,2.344305217E-1,-1.020058692E-1,-5.097318888E-1,6.953586021E1,2.936672040E1,4.094644025E0,-6.256691344E1
2.208910900E-1,8.214590852E-1,2.343917489E-1,-1.019722968E-1,-5.097716451E-1,6.953775676E1,2.936059254E1,4.096722964E0,-6.257119612E1
2.308748920E-1,8.214363792E-1,2.343417853E-1,-1.018715724E-1,-5.098513365E-1,6.954231925E1,2.934914597E1,4.105713816E0,-6.257872112E1
2.408506210E-1,8.214223749E-1,2.342215478E-1,-1.017666087E-1,-5.099501014E-1,6.954513311E1,2.933019813E1,4.111397940E0,-6.258877853E1
2.508351000E-1,8.214587675E-1,2.341249734E-1,-1.018339396E-1,-5.099223852E-1,6.953782060E1,2.932448850E1,4.098214708E0,-6.258738508E1
2.608144750E-1,8.215455682E-1,2.340274006E-1,-1.020673737E-1,-5.097806454E-1,6.952037666E1,2.932907639E1,4.065640602E0,-6.257604556E1
2.707378610E-1,8.216465846E-1,2.339226454E-1,-1.023500189E-1,-5.096092224E-1,6.950007103E1,2.933598990E1,4.027036242E0,-6.256232363E1
2.806937980E-1,8.217152689E-1,2.338157743E-1,-1.025310978E-1,-5.095111132E-1,6.948626162E1,2.933631298E1,4.000244670E0,-6.255516007E1
2.906903610E-1,8.217694559E-1,2.337516993E-1,-1.026719660E-1,-5.094247460E-1,6.947536531E1,2.933854902E1,3.980239787E0,-6.254823541E1
3.006632770E-1,8.218285058E-1,2.337139547E-1,-1.028389707E-1,-5.093131065E-1,6.946348939E1,2.934513299E1,3.958572196E0,-6.253873717E1
3.106230170E-1,8.218918779E-1,2.336398065E-1,-1.030058935E-1,-5.092111230E-1,6.945074226E1,2.934795801E1,3.934990431E0,-6.253058414E1
3.205903610E-1,8.219575892E-1,2.335274965E-1,-1.031921580E-1,-5.091188550E-1,6.943752244E1,2.934800403E1,3.907583943E0,-6.252436924E1
3.305723400E-1,8.220491801E-1,2.335644066E-1,-1.035151482E-1,-5.088884234E-1,6.941909247E1,2.937198637E1,3.871979207E0,-6.250390149E1
3.405457770E-1,8.221059933E-1,2.335527539E-1,-1.036857516E-1,-5.087672472E-1,6.940765834E1,2.938147220E1,3.851263746E0,-6.249323918E1
3.504961420E-1,8.221185189E-1,2.334987074E-1,-1.037072837E-1,-5.087674260E-1,6.940513724E1,2.937724572E1,3.845928240E0,-6.249402788E1
3.604598920E-1,8.221454565E-1,2.334998697E-1,-1.038211659E-1,-5.087001324E-1,6.939971507E1,2.938443232E1,3.833117598E0,-6.248866991E1
3.704093710E-1,8.221912175E-1,2.335138917E-1,-1.040172204E-1,-5.085796714E-1,6.939050318E1,2.939804689E1,3.811647906E0,-6.247882508E1
3.803716630E-1,8.222461519E-1,2.335139215E-1,-1.042330787E-1,-5.084466338E-1,6.937944321E1,2.941146435E1,3.787042164E0,-6.246797593E1
3.903514550E-1,8.222889782E-1,2.335293740E-1,-1.044226885E-1,-5.083313584E-1,6.937081991E1,2.942481426E1,3.766434941E0,-6.245862899E1
4.003155170E-1,8.223212911E-1,2.334731817E-1,-1.045436263E-1,-5.082800388E-1,6.936431292E1,2.942650487E1,3.749970544E0,-6.245570897E1
4.103196320E-1,8.223357322E-1,2.334841341E-1,-1.046185344E-1,-5.082362294E-1,6.936140466E1,2.943226528E1,3.742187896E0,-6.245223618E1
4.202877050E-1,8.223241785E-1,2.335102856E-1,-1.046060994E-1,-5.082454681E-1,6.936373143E1,2.943415323E1,3.745275030E0,-6.245301016E1
4.302281730E-1,8.223044003E-1,2.335506976E-1,-1.045859233E-1,-5.082630515E-1,6.936771435E1,2.943700021E1,3.750248130E0,-6.245460857E1
4.401934340E-1,8.222740946E-1,2.336305529E-1,-1.045641527E-1,-5.082798600E-1,6.937381691E1,2.944377716E1,3.757779829E0,-6.245597412E1
4.501722880E-1,8.222409234E-1,2.336897403E-1,-1.045336649E-1,-5.083125830E-1,6.938049592E1,2.944786298E1,3.765389931E0,-6.245919604E1
4.601389550E-1,8.222098051E-1,2.337817550E-1,-1.045208052E-1,-5.083232522E-1,6.938676110E1,2.945643613E1,3.772635501E0,-6.246000377E1
4.701652050E-1,8.221571132E-1,2.338730097E-1,-1.044487581E-1,-5.083813071E-1,6.939736862E1,2.946121065E1,3.786956887E0,-6.246520506E1
4.801378610E-1,8.220861445E-1,2.339685857E-1,-1.043371484E-1,-5.084750056E-1,6.941165326E1,2.946392101E1,3.806443202E0,-6.247385244E1
4.900387460E-1,8.220265287E-1,2.341241986E-1,-1.042663306E-1,-5.085142851E-1,6.942365081E1,2.947540641E1,3.823986599E0,-6.247650292E1
5.000041110E-1,8.219794998E-1,2.342458665E-1,-1.041864604E-1,-5.085506439E-1,6.943311397E1,2.948290215E1,3.840173556E0,-6.247857080E1
5.099666630E-1,8.219289415E-1,2.343289852E-1,-1.040885001E-1,-5.086141229E-1,6.944328607E1,2.948527655E1,3.856589011E0,-6.248371511E1
5.199317150E-1,8.218801690E-1,2.343690544E-1,-1.039504781E-1,-5.087026954E-1,6.945309764E1,2.948076689E1,3.874925576E0,-6.249101993E1
5.298996840E-1,8.218230774E-1,2.344169915E-1,-1.038018242E-1,-5.088031888E-1,6.946458122E1,2.947637463E1,3.895145316E0,-6.249954672E1
5.398650480E-1,8.217888928E-1,2.345108241E-1,-1.037313566E-1,-5.088295341E-1,6.947145642E1,2.948163219E1,3.908397433E0,-6.250065408E1
5.498433300E-1,8.217918628E-1,2.345835865E-1,-1.037654951E-1,-5.087842345E-1,6.947085912E1,2.949127721E1,3.908171649E0,-6.249561014E1
5.598099960E-1,8.217922761E-1,2.346688807E-1,-1.037844494E-1,-5.087403655E-1,6.947077600E1,2.950128923E1,3.910179646E0,-6.249026762E1
5.697788500E-1,8.217874746E-1,2.347244471E-1,-1.037780344E-1,-5.087237954E-1,6.947174163E1,2.950664329E1,3.913642595E0,-6.248778851E1
5.797457250E-1,8.217862007E-1,2.347817868E-1,-1.037776247E-1,-5.086994767E-1,6.947199784E1,2.951256876E1,3.916391119E0,-6.248447520E1
5.896921840E-1,8.217880871E-1,2.348555028E-1,-1.037939712E-1,-5.086590648E-1,6.947161845E1,2.952123105E1,3.918042707E0,-6.247953104E1
5.996569750E-1,8.217885024E-1,2.348721027E-1,-1.038056985E-1,-5.086483359E-1,6.947153493E1,2.952366824E1,3.917611223E0,-6.247844815E1
6.096409860E-1,8.217919236E-1,2.350195050E-1,-1.038550064E-1,-5.085646510E-1,6.947084689E1,2.954199336E1,3.919268922E0,-6.246868956E1
6.196077050E-1,8.217858505E-1,2.350453585E-1,-1.038430929E-1,-5.085649490E-1,6.947206825E1,2.954391959E1,3.921984138E0,-6.246831132E1
6.295734340E-1,8.217692020E-1,2.350456268E-1,-1.037917733E-1,-5.086022019E-1,6.947541636E1,2.954073256E1,3.928048135E0,-6.247162235E1
6.395399960E-1,8.217700412E-1,2.351459265E-1,-1.038207933E-1,-5.085485578E-1,6.947524760E1,2.955291919E1,3.929709443E0,-6.246527558E1
6.494988500E-1,8.217833096E-1,2.352026105E-1,-1.038766727E-1,-5.084894896E-1,6.947257926E1,2.956227956E1,3.925991992E0,-6.245913019E1
6.594646840E-1,8.217884735E-1,2.351665199E-1,-1.038831025E-1,-5.084965229E-1,6.947154075E1,2.955895109E1,3.923405545E0,-6.246032234E1
6.694477570E-1,8.217706148E-1,2.351636440E-1,-1.038272157E-1,-5.085381269E-1,6.947513225E1,2.955515320E1,3.929849569E0,-6.246406908E1
6.794152570E-1,8.218566073E-1,2.351888865E-1,-1.038141698E-1,-5.083901286E-1,6.945783711E1,2.955756774E1,3.927531986E0,-6.244430391E1
6.893840070E-1,8.218380429E-1,2.344073504E-1,-1.036489010E-1,-5.088146329E-1,6.946157117E1,2.946622322E1,3.909146694E0,-6.249644955E1
6.993516630E-1,8.218214157E-1,2.348967642E-1,-1.038061976E-1,-5.085836649E-1,6.946491543E1,2.952648250E1,3.916867636E0,-6.246996749E1
7.093029130E-1,8.218172757E-1,2.349113524E-1,-1.039186195E-1,-5.085606575E-1,6.946574809E1,2.953476864E1,3.906536540E0,-6.247032934E1
7.192689020E-1,8.217979303E-1,2.353931218E-1,-1.040990949E-1,-5.083321929E-1,6.946963885E1,2.959563006E1,3.911696687E0,-6.244491347E1
7.292417150E-1,8.218118429E-1,2.357920259E-1,-1.042084917E-1,-5.081023574E-1,6.946684076E1,2.964381526E1,3.918270156E0,-6.241736169E1
7.392083820E-1,8.218333406E-1,2.357140183E-1,-1.041194871E-1,-5.081220269E-1,6.946251697E1,2.963046838E1,3.922394479E0,-6.241740149E1
7.491841630E-1,8.218647416E-1,2.358169556E-1,-1.041219383E-1,-5.080229640E-1,6.945620091E1,2.964153384E1,3.925112075E0,-6.240432470E1
7.591517670E-1,8.219162861E-1,2.359436750E-1,-1.041566730E-1,-5.078735948E-1,6.944583206E1,2.965716026E1,3.924562789E0,-6.238561369E1
7.691688500E-1,9.999999927E-1,1.850266548E-5,8.323778016E-6,1.190514263E-4,1.383897735E-2,2.120362824E-3,9.535822742E-4,1.364230622E-2
7.791414020E-1,9.999999192E-1,2.027019395E-4,2.842663339E-5,3.459576824E-4,4.606279598E-2,2.322905701E-2,3.249416095E-3,3.964449050E-2
7.890455170E-1,9.999997851E-1,3.026811842E-4,-1.914623790E-5,5.811708394E-4,7.512017150E-2,3.468342839E-2,-2.214154521E-3,6.659660920E-2
7.990111420E-1,9.999996637E-1,3.919221348E-4,1.375055540E-5,7.203204502E-4,9.398280622E-2,4.491209296E-2,1.543346762E-3,8.254326176E-2
8.089893710E-1,9.999994134E-1,5.678198887E-4,4.683698535E-5,9.211637208E-4,1.241167931E-1,6.507228640E-2,5.307182333E-3,1.055606327E-1
8.189562460E-1,9.999990029E-1,7.511825801E-4,4.306639994E-6,1.195825410E-3,1.618255794E-1,8.607971966E-2,3.905684248E-4,1.370318628E-1
8.289132770E-1,9.999986800E-1,8.140629150E-4,-1.066944881E-4,1.402125160E-3,1.861906358E-1,9.326751601E-2,-1.235706857E-2,1.606617573E-1
8.388791630E-1,9.999979452E-1,1.074599703E-3,-2.060742057E-4,1.706549865E-3,2.323002722E-1,1.230996085E-1,-2.382446132E-2,1.955308282E-1
8.488517150E-1,9.999974280E-1,1.216469098E-3,-2.873783708E-4,1.892526774E-3,2.598993603E-1,1.393345696E-1,-3.319486542E-2,2.168275300E-1
8.588182250E-1,9.999971989E-1,1.264681271E-3,-3.418751963E-4,1.971248027E-3,2.712246067E-1,1.448443556E-1,-3.946158193E-2,2.258388451E-1
8.687955170E-1,9.999969148E-1,1.416988034E-3,-2.930609249E-4,2.019052575E-3,2.846470422E-1,1.623068080E-1,-3.391005004E-2,2.313187517E-1
8.787631730E-1,9.999969725E-1,1.435782109E-3,-2.531499717E-4,1.982260952E-3,2.819726875E-1,1.644707565E-1,-2.933490182E-2,2.271086593E-1
8.887161940E-1,9.999970197E-1,1.492779081E-3,-1.853173838E-4,1.922961236E-3,2.797659376E-1,1.710188028E-1,-2.156468666E-2,2.203233274E-1
8.986823400E-1,9.999968642E-1,1.630039227E-3,-1.100853350E-4,1.898015654E-3,2.869740368E-1,1.867645429E-1,-1.296933866E-2,2.174758558E-1
9.086641630E-1,9.999970566E-1,1.654130683E-3,-5.618922517E-5,1.774094576E-3,2.780287053E-1,1.895377799E-1,-6.775070564E-3,2.032854423E-1
9.186318710E-1,9.999974693E-1,1.675160630E-3,1.041076308E-4,1.498103922E-3,2.578010960E-1,1.919770178E-1,1.164225067E-2,1.716898745E-1
9.285974960E-1,9.999976594E-1,1.756524113E-3,2.748456396E-4,1.233015885E-3,2.479326169E-1,2.013216434E-1,3.124673323E-2,1.413483679E-1
9.385649440E-1,9.999980319E-1,1.715527901E-3,3.874106854E-4,9.181543619E-4,2.273461765E-1,1.966258348E-1,4.421341605E-2,1.052887824E-1
9.485166630E-1,9.999982839E-1,1.684882001E-3,5.319225477E-4,5.572014834E-4,2.122960216E-1,1.931073620E-1,6.084616015E-2,6.395322646E-2
9.584825480E-1,9.999983083E-1,1.686122670E-3,7.017699364E-4,2.190957785E-4,2.107829880E-1,1.932332741E-1,8.037446872E-2,2.524210279E-2
9.684712980E-1,9.999982758E-1,1.661434234E-3,8.251202647E-4,-8.522448629E-5,2.127966899E-1,1.903785623E-1,9.456792300E-2,-9.608911419E-3
9.784394750E-1,9.999977343E-1,1.825041031E-3,1.039857699E-3,-3.453899591E-4,2.439314871E-1,2.090935838E-1,1.192309638E-1,-3.936130263E-2
9.884021840E-1,9.999970438E-1,1.974067047E-3,1.288289191E-3,-5.964301869E-4,2.786335729E-1,2.261240416E-1,1.477617136E-1,-6.805447951E-2
9.983698400E-1,9.999964102E-1,1.995465674E-3,1.529803304E-3,-9.259440266E-4,3.070448894E-1,2.285020592E-1,1.755139205E-1,-1.057557347E-1
1.008324892E0,9.999953256E-1,2.044674374E-3,1.856854547E-3,-1.311517783E-3,3.503712602E-1,2.340245335E-1,2.130866459E-1,-1.498543067E-1
1.018291246E0,9.999937184E-1,2.180491553E-3,2.245117197E-3,-1.663740159E-3,4.061649044E-1,2.494396348E-1,2.576864445E-1,-1.900906740E-1
1.028265309E0,9.999919693E-1,2.285940574E-3,2.618592615E-3,-1.994685924E-3,4.592450203E-1,2.613533510E-1,3.005900863E-1,-2.278901322E-1
1.038232444E0,9.999896438E-1,2.437113085E-3,3.063170330E-3,-2.321590067E-3,5.215169505E-1,2.784611274E-1,3.516603929E-1,-2.651823521E-1
1.048202132E0,9.999869585E-1,2.659014145E-3,3.528333793E-3,-2.561917213E-3,5.852380873E-1,3.036697868E-1,4.050959898E-1,-2.925037549E-1
1.058169475E0,9.999846086E-1,2.815967525E-3,3.924202805E-3,-2.730113038E-3,6.357805081E-1,3.214650896E-1,4.505592093E-1,-3.115879782E-1
1.068133798E0,9.999824619E-1,3.014721222E-3,4.280204727E-3,-2.768971041E-3,6.786714207E-1,3.441121602E-1,4.914293292E-1,-3.158297137E-1
1.078100830E0,9.999804630E-1,3.274378106E-3,4.602547659E-3,-2.677434459E-3,7.163041374E-1,3.738151968E-1,5.284149149E-1,-3.050928614E-1
1.088068382E0,9.999784890E-1,3.488695630E-3,4.922460973E-3,-2.572912687E-3,7.516203170E-1,3.983377452E-1,5.650980913E-1,-2.928753767E-1
1.098035413E0,9.999761948E-1,3.649598760E-3,5.288537327E-3,-2.514304590E-3,7.906874149E-1,4.167065962E-1,6.070701846E-1,-2.859167232E-1
1.108012288E0,9.999732426E-1,3.868252176E-3,5.707964723E-3,-2.443347305E-3,8.382835583E-1,4.416922818E-1,6.551644125E-1,-2.774685454E-1
1.117980361E0,9.999705658E-1,4.067590927E-3,6.085728077E-3,-2.299143882E-3,8.792137708E-1,4.645341082E-1,6.984414970E-1,-2.606383625E-1
1.127938277E0,9.999673744E-1,4.338446676E-3,6.480559550E-3,-2.104824119E-3,9.256521116E-1,4.956179958E-1,7.436604855E-1,-2.379861319E-1
1.137905257E0,9.999630327E-1,4.670819539E-3,6.959849252E-3,-1.917584118E-3,9.853208876E-1,5.337469164E-1,7.985627084E-1,-2.160271588E-1
1.147882392E0,9.999568377E-1,4.956548303E-3,7.622049131E-3,-1.913043619E-3,1.064685856E0,5.663583767E-1,8.745053154E-1,-2.149055635E-1
1.157850413E0,9.999500194E-1,5.272515838E-3,8.289305030E-3,-1.856518929E-3,1.145697814E0,6.024862253E-1,9.510022591E-1,-2.077515571E-1
1.167820934E0,9.999425012E-1,5.760533131E-3,8.904035699E-3,-1.590174218E-3,1.228850386E0,6.585671535E-1,1.021372446E0,-1.763607353E-1
1.177789215E0,9.999346089E-1,6.810059074E-3,9.169568366E-3,-5.657225134E-4,1.310476764E0,7.798851499E-1,1.051186871E0,-5.767679762E-2
1.187739736E0,9.999249700E-1,7.608337612E-3,9.600331900E-3,3.348433754E-5,1.403743329E0,8.720170722E-1,1.100072851E0,1.220904647E-2
1.197706194E0,9.999250386E-1,7.414458809E-3,9.742845226E-3,1.415554620E-4,1.403102225E0,8.499212182E-1,1.116314487E0,2.450235269E-2
1.207686038E0,9.999115903E-1,8.742103961E-3,9.969172737E-3,1.001377930E-3,1.523774621E0,1.003076957E0,1.141354381E0,1.247509943E-1
1.217653850E0,9.999115448E-1,8.834659559E-3,9.833934957E-3,1.464645318E-3,1.524167266E0,1.014186925E0,1.125375844E0,1.778113812E-1
1.227620152E0,9.999074675E-1,9.488536766E-3,9.508780076E-3,2.146452202E-3,1.558899719E0,1.089806351E0,1.087256508E0,2.563285052E-1
1.237587809E0,9.998944995E-1,1.034046066E-2,9.905312196E-3,2.439149396E-3,1.664556792E0,1.187890061E0,1.132128866E0,2.912716542E-1
1.247545361E0,9.998921778E-1,1.055806881E-2,9.914881535E-3,2.419719779E-3,1.682773192E0,1.212812054E0,1.133185569E0,2.893030482E-1
1.257512027E0,9.998779853E-1,1.137467918E-2,1.047259704E-2,2.226193219E-3,1.790103554E0,1.306353055E0,1.197110177E0,2.687819008E-1
1.267490725E0,9.998638240E-1,1.220589849E-2,1.091301343E-2,2.062911767E-3,1.891136236E0,1.401554203E0,1.247582131E0,2.516845112E-1
1.277458538E0,9.998511754E-1,1.280171128E-2,1.146833600E-2,1.490143741E-3,1.977016930E0,1.469254151E0,1.311907558E0,1.876056757E-1
1.287428902E0,9.998424006E-1,1.319465186E-2,1.184835701E-2,8.316179385E-4,2.034466901E0,1.513486574E0,1.356377010E0,1.132278425E-1
1.297397027E0,9.998279831E-1,1.391094675E-2,1.226317866E-2,3.227799054E-4,2.125491581E0,1.594941640E0,1.404641194E0,5.654694313E-2
1.307343173E0,9.998262847E-1,1.362410950E-2,1.268605595E-2,-9.209364820E-4,2.135959413E0,1.560293860E0,1.455056567E0,-8.573532067E-2
1.317309007E0,9.998178579E-1,1.376561837E-2,1.308403747E-2,-1.888594199E-3,2.187154272E0,1.575044356E0,1.502198372E0,-1.958061402E-1
1.327290361E0,9.997904017E-1,1.481704150E-2,1.391249907E-2,-2.459733868E-3,2.346221849E0,1.694536766E0,1.598304491E0,-2.582848811E-1
1.337257757E0,9.997722483E-1,1.533317561E-2,1.451496348E-2,-3.108232118E-3,2.445719749E0,1.752498684E0,1.668610661E0,-3.307345712E-1
1.347224684E0,9.997578255E-1,1.563436332E-2,1.500797158E-2,-3.823326269E-3,2.521973951E0,1.785656423E0,1.726481372E0,-4.113172956E-1
1.357192027E0,9.997402653E-1,1.615554003E-2,1.548201934E-2,-4.325221508E-3,2.611812605E0,1.844344513E0,1.781942421E0,-4.670745009E-1
1.367154423E0,9.997339849E-1,1.599894832E-2,1.578635367E-2,-5.175332413E-3,2.643202118E0,1.824721715E0,1.818295021E0,-5.642430493E-1
1.377121246E0,9.997195124E-1,1.620467419E-2,1.620818487E-2,-5.966561210E-3,2.714154899E0,1.846617279E0,1.868210661E0,-6.537901898E-1
1.387100777E0,9.997046761E-1,1.644345611E-2,1.663316021E-2,-6.596312359E-3,2.785015519E0,1.872534590E0,1.918244511E0,-7.247423904E-1
1.397068902E0,9.996975740E-1,1.635398897E-2,1.685270493E-2,-7.300272697E-3,2.818306074E0,1.860762763E0,1.944647955E0,-8.052044015E-1
1.407038330E0,9.996855368E-1,1.640563322E-2,1.719144722E-2,-8.008546269E-3,2.873848754E0,1.865027209E0,1.984827851E0,-8.856708273E-1
1.417006559E0,9.996738177E-1,1.638277071E-2,1.755042691E-2,-8.708929876E-3,2.926911551E0,1.860691500E0,2.027247254E0,-9.653462739E-1
1.426970517E0,9.996682497E-1,1.594673059E-2,1.781103916E-2,-9.584316055E-3,2.951788688E0,1.808660049E0,2.058274322E0,-1.066119495E0
1.436938330E0,9.996557289E-1,1.592737252E-2,1.813420207E-2,-1.029044140E-2,3.006978797E0,1.804636501E0,2.096560443E0,-1.146538226E0
1.446907288E0,9.996403167E-1,1.605176078E-2,1.853300924E-2,-1.086764685E-2,3.073553477E0,1.817230715E0,2.143452399E0,-1.211741220E0
1.456875152E0,9.996312486E-1,1.575593278E-2,1.882300891E-2,-1.161084283E-2,3.112058778E0,1.781360259E0,2.177650144E0,-1.297076509E0
1.466843434E0,9.996127216E-1,1.503032479E-2,1.942932487E-2,-1.307659790E-2,3.189284482E0,1.694118320E0,2.248674065E0,-1.465711765E0
1.476811350E0,9.996050128E-1,1.475706287E-2,1.962108931E-2,-1.367700300E-2,3.220871912E0,1.661152890E0,2.271246197E0,-1.534859293E0
1.486766975E0,9.995909188E-1,1.460496515E-2,1.989505140E-2,-1.445257896E-2,3.277835916E0,1.641523054E0,2.303680884E0,-1.623698981E0
1.496733642E0,9.995698461E-1,1.468345875E-2,2.033098815E-2,-1.520426604E-2,3.361205935E0,1.648073380E0,2.355003220E0,-1.709018790E0
1.506709788E0,9.995510268E-1,1.495514326E-2,2.066956089E-2,-1.571170726E-2,3.433950891E0,1.677454534E0,2.395116964E0,-1.766020754E0
1.516677444E0,9.995389389E-1,1.463202120E-2,2.084145984E-2,-1.653623609E-2,3.479874236E0,1.638118909E0,2.415596199E0,-1.861075115E0
1.526649267E0,9.995164170E-1,1.442010257E-2,2.118111127E-2,-1.761684975E-2,3.563860200E0,1.610554892E0,2.455865222E0,-1.984985762E0
1.536617288E0,9.995003525E-1,1.438226219E-2,2.129129306E-2,-1.840860686E-2,3.622576681E0,1.604048258E0,2.469687085E0,-2.075708689E0
1.546572444E0,9.994848923E-1,1.404100627E-2,2.130706494E-2,-1.946302278E-2,3.678199700E0,1.562278633E0,2.472434979E0,-2.197450423E0
1.556539163E0,9.994585477E-1,1.411915080E-2,2.149361330E-2,-2.052524487E-2,3.771093854E0,1.568189044E0,2.495650657E0,-2.318802673E0
1.566501559E0,9.994220244E-1,1.334300122E-2,2.202964871E-2,-2.218729598E-2,3.896218551E0,1.473732233E0,2.557726434E0,-2.510627844E0
1.576467861E0,9.994045996E-1,1.293851161E-2,2.222083317E-2,-2.300599637E-2,3.954519781E0,1.424771497E0,2.579785129E0,-2.605315013E0
1.586446142E0,9.993948380E-1,1.392507429E-2,2.265254674E-2,-2.242570432E-2,3.986808313E0,1.538323993E0,2.630928832E0,-2.535594065E0
1.596413590E0,9.994173065E-1,1.452993809E-2,2.267567111E-2,-2.097003272E-2,3.912089634E0,1.611461865E0,2.632768081E0,-2.367004337E0
1.606371038E0,9.994285683E-1,1.411305603E-2,2.297523766E-2,-2.038374357E-2,3.874096903E0,1.564533829E0,2.665190241E0,-2.300419469E0
1.616337496E0,9.994042250E-1,1.371634223E-2,2.359437961E-2,-2.112728502E-2,3.955763436E0,1.515623105E0,2.736353407E0,-2.385890161E0
1.626295517E0,9.993647307E-1,1.381387042E-2,2.445144313E-2,-2.194171922E-2,4.084788459E0,1.522511913E0,2.836039662E0,-2.477839222E0
1.636261142E0,9.993462376E-1,1.348639189E-2,2.457681666E-2,-2.282968730E-2,4.143823452E0,1.482120630E0,2.850912411E0,-2.580462430E0
1.646251975E0,9.993251059E-1,1.395986801E-2,2.461522839E-2,-2.342104367E-2,4.210269173E0,1.534631072E0,2.857444329E0,-2.646897241E0
1.656220152E0,9.993323111E-1,1.389225367E-2,2.425007628E-2,-2.353446405E-2,4.187731784E0,1.527497960E0,2.815597060E0,-2.660612551E0
1.666174267E0,9.993360149E-1,1.337089714E-2,2.379573270E-2,-2.413527648E-2,4.176099440E0,1.467228659E0,2.763030240E0,-2.731612073E0
1.676140986E0,9.992965991E-1,1.434104389E-2,2.426435968E-2,-2.473625632E-2,4.298278507E0,1.575534384E0,2.820324444E0,-2.797194982E0
1.686091871E0,9.992467041E-1,1.550226512E-2,2.512206544E-2,-2.519099010E-2,4.448132331E0,1.705040380E0,2.922625335E0,-2.844740013E0
1.696056975E0,9.992206353E-1,1.572771591E-2,2.543629868E-2,-2.576345424E-2,4.524454143E0,1.728331981E0,2.960262824E0,-2.909261009E0
1.706046298E0,9.992164807E-1,1.596103682E-2,2.515322528E-2,-2.605734370E-2,4.536499028E0,1.755027561E0,2.929023411E0,-2.942743153E0
1.716013798E0,9.992083980E-1,1.606396944E-2,2.488867843E-2,-2.655334099E-2,4.559841194E0,1.766148095E0,2.899891977E0,-2.999774983E0
1.725977392E0,9.991820296E-1,1.608486130E-2,2.481638267E-2,-2.758071962E-2,4.635173825E0,1.765779384E0,2.893488106E0,-3.117702261E0
1.735944527E0,9.991451154E-1,1.696034294E-2,2.502280991E-2,-2.820007211E-2,4.738624655E0,1.863739429E0,2.921023863E0,-3.185874164E0
1.745929215E0,9.991340332E-1,1.747813655E-2,2.485810532E-2,-2.842134766E-2,4.769244495E0,1.922983861E0,2.904229405E0,-3.210039051E0
1.755898121E0,9.991385287E-1,1.723160369E-2,2.433145217E-2,-2.886611789E-2,4.756847389E0,1.895090496E0,2.843943682E0,-3.262698357E0
1.765847184E0,9.991330732E-1,1.746708796E-2,2.385449783E-2,-2.930811980E-2,4.771887870E0,1.922371582E0,2.790920457E0,-3.313579866E0
1.775814059E0,9.991132279E-1,1.828927547E-2,2.365708873E-2,-2.964122877E-2,4.826204733E0,2.016358152E0,2.771701630E0,-3.349866912E0
1.785814944E0,9.990973812E-1,1.865328017E-2,2.330958398E-2,-3.021822847E-2,4.869142535E0,2.057648156E0,2.734300069E0,-3.415713315E0
1.795785257E0,9.990809855E-1,1.903359279E-2,2.289899923E-2,-3.083086944E-2,4.913173084E0,2.100968552E0,2.689853336E0,-3.485753905E0
1.805733277E0,9.990625644E-1,1.966093967E-2,2.244217880E-2,-3.136540135E-2,4.962177225E0,2.173032024E0,2.640873995E0,-3.546306965E0
1.815701350E0,9.990445828E-1,2.054073377E-2,2.213486977E-2,-3.159188904E-2,5.009550354E0,2.274368716E0,2.609308521E0,-3.570614500E0
1.825644423E0,9.990529047E-1,2.062809955E-2,2.148731631E-2,-3.171861135E-2,4.987681849E0,2.286312528E0,2.535737424E0,-3.586301533E0
1.835609944E0,9.990686285E-1,2.053142611E-2,2.058595654E-2,-3.188345289E-2,4.946099188E0,2.277976774E0,2.432523560E0,-3.607369848E0
1.845603850E0,9.990886451E-1,1.994942083E-2,1.954384740E-2,-3.227906264E-2,4.892652631E0,2.214013631E0,2.311937314E0,-3.656314454E0
1.855572236E0,9.990960061E-1,1.934628884E-2,1.859760489E-2,-3.296999948E-2,4.872850713E0,2.146742291E0,2.202836556E0,-3.738852777E0
1.865521871E0,9.990780687E-1,1.995839320E-2,1.812417445E-2,-3.340942199E-2,4.920965004E0,2.217684807E0,2.151877989E0,-3.788887872E0
1.875488382E0,9.990653497E-1,2.065097625E-2,1.784162214E-2,-3.352075031E-2,4.954798866E0,2.297874520E0,2.122398181E0,-3.800776328E0
1.885475257E0,9.990684682E-1,2.002780314E-2,1.712004642E-2,-3.417582400E-2,4.946524743E0,2.227804036E0,2.038849683E0,-3.878737587E0
1.895443798E0,9.990562739E-1,1.979320652E-2,1.659569274E-2,-3.491953033E-2,4.978801094E0,2.201441548E0,1.979527571E0,-3.965595874E0
1.905397027E0,9.990364215E-1,1.992025823E-2,1.626695560E-2,-3.556399869E-2,5.030904320E0,2.216027920E0,1.943814203E0,-4.039944194E0
1.915364007E0,9.989965850E-1,2.035732624E-2,1.651672624E-2,-3.631253412E-2,5.133862547E0,2.263643472E0,1.975878955E0,-4.124415911E0
1.925347340E0,9.989718795E-1,1.988887756E-2,1.665504396E-2,-3.717829934E-2,5.196690378E0,2.207678118E0,1.991699321E0,-4.224356627E0
1.935315986E0,9.989583941E-1,1.933656651E-2,1.653575902E-2,-3.787865838E-2,5.230666721E0,2.143500458E0,1.977208924E0,-4.306026947E0
1.945251663E0,9.989438874E-1,1.907449029E-2,1.644318170E-2,-3.843039647E-2,5.266971426E0,2.112777666E0,1.966646219E0,-4.370014296E0
1.955216975E0,9.989300988E-1,1.912500825E-2,1.643630863E-2,-3.876518535E-2,5.301248938E0,2.117936705E0,1.966789751E0,-4.408331640E0
1.965206090E0,9.989205735E-1,1.933941951E-2,1.625569005E-2,-3.897983197E-2,5.324799312E0,2.142868826E0,1.947513679E0,-4.432892518E0
1.975173746E0,9.989016530E-1,1.960235794E-2,1.612759519E-2,-3.938446174E-2,5.371272231E0,2.172770959E0,1.934892111E0,-4.479054907E0
1.985150673E0,9.988828900E-1,1.817718098E-2,1.550064023E-2,-4.077121936E-2,5.416965072E0,2.009675185E0,1.859509164E0,-4.642049976E0
1.995119319E0,9.988203846E-1,1.795539195E-2,1.511983943E-2,-4.250686518E-2,5.566478509E0,1.982855627E0,1.818326793E0,-4.842270169E0
2.005067652E0,9.987489769E-1,1.965580130E-2,1.528361704E-2,-4.336521234E-2,5.732519947E0,2.175275068E0,1.847177787E0,-4.937316638E0
2.015034215E0,9.987151601E-1,1.926605545E-2,1.489026787E-2,-4.444241235E-2,5.809498504E0,2.130603738E0,1.802520736E0,-5.062394242E0
2.024983642E0,9.986653466E-1,1.814619848E-2,1.403133535E-2,-4.627486002E-2,5.921069980E0,2.003514023E0,1.702201028E0,-5.276233342E0
2.034948486E0,9.985915686E-1,1.880616210E-2,1.385511290E-2,-4.763657525E-2,6.082560908E0,2.077717769E0,1.688345303E0,-5.431689806E0
2.044937132E0,9.985494157E-1,1.950555589E-2,1.356382092E-2,-4.831791134E-2,6.172933979E0,2.158245455E0,1.660275929E0,-5.509270629E0
2.054904319E0,9.985165782E-1,2.033290028E-2,1.339547764E-2,-4.870089679E-2,6.242429578E0,2.253276887E0,1.646430233E0,-5.552196026E0
2.064877288E0,9.985051073E-1,1.951541224E-2,1.306672967E-2,-4.935544507E-2,6.266524665E0,2.160416759E0,1.605682390E0,-5.629300665E0
2.074845100E0,9.984814614E-1,1.933023534E-2,1.266962426E-2,-5.000593851E-2,6.315903974E0,2.140409430E0,1.560587531E0,-5.705027563E0
2.084783642E0,9.984597473E-1,2.193571949E-2,1.315753118E-2,-4.923247607E-2,6.360911912E0,2.437266933E0,1.629392452E0,-5.611093157E0
2.094748434E0,9.984749681E-1,2.279862754E-2,1.333314252E-2,-4.847873833E-2,6.329396540E0,2.536359790E0,1.652416774E0,-5.522790362E0
2.104763017E0,9.984762613E-1,2.272414658E-2,1.312937552E-2,-4.854264369E-2,6.326711551E0,2.528836868E0,1.628847337E0,-5.530728961E0
2.114732861E0,9.984589042E-1,2.387500887E-2,1.355231202E-2,-4.823002567E-2,6.362652894E0,2.658858430E0,1.682780485E0,-5.491929824E0
2.124697965E0,9.984710416E-1,2.352146527E-2,1.352818349E-2,-4.815919375E-2,6.337541353E0,2.618617069E0,1.677891668E0,-5.484455483E0
2.134667340E0,9.984601532E-1,2.307667998E-2,1.328890239E-2,-4.866409678E-2,6.360073330E0,2.568138775E0,1.649365945E0,-5.543705654E0
2.144605413E0,9.984100668E-1,2.392381341E-2,1.374740257E-2,-4.915280786E-2,6.462709263E0,2.661815488E0,1.707835303E0,-5.597234409E0
2.154571559E0,9.983626664E-1,2.396835060E-2,1.414758917E-2,-4.997349526E-2,6.558363558E0,2.663266177E0,1.756070521E0,-5.690324953E0
2.164540621E0,9.983028630E-1,2.340437482E-2,1.423294973E-2,-5.139116718E-2,6.677094374E0,2.595695140E0,1.766315894E0,-5.853782698E0
2.174507132E0,9.982554900E-1,2.161515917E-2,1.356237701E-2,-5.324306059E-2,6.769670225E0,2.391573397E0,1.683543494E0,-6.070937966E0
2.184462965E0,9.981658370E-1,2.121998885E-2,1.257730814E-2,-5.528548827E-2,6.941494621E0,2.349034445E0,1.573241480E0,-6.308156543E0
2.194428382E0,9.980331588E-1,2.354556222E-2,1.247760186E-2,-5.674266358E-2,7.188255106E0,2.613583688E0,1.580314637E0,-6.471986041E0
2.204425621E0,9.979241843E-1,2.264255191E-2,1.178671817E-2,-5.912453359E-2,7.384773426E0,2.511067900E0,1.501433721E0,-6.748430017E0
2.214394267E0,9.977168119E-1,2.025046160E-2,1.041009774E-2,-6.358232428E-2,7.744994966E0,2.240567434E0,1.337852076E0,-7.266646039E0
2.224349788E0,9.974307473E-1,2.277733545E-2,1.034949202E-2,-6.712663629E-2,8.216068718E0,2.525301432E0,1.358251184E0,-7.670409751E0
2.234317080E0,9.971824679E-1,2.445283300E-2,1.033954503E-2,-7.015895099E-2,8.604072910E0,2.712865284E0,1.378210780E0,-8.016439899E0
2.244281767E0,9.968827027E-1,2.301909112E-2,9.244671756E-3,-7.489682622E-2,9.050438509E0,2.551682012E0,1.253721414E0,-8.565314554E0
2.254248798E0,9.965046189E-1,2.394354132E-2,8.544418057E-3,-7.957540011E-2,9.583882427E0,2.657753631E0,1.194115470E0,-9.103576383E0
2.264206350E0,9.961546125E-1,2.379220097E-2,7.748923833E-3,-8.396352429E-2,1.005256640E1,2.642780952E0,1.113533733E0,-9.610190059E0
2.274172392E0,9.957296881E-1,2.359648789E-2,6.536043039E-3,-8.901052808E-2,1.059380787E1,2.627054525E0,9.865065039E-1,-1.019382262E1
2.284157705E0,9.952824100E-1,2.712337330E-2,6.520832267E-3,-9.292322468E-2,1.113521497E1,3.025909161E0,1.032578664E0,-1.064049138E1
2.294125673E0,9.948588909E-1,2.891546159E-2,6.699680171E-3,-9.682353842E-2,1.162471395E1,3.224378017E0,1.084666294E0,-1.108695395E1
2.304089996E0,9.943603611E-1,2.779027228E-2,5.714300604E-3,-1.021886478E-1,1.217580236E1,3.101621753E0,9.765878840E-1,-1.170873357E1
2.314057600E0,9.938354499E-1,2.868842205E-2,4.594360606E-3,-1.069904894E-1,1.273038899E1,3.212915567E0,8.749894655E-1,-1.226438662E1
2.324019632E0,9.933381486E-1,2.971634519E-2,3.625987720E-3,-1.112794389E-1,1.323446808E1,3.338527019E0,7.916981841E-1,-1.276083106E1
2.333986663E0,9.928050521E-1,2.970272232E-2,2.264913262E-3,-1.159773558E-1,1.375441715E1,3.351218797E0,6.524366175E-1,-1.330685587E1
2.343927548E0,9.922506573E-1,3.038309872E-2,1.055496568E-3,-1.204756670E-1,1.427515778E1,3.442317532E0,5.394753800E-1,-1.382933127E1
2.353891923E0,9.916763312E-1,2.968433984E-2,-3.756742199E-4,-1.252866835E-1,1.479540054E1,3.380691658E0,3.834841178E-1,-1.438968727E1
2.363883069E0,9.910381479E-1,2.878866986E-2,-2.354393824E-3,-1.304187822E-1,1.535293414E1,3.306408324E0,1.628679611E-1,-1.498917708E1
2.373850152E0,9.903864059E-1,2.921792294E-2,-4.114518764E-3,-1.351449248E-1,1.590226765E1,3.381622196E0,-1.447399721E-2,-1.554123607E1
2.383830309E0,9.897180034E-1,2.954533483E-2,-5.704272867E-3,-1.398313563E-1,1.644671532E1,3.444327083E0,-1.735213713E-1,-1.608872390E1
2.393798746E0,9.889960761E-1,2.944120944E-2,-7.421444557E-3,-1.447926059E-1,1.701533349E1,3.461898235E0,-3.525901520E-1,-1.666892919E1
2.403763902E0,9.882638768E-1,2.917041589E-2,-9.211177509E-3,-1.496621222E-1,1.757339282E1,3.463689821E0,-5.428704667E-1,-1.723922855E1
2.413731923E0,9.874990901E-1,2.810587835E-2,-1.129460890E-2,-1.546869044E-1,1.813810457E1,3.382919314E0,-7.799118544E-1,-1.782854421E1
2.423697496E0,9.867378006E-1,2.877159621E-2,-1.294568335E-2,-1.592266228E-1,1.868342740E1,3.492094279E0,-9.388667113E-1,-1.836184508E1
2.433665309E0,9.860606436E-1,2.946656405E-2,-1.419453629E-2,-1.631399521E-1,1.915555609E1,3.597882195E0,-1.053098395E0,-1.882161475E1
2.443631715E0,9.853269613E-1,2.887150152E-2,-1.578073917E-2,-1.674759205E-1,1.965441520E1,3.565858670E0,-1.227817218E0,-1.933095877E1
2.453599371E0,9.845917606E-1,2.889667476E-2,-1.718962638E-2,-1.716058385E-1,2.014203558E1,3.601722792E0,-1.371325083E0,-1.981680885E1
2.463597132E0,9.838209581E-1,2.855222423E-2,-1.825759699E-2,-1.759197347E-1,2.064102736E1,3.590513234E0,-1.482900893E0,-2.032262320E1
2.473567809E0,9.830169703E-1,2.800754051E-2,-1.936443199E-2,-1.803281247E-1,2.114909410E1,3.558749305E0,-1.602774044E0,-2.083972973E1
2.483585621E0,9.823102511E-1,2.754501392E-2,-2.065001892E-2,-1.840690621E-1,2.158592981E1,3.540045756E0,-1.743727068E0,-2.128034063E1
2.493561090E0,9.816464395E-1,2.655056937E-2,-2.261664803E-2,-1.874935260E-1,2.198843265E1,3.476748961E0,-1.974057349E0,-2.168632441E1
2.503458277E0,9.810889420E-1,2.838648965E-2,-2.383871603E-2,-1.899747632E-1,2.232093270E1,3.715302705E0,-2.062541629E0,-2.198477530E1
2.513425777E0,9.805313291E-1,2.846381505E-2,-2.456098862E-2,-1.927300747E-1,2.264868027E1,3.745905096E0,-2.131549228E0,-2.230993734E1
2.523389423E0,9.797550089E-1,2.707542007E-2,-2.579692795E-2,-1.966762891E-1,2.309733358E1,3.626505718E0,-2.286660021E0,-2.277382007E1
2.533356559E0,9.790656896E-1,2.720655928E-2,-2.691841049E-2,-1.999139257E-1,2.348862086E1,3.674768685E0,-2.397487693E0,-2.315791545E1
2.543311663E0,9.784478116E-1,2.695679835E-2,-2.845160812E-2,-2.027405164E-1,2.383397138E1,3.689686914E0,-2.564633722E0,-2.349538985E1
2.553277548E0,9.779007662E-1,2.825178761E-2,-2.983477091E-2,-2.049922303E-1,2.413566631E1,3.873888570E0,-2.680592356E0,-2.376904518E1
2.563232861E0,9.774674729E-1,2.951631444E-2,-3.101111868E-2,-2.066989044E-1,2.437201551E1,4.048750236E0,-2.775503999E0,-2.397828007E1
2.573197705E0,9.769145061E-1,2.843739496E-2,-3.259906028E-2,-2.092048364E-1,2.467040401E1,3.973471194E0,-2.968935202E0,-2.427749956E1
2.583194007E0,9.762756463E-1,2.730877646E-2,-3.429415576E-2,-2.120471742E-1,2.501077754E1,3.897402069E0,-3.174641504E0,-2.461666844E1
2.593161975E0,9.756715782E-1,2.698026938E-2,-3.551230102E-2,-2.146530060E-1,2.532847387E1,3.899510350E0,-3.308601032E0,-2.492809146E1
2.603136402E0,9.752185897E-1,2.800580162E-2,-3.606046347E-2,-2.164809932E-1,2.556416472E1,4.034415237E0,-3.336971604E0,-2.514895055E1
2.613105048E0,9.748768487E-1,2.808199791E-2,-3.667092469E-2,-2.179031313E-1,2.574056868E1,4.063322835E0,-3.397393434E0,-2.531969682E1
2.623055100E0,9.745226683E-1,2.733988990E-2,-3.762418600E-2,-2.194140381E-1,2.592214823E1,4.009902802E0,-3.516371059E0,-2.550029320E1
2.633021871E0,9.741937590E-1,2.613093030E-2,-3.868727865E-2,-2.208324905E-1,2.608965941E1,3.907102996E0,-3.660061887E0,-2.566907391E1
2.642993434E0,9.739207846E-1,2.634064037E-2,-3.918281825E-2,-2.219215689E-1,2.622788497E1,3.947498454E0,-3.705655524E0,-2.580070922E1
2.652960673E0,9.738062794E-1,2.646054078E-2,-3.923404938E-2,-2.224002233E-1,2.628565413E1,3.964064481E0,-3.706359284E0,-2.585772749E1
2.662929007E0,9.737316339E-1,2.564570183E-2,-3.964566064E-2,-2.227492419E-1,2.632324658E1,3.884931450E0,-3.771831863E0,-2.589832783E1
2.672896350E0,9.737442129E-1,2.483240166E-2,-3.986748229E-2,-2.227468149E-1,2.631691533E1,3.799693505E0,-3.817507186E0,-2.589644155E1
2.682861663E0,9.738252470E-1,2.356631334E-2,-4.048235906E-2,-2.224189646E-1,2.627609340E1,3.672703934E0,-3.919928360E0,-2.585675637E1
2.692828798E0,9.740470810E-1,2.338555427E-2,-4.097023732E-2,-2.213748846E-1,2.616402169E1,3.660885625E0,-3.982968062E0,-2.573593287E1
2.702796871E0,9.743710117E-1,2.308322364E-2,-4.116329510E-2,-2.199406274E-1,2.599951766E1,3.626127876E0,-4.017592273E0,-2.556713911E1
2.712764111E0,9.748107419E-1,2.277613293E-2,-4.123959482E-2,-2.180012870E-1,2.577455545E1,3.585669437E0,-4.041048809E0,-2.533832729E1
2.722737496E0,9.754336546E-1,2.255895155E-2,-4.137808513E-2,-2.151932465E-1,2.545253366E1,3.553157523E0,-4.072235005E0,-2.500818118E1
2.732705309E0,9.761868303E-1,2.286027678E-2,-4.172562966E-2,-2.116498331E-1,2.505773683E1,3.580760410E0,-4.116648728E0,-2.459497773E1
2.742667444E0,9.770249397E-1,2.336685076E-2,-4.195425246E-2,-2.076441624E-1,2.461109720E1,3.626293885E0,-4.144765120E0,-2.412802067E1
2.752634684E0,9.777891863E-1,2.187384932E-2,-4.243064044E-2,-2.040820487E-1,2.419674736E1,3.454743882E0,-4.246543166E0,-2.370692679E1
2.762602809E0,9.785357784E-1,2.196058008E-2,-4.295418323E-2,-2.003506960E-1,2.378510584E1,3.460559231E0,-4.316435808E0,-2.327270595E1
2.772570100E0,9.793657276E-1,2.156759465E-2,-4.335531029E-2,-1.962088876E-1,2.331910223E1,3.407238743E0,-4.384994530E0,-2.278811982E1
2.782536767E0,9.800948866E-1,2.060552843E-2,-4.444011574E-2,-1.923915320E-1,2.290197771E1,3.306175494E0,-4.541571737E0,-2.234290930E1
2.792504007E0,9.807351413E-1,1.884646484E-2,-4.624798873E-2,-1.888505150E-1,2.252943158E1,3.131392061E0,-4.795278500E0,-2.193009918E1
2.802448955E0,9.812301621E-1,1.845526658E-2,-4.860013248E-2,-1.857008328E-1,2.223717122E1,3.123122376E0,-5.078556635E0,-2.157185246E1
2.812413902E0,9.816504317E-1,1.926813281E-2,-5.065306100E-2,-1.828262463E-1,2.198603371E1,3.244254705E0,-5.301793590E0,-2.125045990E1
2.822386715E0,9.817572302E-1,1.768422029E-2,-5.276172013E-2,-1.818136691E-1,2.192176220E1,3.104953176E0,-5.576110712E0,-2.113496417E1
2.832352496E0,9.815470625E-1,1.670892036E-2,-5.511426859E-2,-1.823419686E-1,2.204806530E1,3.048334651E0,-5.860169552E0,-2.120380026E1
2.842324267E0,9.812589093E-1,1.764972356E-2,-5.694450567E-2,-1.832396342E-1,2.222008229E1,3.199747921E0,-6.043664612E0,-2.132405140E1
2.852290621E0,9.808171444E-1,1.867446780E-2,-5.840203677E-2,-1.850356602E-1,2.248127611E1,3.358645842E0,-6.180013135E0,-2.154845909E1
2.862257913E0,9.802158083E-1,1.953965249E-2,-5.939755777E-2,-1.877953705E-1,2.283207625E1,3.496029152E0,-6.263779369E0,-2.188261311E1
2.872224319E0,9.794876380E-1,1.954559631E-2,-6.077730422E-2,-1.911231434E-1,2.324987577E1,3.549330755E0,-6.406980493E0,-2.228100521E1
2.882182600E0,9.786929888E-1,2.078434100E-2,-6.201774035E-2,-1.946325893E-1,2.369752827E1,3.740889471E0,-6.505698710E0,-2.270800523E1
2.892148173E0,9.778273158E-1,2.215410027E-2,-6.293088226E-2,-1.985009831E-1,2.417589159E1,3.942762797E0,-6.561858959E0,-2.317656595E1
2.902125517E0,9.768275163E-1,2.302293593E-2,-6.390672328E-2,-2.029627514E-1,2.471702199E1,4.094294979E0,-6.632816668E0,-2.371287631E1
2.912092288E0,9.756806310E-1,2.313597876E-2,-6.489080423E-2,-2.080894431E-1,2.532374171E1,4.166311353E0,-6.718804841E0,-2.432355617E1
2.922064371E0,9.744996097E-1,2.410139942E-2,-6.588290941E-2,-2.131409755E-1,2.593392644E1,4.334983608E0,-6.784292655E0,-2.493178797E1
2.932031663E0,9.732633659E-1,2.376537200E-2,-6.688486077E-2,-2.184491772E-1,2.655787982E1,4.360375557E0,-6.881144053E0,-2.556307441E1
2.941993850E0,9.719034535E-1,2.239312355E-2,-6.870279363E-2,-2.240137300E-1,2.722803018E1,4.294443153E0,-7.094847084E0,-2.622517043E1
2.951960621E0,9.706005167E-1,2.203164964E-2,-7.084598417E-2,-2.289761775E-1,2.785526273E1,4.348925907E0,-7.321502773E0,-2.682647977E1
2.961930621E0,9.693836290E-1,2.148904259E-2,-7.297442698E-2,-2.334701992E-1,2.842881765E1,4.381659166E0,-7.553178047E0,-2.737226510E1
2.971897705E0,9.681156784E-1,2.008915575E-2,-7.535234134E-2,-2.380556314E-1,2.901462443E1,4.328693588E0,-7.835817354E0,-2.792602598E1
2.981866455E0,9.669471713E-1,1.979285397E-2,-7.750166593E-2,-2.421051479E-1,2.954442076E1,4.390954510E0,-8.064982348E0,-2.842326724E1
2.991833694E0,9.657651508E-1,1.779799076E-2,-7.947451722E-2,-2.463020627E-1,3.007105649E1,4.261539215E0,-8.322227776E0,-2.892484551E1
3.001802444E0,9.645741413E-1,1.636405110E-2,-8.156931913E-2,-2.503505340E-1,3.059273696E1,4.199517986E0,-8.578587368E0,-2.941471916E1
3.011769840E0,9.636455692E-1,1.529778224E-2,-8.347633378E-2,-2.533473832E-1,3.099351763E1,4.165461939E0,-8.808468165E0,-2.978100243E1
3.021733434E0,9.627008305E-1,1.291834363E-2,-8.550372552E-2,-2.563773395E-1,3.139615291E1,3.990415505E0,-9.091122508E0,-3.014209991E1
3.031700413E0,9.618726717E-1,1.227981913E-2,-8.727705170E-2,-2.589070985E-1,3.174500755E1,3.998617129E0,-9.296303757E0,-3.045569920E1
3.041669632E0,9.615109980E-1,1.385423065E-2,-8.791806664E-2,-2.599520621E-1,3.189619291E1,4.204573792E0,-9.315193377E0,-3.060006802E1
3.051636871E0,9.613189452E-1,1.372952637E-2,-8.768719703E-2,-2.607457405E-1,3.197619096E1,4.191118262E0,-9.289960327E0,-3.069195204E1
3.061601142E0,9.612028764E-1,1.261850573E-2,-8.824614992E-2,-2.610410327E-1,3.202444414E1,4.087718241E0,-9.384380829E0,-3.072321636E1
3.071568017E0,9.615720313E-1,1.366448440E-2,-8.914264554E-2,-2.593185286E-1,3.187072903E1,4.215673503E0,-9.459316509E0,-3.053411269E1
3.081530986E0,9.623934861E-1,1.449263435E-2,-8.994746917E-2,-2.559261501E-1,3.152605809E1,4.299589997E0,-9.538576907E0,-3.014255135E1
3.091497444E0,9.633617990E-1,1.444680658E-2,-9.054207099E-2,-2.520465578E-1,3.111499062E1,4.273948460E0,-9.623143634E0,-2.968349455E1
3.101478330E0,9.645102634E-1,1.445736504E-2,-9.045433340E-2,-2.476468252E-1,3.062047125E1,4.228225750E0,-9.632477706E0,-2.915672027E1
3.111446246E0,9.658693591E-1,1.428152372E-2,-8.999053711E-2,-2.424749936E-1,3.002499057E1,4.142800346E0,-9.608346571E0,-2.853331115E1
3.121411402E0,9.674554778E-1,1.380564387E-2,-8.932345344E-2,-2.363485208E-1,2.931510759E1,4.008770707E0,-9.573171590E0,-2.779263876E1
3.131379059E0,9.690997890E-1,1.280808019E-2,-8.858751367E-2,-2.298560516E-1,2.856097664E1,3.811230785E0,-9.544423086E0,-2.700457184E1
3.141347809E0,9.708372802E-1,1.258545627E-2,-8.756696205E-2,-2.228196778E-1,2.774231899E1,3.688711998E0,-9.463424720E0,-2.615793768E1
3.151315569E0,9.726192893E-1,1.215251470E-2,-8.621927026E-2,-2.154768477E-1,2.687731847E1,3.532505519E0,-9.350866717E0,-2.527240874E1
3.161280621E0,9.742970016E-1,1.008853074E-2,-8.503359808E-2,-2.083575326E-1,2.603719272E1,3.200258063E0,-9.293503002E0,-2.440241820E1
3.171248069E0,9.759025795E-1,9.143856383E-3,-8.435903915E-2,-2.010325788E-1,2.520744902E1,3.006478821E0,-9.263550220E0,-2.352345250E1
3.181218746E0,9.775132685E-1,9.344936908E-3,-8.352339855E-2,-1.934019749E-1,2.434714211E1,2.936785719E0,-9.188079124E0,-2.261901328E1
3.191186507E0,9.789104252E-1,7.649930963E-3,-8.317187070E-2,-1.864357740E-1,2.357587188E1,2.670360167E0,-9.205919990E0,-2.178098714E1
3.201147080E0,9.800682250E-1,5.614271143E-3,-8.323366013E-2,-1.802967337E-1,2.291736173E1,2.381972602E0,-9.272193230E0,-2.104075311E1
3.211114111E0,9.811746519E-1,4.846288440E-3,-8.303656784E-2,-1.742921238E-1,2.227013295E1,2.233113340E0,-9.279888397E0,-2.032672938E1
3.221079892E0,9.821839156E-1,4.083247309E-3,-8.284513419E-2,-1.686261155E-1,2.166310272E1,2.088218141E0,-9.285915840E0,-1.965329538E1
3.231046767E0,9.830876991E-1,4.480991376E-3,-8.251049993E-2,-1.634335153E-1,2.110488340E1,2.077537164E0,-9.251327105E0,-1.904574870E1
3.241020413E0,9.838912956E-1,5.146803449E-3,-8.224003610E-2,-1.586442726E-1,2.059598914E1,2.102971431E0,-9.218359404E0,-1.848881898E1
3.250988017E0,9.844890579E-1,4.937082407E-3,-8.245793723E-2,-1.547824561E-1,2.020922585E1,2.046581064E0,-9.255048167E0,-1.803560145E1
3.260945725E0,9.849103034E-1,4.742621101E-3,-8.310657447E-2,-1.517316683E-1,1.993221265E1,2.007258810E0,-9.338437714E0,-1.767980928E1
3.270912288E0,9.851878774E-1,5.048640063E-3,-8.369989793E-2,-1.495783560E-1,1.974757653E1,2.032352193E0,-9.404875641E0,-1.743344909E1
3.280894163E0,9.853584151E-1,5.858772093E-3,-8.427866333E-2,-1.480931312E-1,1.963328613E1,2.121085301E0,-9.459714450E0,-1.726995894E1
3.290862288E0,9.853624442E-1,5.983778971E-3,-8.477979128E-2,-1.477749470E-1,1.963057795E1,2.141245721E0,-9.515193474E0,-1.723641544E1
3.300824267E0,9.852258191E-1,6.336771825E-3,-8.550073383E-2,-1.482550342E-1,1.972220558E1,2.199231432E0,-9.589970307E0,-1.729962560E1
3.310791715E0,9.850298938E-1,7.110819112E-3,-8.608421800E-2,-1.491812722E-1,1.985287215E1,2.307446287E0,-9.640720239E0,-1.741844041E1
3.320762861E0,9.847388469E-1,7.135252154E-3,-8.703224467E-2,-1.505452755E-1,2.004542054E1,2.340992686E0,-9.744779688E0,-1.758355884E1
3.330730673E0,9.843916629E-1,7.441002453E-3,-8.812032822E-2,-1.521594339E-1,2.027274009E1,2.412174985E0,-9.859073772E0,-1.778165311E1
3.340689423E0,9.839398090E-1,6.534640538E-3,-8.947958357E-2,-1.543151155E-1,2.056486845E1,2.355691222E0,-1.002444123E1,-1.803325910E1
3.350656298E0,9.834095287E-1,6.360003992E-3,-9.103262907E-2,-1.567747099E-1,2.090254906E1,2.390567422E0,-1.019800866E1,-1.832903547E1
3.360623121E0,9.829827978E-1,8.545651227E-3,-9.192169490E-2,-1.588149649E-1,2.117042170E1,2.679211439E0,-1.025331824E1,-1.859570977E1
3.370589996E0,9.824558814E-1,8.354822193E-3,-9.280960722E-2,-1.615457051E-1,2.149663082E1,2.703646207E0,-1.035014963E1,-1.892014364E1
3.380546871E0,9.818354660E-1,8.146905816E-3,-9.390061811E-2,-1.646676030E-1,2.187456133E1,2.735020035E0,-1.046919488E1,-1.929202087E1
3.390512757E0,9.813843010E-1,9.455321567E-3,-9.484260781E-2,-1.667343110E-1,2.214539016E1,2.926089470E0,-1.054461092E1,-1.955470296E1
3.400495569E0,9.809656140E-1,9.434770887E-3,-9.586223312E-2,-1.686056982E-1,2.239382890E1,2.965123808E0,-1.065492891E1,-1.978166430E1
3.410463173E0,9.805050609E-1,8.540742237E-3,-9.680628852E-2,-1.707788740E-1,2.266400452E1,2.906551313E0,-1.077314891E1,-2.003480298E1
3.420428955E0,9.801114034E-1,8.147799365E-3,-9.773984809E-2,-1.725171654E-1,2.289244222E1,2.900692989E0,-1.088163048E1,-2.024198942E1
3.430396350E0,9.797581205E-1,7.339309635E-3,-9.850656540E-2,-1.741166749E-1,2.309555249E1,2.842615786E0,-1.098018041E1,-2.042737674E1
3.440369319E0,9.796676610E-1,8.884488255E-3,-9.884750702E-2,-1.743602888E-1,2.314727694E1,3.029287336E0,-1.098647131E1,-2.047494269E1
3.450337236E0,9.797102827E-1,8.357024663E-3,-9.931994998E-2,-1.738777434E-1,2.312292019E1,2.973618323E0,-1.105220655E1,-2.041573477E1
3.460301455E0,9.797342489E-1,6.875267055E-3,-1.000328192E-1,-1.733982907E-1,2.310921324E1,2.813893261E0,-1.116451850E1,-2.034820411E1
3.470268955E0,9.799706583E-1,7.163585278E-3,-1.004919970E-1,-1.717776193E-1,2.297357204E1,2.837888791E0,-1.121536050E1,-2.016326836E1
3.480232757E0,9.803786065E-1,6.686914093E-3,-1.003274609E-1,-1.695507996E-1,2.273763233E1,2.754109678E0,-1.121261049E1,-1.989423538E1
3.490199944E0,9.808145699E-1,5.618675597E-3,-1.002069758E-1,-1.671220269E-1,2.248278950E1,2.601192422E0,-1.122666826E1,-1.959534430E1
3.500165830E0,9.814709980E-1,6.476612912E-3,-9.961247368E-2,-1.635545434E-1,2.209360151E1,2.646239335E0,-1.115214418E1,-1.918031882E1
3.510132809E0,9.822774291E-1,7.833270352E-3,-9.898329780E-2,-1.589716919E-1,2.160600549E1,2.736801013E0,-1.106763236E1,-1.865127445E1
3.520109111E0,9.831412703E-1,8.414913885E-3,-9.815205589E-2,-1.540409223E-1,2.107133646E1,2.731567567E0,-1.097625657E1,-1.807218041E1
3.530077027E0,9.839732187E-1,7.210154117E-3,-9.763645984E-2,-1.490363722E-1,2.054340941E1,2.527285339E0,-1.095244413E1,-1.746787987E1
3.540038798E0,9.848374456E-1,7.088348667E-3,-9.713738543E-2,-1.435593587E-1,1.998039618E1,2.442817598E0,-1.091157822E1,-1.682048779E1
3.550006090E0,9.858005884E-1,8.599426995E-3,-9.637260376E-2,-1.372427450E-1,1.933383631E1,2.532871061E0,-1.081555128E1,-1.609131344E1
3.559974736E0,9.867301896E-1,8.622235692E-3,-9.530852795E-2,-1.311696401E-1,1.868879963E1,2.450923306E0,-1.070927354E1,-1.537404093E1
3.569942132E0,9.874548678E-1,5.315222857E-3,-9.464420240E-2,-1.262818573E-1,1.817022557E1,2.006269459E0,-1.069444366E1,-1.476336576E1
3.579896767E0,9.881411128E-1,3.195793131E-3,-9.412450253E-2,-1.212745073E-1,1.766524718E1,1.699579027E0,-1.067520948E1,-1.415263659E1
3.589862861E0,9.888835930E-1,3.089261669E-3,-9.378749301E-2,-1.153412418E-1,1.710223948E1,1.617737778E0,-1.064814223E1,-1.345635907E1
3.599843277E0,9.895417068E-1,1.706535681E-3,-9.343816444E-2,-1.098799690E-1,1.658735952E1,1.394099612E0,-1.063471644E1,-1.280223702E1
3.609810830E0,9.901193506E-1,3.613636204E-4,-9.322973253E-2,-1.047461599E-1,1.612198873E1,1.180394604E0,-1.063439746E1,-1.218774592E1
3.619782965E0,9.907669920E-1,1.155204971E-3,-9.258843622E-2,-9.902936177E-2,1.558382103E1,1.202284696E0,-1.055844076E1,-1.152686228E1
3.629750934E0,9.914113248E-1,1.366421181E-3,-9.176248866E-2,-9.317383581E-2,1.502941378E1,1.154267090E0,-1.046845258E1,-1.084363582E1
3.639713382E0,9.919984370E-1,1.004312333E-3,-9.070633017E-2,-8.780919044E-2,1.450591242E1,1.043936092E0,-1.035721943E1,-1.021160163E1
3.649680777E0,9.925626689E-1,5.209008828E-4,-8.945100732E-2,-8.256872492E-2,1.398446057E1,9.202530160E-1,-1.022332798E1,-9.592998735E0
3.659644527E0,9.931526126E-1,1.085651318E-3,-8.804116763E-2,-7.678191400E-2,1.341770390E1,9.122585792E-1,-1.006177737E1,-8.921943716E0
3.669611559E0,9.936827825E-1,5.852272261E-4,-8.698850337E-2,-7.090264805E-2,1.288722565E1,7.852425339E-1,-9.950364328E0,-8.231021734E0
3.679585569E0,9.941712364E-1,-8.657723099E-6,-8.572771680E-2,-6.537821664E-2,1.237847154E1,6.508061683E-1,-9.814402248E0,-7.580757609E0
3.689553330E0,9.946329658E-1,-3.300032400E-4,-8.438964319E-2,-5.986269797E-2,1.187761486E1,5.490843413E-1,-9.666495784E0,-6.934894866E0
3.699515673E0,9.950854371E-1,2.751736891E-4,-8.299497300E-2,-5.400677320E-2,1.136548827E1,5.526063631E-1,-9.505626281E0,-6.259135363E0
3.709482861E0,9.954927105E-1,4.067096494E-4,-8.172447163E-2,-4.811661437E-2,1.088400192E1,5.037203221E-1,-9.362086270E0,-5.575661121E0
3.719446142E0,9.958315531E-1,-5.572728547E-5,-8.055848699E-2,-4.277668776E-2,1.046660276E1,3.936290833E-1,-9.233024570E0,-4.951126679E0
3.729412913E0,9.961585630E-1,4.461416712E-4,-7.895218575E-2,-3.787440607E-2,1.004739801E1,3.985495396E-1,-9.048124344E0,-4.386261252E0
3.739383225E0,9.964333379E-1,6.715965494E-4,-7.750010033E-2,-3.337493891E-2,9.681168437E0,3.776139162E-1,-8.882147089E0,-3.866069636E0
3.749350361E0,9.966531736E-1,9.270276946E-4,-7.635951045E-2,-2.916877199E-2,9.377896094E0,3.653617205E-1,-8.751764054E0,-3.380720779E0
3.759321975E0,9.968367862E-1,1.428192916E-3,-7.536163715E-2,-2.519931594E-2,9.116884313E0,3.851280168E-1,-8.637040693E0,-2.925258477E0
3.769289580E0,9.969506868E-1,-9.983828499E-5,-7.470112095E-2,-2.256237239E-2,8.951154696E0,1.837813037E-1,-8.566150391E0,-2.606686795E0
3.779260048E0,9.970700230E-1,2.638125323E-4,-7.363248847E-2,-2.072573827E-2,8.774165583E0,2.072654963E-1,-8.442833796E0,-2.396929344E0
3.789227913E0,9.971769346E-1,2.698051352E-3,-7.271778489E-2,-1.852040318E-2,8.612521454E0,4.675701733E-1,-8.332939469E0,-2.162106812E0
3.799203902E0,9.972148178E-1,3.303114544E-3,-7.247108502E-2,-1.731006543E-2,8.554512780E0,5.267372786E-1,-8.303932998E0,-2.027165214E0
3.809172600E0,9.972382819E-1,3.808682923E-3,-7.210498880E-2,-1.738314394E-2,8.518385727E0,5.849472397E-1,-8.260807654E0,-2.039517674E0
3.819139423E0,9.972679996E-1,4.659354887E-3,-7.139635272E-2,-1.836812896E-2,8.472409285E0,6.897705213E-1,-8.176990037E0,-2.159664816E0
3.829107861E0,9.972911389E-1,6.390449340E-3,-7.053793086E-2,-1.984809172E-2,8.436437241E0,8.996943324E-1,-8.073309699E0,-2.343793043E0
3.839075934E0,9.972783592E-1,7.727597409E-3,-7.007076552E-2,-2.159273982E-2,8.456323355E0,1.066969428E0,-8.014655632E0,-2.555459827E0
3.849044319E0,9.972422962E-1,9.018255330E-3,-6.972156307E-2,-2.377766573E-2,8.512189628E0,1.232532933E0,-7.968561645E0,-2.817587540E0
3.859016194E0,9.972294043E-1,1.162878821E-2,-6.871723576E-2,-2.600438374E-2,8.532072266E0,1.548306103E0,-7.842410943E0,-3.093619895E0
3.868984944E0,9.972080663E-1,1.233957460E-2,-6.799206513E-2,-2.829993705E-2,8.564879746E0,1.645826799E0,-7.753187438E0,-3.362674097E0
3.878950309E0,9.971497922E-1,1.057272419E-2,-6.797876671E-2,-3.097412882E-2,8.653844616E0,1.462906439E0,-7.753708503E0,-3.657517512E0
3.888918694E0,9.970810707E-1,8.731504032E-3,-6.800776034E-2,-3.358636381E-2,8.757600109E0,1.271123742E0,-7.760469259E0,-3.944741391E0
3.898881975E0,9.970692402E-1,8.918565681E-3,-6.719373150E-2,-3.547381905E-2,8.775338179E0,1.303898214E0,-7.663846714E0,-4.162568189E0
3.908849840E0,9.970714913E-1,9.107760087E-3,-6.638783144E-2,-3.685302870E-2,8.771965731E0,1.332705132E0,-7.568737557E0,-4.321679365E0
3.918817705E0,9.970896353E-1,8.924827885E-3,-6.544012715E-2,-3.808144462E-2,8.744736353E0,1.316557977E0,-7.459168070E0,-4.460247738E0
3.928785569E0,9.971186083E-1,8.054834233E-3,-6.441801526E-2,-3.924181276E-2,8.701078963E0,1.220131839E0,-7.344366235E0,-4.585759303E0
3.938746038E0,9.971451923E-1,7.682209719E-3,-6.342585812E-2,-4.024437302E-2,8.660828230E0,1.179767978E0,-7.231072001E0,-4.696908368E0
3.948713173E0,9.972041038E-1,8.215356435E-3,-6.203305301E-2,-4.084585191E-2,8.570958388E0,1.238638213E0,-7.068050160E0,-4.767590331E0
3.958668955E0,9.971875556E-1,3.229867535E-3,-6.166964324E-2,-4.246648122E-2,8.596297506E0,6.742896467E-1,-7.048996763E0,-4.918609371E0
3.968634892E0,9.971959379E-1,2.766868517E-3,-6.105842616E-2,-4.317956132E-2,8.583471630E0,6.229184438E-1,-6.980728053E0,-4.996823666E0
3.978592080E0,9.973044996E-1,5.844606826E-3,-5.983740842E-2,-4.206019761E-2,8.415596973E0,9.632115832E-1,-6.826348141E0,-4.887357077E0
3.988557132E0,9.973533179E-1,5.627395612E-3,-5.919736225E-2,-4.183735177E-2,8.339007212E0,9.334692179E-1,-6.754217757E0,-4.859198475E0
3.998535517E0,9.973921845E-1,7.772580091E-3,-5.819609455E-2,-4.197179839E-2,8.277524627E0,1.176195146E0,-6.628785109E0,-4.887463559E0
4.008501923E0,9.974575375E-1,1.127797783E-2,-5.711014876E-2,-4.110594748E-2,8.173102730E0,1.568326840E0,-6.488437949E0,-4.808633301E0
4.018471455E0,9.974721439E-1,1.109495001E-2,-5.676818964E-2,-4.127465217E-2,8.149581927E0,1.546647810E0,-6.449848899E0,-4.826160809E0
4.028438173E0,9.974400317E-1,1.031233544E-2,-5.642690248E-2,-4.269711538E-2,8.201204006E0,1.464081008E0,-6.412416558E0,-4.984311936E0
4.038404632E0,9.974152884E-1,9.722217955E-3,-5.602717307E-2,-4.392239431E-2,8.240759805E0,1.401985646E0,-6.367814458E0,-5.120912560E0
4.048371298E0,9.974135087E-1,1.003447892E-2,-5.567769571E-2,-4.433504454E-2,8.243597765E0,1.438667630E0,-6.325554308E0,-5.169746377E0
4.058336298E0,9.974276965E-1,9.248402962E-3,-5.548714154E-2,-4.442560485E-2,8.220947346E0,1.347819582E0,-6.307654051E0,-5.174825794E0
4.068302757E0,9.974530780E-1,7.801390611E-3,-5.520760036E-2,-4.448163998E-2,8.180270502E0,1.180274338E0,-6.283031842E0,-5.171633663E0
4.078262496E0,9.975241107E-1,7.437825862E-3,-5.432991829E-2,-4.402939059E-2,8.065343727E0,1.130973596E0,-6.184813107E0,-5.115741534E0
4.088228277E0,9.975609909E-1,3.151651198E-3,-5.402970817E-2,-4.407864669E-2,8.005024091E0,6.368829958E-1,-6.172259817E0,-5.094437109E0
4.098205205E0,9.975104413E-1,-2.440670209E-3,-5.430854679E-2,-4.491708297E-2,8.087586735E0,5.518673334E-4,-6.232654925E0,-5.156511386E0
4.108172080E0,9.975403347E-1,-2.812276387E-3,-5.408786384E-2,-4.449578235E-2,8.038864116E0,-4.595465218E-2,-6.209253891E0,-5.105534964E0
4.118138590E0,9.976424900E-1,-4.729089285E-5,-5.334375908E-2,-4.317294559E-2,7.870090992E0,2.599766085E-1,-6.110142342E0,-4.969729206E0
4.128105465E0,9.977146735E-1,7.975336983E-4,-5.224852782E-2,-4.283556425E-2,7.748622391E0,3.495532154E-1,-5.980496412E0,-4.935077656E0
4.138076455E0,9.977578865E-1,1.169173345E-3,-5.131776155E-2,-4.294554944E-2,7.674986078E0,3.882619771E-1,-5.871917059E0,-4.949126543E0
4.148043746E0,9.978339465E-1,2.819769011E-3,-5.019877158E-2,-4.242107386E-2,7.543634565E0,5.693025271E-1,-5.735763876E0,-4.897237380E0
4.158020986E0,9.978801013E-1,2.738751529E-3,-4.956428803E-2,-4.208543671E-2,7.462802180E0,5.549205280E-1,-5.663619538E0,-4.857467819E0
4.167989267E0,9.978350459E-1,-8.346053287E-4,-4.969654658E-2,-4.306713289E-2,7.541719219E0,1.505708492E-1,-5.695972262E0,-4.950260306E0
4.177945413E0,9.978317798E-1,-1.719705191E-3,-4.947644937E-2,-4.336891417E-2,7.547407809E0,4.948983210E-2,-5.675111998E0,-4.979830719E0
4.187912444E0,9.979247415E-1,6.797248475E-4,-4.885912233E-2,-4.193488358E-2,7.383781937E0,3.140123062E-1,-5.592835155E0,-4.827883538E0
4.197879111E0,9.979847697E-1,6.892659200E-4,-4.823945758E-2,-4.121746057E-2,7.276171498E0,3.080994517E-1,-5.521983779E0,-4.744880740E0
4.207846090E0,9.980400563E-1,2.129319321E-3,-4.716117792E-2,-4.107718682E-2,7.175635670E0,4.675900292E-1,-5.391611576E0,-4.735699038E0
4.217816090E0,9.981037812E-1,2.782143423E-3,-4.627084455E-2,-4.049827885E-2,7.057981261E0,5.352221407E-1,-5.286781546E0,-4.671739091E0
4.227783382E0,9.980306519E-1,-3.137871789E-3,-4.696585396E-2,-4.146299703E-2,7.192836113E0,-1.363200034E-1,-5.394165575E0,-4.751527079E0
4.237748955E0,9.979519256E-1,-5.589339319E-3,-4.719607998E-2,-4.281639382E-2,7.335245341E0,-4.094593741E-1,-5.432756447E0,-4.894026228E0
4.247716090E0,9.980762384E-1,6.908102404E-5,-4.595485863E-2,-4.161692555E-2,7.109071742E0,2.280191095E-1,-5.262976854E0,-4.785853971E0
4.257684788E0,9.980770199E-1,-2.202137737E-3,-4.594037602E-2,-4.155592308E-2,7.107627154E0,-3.323560502E-2,-5.272179371E0,-4.766848464E0
4.267652027E0,9.980235935E-1,-2.704248352E-3,-4.588886274E-2,-4.284630851E-2,7.205718935E0,-8.432157832E-2,-5.268783334E0,-4.912649534E0
4.277625048E0,9.981014770E-1,3.458937820E-3,-4.445461352E-2,-4.248840759E-2,7.062269653E0,6.144736624E-1,-5.074241743E0,-4.902358255E0
4.287592861E0,9.981347248E-1,5.671215184E-3,-4.357098083E-2,-4.238487997E-2,7.000138148E0,8.635524442E-1,-4.962209806E0,-4.900523207E0
4.297552861E0,9.979881706E-1,-3.440208167E-4,-4.442450540E-2,-4.523224956E-2,7.270027327E0,1.916759271E-1,-5.088903036E0,-5.198648620E0
4.307519840E0,9.978148767E-1,-2.792369493E-3,-4.530097191E-2,-4.801558581E-2,7.576780663E0,-7.031830686E-2,-5.202274940E0,-5.506785218E0
4.317489892E0,9.977684880E-1,-1.479246590E-3,-4.556670084E-2,-4.878044571E-2,7.656812809E0,8.593625318E-2,-5.225416836E0,-5.601793283E0
4.327457184E0,9.977305524E-1,8.907703278E-5,-4.577313148E-2,-4.938175018E-2,7.721645712E0,2.703329817E-1,-5.240108711E0,-5.679349357E0
4.337430934E0,9.976614201E-1,1.765686543E-3,-4.550452566E-2,-5.096971098E-2,7.838417814E0,4.695749433E-1,-5.199059120E0,-5.870623570E0
4.347398850E0,9.976322144E-1,4.652833178E-3,-4.474858235E-2,-5.201807696E-2,7.887230708E0,8.018456341E-1,-5.094644288E0,-6.005247489E0
4.357361923E0,9.975354375E-1,3.511263751E-3,-4.498591943E-2,-5.373070789E-2,8.046866160E0,6.810932426E-1,-5.127524176E0,-6.196835770E0
4.367329371E0,9.974860681E-1,7.686989072E-3,-4.444010752E-2,-5.465831121E-2,8.127096272E0,1.161561710E0,-5.038002053E0,-6.323995739E0
4.377282965E0,9.974303958E-1,7.224986720E-3,-4.433501146E-2,-5.581049913E-2,8.216630959E0,1.113690410E0,-5.027606062E0,-6.454104163E0
4.387249007E0,9.972290607E-1,1.588646755E-4,-4.555743340E-2,-5.881067514E-2,8.532601561E0,3.265269753E-1,-5.212146792E0,-6.764976740E0
4.397234996E0,9.971494266E-1,1.514872182E-3,-4.583635809E-2,-5.991456039E-2,8.654399970E0,4.898442066E-1,-5.234364585E0,-6.899452905E0
4.407203069E0,9.972685495E-1,6.098852761E-3,-4.495499081E-2,-5.828630164E-2,8.471556206E0,1.001247712E0,-5.103402004E0,-6.734423245E0
4.417163955E0,9.971997781E-1,3.334318352E-4,-4.555059315E-2,-5.930965270E-2,8.577589289E0,3.491254204E-1,-5.210007932E0,-6.823335317E0
4.427131246E0,9.970804586E-1,-6.162336977E-4,-4.554365270E-2,-6.128584638E-2,8.758518685E0,2.504744826E-1,-5.215207470E0,-7.045961599E0
4.437097757E0,9.971707769E-1,5.283985212E-3,-4.394636633E-2,-6.075556036E-2,8.621913689E0,9.132463070E-1,-4.991157690E0,-7.013010808E0
4.447064996E0,9.972302613E-1,5.841351281E-3,-4.317047001E-2,-6.028262647E-2,8.530751978E0,9.693190360E-1,-4.898885020E0,-6.960112565E0
4.457034059E0,9.972055303E-1,6.508323371E-3,-4.253763019E-2,-6.106817640E-2,8.568770651E0,1.045144093E0,-4.820973887E0,-7.052752330E0
4.467001455E0,9.972506404E-1,9.539735989E-3,-4.148927073E-2,-6.065306295E-2,8.499295933E0,1.383277942E0,-4.680147376E0,-7.017446073E0
4.476967548E0,9.973270982E-1,1.122912452E-2,-4.084254464E-2,-5.953530504E-2,8.380229499E0,1.567195463E0,-4.596020607E0,-6.895313931E0
4.486934788E0,9.973895065E-1,1.385612492E-2,-4.018039525E-2,-5.837564577E-2,8.281775593E0,1.858495866E0,-4.504264101E0,-6.772318056E0
4.496902496E0,9.974782984E-1,1.674040520E-2,-3.912838189E-2,-5.679588662E-2,8.139650854E0,2.174969519E0,-4.367752588E0,-6.600695983E0
4.506869788E0,9.975821742E-1,1.781389508E-2,-3.855541391E-2,-5.500864318E-2,7.970171532E0,2.286460266E0,-4.299185486E0,-6.398245065E0
4.516838850E0,9.976614406E-1,1.586361405E-2,-3.861840819E-2,-5.411667232E-2,7.838383349E0,2.059364930E0,-4.320713409E0,-6.287458523E0
4.526806298E0,9.977408683E-1,1.569258784E-2,-3.841311811E-2,-5.283308354E-2,7.704069514E0,2.032887339E0,-4.300906290E0,-6.138614885E0
4.536773486E0,9.978557536E-1,1.747616176E-2,-3.794801987E-2,-5.038280029E-2,7.505551411E0,2.224067509E0,-4.242175630E0,-5.863323582E0
4.546740882E0,9.979808866E-1,1.776617993E-2,-3.779189176E-2,-4.785693063E-2,7.283180712E0,2.245680064E0,-4.228294928E0,-5.573800412E0
4.556710673E0,9.980951592E-1,1.618499684E-2,-3.777253921E-2,-4.601450049E-2,7.074014179E0,2.056365826E0,-4.238693055E0,-5.355305408E0
4.566678330E0,9.981760893E-1,1.608829317E-2,-3.748807720E-2,-4.450062544E-2,6.922061357E0,2.037311357E0,-4.209728036E0,-5.180219191E0
4.576651819E0,9.982582750E-1,1.915739074E-2,-3.624398896E-2,-4.242386193E-2,6.764262851E0,2.374274011E0,-4.056276802E0,-4.951060844E0
4.586620048E0,9.983300103E-1,1.661005614E-2,-3.623670330E-2,-4.181145549E-2,6.623460849E0,2.079510333E0,-4.069323334E0,-4.870337262E0
4.596574423E0,9.983261481E-1,1.645258448E-2,-3.591050601E-2,-4.224511826E-2,6.631117697E0,2.061557699E0,-4.031833649E0,-4.918731768E0
4.606541246E0,9.983207956E-1,1.965533480E-2,-3.514183665E-2,-4.164502564E-2,6.641714392E0,2.422671570E0,-3.929476875E0,-4.860546636E0
4.616512027E0,9.983249743E-1,2.101049166E-2,-3.473709280E-2,-4.122061805E-2,6.633443062E0,2.574431703E0,-3.877625646E0,-4.815937400E0
4.626479267E0,9.983021023E-1,2.029879947E-2,-3.481938791E-2,-4.205331657E-2,6.678591021E0,2.496449471E0,-3.888398433E0,-4.909056026E0
4.636443850E0,9.982499897E-1,2.126362111E-2,-3.437468430E-2,-4.316477155E-2,6.780337002E0,2.609121758E0,-3.829829961E0,-5.039153528E0
4.646410777E0,9.982186183E-1,1.984351179E-2,-3.422482031E-2,-4.465967757E-2,6.840858557E0,2.451178848E0,-3.816158457E0,-5.205010737E0
4.656375152E0,9.981426052E-1,1.863198424E-2,-3.462982290E-2,-4.652917671E-2,6.985330953E0,2.321656258E0,-3.864501203E0,-5.416244693E0
4.666341819E0,9.980545164E-1,1.629434945E-2,-3.519730016E-2,-4.881420419E-2,7.149107829E0,2.065767713E0,-3.937419510E0,-5.671153228E0
4.676320882E0,9.979472887E-1,1.732215592E-2,-3.560223499E-2,-5.033520422E-2,7.343547056E0,2.192057236E0,-3.974614133E0,-5.851031312E0
4.686288798E0,9.978562534E-1,1.992968470E-2,-3.560569828E-2,-5.116580377E-2,7.504676323E0,2.494374294E0,-3.957661047E0,-5.956820304E0
4.696250517E0,9.977655762E-1,2.012048168E-2,-3.580550203E-2,-5.269712651E-2,7.661808579E0,2.523588620E0,-3.975529191E0,-6.134151249E0
4.706217809E0,9.976556200E-1,2.201043048E-2,-3.574999623E-2,-5.404389585E-2,7.848135918E0,2.745277198E0,-3.953871058E0,-6.296244644E0
4.716169059E0,9.976021590E-1,2.238525941E-2,-3.554146704E-2,-5.500578813E-2,7.937150947E0,2.790681932E0,-3.924956627E0,-6.407599962E0
4.726134684E0,9.975108953E-1,1.561892769E-2,-3.711539447E-2,-5.788359230E-2,8.086848912E0,2.037278291E0,-4.142532760E0,-6.715762259E0
4.736123225E0,9.973407032E-1,1.561450841E-2,-3.792911495E-2,-6.024193872E-2,8.358865256E0,2.052396232E0,-4.230851680E0,-6.989044298E0
4.746091142E0,9.972592101E-1,1.865039409E-2,-3.785774087E-2,-6.077024026E-2,8.486033461E0,2.402105443E0,-4.200171576E0,-7.062368816E0
4.756038538E0,9.971623194E-1,1.902463064E-2,-3.838365358E-2,-6.190369425E-2,8.634797061E0,2.453666204E0,-4.254917256E0,-7.195873272E0
4.766004371E0,9.970048968E-1,1.927186385E-2,-3.847112391E-2,-6.426354847E-2,8.871191984E0,2.492744387E0,-4.257259372E0,-7.468645662E0
4.775990934E0,9.968953953E-1,2.295129547E-2,-3.785377258E-2,-6.511452101E-2,9.031984994E0,2.913222981E0,-4.156648280E0,-7.579936954E0
4.785958850E0,9.968693401E-1,2.159372012E-2,-3.812169142E-2,-6.581767727E-2,9.069825633E0,2.762702334E0,-4.195633612E0,-7.656089135E0
4.795926246E0,9.968039364E-1,1.873055112E-2,-3.965129413E-2,-6.677464799E-2,9.164126310E0,2.450843450E0,-4.390153533E0,-7.758848719E0
4.805894111E0,9.967701253E-1,2.058358649E-2,-4.087838798E-2,-6.598932206E-2,9.212498369E0,2.669460386E0,-4.518220433E0,-7.680595482E0
4.815860934E0,9.967976601E-1,2.206461996E-2,-4.135114877E-2,-6.478934937E-2,9.173124786E0,2.837480974E0,-4.564329811E0,-7.550805344E0
4.825828694E0,9.967935842E-1,1.983467147E-2,-4.221252279E-2,-6.501722303E-2,9.178963871E0,2.589608648E0,-4.679111342E0,-7.569636205E0
4.835777236E0,9.967715867E-1,2.355676170E-2,-4.185883904E-2,-6.433755087E-2,9.210412835E0,3.010427331E0,-4.612491278E0,-7.507440752E0
4.845743017E0,9.968439785E-1,2.496475256E-2,-4.167689156E-2,-6.278439528E-2,9.106508267E0,3.163297550E0,-4.586032194E0,-7.334516113E0
4.855728746E0,9.968726577E-1,2.223475669E-2,-4.280350678E-2,-6.259696205E-2,9.065016107E0,2.857916878E0,-4.735478922E0,-7.304346163E0
4.865696559E0,9.968299104E-1,2.659895303E-2,-4.261371459E-2,-6.169843421E-2,9.126792810E0,3.352745232E0,-4.684852620E0,-7.220753544E0
4.875659840E0,9.968692208E-1,2.982638378E-2,-4.194706069E-2,-6.002155905E-2,9.069998549E0,3.710152387E0,-4.591498102E0,-7.040036891E0
4.885627184E0,9.969046760E-1,2.827254730E-2,-4.203778971E-2,-6.012116276E-2,9.018467994E0,3.533054724E0,-4.612465257E0,-7.044740953E0
4.895587965E0,9.968912485E-1,3.032456450E-2,-4.163791613E-2,-5.961999175E-2,9.038018049E0,3.763182278E0,-4.554138786E0,-6.994789828E0
4.905554632E0,9.969827779E-1,2.870467567E-2,-4.149407493E-2,-5.898833626E-2,8.903905044E0,3.573447881E0,-4.551277933E0,-6.914175863E0
4.915544423E0,9.970263308E-1,2.060431928E-2,-4.331874780E-2,-6.031122503E-2,8.839376547E0,2.663789634E0,-4.812458516E0,-7.035289874E0
4.925513434E0,9.969339847E-1,2.200392027E-2,-4.439294964E-2,-6.056173470E-2,8.975647982E0,2.833424603E0,-4.924818076E0,-7.074534971E0
4.935492913E0,9.969316131E-1,2.717235833E-2,-4.430624769E-2,-5.853185558E-2,8.979120410E0,3.415766200E0,-4.885208352E0,-6.865936313E0
4.945462965E0,9.969662771E-1,2.617392868E-2,-4.439648549E-2,-5.832769390E-2,8.928231378E0,3.300849831E0,-4.903067648E0,-6.837926417E0
4.955394007E0,9.969309710E-1,2.648086214E-2,-4.417924710E-2,-5.895419526E-2,8.980060381E0,3.337579334E0,-4.874012442E0,-6.910653303E0
4.965360100E0,9.969193489E-1,2.903964538E-2,-4.342871252E-2,-5.850177545E-2,8.997056328E0,3.623552168E0,-4.772071921E0,-6.867859949E0
4.975334059E0,9.969477853E-1,2.838929848E-2,-4.335340372E-2,-5.839215230E-2,8.955414441E0,3.547871202E0,-4.768313430E0,-6.851838428E0
4.985300934E0,9.969531288E-1,2.217203702E-2,-4.447355622E-2,-6.012455873E-2,8.947567964E0,2.851137144E0,-4.934102532E0,-7.025329085E0
4.995269892E0,9.968694488E-1,1.662198270E-2,-4.602732357E-2,-6.210070227E-2,9.069668106E0,2.235895253E0,-5.146463132E0,-7.229848429E0
5.005236975E0,9.967804226E-1,1.895457043E-2,-4.695799316E-2,-6.216478248E-2,9.197793343E0,2.510825726E0,-5.235925673E0,-7.252147463E0
5.015191350E0,9.967327536E-1,2.334709026E-2,-4.678943842E-2,-6.155875054E-2,9.265671262E0,3.010401185E0,-5.186544197E0,-7.204637033E0
5.025157132E0,9.966816099E-1,2.454832974E-2,-4.672966518E-2,-6.196358910E-2,9.337949366E0,3.149894305E0,-5.169762209E0,-7.257226433E0
5.035155725E0,9.966236536E-1,2.571106216E-2,-4.700585263E-2,-6.221482243E-2,9.419186422E0,3.286722205E0,-5.192088784E0,-7.293238055E0
5.045124840E0,9.965804352E-1,2.554577212E-2,-4.778126483E-2,-6.238429685E-2,9.479313414E0,3.274571134E0,-5.281463184E0,-7.314966803E0
5.055062705E0,9.965108032E-1,2.549323568E-2,-4.878470953E-2,-6.274046685E-2,9.575395445E0,3.278160287E0,-5.395496741E0,-7.359698115E0
5.065028694E0,9.964404462E-1,2.601246843E-2,-4.971537359E-2,-6.291399177E-2,9.671510718E0,3.345900548E0,-5.497580675E0,-7.386264854E0
5.075018746E0,9.964072952E-1,2.400824696E-2,-5.109858271E-2,-6.312718145E-2,9.716469782E0,3.127745841E0,-5.670007426E0,-7.405160999E0
5.084987132E0,9.963487992E-1,2.498306475E-2,-5.199872521E-2,-6.293686859E-2,9.795299422E0,3.245561955E0,-5.766409893E0,-7.392361370E0
5.094926611E0,9.963513626E-1,2.523303071E-2,-5.246870692E-2,-6.240425558E-2,9.791858143E0,3.274800573E0,-5.820096086E0,-7.334340117E0
5.104892027E0,9.963361424E-1,2.760925373E-2,-5.303319980E-2,-6.115145201E-2,9.812272593E0,3.544668777E0,-5.871693260E0,-7.206243795E0
5.114857757E0,9.963543207E-1,3.389838392E-2,-5.213147131E-2,-5.840613766E-2,9.787885667E0,4.244318651E0,-5.734741447E0,-6.922342934E0
5.124823277E0,9.965390354E-1,3.340885990E-2,-5.225818926E-2,-5.534329751E-2,9.536555444E0,4.171304447E0,-5.765472085E0,-6.567511243E0
5.134809111E0,9.966731588E-1,3.305984122E-2,-5.300724437E-2,-5.234399089E-2,9.349839041E0,4.118817389E0,-5.865918046E0,-6.223793540E0
5.144776611E0,9.967338226E-1,4.053201667E-2,-5.180855584E-2,-4.684779619E-2,9.264154450E0,4.938160872E0,-5.709285432E0,-5.628382158E0
5.154766507E0,9.970300712E-1,3.972161976E-2,-5.128640078E-2,-4.150825388E-2,8.833812737E0,4.811435078E0,-5.679897148E0,-5.006732011E0
5.164736298E0,9.973387457E-1,3.405423543E-2,-5.175556149E-2,-3.843302201E-2,8.361942426E0,4.144507351E0,-5.774761023E0,-4.622795208E0
5.174681663E0,9.974308536E-1,3.805826029E-2,-5.059347160E-2,-3.351957270E-2,8.215898724E0,4.571281821E0,-5.645637155E0,-4.075022313E0
5.184648955E0,9.976252357E-1,3.988028583E-2,-4.915492777E-2,-2.715225530E-2,7.898849961E0,4.739258928E0,-5.503739210E0,-3.345983587E0
5.194632705E0,9.979714845E-1,3.188906455E-2,-5.003165155E-2,-2.308327227E-2,7.300123865E0,3.800357483E0,-5.646358533E0,-2.837530479E0
5.204601663E0,9.980897883E-1,3.214609734E-2,-4.937109922E-2,-1.859832047E-2,7.083983419E0,3.802697860E0,-5.587044085E0,-2.320662271E0
5.214567496E0,9.981787312E-1,3.352386338E-2,-4.876552963E-2,-1.171726171E-2,6.917044697E0,3.921406209E0,-5.541563831E0,-1.534945627E0
5.224536142E0,9.983358532E-1,3.065371986E-2,-4.834472190E-2,-6.975781155E-3,6.611860588E0,3.564241552E0,-5.514685004E0,-9.724009531E-1
5.234464892E0,9.984078595E-1,3.057572312E-2,-4.733342641E-2,-2.533357848E-3,6.467194957E0,3.529854988E0,-5.414554761E0,-4.577295113E-1
5.244429527E0,9.984650829E-1,2.995350288E-2,-4.651736806E-2,2.529893572E-3,6.349881989E0,3.430586783E0,-5.338721455E0,1.303579893E-1
5.254416455E0,9.985398374E-1,2.601174695E-2,-4.691954621E-2,6.335481636E-3,6.193285422E0,2.956717959E0,-5.395588870E0,5.876925127E-1
5.264383330E0,9.985154875E-1,2.677471385E-2,-4.632679587E-2,1.018645564E-2,6.244724659E0,3.024046048E0,-5.339759077E0,1.027926878E0
5.274333642E0,9.984866730E-1,2.718687694E-2,-4.565586516E-2,1.416966815E-2,6.305053809E0,3.050897960E0,-5.275454104E0,1.485489446E0
5.284298798E0,9.984813477E-1,2.568809745E-2,-4.559190169E-2,1.721913204E-2,6.316140523E0,2.862515355E0,-5.274647201E0,1.844090393E0
5.294314267E0,9.984395885E-1,2.525467396E-2,-4.559221962E-2,2.004841694E-2,6.402412962E0,2.797700139E0,-5.281828514E0,2.171590239E0
5.304284580E0,9.983874879E-1,2.556274197E-2,-4.537125630E-2,2.259246384E-2,6.508448898E0,2.820118186E0,-5.264362657E0,2.462970334E0
5.314249684E0,9.983943937E-1,2.422568602E-2,-4.533872301E-2,2.379392515E-2,6.494493370E0,2.660137909E0,-5.260534187E0,2.608224732E0
5.324219423E0,9.983797048E-1,2.472797906E-2,-4.502490484E-2,2.447958335E-2,6.524141232E0,2.715029730E0,-5.227730354E0,2.685173006E0
5.334151611E0,9.983741585E-1,2.401612632E-2,-4.536841374E-2,2.477846706E-2,6.535300961E0,2.630775704E0,-5.265986943E0,2.722441253E0
5.344117496E0,9.983954930E-1,2.302820138E-2,-4.574530176E-2,2.415593003E-2,6.492269302E0,2.519577975E0,-5.304934458E0,2.655229157E0
5.354080100E0,9.983946826E-1,2.447377044E-2,-4.538382261E-2,2.343930445E-2,6.493909023E0,2.690424102E0,-5.265397822E0,2.566038296E0
5.364045673E0,9.984178412E-1,2.415557705E-2,-4.535076047E-2,2.283924367E-2,6.446885280E0,2.657088488E0,-5.259193830E0,2.498819882E0
5.374044996E0,9.984731734E-1,2.061602692E-2,-4.639858426E-2,2.175943221E-2,6.333120674E0,2.253585182E0,-5.368022872E0,2.391205211E0
5.384013955E0,9.984618138E-1,2.058801765E-2,-4.687001732E-2,2.129181522E-2,6.356642193E0,2.251876444E0,-5.420963053E0,2.336628379E0
5.393958538E0,9.984375533E-1,2.038987328E-2,-4.740543662E-2,2.143431371E-2,6.406587976E0,2.227165418E0,-5.482217995E0,2.353011861E0
5.403925048E0,9.984208606E-1,2.041172708E-2,-4.772731997E-2,2.147671896E-2,6.440729042E0,2.228750792E0,-5.519277710E0,2.357119214E0
5.413909423E0,9.983938831E-1,2.040486212E-2,-4.797443343E-2,2.217542776E-2,6.495526381E0,2.223536716E0,-5.549157924E0,2.437012611E0
5.423877705E0,9.984453428E-1,1.129588369E-2,-5.004711978E-2,2.178500098E-2,6.390594026E0,1.173478742E0,-5.763977755E0,2.440789529E0
5.433830569E0,9.984560782E-1,7.331618660E-3,-5.090677938E-2,2.098111258E-2,6.368485550E0,7.202240606E-1,-5.852278596E0,2.370806903E0
5.443797288E0,9.984552010E-1,9.449890956E-3,-5.025314407E-2,2.173781556E-2,6.370294887E0,9.609613924E-1,-5.783043791E0,2.445891330E0
5.453767184E0,9.984601768E-1,9.920601502E-3,-4.972212463E-2,2.250704916E-2,6.360024580E0,1.011925518E0,-5.724065686E0,2.532066984E0
5.463734215E0,9.984433411E-1,1.525300577E-2,-4.781367517E-2,2.433295979E-2,6.394707901E0,1.619552895E0,-5.521587998E0,2.714042667E0
5.473733590E0,9.983787338E-1,1.475079058E-2,-4.767669689E-2,2.737244455E-2,6.526096454E0,1.545355390E0,-5.509243091E0,3.066599675E0
5.483703902E0,9.983394263E-1,8.264561424E-3,-4.911220284E-2,2.894958390E-2,6.604756594E0,7.864045099E-1,-5.655092333E0,3.283123763E0
5.493644059E0,9.982791828E-1,1.221604048E-2,-4.799303311E-2,3.140239273E-2,6.723529120E0,1.230593626E0,-5.542732647E0,3.543891936E0
5.503611298E0,9.982170187E-1,1.232758040E-2,-4.739897051E-2,3.411967124E-2,6.843930196E0,1.230510981E0,-5.478380076E0,3.856410387E0
5.513627392E0,9.982058417E-1,6.055369185E-3,-4.825849078E-2,3.492202918E-2,6.865354328E0,5.018915920E-1,-5.553015492E0,3.982987633E0
5.523599580E0,9.981290331E-1,7.324994669E-3,-4.816379808E-2,3.694626109E-2,7.010813417E0,6.368967226E-1,-5.548518826E0,4.208867074E0
5.533579840E0,9.980213203E-1,8.510131089E-3,-4.790471792E-2,3.982662403E-2,7.209863068E0,7.581778910E-1,-5.526016126E0,4.533827138E0
5.543552861E0,9.979637787E-1,5.177642110E-3,-4.845046938E-2,4.115872324E-2,7.313981168E0,3.653219295E-1,-5.573917529E0,4.705604760E0
5.553456298E0,9.979111268E-1,6.474544637E-3,-4.793626918E-2,4.282029107E-2,7.407971283E0,5.075243839E-1,-5.521931294E0,4.889624911E0
5.563422236E0,9.978068171E-1,5.526731198E-3,-4.823494460E-2,4.499334622E-2,7.590746045E0,3.850447053E-1,-5.552376451E0,5.145020886E0
5.573385309E0,9.977381861E-1,1.214713427E-3,-4.925659500E-2,4.572553336E-2,7.708643403E0,-1.197931407E-1,-5.647126765E0,5.253874562E0
5.583350934E0,9.977154757E-1,-4.266766519E-4,-4.947120681E-2,4.600268620E-2,7.747261737E0,-3.110900723E-1,-5.662998302E0,5.295236895E0
5.593313330E0,9.976910855E-1,-4.541504442E-4,-4.939907529E-2,4.660496879E-2,7.788523842E0,-3.172846117E-1,-5.654395359E0,5.364675825E0
5.603278642E0,9.976709605E-1,2.782245285E-4,-4.936039747E-2,4.707577168E-2,7.822406440E0,-2.356128812E-1,-5.653782915E0,5.414706051E0
5.613252705E0,9.976280543E-1,4.536132332E-3,-4.869022779E-2,4.844533424E-2,7.894159087E0,2.494608277E-1,-5.600350234E0,5.548056067E0
5.623218902E0,9.975555345E-1,5.894247037E-3,-4.859618602E-2,4.986606123E-2,8.013976899E0,3.979911873E-1,-5.597681906E0,5.704010997E0
5.633165777E0,9.975203671E-1,4.088630367E-3,-4.892935710E-2,5.042140828E-2,8.071441547E0,1.855473975E-1,-5.625646498E0,5.778188522E0
5.643129996E0,9.974700200E-1,2.371695568E-3,-4.943803733E-2,5.102758694E-2,8.153006175E0,-1.808043564E-2,-5.673986547E0,5.857952053E0
5.653105413E0,9.973782500E-1,2.083974087E-3,-4.971594503E-2,5.254149081E-2,8.299619700E0,-6.145487882E-2,-5.704056270E0,6.034124594E0
5.663070777E0,9.972353408E-1,1.377476659E-3,-5.031540498E-2,5.466385980E-2,8.522922354E0,-1.585688211E-1,-5.768147493E0,6.283091400E0
5.673031975E0,9.970835535E-1,-2.725026143E-3,-5.152452161E-2,5.623331004E-2,8.753872883E0,-6.467876612E-1,-5.879810959E0,6.489088708E0
5.682996871E0,9.969510987E-1,-4.634866100E-3,-5.199698957E-2,5.799429267E-2,8.950549876E0,-8.797776496E-1,-5.919975397E0,6.703968492E0
5.692968173E0,9.968380662E-1,-2.857261292E-3,-5.121363301E-2,6.068665143E-2,9.115038644E0,-6.861091537E-1,-5.840332453E0,7.002636225E0
5.702933694E0,9.966803110E-1,-2.866341846E-3,-5.084535477E-2,6.352079729E-2,9.339777790E0,-7.010704491E-1,-5.796123371E0,7.328818835E0
5.712918121E0,9.965052733E-1,1.224292147E-3,-4.943197088E-2,6.732177747E-2,9.582984742E0,-2.427255407E-1,-5.663353067E0,7.741822356E0
5.722885569E0,9.962375858E-1,4.978247484E-3,-4.755202509E-2,7.228204942E-2,9.943452206E0,1.752502325E-1,-5.478136095E0,8.291266435E0
5.732859840E0,9.959134574E-1,7.763590453E-3,-4.567460574E-2,7.752381849E-2,1.036319450E1,4.823117435E-1,-5.289012375E0,8.879798731E0
5.742827965E0,9.954474019E-1,1.471578812E-2,-4.275758986E-2,8.390294500E-2,1.093861117E1,1.272527846E0,-5.025279131E0,9.579922209E0
5.752771507E0,9.948711374E-1,1.857525124E-2,-4.109514909E-2,9.054042640E-2,1.161084840E1,1.697691489E0,-4.883637149E0,1.032760592E1
5.762737132E0,9.944956041E-1,1.835204251E-2,-3.981445766E-2,9.516567052E-2,1.202878792E1,1.663157200E0,-4.742834516E0,1.086337267E1
5.772712132E0,9.941891616E-1,1.694189359E-2,-3.900541258E-2,9.889115775E-2,1.235940467E1,1.493167664E0,-4.640778114E0,1.130044782E1
5.782678694E0,9.938635377E-1,1.619062332E-2,-3.790196012E-2,1.026478132E-1,1.270132408E1,1.402585008E0,-4.511697033E0,1.173813027E1
5.792663017E0,9.934569683E-1,1.847405535E-2,-3.538608565E-2,1.070036744E-1,1.311578300E1,1.674085356E0,-4.258859431E0,1.223282440E1
5.802631350E0,9.930166916E-1,1.895446373E-2,-3.356090203E-2,1.114999750E-1,1.355037444E1,1.732668810E0,-4.064528251E0,1.275165286E1
5.812578538E0,9.926610647E-1,1.514498841E-2,-3.305810409E-2,1.153334368E-1,1.389153117E1,1.289039221E0,-3.963699090E0,1.320991259E1
5.822544736E0,9.922368704E-1,1.078579949E-2,-3.314899503E-2,1.193767301E-1,1.428786710E1,7.747385989E-1,-3.919707859E0,1.369413435E1
5.832531819E0,9.916369937E-1,1.080465594E-2,-3.232668700E-2,1.244761722E-1,1.483036945E1,7.684021373E-1,-3.830355049E0,1.428367597E1
5.842500100E0,9.909577020E-1,1.222510636E-2,-3.131909117E-2,1.298941648E-1,1.542179153E1,9.240581278E-1,-3.741077175E0,1.490526549E1
5.852460361E0,9.904255196E-1,1.106554809E-2,-3.036925147E-2,1.342108502E-1,1.586983293E1,7.904175124E-1,-3.619328519E0,1.540911909E1
5.862427809E0,9.898273362E-1,1.212445371E-2,-2.859185140E-2,1.388428902E-1,1.635888958E1,9.220229519E-1,-3.438020802E0,1.594187123E1
5.872382444E0,9.890854397E-1,1.483467216E-2,-2.642156104E-2,1.441937117E-1,1.694597460E1,1.246893882E0,-3.241489841E0,1.655357216E1
5.882348642E0,9.884595284E-1,1.578700366E-2,-2.464040430E-2,1.486316979E-1,1.742600978E1,1.370592599E0,-3.061336520E0,1.706603302E1
5.892334215E0,9.878832085E-1,1.847926963E-2,-2.234737771E-2,1.524659888E-1,1.785668932E1,1.703835993E0,-2.853828935E0,1.750471523E1
5.902302340E0,9.873982612E-1,1.893507332E-2,-2.078887762E-2,1.557368273E-1,1.821125991E1,1.773694457E0,-2.691116716E0,1.788454647E1
5.912268225E0,9.870293787E-1,1.768301022E-2,-2.000576919E-2,1.583037773E-1,1.847645116E1,1.639021234E0,-2.584408209E0,1.818648858E1
5.922236090E0,9.866919134E-1,1.636513510E-2,-1.932594671E-2,1.606168056E-1,1.871579377E1,1.496228496E0,-2.487105107E0,1.845890033E1
5.932185361E0,9.862499919E-1,1.558772021E-2,-1.870173050E-2,1.634570947E-1,1.902470766E1,1.412750898E0,-2.406271169E0,1.879118897E1
5.942151350E0,9.857475044E-1,1.578992480E-2,-1.753347669E-2,1.665686436E-1,1.937002814E1,1.450241340E0,-2.282544175E0,1.915324288E1
5.952132913E0,9.852024331E-1,1.559686390E-2,-1.657720760E-2,1.698767195E-1,1.973784720E1,1.439311327E0,-2.175636667E0,1.953909002E1
5.962100465E0,9.847335672E-1,1.422161010E-2,-1.582073632E-2,1.727635719E-1,2.004889655E1,1.292540871E0,-2.067243190E0,1.987830450E1
5.972066038E0,9.841524643E-1,1.550979363E-2,-1.440705967E-2,1.760562690E-1,2.042789937E1,1.459462186E0,-1.938037139E0,2.026017122E1
5.982033382E0,9.835679010E-1,1.681456711E-2,-1.350192434E-2,1.792460669E-1,2.080226595E1,1.618890401E0,-1.867486005E0,2.063016610E1
5.991990361E0,9.831477048E-1,1.794763683E-2,-1.252046562E-2,1.814985148E-1,2.106730357E1,1.762717776E0,-1.784127829E0,2.089172939E1
6.001956663E0,9.825527322E-1,2.276796450E-2,-1.061837554E-2,1.842796743E-1,2.143703943E1,2.340922292E0,-1.676574757E0,2.121080366E1
6.011935257E0,9.820922965E-1,2.430517873E-2,-9.639984087E-3,1.865771962E-1,2.171889938E1,2.531003243E0,-1.604737561E0,2.147819136E1
6.021902757E0,9.819328042E-1,2.376985847E-2,-8.564403724E-3,1.875356308E-1,2.181569492E1,2.492175125E0,-1.474654145E0,2.159291079E1
6.031867705E0,9.816627312E-1,2.499044869E-2,-7.064448675E-3,1.888487575E-1,2.197864133E1,2.659981956E0,-1.335607788E0,2.174763820E1
6.041834944E0,9.814993098E-1,2.098390355E-2,-7.782924283E-3,1.901531138E-1,2.207666339E1,2.191629516E0,-1.332715658E0,2.190350735E1
6.051793277E0,9.813359126E-1,2.032903196E-2,-6.848930199E-3,1.911011494E-1,2.217424313E1,2.137051172E0,-1.215449526E0,2.201657025E1
6.061759632E0,9.808608513E-1,2.272315430E-2,-5.857232991E-3,1.932908208E-1,2.245556807E1,2.425533672E0,-1.161729491E0,2.227141427E1
6.071741194E0,9.805939575E-1,1.937044931E-2,-6.753913483E-3,1.949734878E-1,2.261210303E1,2.026577365E0,-1.191788972E0,2.247006431E1
6.081709059E0,9.803781099E-1,1.891362516E-2,-5.833286434E-3,1.961300825E-1,2.273792106E1,1.994469527E0,-1.080474188E0,2.260717754E1
6.091676559E0,9.800627950E-1,1.993495385E-2,-4.084848079E-3,1.976431874E-1,2.292049364E1,2.147092111E0,-9.102866541E-1,2.278607229E1
6.101644371E0,9.797439203E-1,2.007980159E-2,-2.370352789E-3,1.992311063E-1,2.310367968E1,2.200968601E0,-7.245656766E-1,2.297484462E1
6.111594215E0,9.792935754E-1,2.147541887E-2,-3.949890746E-4,2.013026169E-1,2.335997832E1,2.401643552E0,-5.397191309E-1,2.322040661E1
6.121560205E0,9.786574828E-1,2.312530719E-2,1.514595962E-3,2.041873099E-1,2.371733553E1,2.629825285E0,-3.712361160E-1,2.356175806E1
6.131545569E0,9.781259105E-1,2.301857272E-2,3.058779523E-3,2.067135516E-1,2.401195176E1,2.653456288E0,-2.024125919E-1,2.386149642E1
6.141513486E0,9.776887704E-1,2.298380947E-2,4.811051293E-3,2.087421055E-1,2.425158750E1,2.691058434E0,-1.076908062E-2,2.410378642E1
6.151487132E0,9.773312077E-1,2.125978810E-2,6.040709857E-3,2.105593544E-1,2.444587911E1,2.527548940E0,1.635598487E-1,2.431990628E1
6.161455621E0,9.767854502E-1,2.126422550E-2,7.785963989E-3,2.130197074E-1,2.473953430E1,2.571102688E0,3.524305383E-1,2.461306460E1
6.171400257E0,9.760192552E-1,2.298718123E-2,9.696637780E-3,2.162498050E-1,2.514610314E1,2.812497818E0,5.148818991E-1,2.499826435E1
6.181366350E0,9.753476146E-1,2.164776108E-2,1.058686352E-2,2.193543333E-1,2.549725105E1,2.686761436E0,6.391295555E-1,2.536469752E1
6.191345621E0,9.748282511E-1,1.793617810E-2,1.123191706E-2,2.219504863E-1,2.576555789E1,2.290098988E0,7.985280932E-1,2.566904458E1
6.201313017E0,9.741181593E-1,1.693828963E-2,1.292059638E-2,2.250332513E-1,2.612801262E1,2.224832616E0,1.005536303E0,2.603520049E1
6.211304215E0,9.731099150E-1,1.758303425E-2,1.455462368E-2,2.292075331E-1,2.663432727E1,2.344103340E0,1.161245475E0,2.653163160E1
6.221274007E0,9.721266053E-1,1.485818238E-2,1.514557453E-2,2.334945595E-1,2.711917822E1,2.061373868E0,1.289735065E0,2.703519760E1
6.231232236E0,9.708548235E-1,1.847002449E-2,1.841072539E-2,2.382452833E-1,2.773393232E1,2.559232216E0,1.544164409E0,2.761005564E1
6.241200882E0,9.695242120E-1,2.009732229E-2,2.054288102E-2,2.433041100E-1,2.836313733E1,2.807937828E0,1.722233501E0,2.821735876E1
6.251172340E0,9.685651487E-1,1.559432570E-2,2.041145562E-2,2.474302775E-1,2.880829861E1,2.311336445E0,1.823610408E0,2.869745210E1
6.261141246E0,9.676799344E-1,1.231374426E-2,2.135207933E-2,2.509741123E-1,2.921328787E1,1.981139603E0,2.013965743E0,2.911418047E1
6.271105621E0,9.666011336E-1,9.897626568E-3,2.239685805E-2,2.551130460E-1,2.969953875E1,1.752604783E0,2.191962395E0,2.960316701E1
6.281074059E0,9.653948168E-1,6.414679782E-3,2.293989234E-2,2.597026394E-1,3.023421018E1,1.393622859E0,2.347508350E0,3.014213852E1
6.291016194E0,9.638450200E-1,9.973244652E-3,2.598019937E-2,2.650063037E-1,3.090786037E1,1.892727144E0,2.567470943E0,3.078927513E1
6.300981975E0,9.619238529E-1,1.460038837E-2,2.898661372E-2,2.713836881E-1,3.172355634E1,2.514495972E0,2.742146461E0,3.157046616E1
6.310975465E0,9.602754050E-1,1.579083632E-2,3.118358788E-2,2.768562440E-1,3.240750767E1,2.731534810E0,2.931733766E0,3.223543009E1
6.320944059E0,9.587747058E-1,1.799170614E-2,3.413535838E-2,2.815353252E-1,3.301816301E1,3.084174647E0,3.171544750E0,3.281417991E1
6.330913642E0,9.574307660E-1,1.850249806E-2,3.619703211E-2,2.857862152E-1,3.355585758E1,3.222638682E0,3.367308077E0,3.333472428E1
6.340882340E0,9.564371206E-1,1.380630802E-2,3.640907449E-2,2.893299146E-1,3.394808280E1,2.726514866E0,3.534917965E0,3.374612561E1
6.350817080E0,9.552643783E-1,1.078269616E-2,3.765156502E-2,2.931485302E-1,3.440541856E1,2.451162636E0,3.762023872E0,3.420058876E1
6.360782340E0,9.536876394E-1,1.154580583E-2,3.998605467E-2,2.979055157E-1,3.501116811E1,2.634075033E0,3.978911031E0,3.478622263E1
6.370775934E0,9.520398320E-1,1.206049595E-2,4.171504355E-2,3.028771331E-1,3.563355702E1,2.771856320E0,4.135938449E0,3.539547741E1
6.380744059E0,9.507529675E-1,1.240591048E-2,4.435140888E-2,3.065091201E-1,3.611239419E1,2.919238018E0,4.400597044E0,3.584933926E1
6.390695830E0,9.493955889E-1,1.555450714E-2,4.832533069E-2,3.099527957E-1,3.661090635E1,3.422220574E0,4.710283552E0,3.630180019E1
6.400662288E0,9.480647343E-1,1.848409566E-2,5.169665731E-2,3.133034526E-1,3.709339309E1,3.881612468E0,4.958909987E0,3.674210513E1
6.410641142E0,9.469811864E-1,2.096181227E-2,5.481945544E-2,3.158829883E-1,3.748179420E1,4.280584144E0,5.197149033E0,3.708850144E1
6.420608850E0,9.462472684E-1,2.175519411E-2,5.705667566E-2,3.176276976E-1,3.774267972E1,4.459973479E0,5.402936800E0,3.732135764E1
6.430568746E0,9.458659415E-1,1.721334135E-2,5.704510846E-2,3.190410275E-1,3.787754617E1,3.973136809E0,5.562443707E0,3.747164075E1
6.440535621E0,9.455694245E-1,9.566300751E-3,5.618316856E-2,3.203910127E-1,3.798209846E1,3.116452204E0,5.746095574E0,3.759269053E1
6.450501194E0,9.449387402E-1,7.969606059E-3,5.831252086E-2,3.219113426E-1,3.820356205E1,3.032207959E0,6.031344004E0,3.778455130E1
6.460467965E0,9.438943348E-1,1.167729259E-2,6.220608285E-2,3.241257915E-1,3.856761032E1,3.597632707E0,6.307367167E0,3.810241278E1
6.470416246E0,9.432115009E-1,1.311325239E-2,6.477217082E-2,3.255528728E-1,3.880384885E1,3.861623024E0,6.525742115E0,3.830483232E1
6.480381142E0,9.428567952E-1,1.417517491E-2,6.765268749E-2,3.259497539E-1,3.892602146E1,4.090626799E0,6.795893641E0,3.838397072E1
6.490366246E0,9.423626698E-1,1.748536584E-2,7.127486455E-2,3.264456376E-1,3.909560313E1,4.594154841E0,7.060509914E0,3.849696501E1
6.500333173E0,9.423405336E-1,1.771283140E-2,7.317429811E-2,3.260768258E-1,3.910318361E1,4.689694993E0,7.259227295E0,3.847182220E1
6.510307080E0,9.427374371E-1,1.788846085E-2,7.536579385E-2,3.244165915E-1,3.896704962E1,4.780615747E0,7.498121329E0,3.829236404E1
6.520274736E0,9.431815964E-1,1.742307432E-2,7.630152387E-2,3.229287695E-1,3.881416326E1,4.754064011E0,7.624461543E0,3.811756650E1
6.530227652E0,9.436007240E-1,1.728710806E-2,7.678486636E-2,3.215943313E-1,3.866936032E1,4.746964063E0,7.688636411E0,3.795903757E1
6.540193746E0,9.440922105E-1,2.147268225E-2,7.949129975E-2,3.192333869E-1,3.849889120E1,5.287771286E0,7.838694510E0,3.772722521E1
6.550177548E0,9.447449508E-1,2.623777704E-2,8.221436351E-2,3.162425579E-1,3.827136301E1,5.887034372E0,7.975416814E0,3.742551231E1
6.560145465E0,9.457070580E-1,2.819185515E-2,8.375765664E-2,3.127747348E-1,3.793360322E1,6.129761053E0,8.093274162E0,3.703537460E1
6.570110777E0,9.466080042E-1,3.045457244E-2,8.513183906E-2,3.094485019E-1,3.761466705E1,6.400625778E0,8.182390006E0,3.666368163E1
6.580078434E0,9.475764410E-1,3.073093321E-2,8.546278724E-2,3.063504695E-1,3.726890657E1,6.416417068E0,8.229364124E0,3.629399908E1
6.590052548E0,9.486896821E-1,2.799401527E-2,8.466435013E-2,3.033746363E-1,3.686758418E1,6.060606810E0,8.259403428E0,3.590475781E1
6.600020830E0,9.498977685E-1,2.556462790E-2,8.458964818E-2,2.998087232E-1,3.642724359E1,5.759618513E0,8.358939564E0,3.545493290E1
6.609980882E0,9.508674987E-1,2.584241748E-2,8.535313620E-2,2.964759881E-1,3.607002680E1,5.788192784E0,8.452864840E0,3.506256832E1
6.619948330E0,9.519125100E-1,2.501026855E-2,8.533623052E-2,2.931804691E-1,3.568121005E1,5.666469958E0,8.499466741E0,3.465812744E1
6.629911663E0,9.531150333E-1,2.494457512E-2,8.635070428E-2,2.889516524E-1,3.522865253E1,5.656859924E0,8.637865421E0,3.415855939E1
6.639878642E0,9.540329288E-1,2.869760525E-2,8.912841952E-2,2.846993906E-1,3.487938721E1,6.129479807E0,8.842713703E0,3.370635337E1
6.649849267E0,9.549505592E-1,2.997124235E-2,9.020116082E-2,2.811314722E-1,3.452680220E1,6.274212621E0,8.941363263E0,3.329924683E1
6.659816611E0,9.560722704E-1,2.684448995E-2,8.904842199E-2,2.779848301E-1,3.409100175E1,5.858844969E0,8.937022120E0,3.288259035E1
6.669776142E0,9.570476520E-1,2.523943248E-2,8.852112118E-2,2.749304894E-1,3.370761044E1,5.634387133E0,8.949257482E0,3.249675507E1
6.679742705E0,9.577384028E-1,2.619915681E-2,8.909692504E-2,2.722360995E-1,3.343351726E1,5.734813616E0,8.997906764E0,3.218709451E1
6.689717600E0,9.585150405E-1,2.474377161E-2,8.851022543E-2,2.698195748E-1,3.312271314E1,5.530930265E0,8.993595274E0,3.187887359E1
6.699684996E0,9.591931560E-1,2.438629734E-2,8.855456313E-2,2.674170661E-1,3.284899999E1,5.469971648E0,9.023481611E0,3.158822687E1
6.709639944E0,9.596773383E-1,2.539945152E-2,8.936071637E-2,2.653091339E-1,3.265220070E1,5.588945710E0,9.093003782E0,3.135239781E1
6.719606038E0,9.603862638E-1,2.258614460E-2,8.869734686E-2,2.632125966E-1,3.236195313E1,5.234271523E0,9.118536591E0,3.107103298E1
6.729582132E0,9.610415436E-1,1.950113578E-2,8.787242457E-2,2.613375102E-1,3.209139752E1,4.846253084E0,9.131757782E0,3.081259422E1
6.739549267E0,9.612388589E-1,2.080702656E-2,8.855433314E-2,2.602788004E-1,3.200949275E1,5.003348500E0,9.172795909E0,3.070345393E1
6.749521559E0,9.613148032E-1,2.225034361E-2,8.930365220E-2,2.596220889E-1,3.197791413E1,5.181741522E0,9.215282704E0,3.064449587E1
6.759489215E0,9.612350040E-1,2.572662339E-2,9.121506048E-2,2.589309186E-1,3.201109484E1,5.623460997E0,9.325056835E0,3.061118697E1
6.769464632E0,9.610543379E-1,2.790696580E-2,9.263050642E-2,2.588732316E-1,3.208609279E1,5.911193124E0,9.415750751E0,3.063842374E1
6.779433069E0,9.607240602E-1,2.838208075E-2,9.314555495E-2,2.598608151E-1,3.222275801E1,5.990372715E0,9.452133063E0,3.076656491E1
6.789392861E0,9.604845764E-1,2.491850291E-2,9.132355512E-2,2.617411985E-1,3.232150185E1,5.564190493E0,9.345376783E0,3.094215679E1
6.799360361E0,9.605355103E-1,1.439056449E-2,8.681498267E-2,2.638704301E-1,3.230052540E1,4.267317720E0,9.159492814E0,3.106377503E1
6.809321767E0,9.597634589E-1,1.475302902E-2,8.760426738E-2,2.663868304E-1,3.261707539E1,4.357219321E0,9.224235654E0,3.137615524E1
6.819288642E0,9.582508898E-1,2.141386539E-2,9.052617133E-2,2.703732436E-1,3.322874112E1,5.232343787E0,9.318014688E0,3.193983384E1
6.829249267E0,9.572508962E-1,1.599532784E-2,8.860194304E-2,2.748900996E-1,3.362718747E1,4.610473456E0,9.255346426E0,3.241794417E1
6.839215517E0,9.560735396E-1,9.012297179E-3,8.637967700E-2,2.799655636E-1,3.409050557E1,3.810514745E0,9.214115831E0,3.295023927E1
6.849195205E0,9.540366825E-1,1.033763934E-2,8.766898480E-2,2.863935940E-1,3.487795194E1,4.063919402E0,9.285704233E0,3.374877981E1
6.859162809E0,9.515645717E-1,1.016637792E-2,8.781247133E-2,2.944664337E-1,3.581112065E1,4.129125089E0,9.272558837E0,3.472488595E1
6.869119007E0,9.491301244E-1,9.636446653E-3,8.849745726E-2,3.020386497E-1,3.670763634E1,4.169903844E0,9.332875986E0,3.564544870E1
6.879085413E0,9.463512070E-1,1.309625867E-2,9.122789309E-2,3.097181825E-1,3.770583848E1,4.727724838E0,9.471381860E0,3.663595074E1
6.889047080E0,9.434508473E-1,1.191355653E-2,9.162151448E-2,3.183772353E-1,3.872120050E1,4.700509434E0,9.514359293E0,3.768638990E1
6.899013017E0,9.402165019E-1,1.347703755E-2,9.359423235E-2,3.271871311E-1,3.982410618E1,5.038453418E0,9.623820535E0,3.879931762E1
6.908998798E0,9.367071683E-1,2.026951394E-2,9.782933816E-2,3.355566247E-1,4.098855297E1,6.035947407E0,9.768734189E0,3.993437504E1
6.918966715E0,9.336230862E-1,2.209771163E-2,9.968568617E-2,3.433982935E-1,4.198635703E1,6.394019299E0,9.843703145E0,4.093949685E1
6.928931298E0,9.312056420E-1,1.557127992E-2,9.781052937E-2,3.507801132E-1,4.275292158E1,5.686403783E0,9.859879070E0,4.177312911E1
6.938898902E0,9.283545697E-1,1.321722836E-2,9.843407100E-2,3.581812829E-1,4.364048365E1,5.538541764E0,9.979459387E0,4.267953551E1
6.948858121E0,9.245655423E-1,1.835567438E-2,1.019874523E-1,3.666608608E-1,4.479413319E1,6.340588280E0,1.008608102E1,4.382431229E1
6.958824840E0,9.210224003E-1,2.196615982E-2,1.042933062E-1,3.746440073E-1,4.584797898E1,6.919899418E0,1.011671690E1,4.488325991E1
6.968808277E0,9.182578675E-1,1.804233071E-2,1.033766695E-1,3.818248647E-1,4.665458325E1,6.537726566E0,1.014121433E1,4.573721284E1
6.978776663E0,9.150567994E-1,1.352171210E-2,1.025371483E-1,3.898388775E-1,4.757241080E1,6.106328610E0,1.020158994E1,4.669619824E1
6.988733486E0,9.114989508E-1,1.285753236E-2,1.031399719E-1,3.979528774E-1,4.857335140E1,6.156089333E0,1.024109303E1,4.772353315E1
6.998700725E0,9.080486353E-1,1.496861712E-2,1.050185852E-1,4.052094683E-1,4.952586985E1,6.553352446E0,1.028782346E1,4.868744680E1
7.008658121E0,9.052442954E-1,1.377310098E-2,1.057924919E-1,4.112797297E-1,5.028758868E1,6.535571226E0,1.038181167E1,4.946183252E1
7.018624371E0,9.021518243E-1,1.667332394E-2,1.091792896E-1,4.170419271E-1,5.111525501E1,7.078633173E0,1.054954147E1,5.027415559E1
7.028605100E0,8.989128610E-1,2.127816274E-2,1.125403070E-1,4.228919334E-1,5.196893283E1,7.802896476E0,1.062213844E1,5.111559540E1
7.038572809E0,8.960999224E-1,2.173100453E-2,1.134257500E-1,4.285642212E-1,5.269987455E1,7.963910645E0,1.064103919E1,5.186223047E1
7.048543902E0,8.936520902E-1,2.028909620E-2,1.141991062E-1,4.335122356E-1,5.332836699E1,7.914341976E0,1.074961282E1,5.250200413E1
7.058511871E0,8.910233258E-1,2.224596083E-2,1.171940361E-1,4.380046894E-1,5.399575895E1,8.333134818E0,1.091529506E1,5.315271161E1
7.068469111E0,8.886160204E-1,2.056115480E-2,1.175174715E-1,4.428639193E-1,5.460030287E1,8.236411270E0,1.099038302E1,5.377476046E1
7.078436038E0,8.861969259E-1,1.980288652E-2,1.196299410E-1,4.471594026E-1,5.520164560E1,8.328413644E0,1.120507728E1,5.436782685E1
7.088409840E0,8.834413748E-1,2.448954610E-2,1.236764836E-1,4.512601542E-1,5.587935514E1,9.088966549E0,1.132766068E1,5.501899683E1
7.098377444E0,8.809717600E-1,2.359210977E-2,1.236857865E-1,4.561074399E-1,5.648038135E1,9.059667254E0,1.132688724E1,5.564440998E1
7.108355361E0,8.785922189E-1,2.264911526E-2,1.255504540E-1,4.602171378E-1,5.705398570E1,9.123067585E0,1.152340912E1,5.621462952E1
7.118324007E0,8.762316638E-1,2.716473985E-2,1.306833206E-1,4.630356552E-1,5.761784110E1,9.918342044E0,1.176284529E1,5.673175067E1
7.128266455E0,8.744277912E-1,2.779930225E-2,1.324635796E-1,4.658933751E-1,5.804534585E1,1.012559315E1,1.187379614E1,5.715289160E1
7.138232444E0,8.731022117E-1,2.477457239E-2,1.332545406E-1,4.683182421E-1,5.835767490E1,9.897514579E0,1.209216778E1,5.746771807E1
7.148212548E0,8.713506046E-1,2.657784013E-2,1.369251154E-1,4.704181703E-1,5.876806042E1,1.032779369E1,1.233423619E1,5.784573075E1
7.158179944E0,8.697203668E-1,2.686492255E-2,1.391791086E-1,4.727514518E-1,5.914767886E1,1.052498818E1,1.251486784E1,5.821137591E1
7.168152184E0,8.683712452E-1,2.703232492E-2,1.420537242E-1,4.743641781E-1,5.946016837E1,1.073859656E1,1.277155834E1,5.849812623E1
7.178120048E0,8.669661276E-1,3.103643548E-2,1.465350440E-1,4.753251036E-1,5.978404941E1,1.143060391E1,1.297800817E1,5.877302590E1
7.188071923E0,8.658504493E-1,3.237546968E-2,1.485066956E-1,4.766556303E-1,6.004008448E1,1.170669589E1,1.307964509E1,5.901274963E1
7.198038173E0,8.649275862E-1,3.461589764E-2,1.520014408E-1,4.770718732E-1,6.025112485E1,1.215470878E1,1.329188712E1,5.918149200E1
7.208018850E0,8.646357431E-1,3.816572426E-2,1.552623915E-1,4.762793289E-1,6.031772427E1,1.270330171E1,1.342284409E1,5.919673667E1
7.217986559E0,8.658491524E-1,2.664446027E-2,1.502961196E-1,4.764518805E-1,6.004038151E1,1.123348862E1,1.358442723E1,5.898765255E1
7.227958434E0,8.656344637E-1,2.544437083E-2,1.537457319E-1,4.758064829E-1,6.008953629E1,1.131407531E1,1.400236907E1,5.898575307E1
7.237926559E0,8.644013983E-1,3.832600411E-2,1.636634021E-1,4.738730112E-1,6.037115419E1,1.320435545E1,1.427749806E1,5.912493972E1
7.247876871E0,8.639265786E-1,4.459766125E-2,1.673530401E-1,4.729004921E-1,6.047928068E1,1.405568209E1,1.429893298E1,5.916308138E1
7.257843173E0,8.648254733E-1,3.992822237E-2,1.665661616E-1,4.719516412E-1,6.027443489E1,1.351683801E1,1.450194912E1,5.897194962E1
7.267810934E0,8.651498700E-1,3.718235193E-2,1.671049219E-1,4.713906239E-1,6.020035430E1,1.326227214E1,1.471947925E1,5.888946903E1
7.277777340E0,8.657991601E-1,3.683812222E-2,1.689465367E-1,4.695655811E-1,6.005183094E1,1.331142217E1,1.494855854E1,5.870048458E1
7.287761715E0,8.666708267E-1,3.496132771E-2,1.697644341E-1,4.678027583E-1,5.985191419E1,1.314089315E1,1.516203894E1,5.847417757E1
7.297729944E0,8.671685537E-1,3.468969700E-2,1.709344217E-1,4.664726657E-1,5.973748830E1,1.316292905E1,1.531314407E1,5.833116343E1
7.307688121E0,8.671487128E-1,3.555507615E-2,1.719426924E-1,4.660736605E-1,5.974205347E1,1.330717574E1,1.537035164E1,5.831779622E1
7.317655361E0,8.671038032E-1,3.625197680E-2,1.733655827E-1,4.655761628E-1,5.975238549E1,1.345848803E1,1.547963201E1,5.830307109E1
7.327622913E0,8.674946492E-1,3.537018179E-2,1.749261471E-1,4.643305148E-1,5.966241197E1,1.344376750E1,1.570283524E1,5.817849204E1
7.337590152E0,8.677193807E-1,3.610827505E-2,1.776452524E-1,4.628190069E-1,5.961062251E1,1.366218170E1,1.595422335E1,5.807207886E1
7.347567496E0,8.679575656E-1,3.646000495E-2,1.789687886E-1,4.618338500E-1,5.955568806E1,1.376312408E1,1.608109944E1,5.798765893E1
7.357535725E0,8.681584241E-1,3.337146188E-2,1.782727731E-1,4.619589966E-1,5.950932671E1,1.340537182E1,1.618296161E1,5.795050693E1
7.367490257E0,8.678742073E-1,3.389682995E-2,1.807649507E-1,4.614860755E-1,5.957491889E1,1.360685976E1,1.640807448E1,5.797383818E1
7.377457080E0,8.675376364E-1,3.590694914E-2,1.837313181E-1,4.607949035E-1,5.965250870E1,1.398690776E1,1.660046761E1,5.800075003E1
7.387451975E0,8.671440281E-1,3.541373013E-2,1.846958039E-1,4.611882070E-1,5.974313132E1,1.400490285E1,1.671737321E1,5.808014462E1
7.397421663E0,8.664197411E-1,3.763925362E-2,1.878380669E-1,4.611040874E-1,5.990956272E1,1.443120895E1,1.690477848E1,5.819900815E1
7.407381923E0,8.658746321E-1,3.785088484E-2,1.892893689E-1,4.615170277E-1,6.003454531E1,1.455366371E1,1.702950173E1,5.830624913E1
7.417350621E0,8.654389268E-1,3.441903888E-2,1.890735622E-1,4.626899413E-1,6.013427439E1,1.421118249E1,1.718227764E1,5.841843845E1
7.427309163E0,8.645686516E-1,3.416947965E-2,1.906491379E-1,4.636878255E-1,6.033302531E1,1.430668950E1,1.733575292E1,5.860350064E1
7.437276871E0,8.638101610E-1,3.205994521E-2,1.906631838E-1,4.652437169E-1,6.050576471E1,1.412289181E1,1.743131063E1,5.878917793E1
7.447233173E0,8.628966526E-1,2.655559904E-2,1.891464600E-1,4.678971935E-1,6.071321722E1,1.351576634E1,1.755235289E1,5.903274550E1
7.457199684E0,8.611933325E-1,2.746259575E-2,1.922094531E-1,4.697311743E-1,6.109832924E1,1.384502426E1,1.777374208E1,5.939498494E1
7.467181350E0,8.593749019E-1,2.864152735E-2,1.938885297E-1,4.722940598E-1,6.150706160E1,1.412843885E1,1.782985730E1,5.981175157E1
7.477149371E0,8.573062640E-1,2.977618124E-2,1.955948455E-1,4.752704548E-1,6.196907491E1,1.441866475E1,1.788249630E1,6.028619910E1
7.487109163E0,8.550984630E-1,3.306820091E-2,1.990634388E-1,4.775844009E-1,6.245877150E1,1.503286372E1,1.799005833E1,6.076096597E1
7.497076350E0,8.529091565E-1,3.567399198E-2,2.019220104E-1,4.801050288E-1,6.294098129E1,1.554278177E1,1.807054477E1,6.123699492E1
7.507048434E0,8.510277148E-1,3.623869264E-2,2.030033334E-1,4.829370894E-1,6.335274827E1,1.573332505E1,1.809062564E1,6.166779023E1
7.517016142E0,8.494415576E-1,3.424604099E-2,2.025388120E-1,4.860599537E-1,6.369803607E1,1.556684705E1,1.810735897E1,6.205282100E1
7.526977705E0,8.472589083E-1,3.152999211E-2,2.020653205E-1,4.902324022E-1,6.417045388E1,1.535006403E1,1.814900183E1,6.257426436E1
7.536944736E0,8.442330982E-1,3.387499519E-2,2.050006517E-1,4.940624387E-1,6.482027687E1,1.587109343E1,1.821984576E1,6.323501263E1
7.546904319E0,8.413807800E-1,3.534746907E-2,2.069567821E-1,4.979938049E-1,6.542756982E1,1.624020911E1,1.824333179E1,6.386531433E1
7.556870621E0,8.384170510E-1,3.567795462E-2,2.082429946E-1,5.024129649E-1,6.605332063E1,1.645981012E1,1.826055903E1,6.452667013E1
7.566829944E0,8.351550126E-1,3.687527011E-2,2.101575705E-1,5.069419246E-1,6.673603477E1,1.681391637E1,1.827879507E1,6.523986586E1
7.576795517E0,8.319377904E-1,3.692967399E-2,2.110875417E-1,5.118180946E-1,6.740337291E1,1.699261012E1,1.826550856E1,6.595206608E1
7.586774944E0,8.290392594E-1,3.455252462E-2,2.109530524E-1,5.167193040E-1,6.799965433E1,1.685617545E1,1.830460797E1,6.660344266E1
7.596741871E0,8.258270485E-1,3.382990017E-2,2.118708328E-1,5.215131580E-1,6.865513772E1,1.695839829E1,1.833979775E1,6.730230454E1
7.606707965E0,8.222452769E-1,3.148281581E-2,2.114638884E-1,5.274510032E-1,6.937961938E1,1.683058334E1,1.833299081E1,6.809347389E1
7.616674840E0,8.179947828E-1,3.356070458E-2,2.146627292E-1,5.326144262E-1,7.023087066E1,1.738709844E1,1.838714603E1,6.897338744E1
7.626650361E0,8.139362022E-1,3.715734210E-2,2.177580831E-1,5.373161155E-1,7.103537726E1,1.807400970E1,1.833376434E1,6.980162973E1
7.636618121E0,8.100492875E-1,3.609575066E-2,2.183241652E-1,5.430025852E-1,7.179850556E1,1.814246142E1,1.833102405E1,7.062176981E1
7.646581455E0,8.058033584E-1,3.954555349E-2,2.231108420E-1,5.471184963E-1,7.262417711E1,1.893704322E1,1.843899280E1,7.145214727E1
7.656548746E0,8.020848334E-1,4.378062919E-2,2.269642436E-1,5.506636075E-1,7.334069397E1,1.972289403E1,1.841348519E1,7.217022495E1
7.666500361E0,7.989084458E-1,4.136473845E-2,2.263876560E-1,5.556823579E-1,7.394801467E1,1.956169749E1,1.840638095E1,7.284098119E1
7.676466038E0,7.952494607E-1,4.163984153E-2,2.290316837E-1,5.598114921E-1,7.464235162E1,1.989402755E1,1.852109114E1,7.356263963E1
7.686464059E0,7.912973801E-1,4.445542546E-2,2.321163256E-1,5.639097293E-1,7.538616101E1,2.050122612E1,1.849418368E1,7.432321020E1
7.696432965E0,7.876715975E-1,4.299630646E-2,2.317497859E-1,5.692247437E-1,7.606310406E1,2.045634274E1,1.842942633E1,7.506218548E1
7.706386663E0,7.841423093E-1,3.998322997E-2,2.321787710E-1,5.741212401E-1,7.671715640E1,2.032583067E1,1.855482575E1,7.577509723E1
7.716354059E0,7.802142207E-1,4.053153347E-2,2.361427172E-1,5.778058339E-1,7.743961313E1,2.079347220E1,1.876244272E1,7.651780211E1
7.726306298E0,7.764819524E-1,4.052327184E-2,2.379290036E-1,5.820854158E-1,7.812082930E1,2.104402434E1,1.880323497E1,7.723674022E1
7.736272132E0,7.725184570E-1,4.154378371E-2,2.404767004E-1,5.862254722E-1,7.883882822E1,2.145167090E1,1.883460169E1,7.798500023E1
7.746259319E0,7.689078812E-1,4.529637633E-2,2.449379541E-1,5.888414958E-1,7.948816285E1,2.223731361E1,1.886410676E1,7.863079541E1
7.756227288E0,7.660841427E-1,4.637783826E-2,2.472963472E-1,5.914462774E-1,7.999292238E1,2.260154588E1,1.890740086E1,7.915062464E1
7.766193798E0,7.636235075E-1,4.397801399E-2,2.473739808E-1,5.947698603E-1,8.043062376E1,2.247255787E1,1.899511744E1,7.963569085E1
7.776161611E0,7.607408849E-1,4.187844841E-2,2.488205003E-1,5.980032277E-1,8.094088747E1,2.249085580E1,1.917708718E1,8.018788498E1
7.786126194E0,7.574463350E-1,4.193828841E-2,2.518565310E-1,6.009030848E-1,8.152082662E1,2.283697823E1,1.933761421E1,8.079346437E1
7.796093642E0,7.542391188E-1,4.518900149E-2,2.567598056E-1,6.026240189E-1,8.208214001E1,2.360697576E1,1.944200989E1,8.134907058E1
7.806042652E0,7.519719560E-1,4.623511713E-2,2.596499191E-1,6.041377416E-1,8.247703051E1,2.399841221E1,1.955029274E1,8.175128927E1
7.816008277E0,7.496412172E-1,4.408231142E-2,2.608731195E-1,6.066630125E-1,8.288138285E1,2.398429419E1,1.973292813E1,8.219603664E1
7.825976559E0,7.469924042E-1,4.246779339E-2,2.621375526E-1,6.094938376E-1,8.333896403E1,2.403087220E1,1.986845469E1,8.269378463E1
7.835942444E0,7.444872208E-1,4.171113944E-2,2.631341193E-1,6.121759504E-1,8.376985206E1,2.412532230E1,1.992140859E1,8.315806093E1
7.845934632E0,7.425770316E-1,3.455088063E-2,2.594163595E-1,6.165133747E-1,8.409719143E1,2.327233366E1,2.003969575E1,8.356877802E1
7.855903173E0,7.391655547E-1,2.995378161E-2,2.609246145E-1,6.202059329E-1,8.467923586E1,2.311368734E1,2.040036075E1,8.421180537E1
7.865845100E0,7.354550070E-1,3.333763489E-2,2.675104011E-1,6.216371290E-1,8.530864482E1,2.406202703E1,2.061189079E1,8.485039754E1
7.875810934E0,7.321940497E-1,3.620509616E-2,2.714459774E-1,6.236169866E-1,8.585870857E1,2.473408813E1,2.063087628E1,8.541338203E1
7.885774736E0,7.290328138E-1,3.946868532E-2,2.767730441E-1,6.247800103E-1,8.638925481E1,2.555412735E1,2.074655256E1,8.594717736E1
7.895740361E0,7.264919352E-1,4.465075607E-2,2.839385470E-1,6.241751995E-1,8.681379769E1,2.667182768E1,2.090492745E1,8.634400190E1
7.905720621E0,7.249687696E-1,4.397197202E-2,2.857669681E-1,6.251591707E-1,8.706750021E1,2.682055089E1,2.106122152E1,8.661956015E1
7.915687705E0,7.235825128E-1,3.757043500E-2,2.840714774E-1,6.279492060E-1,8.729788602E1,2.619331957E1,2.134074259E1,8.692491185E1
7.925664319E0,7.208787063E-1,3.660059324E-2,2.887831585E-1,6.289662747E-1,8.774584843E1,2.660776459E1,2.173499499E1,8.740781387E1
7.935632392E0,7.180428916E-1,4.091798725E-2,2.947610188E-1,6.291709354E-1,8.821373312E1,2.757149559E1,2.182749123E1,8.786892586E1
7.945584267E0,7.154826521E-1,4.097037384E-2,2.955790388E-1,6.316953656E-1,8.863446356E1,2.772989343E1,2.178975195E1,8.832214074E1
7.955550673E0,7.128935822E-1,3.823885502E-2,2.969908928E-1,6.341269116E-1,8.905832903E1,2.771749785E1,2.202117491E1,8.880343918E1
7.965512548E0,7.106502948E-1,3.402842737E-2,2.987493512E-1,6.360558542E-1,8.942430048E1,2.760819960E1,2.241575981E1,8.923369878E1
7.975478486E0,7.080539211E-1,2.889377575E-2,2.995777683E-1,6.388097959E-1,8.984640643E1,2.735688312E1,2.278779303E1,8.972963580E1
7.985470048E0,7.045710272E-1,2.788197434E-2,3.034131287E-1,6.408921411E-1,9.041020320E1,2.773689064E1,2.306738926E1,9.034902402E1
7.995438538E0,7.018231420E-1,3.118597466E-2,3.095028903E-1,6.408429396E-1,9.085308287E1,2.864146358E1,2.323242201E1,9.080707175E1
8.005414840E0,7.004222402E-1,3.196646198E-2,3.129915237E-1,6.406427529E-1,9.107821957E1,2.906770028E1,2.342162724E1,9.104741572E1
8.015384163E0,6.996133144E-1,3.361912150E-2,3.178618646E-1,6.390420956E-1,9.120802322E1,2.967034985E1,2.369029784E1,9.117774053E1
8.025317340E0,7.003371619E-1,3.619981566E-2,3.229956756E-1,6.355243713E-1,9.109187837E1,3.031909625E1,2.397888935E1,9.103064915E1
8.035282965E0,7.025561059E-1,3.452799228E-2,3.240048855E-1,6.326480617E-1,9.073511563E1,3.020273474E1,2.430381775E1,9.065669344E1
8.045286090E0,7.057576158E-1,2.962579215E-2,3.229898025E-1,6.298460825E-1,9.021843355E1,2.960712375E1,2.474532567E1,9.012977370E1
8.055255517E0,7.094005308E-1,2.539095439E-2,3.228129478E-1,6.260175614E-1,8.962767645E1,2.911802778E1,2.522771902E1,8.950675067E1
8.065221402E0,7.133021904E-1,2.299046421E-2,3.224913999E-1,6.218285300E-1,8.899154051E1,2.874675109E1,2.556122864E1,8.881496171E1
8.075190465E0,7.176314399E-1,1.951965051E-2,3.214583378E-1,6.174857382E-1,8.828145525E1,2.820207685E1,2.592988992E1,8.804043862E1
8.085137705E0,7.220506292E-1,1.571240194E-2,3.214682724E-1,6.124166549E-1,8.755191054E1,2.771100127E1,2.642254948E1,8.723451147E1
8.095104527E0,7.270101281E-1,1.381597571E-2,3.240276005E-1,6.052036902E-1,8.672735067E1,2.757066026E1,2.702760522E1,8.630099071E1
8.105074788E0,7.324459371E-1,1.169352025E-2,3.257306580E-1,5.977338448E-1,8.581632114E1,2.730332898E1,2.759256084E1,8.526053064E1
8.115041975E0,7.378882325E-1,9.644261384E-3,3.274147593E-1,5.901080578E-1,8.489633054E1,2.702692215E1,2.815176628E1,8.419721239E1
8.125013798E0,7.434752187E-1,7.232812082E-3,3.284374120E-1,5.825127913E-1,8.394340318E1,2.664194017E1,2.868172781E1,8.308556191E1
8.134981455E0,7.491878811E-1,2.402335044E-3,3.274976927E-1,5.757230314E-1,8.295984293E1,2.585792455E1,2.920582783E1,8.192733528E1
8.144942809E0,7.544793988E-1,3.047680601E-4,3.283475132E-1,5.682857155E-1,8.204019688E1,2.547156626E1,2.967743132E1,8.082875979E1
8.154909788E0,7.595997609E-1,-2.434858623E-4,3.300422514E-1,5.604286361E-1,8.114214722E1,2.529057055E1,3.011074291E1,7.974647735E1
8.164881038E0,7.642314313E-1,-3.761976945E-3,3.290281733E-1,5.546860626E-1,8.032266975E1,2.463457489E1,3.046957659E1,7.875138246E1
8.174848486E0,7.680263781E-1,-7.661094120E-3,3.276890497E-1,5.501787681E-1,7.964602274E1,2.395419987E1,3.078230819E1,7.791641368E1
8.184806194E0,7.711674646E-1,-1.062428806E-2,3.272106616E-1,5.460046235E-1,7.908231557E1,2.345856242E1,3.108239835E1,7.720792832E1
8.194772600E0,7.743222946E-1,-1.128899939E-2,3.288036681E-1,5.405420339E-1,7.851274038E1,2.333355608E1,3.142650169E1,7.648593222E1
8.204742757E0,7.775183497E-1,-1.552089459E-2,3.265444075E-1,5.372085885E-1,7.793216784E1,2.256413461E1,3.163219751E1,7.575218776E1
8.214709527E0,7.797128214E-1,-2.204899824E-2,3.215856969E-1,5.367908320E-1,7.753142177E1,2.142555733E1,3.167904074E1,7.523542124E1
8.224701663E0,7.806310281E-1,-2.404298430E-2,3.200099888E-1,5.363121665E-1,7.736322380E1,2.105740531E1,3.169575025E1,7.502024926E1
8.234671038E0,7.807678254E-1,-2.251632528E-2,3.218740553E-1,5.350623426E-1,7.733813875E1,2.133661951E1,3.178363924E1,7.498580515E1
8.244612600E0,7.812755503E-1,-2.256680046E-2,3.235679310E-1,5.332945228E-1,7.724497521E1,2.142614169E1,3.198254802E1,7.484128432E1
8.254579111E0,7.818009151E-1,-1.869364368E-2,3.282716016E-1,5.297882902E-1,7.714847496E1,2.212138418E1,3.221470429E1,7.470893266E1
8.264557600E0,7.819689495E-1,-1.473731949E-2,3.319407083E-1,5.273734346E-1,7.711758850E1,2.277007229E1,3.232213074E1,7.467202772E1
8.274525361E0,7.817870267E-1,-1.230844876E-2,3.333469800E-1,5.268181261E-1,7.715102734E1,2.312293901E1,3.228840733E1,7.472708147E1
8.284492861E0,7.818687134E-1,-9.482426049E-3,3.350091177E-1,5.256998094E-1,7.713601419E1,2.351647933E1,3.226501397E1,7.472182303E1
8.294460569E0,7.820133158E-1,-8.809797102E-3,3.346001322E-1,5.257568953E-1,7.710943177E1,2.354183062E1,3.218042474E1,7.470636702E1
8.304424527E0,7.817289194E-1,-1.535605447E-2,3.276361770E-1,5.303947810E-1,7.716170532E1,2.240360910E1,3.190651670E1,7.479325809E1
8.314391871E0,7.801978806E-1,-1.879158123E-2,3.236734966E-1,5.349519709E-1,7.744260653E1,2.186838306E1,3.167928019E1,7.514852474E1
8.324371559E0,7.782324806E-1,-1.483023667E-2,3.263311208E-1,5.363229156E-1,7.780194668E1,2.257112044E1,3.158954956E1,7.560751235E1
8.334340100E0,7.760633783E-1,-1.143918528E-2,3.286708561E-1,5.381173164E-1,7.819691633E1,2.320508059E1,3.149674179E1,7.610171470E1
8.344298434E0,7.738914658E-1,-1.211078716E-2,3.278791218E-1,5.417015871E-1,7.859072627E1,2.320979198E1,3.137294806E1,7.658318429E1
8.354265934E0,7.715489025E-1,-1.099108316E-2,3.297341576E-1,5.439364599E-1,7.901363317E1,2.359791357E1,3.138384573E1,7.708423747E1
8.364250048E0,7.693922010E-1,-1.212591818E-2,3.289316992E-1,5.474418146E-1,7.940131927E1,2.355461672E1,3.129412117E1,7.754995779E1
8.374219215E0,7.668982747E-1,-1.627036406E-2,3.252459480E-1,5.530075812E-1,7.984766432E1,2.302017780E1,3.112161907E1,7.808155075E1
8.384173121E0,7.640015882E-1,-1.755737954E-2,3.242014531E-1,5.575721742E-1,8.036349903E1,2.298281964E1,3.099477219E1,7.869689582E1
8.394140777E0,7.611286951E-1,-1.727116576E-2,3.246162794E-1,5.612567037E-1,8.087239511E1,2.320480591E1,3.089969240E1,7.930571841E1
8.404079736E0,7.581004029E-1,-1.844504271E-2,3.239065374E-1,5.657102744E-1,8.140596282E1,2.320814444E1,3.079557021E1,7.993570565E1
8.414044423E0,7.547572678E-1,-1.636405432E-2,3.260651356E-1,5.689949137E-1,8.199167023E1,2.375882396E1,3.071861087E1,8.063759037E1
8.424032080E0,7.514683662E-1,-1.387432637E-2,3.280204417E-1,5.722808642E-1,8.256453423E1,2.432475667E1,3.058885610E1,8.132808433E1
8.433999111E0,7.481496408E-1,-1.299452181E-2,3.284574693E-1,5.763843754E-1,8.313930543E1,2.461796014E1,3.042767751E1,8.201417024E1
8.443970830E0,7.450434991E-1,-1.084546959E-2,3.302571195E-1,5.794159086E-1,8.367432938E1,2.512474681E1,3.031010672E1,8.265187749E1
8.453938330E0,7.421805419E-1,-1.018308676E-2,3.303518895E-1,5.830368574E-1,8.416500592E1,2.534029966E1,3.014802450E1,8.323444700E1
8.463927132E0,7.390047714E-1,-8.910200273E-3,3.313187555E-1,5.865325554E-1,8.470658753E1,2.569746820E1,3.000956231E1,8.387362379E1
8.473896767E0,7.362701855E-1,-5.111531233E-3,3.346399160E-1,5.881294184E-1,8.517069128E1,2.645307789E1,2.991953438E1,8.442244265E1
8.483845777E0,7.340303430E-1,-4.355807982E-3,3.352857943E-1,5.905623749E-1,8.554931052E1,2.668646051E1,2.982579899E1,8.486555058E1
8.493813277E0,7.318898510E-1,-5.905372343E-3,3.349630334E-1,5.933819502E-1,8.590987644E1,2.663079450E1,2.982287502E1,8.527958280E1
8.503781507E0,7.298668576E-1,-6.993943728E-3,3.353320809E-1,5.956491000E-1,8.624953315E1,2.666950542E1,2.985636685E1,8.566807775E1
8.513749059E0,7.282391329E-1,-1.089431601E-2,3.323128603E-1,5.992639168E-1,8.652204645E1,2.614982275E1,2.980591871E1,8.597529910E1
8.523697184E0,7.259665529E-1,-1.519756947E-2,3.283855129E-1,6.040733009E-1,8.690137373E1,2.554690746E1,2.967995126E1,8.640237237E1
8.533662809E0,7.241094501E-1,-1.466885387E-2,3.296203517E-1,6.056407787E-1,8.721037018E1,2.579139136E1,2.967835836E1,8.676033105E1
8.543647965E0,7.227006884E-1,-1.124026234E-2,3.339762199E-1,6.050101289E-1,8.744418643E1,2.653776463E1,2.975753213E1,8.703894868E1
8.553615517E0,7.220456364E-1,-7.469158774E-3,3.393396493E-1,6.028622670E-1,8.755273750E1,2.736763833E1,2.993671707E1,8.716827258E1
8.563582861E0,7.220590183E-1,-3.739163829E-3,3.447893485E-1,5.997808749E-1,8.755052101E1,2.817088651E1,3.015903440E1,8.716488756E1
8.573550413E0,7.224849834E-1,-1.613146894E-3,3.481109143E-1,5.973538631E-1,8.747994355E1,2.862828140E1,3.032717405E1,8.707974816E1
8.583673277E0,7.232975806E-1,-1.383487936E-3,3.493879100E-1,5.956230219E-1,8.734517952E1,2.872265568E1,3.046892236E1,8.691918321E1
8.593656507E0,7.244532071E-1,-2.092392570E-3,3.502838444E-1,5.936871239E-1,8.715323980E1,2.868588125E1,3.066469313E1,8.668939170E1
8.603510882E0,7.254974155E-1,-2.003622485E-3,3.517344636E-1,5.915508031E-1,8.697951464E1,2.877124276E1,3.084620425E1,8.648074353E1
8.613481090E0,7.267728086E-1,-3.372983199E-3,3.515131574E-1,5.901088102E-1,8.676694983E1,2.857005892E1,3.099219228E1,8.622627690E1
8.623381559E0,7.279137387E-1,-1.491074147E-2,3.413362028E-1,5.944820060E-1,8.657644128E1,2.661655690E1,3.097439469E1,8.597638863E1
8.633344736E0,7.281210336E-1,-2.347518649E-2,3.332442640E-1,5.985289772E-1,8.654179181E1,2.515139679E1,3.088959880E1,8.589554627E1
8.643307132E0,7.280328416E-1,-1.984845714E-2,3.377682042E-1,5.962271887E-1,8.655653452E1,2.586853607E1,3.102961584E1,8.592779712E1
8.653270205E0,7.293562812E-1,-1.456154139E-2,3.431003148E-1,5.917005582E-1,8.633508810E1,2.672762129E1,3.117922880E1,8.568676652E1
8.663269215E0,7.317792930E-1,-2.142694025E-2,3.385720670E-1,5.911082033E-1,8.592846682E1,2.560424181E1,3.138937477E1,8.516708137E1
8.673235934E0,7.325229610E-1,-2.348832634E-2,3.397871677E-1,5.894091031E-1,8.580335624E1,2.548938184E1,3.170138862E1,8.499112967E1
8.683204892E0,7.336343129E-1,-2.054101831E-2,3.436407225E-1,5.858923240E-1,8.561611408E1,2.602452611E1,3.188951059E1,8.477769207E1
8.693171819E0,7.350065088E-1,-2.283170022E-2,3.416502282E-1,5.852514563E-1,8.538446782E1,2.557381090E1,3.193486573E1,8.448831922E1
8.703146767E0,7.361092014E-1,-2.515281751E-2,3.408384966E-1,5.842428421E-1,8.519794909E1,2.523655016E1,3.208517778E1,8.424364045E1
8.713114527E0,7.372197180E-1,-2.476044843E-2,3.426015735E-1,5.818231427E-1,8.500977267E1,2.536173319E1,3.227325106E1,8.401144720E1
8.723066402E0,7.380507296E-1,-2.994607193E-2,3.384110682E-1,5.829771026E-1,8.486873738E1,2.449018481E1,3.230626831E1,8.380341797E1
8.733032496E0,7.382232762E-1,-3.440050647E-2,3.356591428E-1,5.841026789E-1,8.483942980E1,2.384369719E1,3.239612157E1,8.372332851E1
8.742974007E0,7.382846716E-1,-3.325116775E-2,3.380045115E-1,5.827375513E-1,8.482899963E1,2.414442434E1,3.253675350E1,8.371171578E1
8.752937600E0,7.384084891E-1,-3.582355532E-2,3.364378441E-1,5.833345122E-1,8.480796169E1,2.377088685E1,3.259187769E1,8.365850065E1
8.762903798E0,7.381048812E-1,-3.851162621E-2,3.356809141E-1,5.839831871E-1,8.485954045E1,2.348007511E1,3.271875352E1,8.368350649E1
8.772867652E0,7.380664260E-1,-3.569143481E-2,3.398869345E-1,5.817739630E-1,8.486607164E1,2.409747535E1,3.290494857E1,8.370673561E1
8.782844944E0,7.383616284E-1,-3.564390894E-2,3.404756006E-1,5.810576417E-1,8.481592434E1,2.413497508E1,3.297073318E1,8.364260283E1
8.792810205E0,7.380121145E-1,-3.708545432E-2,3.396017266E-1,5.819222072E-1,8.487529517E1,2.394985404E1,3.298517914E1,8.369807372E1
8.802793434E0,7.377659207E-1,-3.298257783E-2,3.443781399E-1,5.796699860E-1,8.491709516E1,2.474555713E1,3.311894546E1,8.377803237E1
8.812760465E0,7.383463427E-1,-3.073122650E-2,3.470345588E-1,5.774662630E-1,8.481852157E1,2.514350163E1,3.322689103E1,8.367202752E1
8.822724996E0,7.387739918E-1,-3.059254839E-2,3.473722454E-1,5.767231642E-1,8.474583410E1,2.515990928E1,3.326732118E1,8.358314796E1
8.832691767E0,7.394067101E-1,-2.928968709E-2,3.494040296E-1,5.747492109E-1,8.463819826E1,2.541511975E1,3.339252491E1,8.345546645E1
8.842649059E0,7.397957577E-1,-3.149786364E-2,3.480425352E-1,5.749578377E-1,8.457195967E1,2.507494630E1,3.344804957E1,8.335314282E1
8.852614892E0,7.396102053E-1,-3.427530901E-2,3.466748322E-1,5.758632721E-1,8.460355675E1,2.471638204E1,3.352386506E1,8.336000307E1
8.862610361E0,7.392831910E-1,-3.463221155E-2,3.472218018E-1,5.759322822E-1,8.465921961E1,2.475041189E1,3.359247147E1,8.341827241E1
8.872579163E0,7.386640426E-1,-3.530969961E-2,3.465094241E-1,5.771133999E-1,8.476452699E1,2.466475340E1,3.354993317E1,8.354161019E1
8.882535621E0,7.381315856E-1,-3.427386927E-2,3.481438841E-1,5.768733831E-1,8.485500476E1,2.493125213E1,3.360714134E1,8.365615867E1
8.892503121E0,7.380475659E-1,-3.049420239E-2,3.526397927E-1,5.744571965E-1,8.486927467E1,2.566671975E1,3.374964693E1,8.369673528E1
8.902467027E0,7.384980633E-1,-2.695656006E-2,3.565622074E-1,5.716269296E-1,8.479273942E1,2.629898060E1,3.388026532E1,8.362291004E1
8.912434215E0,7.394627689E-1,-2.359485379E-2,3.601134270E-1,5.682925443E-1,8.462865637E1,2.685210201E1,3.401421040E1,8.343809330E1
8.922399007E0,7.409995754E-1,-2.162093792E-2,3.620415482E-1,5.651354543E-1,8.436673240E1,2.710390544E1,3.412379109E1,8.312488167E1
8.932365934E0,7.424949839E-1,-2.624489373E-2,3.575151124E-1,5.658580642E-1,8.411122829E1,2.620227515E1,3.409786406E1,8.278681232E1
8.942322809E0,7.433782610E-1,-2.801867307E-2,3.553899624E-1,5.659520206E-1,8.396001540E1,2.580399032E1,3.406221529E1,8.259341278E1
8.952288694E0,7.449243873E-1,-2.514060167E-2,3.572281906E-1,5.628886455E-1,8.369479043E1,2.612863918E1,3.409167693E1,8.229097772E1
8.962262652E0,7.466177291E-1,-2.598265571E-2,3.559737671E-1,5.613996306E-1,8.340352317E1,2.583973350E1,3.410601745E1,8.193076384E1
8.972229371E0,7.479684954E-1,-3.045608169E-2,3.521153503E-1,5.618098762E-1,8.317058439E1,2.501701830E1,3.412245174E1,8.161151363E1
8.982201611E0,7.492252836E-1,-3.710618676E-2,3.464880656E-1,5.632323017E-1,8.295337187E1,2.384857017E1,3.412457044E1,8.128501001E1
8.992168850E0,7.498499619E-1,-4.068847268E-2,3.433471428E-1,5.640764331E-1,8.284523439E1,2.321267342E1,3.411255986E1,8.111607411E1
9.002134059E0,7.500347080E-1,-3.877225686E-2,3.438747739E-1,5.636442040E-1,8.281323101E1,2.342474090E1,3.402423685E1,8.110793583E1
9.012101090E0,7.504513074E-1,-3.972887680E-2,3.409051161E-1,5.648257725E-1,8.274102667E1,2.306359212E1,3.381720814E1,8.103193354E1
9.022072132E0,7.513006913E-1,-4.097452040E-2,3.379012019E-1,5.654123608E-1,8.259365252E1,2.264647029E1,3.364639443E1,8.085810722E1
9.032039527E0,7.528416983E-1,-3.886558585E-2,3.394376573E-1,5.625841452E-1,8.232572437E1,2.287492514E1,3.369804016E1,8.055256407E1
9.041991975E0,7.544726432E-1,-4.007550664E-2,3.386961215E-1,5.607583451E-1,8.204137637E1,2.259754290E1,3.378094800E1,8.018621139E1
9.051957861E0,7.560680773E-1,-3.936517249E-2,3.408689269E-1,5.573327734E-1,8.176243255E1,2.273983633E1,3.400873102E1,7.982933318E1
9.061953642E0,7.579295632E-1,-3.908495929E-2,3.428389235E-1,5.536033017E-1,8.143597765E1,2.280553101E1,3.426148700E1,7.940436062E1
9.071922548E0,7.587687494E-1,-4.056151059E-2,3.421007267E-1,5.528036193E-1,8.128845308E1,2.254987540E1,3.433258557E1,7.919892654E1
9.081871715E0,7.596754749E-1,-3.808626634E-2,3.451692242E-1,5.498188936E-1,8.112880636E1,2.297419469E1,3.449360756E1,7.901047855E1
9.091838590E0,7.608689380E-1,-3.537028493E-2,3.484892548E-1,5.462441226E-1,8.091827693E1,2.342224600E1,3.467710249E1,7.875650126E1
9.101809007E0,7.616320557E-1,-3.512839027E-2,3.481231845E-1,5.454290571E-1,8.078342334E1,2.336545121E1,3.465291082E1,7.859718936E1
9.111776246E0,7.619549196E-1,-3.484012596E-2,3.475533671E-1,5.453599940E-1,8.072631260E1,2.332629236E1,3.458587610E1,7.853952956E1
9.121748225E0,7.620269107E-1,-3.498637181E-2,3.465285846E-1,5.459018970E-1,8.071357366E1,2.322576892E1,3.449445434E1,7.853526673E1
9.131715934E0,7.620923022E-1,-3.765262190E-2,3.437832278E-1,5.473670572E-1,8.070200111E1,2.274587802E1,3.441678595E1,7.850449168E1
9.141680725E0,7.620582534E-1,-3.894021374E-2,3.429080426E-1,5.478731171E-1,8.070802701E1,2.255420976E1,3.442315427E1,7.849698028E1
9.151648121E0,7.620026695E-1,-3.852321638E-2,3.433506184E-1,5.477026989E-1,8.071786337E1,2.263332719E1,3.443470709E1,7.851195926E1
9.161610673E0,7.618705122E-1,-3.914730184E-2,3.425937558E-1,5.483159034E-1,8.074124649E1,2.252166857E1,3.439912044E1,7.853858339E1
9.171577548E0,7.618774011E-1,-3.731280698E-2,3.446814567E-1,5.471245503E-1,8.074002775E1,2.286428319E1,3.447450933E1,7.854650348E1
9.181551663E0,7.619412496E-1,-3.520943468E-2,3.466826192E-1,5.459093235E-1,8.072873134E1,2.322222083E1,3.452361731E1,7.854750381E1
9.191519319E0,7.619458546E-1,-3.374525701E-2,3.478885174E-1,5.452277980E-1,8.072791654E1,2.345907133E1,3.453726539E1,7.855893488E1
9.201487027E0,7.619994312E-1,-3.134074706E-2,3.498155025E-1,5.440622562E-1,8.071843640E1,2.384057518E1,3.455666847E1,7.856685702E1
9.211454684E0,7.619729934E-1,-2.964913198E-2,3.507376425E-1,5.436002138E-1,8.072311457E1,2.407838538E1,3.452319158E1,7.859187235E1
9.221417913E0,7.618220479E-1,-2.892128093E-2,3.508535172E-1,5.437761822E-1,8.074982006E1,2.416734456E1,3.447379812E1,7.863737780E1
9.231385100E0,7.614635583E-1,-2.943003345E-2,3.498925946E-1,5.448690621E-1,8.081321523E1,2.406522082E1,3.439756590E1,7.872101272E1
9.241353902E0,7.607799363E-1,-3.212501900E-2,3.469240180E-1,5.475633272E-1,8.093399265E1,2.361415617E1,3.426675542E1,7.886246293E1
9.251321246E0,7.599759536E-1,-3.243227464E-2,3.463321146E-1,5.490343923E-1,8.107584389E1,2.358965283E1,3.419568074E1,7.904176559E1
9.261283538E0,7.593895373E-1,-3.185775546E-2,3.460012663E-1,5.500870274E-1,8.117917927E1,2.365581271E1,3.409374275E1,7.918589388E1
9.271250361E0,7.588528002E-1,-3.452421803E-2,3.425753364E-1,5.528043459E-1,8.127366519E1,2.316046864E1,3.392441757E1,7.929736045E1
9.281230777E0,7.581834389E-1,-3.707096872E-2,3.399242147E-1,5.551892871E-1,8.139137094E1,2.274720869E1,3.382186068E1,7.942728519E1
9.291198955E0,7.573177358E-1,-3.776465901E-2,3.390253972E-1,5.568711320E-1,8.154339480E1,2.266381028E1,3.374929411E1,7.961294493E1
9.301160777E0,7.562350830E-1,-3.863943799E-2,3.374773528E-1,5.592177836E-1,8.173318815E1,2.252411194E1,3.361710265E1,7.984888738E1
9.311128277E0,7.550469077E-1,-3.902945811E-2,3.361583608E-1,5.615856346E-1,8.194106274E1,2.245481573E1,3.346774299E1,8.011285495E1
9.321092236E0,7.539357735E-1,-3.949489606E-2,3.349882041E-1,5.637409918E-1,8.213506661E1,2.238482100E1,3.334293385E1,8.035547238E1
9.331059423E0,7.529165785E-1,-3.942696645E-2,3.346167997E-1,5.653262222E-1,8.231268702E1,2.242382799E1,3.326110231E1,8.057875814E1
9.341030777E0,7.523121118E-1,-3.884982293E-2,3.348459932E-1,5.660347503E-1,8.241788192E1,2.253392128E1,3.321608365E1,8.071622627E1
9.350998382E0,7.522117452E-1,-3.899388226E-2,3.343033995E-1,5.664787768E-1,8.243533796E1,2.248218696E1,3.316912938E1,8.074063620E1
9.360956559E0,7.523763992E-1,-4.158030259E-2,3.319680849E-1,5.674486963E-1,8.240669927E1,2.203820172E1,3.314223180E1,8.068024635E1
9.370923121E0,7.526443825E-1,-4.277279173E-2,3.312244232E-1,5.674392508E-1,8.236007076E1,2.184878134E1,3.317036312E1,8.060731421E1
9.380895100E0,7.532975418E-1,-4.313788085E-2,3.307191232E-1,5.668393055E-1,8.224633148E1,2.173319436E1,3.317268862E1,8.046619072E1
9.390862288E0,7.540100937E-1,-4.474856107E-2,3.286903732E-1,5.669470729E-1,8.212210208E1,2.137266788E1,3.312119739E1,8.030314714E1
9.400832496E0,7.550140740E-1,-4.539576297E-2,3.282110875E-1,5.658360670E-1,8.194680091E1,2.121073862E1,3.316014935E1,8.008023505E1
9.410799944E0,7.563004305E-1,-4.554299669E-2,3.283302998E-1,5.640343150E-1,8.172174277E1,2.112666598E1,3.323048242E1,7.979983098E1
9.420766507E0,7.576177160E-1,-4.692305873E-2,3.270700601E-1,5.628843564E-1,8.149074256E1,2.081191332E1,3.325818250E1,7.950097711E1
9.430733850E0,7.589825834E-1,-4.804064302E-2,3.256755472E-1,5.617588208E-1,8.125082680E1,2.050841533E1,3.325311165E1,7.919817874E1
9.440698382E0,7.603409872E-1,-4.876290358E-2,3.244095498E-1,5.605909440E-1,8.101146442E1,2.025356878E1,3.322962751E1,7.890338560E1
9.450665413E0,7.616560396E-1,-4.838916153E-2,3.243282131E-1,5.588826143E-1,8.077918203E1,2.020061328E1,3.323955782E1,7.862760083E1
9.460637340E0,7.629550181E-1,-4.736021877E-2,3.249390296E-1,5.568404414E-1,8.054919422E1,2.026616559E1,3.326909417E1,7.836048824E1
9.470604840E0,7.642596026E-1,-4.637359012E-2,3.258573486E-1,5.545933089E-1,8.031766422E1,2.035081347E1,3.333382730E1,7.808553470E1
9.480565986E0,7.656122255E-1,-4.536748539E-2,3.271008095E-1,5.520731580E-1,8.007702180E1,2.045892468E1,3.343269879E1,7.779417396E1
9.490532861E0,7.669710134E-1,-4.457149941E-2,3.280177517E-1,5.497028294E-1,7.983467552E1,2.052008695E1,3.351548767E1,7.749938897E1
9.500503902E0,7.681527056E-1,-4.377231975E-2,3.290376837E-1,5.475030663E-1,7.962341598E1,2.060029509E1,3.360287428E1,7.724070845E1
9.510471194E0,7.690789526E-1,-4.217758032E-2,3.306483318E-1,5.453533690E-1,7.945749701E1,2.082005707E1,3.368266668E1,7.704691369E1
9.520435673E0,7.698106250E-1,-4.094570209E-2,3.318953052E-1,5.436548147E-1,7.932622763E1,2.098867065E1,3.374610588E1,7.689238289E1
9.530402652E0,7.704221628E-1,-3.959239269E-2,3.333682885E-1,5.419849792E-1,7.921637230E1,2.119418023E1,3.381999655E1,7.676287489E1
9.540368434E0,7.710811360E-1,-3.819251265E-2,3.349935327E-1,5.401430799E-1,7.909785314E1,2.141253402E1,3.390884467E1,7.662016003E1
9.550335309E0,7.717975496E-1,-3.702429830E-2,3.365781702E-1,5.382126710E-1,7.896883444E1,2.160086857E1,3.401392037E1,7.645867687E1
9.560295413E0,7.726205432E-1,-3.584679609E-2,3.381682449E-1,5.361107549E-1,7.882040380E1,2.178300016E1,3.412409479E1,7.627188909E1
9.570261611E0,7.733731094E-1,-3.661467888E-2,3.379129883E-1,5.351338256E-1,7.868446998E1,2.163706308E1,3.418405207E1,7.608803569E1
9.580246038E0,7.739361069E-1,-3.881862422E-2,3.361876894E-1,5.352512067E-1,7.858264863E1,2.125003571E1,3.418944570E1,7.593902631E1
9.590214007E0,7.745452761E-1,-4.040597905E-2,3.346708947E-1,5.352031057E-1,7.847235217E1,2.093662484E1,3.417249924E1,7.578921847E1
9.600171455E0,7.752410104E-1,-4.180118502E-2,3.330604742E-1,5.350932230E-1,7.834622296E1,2.062943275E1,3.413462728E1,7.562529794E1
9.610138382E0,7.759698608E-1,-4.303899491E-2,3.314530508E-1,5.349367207E-1,7.821390714E1,2.033606289E1,3.408633127E1,7.545712638E1
9.620107913E0,7.764815275E-1,-4.608675795E-2,3.278197155E-1,5.361778458E-1,7.812090657E1,1.972562805E1,3.395304505E1,7.532827569E1
9.630075100E0,7.764737632E-1,-4.704451927E-2,3.262184751E-1,5.370817580E-1,7.812231849E1,1.951123427E1,3.385780348E1,7.533402245E1
9.640050882E0,7.767856864E-1,-4.472890950E-2,3.280646395E-1,5.357022627E-1,7.806557852E1,1.985939451E1,3.388961020E1,7.528961847E1
9.650018902E0,7.773582976E-1,-4.414691731E-2,3.282950565E-1,5.347779752E-1,7.796132813E1,1.989610493E1,3.389159680E1,7.516960385E1
9.659990309E0,7.778281242E-1,-4.524707292E-2,3.272702483E-1,5.346309907E-1,7.787570322E1,1.967802808E1,3.388314953E1,7.505269974E1
9.669958642E0,7.781566196E-1,-4.550201060E-2,3.268457181E-1,5.343909795E-1,7.781578857E1,1.959879776E1,3.386969686E1,7.497878060E1
9.679916507E0,7.783685515E-1,-4.611832390E-2,3.256400675E-1,5.347654108E-1,7.777711345E1,1.943359417E1,3.379760947E1,7.493657772E1
9.689883798E0,7.784003677E-1,-4.650339703E-2,3.242671443E-1,5.355194868E-1,7.777130598E1,1.929163523E1,3.368497769E1,7.494466207E1
9.699854944E0,7.783231981E-1,-4.591323208E-2,3.236244487E-1,5.360710686E-1,7.778539129E1,1.930882411E1,3.357268090E1,7.498961247E1
9.709822652E0,7.781478775E-1,-4.567316305E-2,3.227957922E-1,5.368451542E-1,7.781738356E1,1.928356226E1,3.346342467E1,7.505092976E1
9.719784944E0,7.779226380E-1,-4.565150630E-2,3.222062555E-1,5.375271511E-1,7.785846872E1,1.925721924E1,3.339315020E1,7.511337139E1
9.729752080E0,7.778074005E-1,-4.579329580E-2,3.221066660E-1,5.377414969E-1,7.787948174E1,1.924330386E1,3.338923039E1,7.513767486E1
9.739722184E0,7.776722072E-1,-4.711749866E-2,3.211602630E-1,5.383883032E-1,7.790412754E1,1.904968180E1,3.338415482E1,7.515095144E1
9.749689580E0,7.774304339E-1,-4.863616537E-2,3.199742124E-1,5.393078408E-1,7.794818657E1,1.882583963E1,3.336530559E1,7.518696782E1
9.759644267E0,7.772857939E-1,-4.979141298E-2,3.190148522E-1,5.399788272E-1,7.797453472E1,1.864867680E1,3.334671144E1,7.520597717E1
9.769610361E0,7.772650036E-1,-5.149791697E-2,3.175161104E-1,5.407315400E-1,7.797832135E1,1.836811781E1,3.331772915E1,7.519107801E1
9.779603486E0,7.774134247E-1,-5.246370878E-2,3.166180108E-1,5.409519032E-1,7.795128543E1,1.819504673E1,3.330164885E1,7.514690412E1
9.789572288E0,7.779538842E-1,-5.251804734E-2,3.163833947E-1,5.403065392E-1,7.785277029E1,1.813660955E1,3.329946889E1,7.502720771E1
9.799539736E0,7.790173129E-1,-5.324021321E-2,3.158084081E-1,5.390385471E-1,7.765862130E1,1.795106739E1,3.332843094E1,7.477606584E1
9.809508434E0,7.804895931E-1,-5.404187255E-2,3.152175914E-1,5.371716124E-1,7.738915208E1,1.772863210E1,3.337439639E1,7.442879148E1
9.819479267E0,7.822786337E-1,-5.476840096E-2,3.144834774E-1,5.349212129E-1,7.706063797E1,1.748155404E1,3.340962447E1,7.401220180E1
9.829448121E0,7.842708602E-1,-5.563375149E-2,3.132766123E-1,5.326179378E-1,7.669341609E1,1.717208736E1,3.341165174E1,7.355196628E1
9.839411246E0,7.864706667E-1,-5.617404483E-2,3.120335076E-1,5.300409959E-1,7.628619546E1,1.687900722E1,3.339167931E1,7.305208976E1
9.849379527E0,7.888378007E-1,-5.687316095E-2,3.104655223E-1,5.273628041E-1,7.584593114E1,1.653516207E1,3.335325610E1,7.251289471E1
9.859344163E0,7.912452067E-1,-5.750529869E-2,3.087935331E-1,5.246624796E-1,7.539593856E1,1.618836531E1,3.329874778E1,7.196617144E1
9.869312080E0,7.937681495E-1,-5.778080433E-2,3.074879305E-1,5.215790218E-1,7.492188275E1,1.589603540E1,3.325887501E1,7.139285486E1
9.879280517E0,7.963299686E-1,-5.838144718E-2,3.059722679E-1,5.184893045E-1,7.443788878E1,1.555256912E1,3.321964447E1,7.080163119E1
9.889248434E0,7.987584668E-1,-5.917607139E-2,3.043266336E-1,5.156242861E-1,7.397658464E1,1.518917948E1,3.317459788E1,7.023580689E1
9.899216715E0,8.008726540E-1,-5.946054463E-2,3.030604382E-1,5.130514657E-1,7.357296867E1,1.492704477E1,3.312300515E1,6.975056091E1
9.909184684E0,8.025589079E-1,-5.969670565E-2,3.018021372E-1,5.111271589E-1,7.324968088E1,1.470093882E1,3.305563934E1,6.936815661E1
9.919151142E0,8.038022635E-1,-5.982897301E-2,3.008656513E-1,5.097080292E-1,7.301051738E1,1.453836339E1,3.300167816E1,6.908718701E1
9.929118955E0,8.046488891E-1,-5.976015737E-2,3.003532322E-1,5.086814571E-1,7.284727954E1,1.445284623E1,3.296697623E1,6.889776474E1
9.939074996E0,8.051168071E-1,-6.009426745E-2,2.997318691E-1,5.082680519E-1,7.275692494E1,1.434406698E1,3.293766793E1,6.878895605E1
9.949041559E0,8.051993299E-1,-6.063831677E-2,2.989829912E-1,5.085137212E-1,7.274097982E1,1.423193298E1,3.289851173E1,6.876972027E1
9.958993694E0,8.049894508E-1,-6.096913587E-2,2.984488326E-1,5.091198708E-1,7.278152691E1,1.417705223E1,3.285927483E1,6.882313208E1
9.968958798E0,8.045375340E-1,-6.143067570E-2,2.978157965E-1,5.101483900E-1,7.286876789E1,1.411877715E1,3.281208503E1,6.893298177E1
9.978936767E0,8.038740922E-1,-6.160193792E-2,2.974613503E-1,5.113789106E-1,7.299668030E1,1.412413275E1,3.276855498E1,6.909645164E1
9.988903173E0,8.030444339E-1,-6.144728764E-2,2.973439358E-1,5.127674443E-1,7.315636844E1,1.419093992E1,3.272293471E1,6.930467143E1
9.998872913E0,8.021606916E-1,-6.102863217E-2,2.973545136E-1,5.141925945E-1,7.332613721E1,1.429757011E1,3.267091978E1,6.953100632E1
1.000883968E1,8.013298738E-1,-6.047006273E-2,2.973801258E-1,5.155374532E-1,7.348543148E1,1.441594900E1,3.261207520E1,6.974821987E1
1.001881406E1,8.005921405E-1,-5.998497078E-2,2.973136898E-1,5.167771258E-1,7.362663026E1,1.451366123E1,3.255110978E1,6.994218402E1
1.002878156E1,8.000131583E-1,-5.939154853E-2,2.973112430E-1,5.177428080E-1,7.373728220E1,1.461580389E1,3.249356672E1,7.009977712E1
1.003874229E1,7.996342110E-1,-5.885737651E-2,2.973091666E-1,5.183900050E-1,7.380962748E1,1.469781956E1,3.244564838E1,7.020743685E1
1.004870911E1,7.993544015E-1,-5.843196433E-2,2.972504304E-1,5.189031007E-1,7.386300722E1,1.475772916E1,3.240211316E1,7.028909904E1
1.005866406E1,7.991540963E-1,-5.770557198E-2,2.974100476E-1,5.192013684E-1,7.390119949E1,1.485828694E1,3.236253192E1,7.035637462E1
1.006862963E1,7.989925930E-1,-5.700326148E-2,2.975331985E-1,5.194568897E-1,7.393198107E1,1.495114754E1,3.232188136E1,7.041431167E1
1.007861765E1,7.988513124E-1,-5.635738696E-2,2.976139607E-1,5.196983317E-1,7.395889930E1,1.503379233E1,3.228128908E1,7.046644222E1
1.008858552E1,7.987209732E-1,-5.552715059E-2,2.977947436E-1,5.198844421E-1,7.398372543E1,1.514158005E1,3.223853127E1,7.051929211E1
1.009854864E1,7.985520091E-1,-5.468903415E-2,2.978687129E-1,5.201903769E-1,7.401589794E1,1.524550455E1,3.218296986E1,7.058368346E1
1.010851599E1,7.982761890E-1,-5.388750596E-2,2.978845681E-1,5.206880515E-1,7.406839122E1,1.534866814E1,3.212075958E1,7.067310780E1
1.011848151E1,7.978449184E-1,-5.297735463E-2,2.980390715E-1,5.213536207E-1,7.415040555E1,1.548255209E1,3.206072618E1,7.079882896E1
1.012844869E1,7.972283574E-1,-5.198593958E-2,2.982202849E-1,5.222921308E-1,7.426752169E1,1.563860969E1,3.199214733E1,7.096926795E1
1.013842442E1,7.963748623E-1,-5.093985288E-2,2.983588624E-1,5.236164620E-1,7.442938322E1,1.581253252E1,3.190800125E1,7.119679774E1
1.014839244E1,7.953140167E-1,-4.977236939E-2,2.987041648E-1,5.251420264E-1,7.463014923E1,1.602589456E1,3.183010912E1,7.147039039E1
1.015833812E1,7.940823722E-1,-4.863769142E-2,2.991637106E-1,5.268478295E-1,7.486266178E1,1.625398300E1,3.176055608E1,7.177868478E1
1.016830390E1,7.926103412E-1,-4.744519969E-2,2.995065038E-1,5.289741527E-1,7.513974906E1,1.649448319E1,3.166679407E1,7.214467433E1
1.017827979E1,7.909293854E-1,-4.591845551E-2,2.998984009E-1,5.313973578E-1,7.545510197E1,1.678440592E1,3.154706683E1,7.256407492E1
1.018824656E1,7.891482192E-1,-4.441766339E-2,3.001976752E-1,5.339976733E-1,7.578803528E1,1.706967640E1,3.141538311E1,7.300403767E1
1.019822494E1,7.873709042E-1,-4.313256817E-2,3.005365858E-1,5.365299631E-1,7.611901451E1,1.733388056E1,3.130216222E1,7.343334817E1
1.020819286E1,7.855968504E-1,-4.186290436E-2,3.008137310E-1,5.390697405E-1,7.644817327E1,1.759024163E1,3.118283219E1,7.385944440E1
1.021816182E1,7.838123238E-1,-4.105653318E-2,3.006695505E-1,5.418029379E-1,7.677806844E1,1.776902102E1,3.105268858E1,7.428101917E1
1.022812984E1,7.820190454E-1,-4.030948670E-2,3.004450481E-1,5.445678387E-1,7.710837833E1,1.793491068E1,3.091794682E1,7.470141682E1
1.023809151E1,7.803203287E-1,-3.950972048E-2,3.002573759E-1,5.471605567E-1,7.742017248E1,1.810137101E1,3.078581484E1,7.509845964E1
1.024805885E1,7.788739626E-1,-3.902177410E-2,2.999498395E-1,5.494203721E-1,7.768481642E1,1.821203775E1,3.067215332E1,7.543236764E1
1.025801739E1,7.777874834E-1,-3.861039699E-2,2.997844905E-1,5.510763351E-1,7.788311305E1,1.830368959E1,3.059004132E1,7.568186710E1
1.026798385E1,7.770450701E-1,-3.818540255E-2,2.997357782E-1,5.521786824E-1,7.801836926E1,1.838477891E1,3.052982085E1,7.585384427E1
1.027796119E1,7.766503222E-1,-3.783710949E-2,2.996391814E-1,5.528100859E-1,7.809020601E1,1.843441736E1,3.048170453E1,7.594870143E1
1.028792875E1,7.766974919E-1,-3.758960598E-2,2.995880646E-1,5.527884035E-1,7.808162493E1,1.845198110E1,3.046000563E1,7.594441357E1
1.029789448E1,7.771276546E-1,-3.760074015E-2,2.993326729E-1,5.523212324E-1,7.800333339E1,1.840701740E1,3.044923660E1,7.585427755E1
1.030786182E1,7.778790313E-1,-3.777221175E-2,2.990700935E-1,5.513932823E-1,7.786642075E1,1.832727603E1,3.045991281E1,7.569068150E1
1.031783411E1,7.789381647E-1,-3.809776709E-2,2.988973351E-1,5.499675252E-1,7.767308536E1,1.822109501E1,3.050078398E1,7.545471559E1
1.032780198E1,7.802038387E-1,-3.871365647E-2,2.985508764E-1,5.483161470E-1,7.744151505E1,1.806122507E1,3.055170606E1,7.516895304E1
1.033775974E1,7.815418576E-1,-3.940903269E-2,2.981368664E-1,5.465836275E-1,7.719607198E1,1.788381060E1,3.060347007E1,7.486536108E1
1.034772656E1,7.829219683E-1,-4.014549452E-2,2.978270388E-1,5.447206493E-1,7.694221575E1,1.770683119E1,3.066961312E1,7.454844680E1
1.035769296E1,7.842863401E-1,-4.097779860E-2,2.975414941E-1,5.428487967E-1,7.669055692E1,1.752231153E1,3.074412465E1,7.423084074E1
1.036765974E1,7.855415138E-1,-4.182804915E-2,2.972846967E-1,5.411069705E-1,7.645842112E1,1.734384640E1,3.081887728E1,7.393508216E1
1.037762630E1,7.866390859E-1,-4.258758774E-2,2.971423320E-1,5.395291284E-1,7.625494236E1,1.719143864E1,3.089337506E1,7.367338334E1
1.038759307E1,7.875681925E-1,-4.333323826E-2,2.971159958E-1,5.381269903E-1,7.608233496E1,1.705831594E1,3.097311350E1,7.344663652E1
1.039756770E1,7.882960298E-1,-4.404546173E-2,2.972082647E-1,5.369512214E-1,7.594688649E1,1.694874090E1,3.105607413E1,7.326297452E1
1.040753520E1,7.887926877E-1,-4.464434308E-2,2.974198900E-1,5.360544632E-1,7.585434200E1,1.687282363E1,3.113584150E1,7.313152813E1
1.041749708E1,7.890374700E-1,-4.521560495E-2,2.976500671E-1,5.355183074E-1,7.580869533E1,1.681631309E1,3.120768144E1,7.305707114E1
1.042746401E1,7.890324853E-1,-4.567077357E-2,2.980060322E-1,5.352890082E-1,7.580962509E1,1.679577319E1,3.127639252E1,7.303967196E1
1.043743640E1,7.888147547E-1,-4.618195538E-2,2.983815433E-1,5.353568570E-1,7.585022793E1,1.678417889E1,3.134453970E1,7.306862796E1
1.044740385E1,7.883865193E-1,-4.666684929E-2,2.988497687E-1,5.356843446E-1,7.593003230E1,1.679497128E1,3.141383088E1,7.314422241E1
1.045737187E1,7.877947802E-1,-4.706458118E-2,2.994554295E-1,5.361816438E-1,7.604018957E1,1.683462823E1,3.148593064E1,7.325654637E1
1.046733937E1,7.870595792E-1,-4.754107579E-2,3.001032615E-1,5.368566822E-1,7.617686512E1,1.687848121E1,3.156353838E1,7.339844373E1
1.047731088E1,7.861749785E-1,-4.801839941E-2,3.008395470E-1,5.376975948E-1,7.634103927E1,1.693813774E1,3.164561350E1,7.357237295E1
1.048727880E1,7.851510092E-1,-4.836897777E-2,3.017145602E-1,5.386711974E-1,7.653070615E1,1.702951735E1,3.172837454E1,7.377844719E1
1.049723869E1,7.840405778E-1,-4.876866526E-2,3.025705590E-1,5.397712908E-1,7.673593937E1,1.712036656E1,3.180992725E1,7.400287459E1
1.050720583E1,7.828764858E-1,-4.924863974E-2,3.034983090E-1,5.408953280E-1,7.695059301E1,1.721203605E1,3.190281855E1,7.423570551E1
1.051718494E1,7.817015762E-1,-4.962463760E-2,3.045034606E-1,5.419941730E-1,7.716672957E1,1.732084721E1,3.199560418E1,7.447209089E1
1.052715323E1,7.806071404E-1,-5.008742448E-2,3.054009514E-1,5.430230209E-1,7.736760347E1,1.740849276E1,3.208613546E1,7.468976743E1
1.053710927E1,7.796206573E-1,-5.070761621E-2,3.062485435E-1,5.439045853E-1,7.754828749E1,1.747028646E1,3.218641266E1,7.487971897E1
1.054707630E1,7.787553288E-1,-5.114876582E-2,3.071590564E-1,5.445890705E-1,7.770648935E1,1.754731033E1,3.228381937E1,7.504607774E1
1.055704093E1,7.780923830E-1,-5.155193890E-2,3.078601750E-1,5.451025168E-1,7.782750781E1,1.760028455E1,3.236354656E1,7.517167526E1
1.056700776E1,7.775761458E-1,-5.221824578E-2,3.083271783E-1,5.455116346E-1,7.792163559E1,1.760059959E1,3.244345719E1,7.526131585E1
1.057697885E1,7.771967180E-1,-5.261663640E-2,3.089393887E-1,5.456676691E-1,7.799075738E1,1.762980984E1,3.252283886E1,7.532503743E1
1.058694609E1,7.769592620E-1,-5.306712427E-2,3.094145986E-1,5.456929463E-1,7.803398946E1,1.763475170E1,3.259666768E1,7.535787895E1
1.059691510E1,7.768298166E-1,-5.352860811E-2,3.098093074E-1,5.456082085E-1,7.805754828E1,1.762578055E1,3.266658859E1,7.536755366E1
1.060688250E1,7.767706585E-1,-5.386227368E-2,3.102869300E-1,5.453881376E-1,7.806831295E1,1.763120473E1,3.273779180E1,7.536350852E1
1.061684906E1,7.767564748E-1,-5.427571138E-2,3.106467997E-1,5.451624454E-1,7.807089369E1,1.761704362E1,3.280434721E1,7.534911972E1
1.062681635E1,7.768054286E-1,-5.478904158E-2,3.109162712E-1,5.448876576E-1,7.806198618E1,1.758206628E1,3.287108384E1,7.531923316E1
1.063679416E1,7.769305746E-1,-5.526204104E-2,3.112923525E-1,5.444465633E-1,7.803921103E1,1.755393692E1,3.294812917E1,7.527136285E1
1.064676250E1,7.771094700E-1,-5.583504258E-2,3.116013529E-1,5.439558039E-1,7.800664442E1,1.750717624E1,3.302741868E1,7.520953330E1
1.065669948E1,7.772643238E-1,-5.619014477E-2,3.118836285E-1,5.435360530E-1,7.797844516E1,1.748187720E1,3.308719829E1,7.515957541E1
1.066666463E1,7.774912571E-1,-5.664445640E-2,3.121380334E-1,5.430180465E-1,7.793710456E1,1.743967748E1,3.315371657E1,7.509084385E1
1.067665448E1,7.776768329E-1,-5.717612942E-2,3.123684737E-1,5.425638861E-1,7.790328439E1,1.739047557E1,3.322216294E1,7.502942221E1
1.068662213E1,7.778278956E-1,-5.753405484E-2,3.126968496E-1,5.421201690E-1,7.787574491E1,1.736817401E1,3.328674248E1,7.497891933E1
1.069659369E1,7.779629412E-1,-5.787978009E-2,3.129831682E-1,5.417242192E-1,7.785111849E1,1.734501071E1,3.334563644E1,7.493301582E1
1.070656172E1,7.780200771E-1,-5.824076454E-2,3.132659615E-1,5.414399416E-1,7.784069742E1,1.732514582E1,3.340284321E1,7.490426957E1
1.071652119E1,7.780102369E-1,-5.839947368E-2,3.135948694E-1,5.412465525E-1,7.784249226E1,1.733361856E1,3.344780207E1,7.489580798E1
1.072648838E1,7.779182713E-1,-5.853170909E-2,3.137827632E-1,5.412555586E-1,7.785926506E1,1.733999749E1,3.347382087E1,7.490932648E1
1.073645822E1,7.777998787E-1,-5.863429249E-2,3.140000508E-1,5.412885889E-1,7.788085313E1,1.735330686E1,3.349983266E1,7.492918855E1
1.074642562E1,7.776616839E-1,-5.861171771E-2,3.142879671E-1,5.413224969E-1,7.790604566E1,1.738582604E1,3.352323493E1,7.495598978E1
1.075637312E1,7.775080514E-1,-5.853133133E-2,3.144895523E-1,5.414347927E-1,7.793404441E1,1.741897574E1,3.353306455E1,7.498958793E1
1.076633849E1,7.773450644E-1,-5.847902688E-2,3.145949655E-1,5.416132032E-1,7.796373870E1,1.744288605E1,3.353482400E1,7.502621274E1
1.077632396E1,7.771652204E-1,-5.837578555E-2,3.147330402E-1,5.418021791E-1,7.799649312E1,1.747548097E1,3.353562734E1,7.506756801E1
1.078629135E1,7.769735984E-1,-5.823863197E-2,3.148547869E-1,5.420209888E-1,7.803137990E1,1.751110791E1,3.353187671E1,7.511287185E1
1.079625708E1,7.767681007E-1,-5.815248087E-2,3.149313372E-1,5.422802408E-1,7.806877834E1,1.753917100E1,3.352680978E1,7.516059979E1
1.080622432E1,7.765289527E-1,-5.799206057E-2,3.150416534E-1,5.425757672E-1,7.811228186E1,1.757946878E1,3.351863039E1,7.521749647E1
1.081619453E1,7.763063447E-1,-5.792743394E-2,3.151555304E-1,5.428350239E-1,7.815275827E1,1.760920398E1,3.351838655E1,7.526773676E1
1.082616203E1,7.760665811E-1,-5.788453490E-2,3.152699458E-1,5.431159209E-1,7.819633438E1,1.763791657E1,3.351923923E1,7.532118582E1
1.083613948E1,7.757962393E-1,-5.778322598E-2,3.153892915E-1,5.434435469E-1,7.824544350E1,1.767493165E1,3.351528986E1,7.538313459E1
1.084610802E1,7.755570839E-1,-5.772354632E-2,3.154992491E-1,5.437273450E-1,7.828886589E1,1.770496025E1,3.351443780E1,7.543695276E1
1.085607307E1,7.753559398E-1,-5.771388501E-2,3.155999849E-1,5.439567296E-1,7.832537110E1,1.772672288E1,3.351754829E1,7.548087235E1
1.086604125E1,7.752035726E-1,-5.767628699E-2,3.157151005E-1,5.441110569E-1,7.835301437E1,1.774912773E1,3.352161684E1,7.551433308E1
1.087599994E1,7.751106245E-1,-5.772201592E-2,3.157567811E-1,5.442144282E-1,7.836987349E1,1.775375549E1,3.352626430E1,7.553324586E1
1.088596713E1,7.750435101E-1,-5.773486327E-2,3.157817918E-1,5.442941327E-1,7.838204496E1,1.775876033E1,3.352760951E1,7.554757447E1
1.089591270E1,7.750159390E-1,-5.773034697E-2,3.158091976E-1,5.443179696E-1,7.838704463E1,1.776306917E1,3.352918365E1,7.555344640E1
1.090587765E1,7.750408350E-1,-5.776782750E-2,3.158152168E-1,5.442750509E-1,7.838253008E1,1.775807342E1,3.353336950E1,7.554663887E1
1.091584375E1,7.750827089E-1,-5.778730686E-2,3.157897345E-1,5.442281370E-1,7.837493629E1,1.775144418E1,3.353355710E1,7.553707213E1
1.092580885E1,7.751460772E-1,-5.776343212E-2,3.157586003E-1,5.441584799E-1,7.836344337E1,1.774734996E1,3.353065107E1,7.552401399E1
1.093579838E1,7.752083680E-1,-5.774861687E-2,3.156889393E-1,5.441117322E-1,7.835214450E1,1.773957309E1,3.352445228E1,7.551160699E1
1.094576593E1,7.752779572E-1,-5.767993270E-2,3.156401038E-1,5.440481957E-1,7.833952013E1,1.773829080E1,3.351662728E1,7.549875434E1
1.095574432E1,7.753281416E-1,-5.758070890E-2,3.155320209E-1,5.440498862E-1,7.833041500E1,1.773701957E1,3.349988193E1,7.549219956E1
1.096571291E1,7.753676741E-1,-5.746284995E-2,3.153960460E-1,5.440848509E-1,7.832324185E1,1.773628433E1,3.347857524E1,7.548907149E1
1.097566531E1,7.753990901E-1,-5.733642975E-2,3.152731046E-1,5.441246681E-1,7.831754104E1,1.773791216E1,3.345770618E1,7.548778876E1
1.098563229E1,7.754192711E-1,-5.719751609E-2,3.151650181E-1,5.441731430E-1,7.831387878E1,1.774263875E1,3.343706968E1,7.548913433E1
1.099563234E1,7.754184858E-1,-5.701755744E-2,3.150514361E-1,5.442589114E-1,7.831402128E1,1.775248705E1,3.341216915E1,7.549647441E1
1.100560265E1,7.753934889E-1,-5.684077131E-2,3.149002272E-1,5.444005060E-1,7.831855747E1,1.776083290E1,3.338289361E1,7.550981451E1
1.101556151E1,7.753564756E-1,-5.661942436E-2,3.147795096E-1,5.445460834E-1,7.832527387E1,1.777669882E1,3.335304860E1,7.552658408E1
1.102553067E1,7.753148631E-1,-5.640573995E-2,3.146436184E-1,5.447060206E-1,7.833282425E1,1.779095743E1,3.332207787E1,7.554440100E1
1.103546677E1,7.752660199E-1,-5.604834270E-2,3.145446603E-1,5.448695609E-1,7.834168584E1,1.782286937E1,3.328401716E1,7.556725468E1
1.104543260E1,7.753002667E-1,-5.555169054E-2,3.148320754E-1,5.447056732E-1,7.833547255E1,1.789183045E1,3.327769677E1,7.556865136E1
1.105542932E1,7.752402419E-1,-5.560765045E-2,3.144876112E-1,5.449843107E-1,7.834636237E1,1.786470590E1,3.324481160E1,7.558648796E1
1.106539823E1,7.751987267E-1,-5.535834246E-2,3.143864746E-1,5.451270793E-1,7.835389340E1,1.788503268E1,3.321475233E1,7.560456263E1
1.107535838E1,7.751805886E-1,-5.493970166E-2,3.145010809E-1,5.451291172E-1,7.835718355E1,1.793676992E1,3.319489923E1,7.561840076E1
1.108532640E1,7.751615965E-1,-5.477186611E-2,3.142731305E-1,5.453044485E-1,7.836062847E1,1.793802355E1,3.315867834E1,7.563123413E1
1.109528739E1,7.751522957E-1,-5.463281557E-2,3.140946041E-1,5.454344632E-1,7.836231546E1,1.793939574E1,3.312993384E1,7.564022723E1
1.110525468E1,7.751875223E-1,-5.413773716E-2,3.142363510E-1,5.453521122E-1,7.835592582E1,1.799727352E1,3.310892562E1,7.564362765E1
1.111522234E1,7.752697207E-1,-5.413305256E-2,3.139827243E-1,5.453818126E-1,7.834101442E1,1.797363418E1,3.308543318E1,7.562962536E1
1.112518968E1,7.753128687E-1,-5.401210440E-2,3.137910894E-1,5.454427564E-1,7.833318612E1,1.796879301E1,3.305839836E1,7.562653825E1
1.113514172E1,7.753632586E-1,-5.380162571E-2,3.136914738E-1,5.454492291E-1,7.832404307E1,1.797926488E1,3.303435409E1,7.562272250E1
1.114510750E1,7.753782604E-1,-5.373329095E-2,3.135037445E-1,5.455425638E-1,7.832132088E1,1.797126440E1,3.301069476E1,7.562441861E1
1.115508041E1,7.753522107E-1,-5.347607599E-2,3.134957512E-1,5.456094506E-1,7.832604773E1,1.799814791E1,3.299004791E1,7.563744086E1
1.116504687E1,7.753231029E-1,-5.318461905E-2,3.135015512E-1,5.456759660E-1,7.833132924E1,1.802966587E1,3.296817617E1,7.565182101E1
1.117500838E1,7.752832649E-1,-5.296394478E-2,3.134421641E-1,5.457881361E-1,7.833855718E1,1.804994922E1,3.294454910E1,7.566774632E1
1.118497437E1,7.752494611E-1,-5.267982622E-2,3.134321544E-1,5.458693924E-1,7.834468989E1,1.807983220E1,3.292145573E1,7.568318133E1
1.119495526E1,7.752082287E-1,-5.246672591E-2,3.133164806E-1,5.460148605E-1,7.835216977E1,1.809524696E1,3.289261686E1,7.570010239E1
1.120492271E1,7.751420903E-1,-5.229983213E-2,3.131473847E-1,5.462217341E-1,7.836416651E1,1.810367077E1,3.286094773E1,7.572221496E1
1.121487526E1,7.750665259E-1,-5.208119144E-2,3.130470691E-1,5.464073228E-1,7.837787114E1,1.812294846E1,3.283214392E1,7.574664112E1
1.122484125E1,7.749716303E-1,-5.191593672E-2,3.129200140E-1,5.466303802E-1,7.839507889E1,1.813612954E1,3.280393400E1,7.577436791E1
1.123480125E1,7.748463397E-1,-5.175061506E-2,3.128319901E-1,5.468739979E-1,7.841779343E1,1.815413878E1,3.277869241E1,7.580819956E1
1.124476656E1,7.747093818E-1,-5.156640053E-2,3.127958894E-1,5.471060332E-1,7.844261689E1,1.817860893E1,3.275694402E1,7.584423944E1
1.125475130E1,7.745559336E-1,-5.138208261E-2,3.127648630E-1,5.473583176E-1,7.847042138E1,1.820449505E1,3.273515748E1,7.588383520E1
1.126471859E1,7.743852898E-1,-5.122358667E-2,3.127100431E-1,5.476458674E-1,7.850133195E1,1.822710911E1,3.271229496E1,7.592692780E1
1.127469224E1,7.742186268E-1,-5.105187246E-2,3.126834697E-1,5.479126500E-1,7.853151160E1,1.825285728E1,3.269144504E1,7.596897429E1
1.128466015E1,7.740509988E-1,-5.086837699E-2,3.126697405E-1,5.481743271E-1,7.856185619E1,1.828076738E1,3.267098653E1,7.601129069E1
1.129461338E1,7.738909185E-1,-5.071296389E-2,3.126726447E-1,5.484130367E-1,7.859082530E1,1.830661838E1,3.265453102E1,7.605088613E1
1.130457984E1,7.737397848E-1,-5.060955334E-2,3.126271757E-1,5.486617060E-1,7.861816717E1,1.832310435E1,3.263730688E1,7.608788859E1
1.131456328E1,7.735930516E-1,-5.051611845E-2,3.125986404E-1,5.488934344E-1,7.864470532E1,1.833956563E1,3.262267892E1,7.612335433E1
1.132453146E1,7.734520490E-1,-5.043120185E-2,3.125889467E-1,5.491054291E-1,7.867019995E1,1.835620996E1,3.261077566E1,7.615700181E1
1.133449963E1,7.733097079E-1,-5.034304882E-2,3.125831943E-1,5.493172306E-1,7.869592960E1,1.837354199E1,3.259898397E1,7.619094535E1
1.134446781E1,7.731679297E-1,-5.025459149E-2,3.125870594E-1,5.495226645E-1,7.872155047E1,1.839157517E1,3.258815796E1,7.622459761E1
1.135441885E1,7.730374154E-1,-5.018521450E-2,3.125741157E-1,5.497199477E-1,7.874512968E1,1.840573556E1,3.257741071E1,7.625551027E1
1.136438531E1,7.729132271E-1,-5.011577338E-2,3.125640471E-1,5.499066003E-1,7.876756050E1,1.841970773E1,3.256715527E1,7.628496038E1
1.137436817E1,7.728040259E-1,-5.003895819E-2,3.125390728E-1,5.500812377E-1,7.878727996E1,1.843233852E1,3.255533535E1,7.631149920E1
1.138433625E1,7.727185178E-1,-4.995849106E-2,3.125182386E-1,5.502204940E-1,7.880271805E1,1.844413799E1,3.254444204E1,7.633280737E1
1.139432385E1,7.726640178E-1,-4.988759357E-2,3.125002971E-1,5.503136450E-1,7.881255644E1,1.845324641E1,3.253557160E1,7.634695491E1
1.140429390E1,7.726303861E-1,-4.981238436E-2,3.124674941E-1,5.503862989E-1,7.881862718E1,1.846034913E1,3.252556489E1,7.635682238E1
1.141425406E1,7.725960603E-1,-4.973158288E-2,3.124321079E-1,5.504618745E-1,7.882482278E1,1.846785187E1,3.251485885E1,7.636702078E1
1.142422312E1,7.725688025E-1,-4.963272161E-2,3.124091742E-1,5.505220670E-1,7.882974235E1,1.847762692E1,3.250430526E1,7.637591394E1
1.143418922E1,7.725455302E-1,-4.953065211E-2,3.123990839E-1,5.505696419E-1,7.883394242E1,1.848842872E1,3.249494376E1,7.638380098E1
1.144415791E1,7.725226271E-1,-4.943485747E-2,3.123804923E-1,5.506209345E-1,7.883807566E1,1.849794596E1,3.248519979E1,7.639157519E1
1.145408713E1,7.724935368E-1,-4.934322617E-2,3.123605211E-1,5.506812931E-1,7.884332524E1,1.850733367E1,3.247542055E1,7.640062828E1
1.146405182E1,7.724701923E-1,-4.926767742E-2,3.123288680E-1,5.507387549E-1,7.884753772E1,1.851389118E1,3.246584278E1,7.640818330E1
1.147404953E1,7.724498844E-1,-4.918322023E-2,3.123170122E-1,5.507815092E-1,7.885120210E1,1.852262213E1,3.245770602E1,7.641497989E1
1.148401760E1,7.724335523E-1,-4.910482008E-2,3.123168074E-1,5.508115247E-1,7.885414898E1,1.853137784E1,3.245132792E1,7.642056143E1
1.149397458E1,7.724257672E-1,-4.905091010E-2,3.123070453E-1,5.508327803E-1,7.885555365E1,1.853645917E1,3.244608313E1,7.642378615E1
1.150394151E1,7.724196665E-1,-4.900063623E-2,3.122930535E-1,5.508537421E-1,7.885665439E1,1.854075738E1,3.244073618E1,7.642661193E1
1.151392015E1,7.724181780E-1,-4.896309051E-2,3.122867335E-1,5.508627508E-1,7.885692296E1,1.854408479E1,3.243726194E1,7.642797998E1
1.152388828E1,7.724179041E-1,-4.892505797E-2,3.122885956E-1,5.508654583E-1,7.885697237E1,1.854799833E1,3.243461906E1,7.642896450E1
1.153384385E1,7.724254447E-1,-4.886209051E-2,3.123148434E-1,5.508455929E-1,7.885561185E1,1.855571595E1,3.243285024E1,7.642846883E1
1.154381067E1,7.724305958E-1,-4.881046060E-2,3.123280155E-1,5.508354785E-1,7.885468243E1,1.856148137E1,3.243052178E1,7.642841886E1
1.155376828E1,7.723858817E-1,-4.865610980E-2,3.122835163E-1,5.509370547E-1,7.886274990E1,1.857617962E1,3.241308909E1,7.644283728E1
1.156373416E1,7.723406550E-1,-4.849392713E-2,3.122694946E-1,5.510226986E-1,7.887090914E1,1.859396379E1,3.239813837E1,7.645707798E1
1.157373484E1,7.723171757E-1,-4.820470932E-2,3.123443422E-1,5.510385630E-1,7.887514470E1,1.862959221E1,3.238346501E1,7.646828527E1
1.158370427E1,7.722741322E-1,-4.794438272E-2,3.123444439E-1,5.511215376E-1,7.888290908E1,1.865796103E1,3.236272817E1,7.648421792E1
1.159366088E1,7.722261962E-1,-4.772603633E-2,3.123153829E-1,5.512241186E-1,7.889155523E1,1.868028852E1,3.234199389E1,7.650061587E1
1.160362896E1,7.722201036E-1,-4.730689414E-2,3.124541873E-1,5.511901216E-1,7.889265409E1,1.873240627E1,3.232472077E1,7.651010750E1
1.161364130E1,7.721816512E-1,-4.708121785E-2,3.122696494E-1,5.513678650E-1,7.889958905E1,1.874313199E1,3.228804213E1,7.652691717E1
1.162361390E1,7.719868761E-1,-4.765356684E-2,3.115470055E-1,5.519998768E-1,7.893470922E1,1.864448889E1,3.225104394E1,7.656686090E1
1.163359218E1,7.719402714E-1,-4.738295772E-2,3.116237141E-1,5.520450466E-1,7.894311064E1,1.867978761E1,3.223715108E1,7.658255776E1
1.164356531E1,7.719084785E-1,-4.679647438E-2,3.118163438E-1,5.520307587E-1,7.894884151E1,1.875395103E1,3.221200371E1,7.660086301E1
1.165351682E1,7.719115088E-1,-4.639957935E-2,3.119913447E-1,5.519611421E-1,7.894829530E1,1.880596387E1,3.220031640E1,7.660711448E1
1.166348781E1,7.719436700E-1,-4.574309348E-2,3.122925321E-1,5.518006109E-1,7.894249801E1,1.889117194E1,3.218309738E1,7.661120367E1
1.167337515E1,7.720021048E-1,-4.555260317E-2,3.123902820E-1,5.516792749E-1,7.893196379E1,1.891363595E1,3.218080544E1,7.660141083E1
1.168333765E1,7.720174645E-1,-4.552311492E-2,3.122951998E-1,5.517140461E-1,7.892919465E1,1.890841059E1,3.216952911E1,7.660017403E1
1.169331833E1,7.720700325E-1,-4.543165822E-2,3.122819918E-1,5.516554966E-1,7.891971677E1,1.891314522E1,3.216318043E1,7.659098752E1
1.170328271E1,7.720873367E-1,-4.547038168E-2,3.121777125E-1,5.516871076E-1,7.891659665E1,1.890041124E1,3.215609980E1,7.658784090E1
1.175906402E1,9.999269483E-1,-2.926533397E-3,-8.679708733E-3,7.886452798E-3,1.385113801E0,-3.432290507E-1,-9.919534804E-1,9.067394255E-1
1.176903136E1,9.999450172E-1,-2.496636897E-3,-7.434171858E-3,6.961493437E-3,1.201663545E0,-2.920416265E-1,-8.498860316E-1,7.999253778E-1
1.177899881E1,9.999534866E-1,-2.624212018E-3,-6.844374680E-3,6.268384578E-3,1.105244250E0,-3.056448475E-1,-7.824104191E-1,7.204148897E-1
1.178893308E1,9.999603502E-1,-2.590319694E-3,-6.295659054E-3,5.740458356E-3,1.020444346E0,-3.009834681E-1,-7.197157754E-1,6.597173468E-1
1.179889813E1,9.999673709E-1,-2.314281880E-3,-5.634866182E-3,5.305613564E-3,9.257024483E-1,-2.686323615E-1,-6.442935767E-1,6.095030732E-1
1.180885975E1,9.999688363E-1,-2.630212537E-3,-5.554050466E-3,4.955901343E-3,9.046765733E-1,-3.045650681E-1,-6.349467544E-1,5.696051128E-1
1.181882444E1,9.999707257E-1,-2.305082434E-3,-5.333674004E-3,4.978570286E-3,8.768222933E-1,-2.671942345E-1,-6.098725893E-1,5.719361802E-1
1.182882220E1,9.999708556E-1,-1.994408264E-3,-5.282188365E-3,5.138939904E-3,8.748749526E-1,-2.316597700E-1,-6.041132867E-1,5.901124103E-1
1.183879022E1,9.999703985E-1,-2.026739204E-3,-5.352284081E-3,5.142716274E-3,8.817097497E-1,-2.354085916E-1,-6.121256848E-1,5.905816452E-1
1.184873751E1,9.999666326E-1,-1.844811827E-3,-5.682891198E-3,5.570920070E-3,9.361170811E-1,-2.150349992E-1,-6.500258854E-1,6.396149237E-1
1.185870345E1,9.999619859E-1,-1.713018488E-3,-6.070739790E-3,6.019841949E-3,9.991749061E-1,-2.004928698E-1,-6.944644166E-1,6.910560367E-1
1.186865746E1,9.999574734E-1,-1.604485321E-3,-6.422144609E-3,6.421302088E-3,1.056816554E0,-1.885940897E-1,-7.347317797E-1,7.370574310E-1
1.187862214E1,9.999562668E-1,-1.672039930E-3,-6.544402441E-3,6.468346921E-3,1.071703628E0,-1.964612688E-1,-7.486824412E-1,7.425236334E-1
1.188862923E1,9.999569888E-1,-1.765826078E-3,-6.519224411E-3,6.356259403E-3,1.062820055E0,-2.071064853E-1,-7.457508325E-1,7.297430434E-1
1.189859824E1,9.999578109E-1,-1.663848454E-3,-6.436718630E-3,6.338507122E-3,1.052614285E0,-1.953466986E-1,-7.363742576E-1,7.276156611E-1
1.190856527E1,9.999564138E-1,-1.545160761E-3,-6.504201315E-3,6.517543945E-3,1.069901497E0,-1.819280119E-1,-7.441609930E-1,7.480589631E-1
1.191853402E1,9.999524653E-1,-1.647624683E-3,-6.822854771E-3,6.767647206E-3,1.117312219E0,-1.941045173E-1,-7.805507863E-1,7.768624509E-1
1.192849673E1,9.999478567E-1,-1.701799262E-3,-7.153294930E-3,7.086473105E-3,1.170223203E0,-2.008313890E-1,-8.183103496E-1,8.135129352E-1
1.193846485E1,9.999449292E-1,-1.629332423E-3,-7.320056823E-3,7.341707459E-3,1.202625545E0,-1.928767729E-1,-8.374295911E-1,8.427384802E-1
1.194841313E1,9.999449413E-1,-1.705046840E-3,-7.327620340E-3,7.315263475E-3,1.202492646E0,-2.015377071E-1,-8.382378236E-1,8.397729251E-1
1.195837928E1,9.999455682E-1,-1.813327805E-3,-7.298893154E-3,7.231782491E-3,1.195627852E0,-2.138525503E-1,-8.348728558E-1,8.302899738E-1
1.196838017E1,9.999459495E-1,-1.762232345E-3,-7.256066634E-3,7.234787242E-3,1.191432679E0,-2.079639240E-1,-8.300071048E-1,8.305822432E-1
1.197834985E1,9.999451175E-1,-1.785315212E-3,-7.323605389E-3,7.275948948E-3,1.200567378E0,-2.106999672E-1,-8.377186185E-1,8.353337257E-1
1.198831121E1,9.999457049E-1,-1.823917316E-3,-7.310453923E-3,7.198455104E-3,1.194124858E0,-2.150478506E-1,-8.361959955E-1,8.264820067E-1
1.199828001E1,9.999476010E-1,-1.756865027E-3,-7.183072161E-3,7.078997730E-3,1.173089467E0,-2.071599677E-1,-8.216793143E-1,8.127078109E-1
1.200824438E1,9.999499952E-1,-1.751097531E-3,-7.032783650E-3,6.890622677E-3,1.145975195E0,-2.062248727E-1,-8.045010998E-1,7.910820298E-1
1.201821272E1,9.999541259E-1,-1.797003745E-3,-6.765581945E-3,6.537868199E-3,1.097622341E0,-2.110004087E-1,-7.739202639E-1,7.506332665E-1
1.202818209E1,9.999597598E-1,-1.681961759E-3,-6.322490547E-3,6.138070718E-3,1.028014366E0,-1.971940239E-1,-7.233110634E-1,7.046352859E-1
1.203815053E1,9.999640772E-1,-1.602498962E-3,-5.959520735E-3,5.810365643E-3,9.713009278E-1,-1.876078383E-1,-6.818353591E-1,6.669515893E-1
1.204810798E1,9.999666034E-1,-1.552339288E-3,-5.732478916E-3,5.614356092E-3,9.365261357E-1,-1.815792746E-1,-6.558873733E-1,6.444118609E-1
1.205807532E1,9.999690173E-1,-1.377747858E-3,-5.464589141E-3,5.495862821E-3,9.020453022E-1,-1.613246907E-1,-6.253211244E-1,6.306730116E-1
1.206802230E1,9.999712226E-1,-1.212350096E-3,-5.186107831E-3,5.402632449E-3,8.693493648E-1,-1.421395609E-1,-5.935271336E-1,6.198440867E-1
1.207798756E1,9.999734540E-1,-1.150055567E-3,-4.920366978E-3,5.249633537E-3,8.349647002E-1,-1.347497087E-1,-5.631347903E-1,6.022363376E-1
1.208795214E1,9.999762374E-1,-1.036165283E-3,-4.570319911E-3,5.056010680E-3,7.899794431E-1,-1.213860581E-1,-5.231145770E-1,5.799391127E-1
1.209791735E1,9.999775526E-1,-9.211288245E-4,-4.350910041E-3,5.011531506E-3,7.678063424E-1,-1.080540021E-1,-4.980436599E-1,5.747569246E-1
1.210789912E1,9.999763132E-1,1.405484036E-3,-3.205411962E-3,5.926458124E-3,7.887171869E-1,1.588794113E-1,-3.682614844E-1,6.786196203E-1
1.211786600E1,9.999780168E-1,-2.623528610E-3,-4.416674385E-3,4.192366876E-3,7.598249885E-1,-3.027626004E-1,-5.048486411E-1,4.817514762E-1
1.212783657E1,9.999773467E-1,-1.983038338E-3,-4.733543674E-3,4.355127333E-3,7.713186275E-1,-2.296074995E-1,-5.414302629E-1,5.001538562E-1
1.213780381E1,9.999781510E-1,1.128507025E-3,-3.465795388E-3,5.514722663E-3,7.575019372E-1,1.271275461E-1,-3.978585663E-1,6.315066835E-1
1.214776100E1,9.999778506E-1,-3.341419969E-4,-4.139225255E-3,5.201303454E-3,7.626931157E-1,-4.075748679E-2,-4.741160228E-1,5.962019313E-1
1.215772720E1,9.999796132E-1,-1.412050126E-4,-3.981290266E-3,4.990250135E-3,7.317167854E-1,-1.845782109E-2,-4.561370290E-1,5.719209268E-1
1.216769688E1,9.999790993E-1,6.187401689E-4,-3.615135930E-3,5.324362736E-3,7.408808951E-1,6.869704186E-2,-4.146365331E-1,6.098854398E-1
1.217766345E1,9.999781235E-1,-3.982913753E-4,-4.175385275E-3,5.114683931E-3,7.579788411E-1,-4.808870355E-2,-4.782255553E-1,5.863080066E-1
1.218765907E1,9.999991455E-1,1.151836279E-3,3.957009716E-4,4.749930171E-4,1.498008170E-1,1.320122983E-1,4.528126255E-2,5.448239792E-2
1.219762860E1,9.999991188E-1,1.072589524E-3,4.005204104E-4,6.720211167E-4,1.521298783E-1,1.229405744E-1,4.581362477E-2,7.705715530E-2
1.220759480E1,9.999998728E-1,2.186551958E-4,-9.106088819E-6,4.544835420E-4,5.780327271E-2,2.505556315E-2,-1.054868339E-3,5.207975002E-2
1.221756397E1,9.999992490E-1,9.119978902E-4,2.494330080E-4,7.797221139E-4,1.404354178E-1,1.045295392E-1,2.850141034E-2,8.937562041E-2
1.222752829E1,9.999990304E-1,9.515137650E-4,2.763083758E-4,9.784718446E-4,1.595719108E-1,1.090664034E-1,3.155589034E-2,1.121547215E-1
1.223749694E1,9.999992443E-1,5.129699257E-4,-6.526633432E-5,1.115361503E-3,1.408791201E-1,5.877364816E-2,-7.544528578E-3,1.278071876E-1
1.224745584E1,9.999988799E-1,7.351255445E-4,1.091938020E-5,1.303718518E-3,1.715130740E-1,8.424074954E-2,1.141443218E-3,1.493960593E-1
1.225742350E1,9.999987049E-1,5.657828283E-4,-1.558685068E-4,1.498619869E-3,1.844272361E-1,6.480710222E-2,-1.795835378E-2,1.717191247E-1
1.226738975E1,9.999985438E-1,6.113169850E-4,-1.153697861E-4,1.589123460E-3,1.955569617E-1,7.003067484E-2,-1.333170543E-2,1.820920992E-1
1.227735725E1,9.999978024E-1,9.467585472E-4,1.403036478E-4,1.865273046E-3,2.402405089E-1,1.085203577E-1,1.587521413E-2,2.137598023E-1
1.228732079E1,9.999983071E-1,3.084697398E-4,-4.529333169E-5,1.813455994E-3,2.108556781E-1,3.533855868E-2,-5.254326806E-3,2.078052532E-1
1.229728793E1,9.999981012E-1,1.137748323E-4,-2.171741565E-4,1.933274788E-3,2.233114466E-1,1.298949989E-2,-2.491148404E-2,2.215342928E-1
1.230726204E1,9.999974060E-1,3.379415337E-4,-1.548442515E-4,2.247160566E-3,2.610052823E-1,3.868527830E-2,-1.783082029E-2,2.574998475E-1
1.231722985E1,9.999969890E-1,-1.396584414E-4,-4.287135523E-4,2.412197544E-3,2.812051845E-1,-1.612214039E-2,-4.908820838E-2,2.764246797E-1
1.232717631E1,9.999967196E-1,-1.745211100E-4,-3.929902885E-4,2.525064400E-3,2.935169130E-1,-2.011229925E-2,-4.498272886E-2,2.893592955E-1
1.233714194E1,9.999964908E-1,-4.906424828E-5,-1.480433417E-4,2.644623927E-3,3.035784588E-1,-5.667193998E-3,-1.694958904E-2,3.030527740E-1
1.234712902E1,9.999969024E-1,-2.645915873E-4,1.844354576E-5,2.474844012E-3,2.852205439E-1,-3.031463949E-2,2.188505294E-3,2.835959542E-1
1.235709683E1,9.999964679E-1,3.086197300E-5,1.967497399E-4,2.650381389E-3,3.045679176E-1,3.596264516E-3,2.253640725E-2,3.037124042E-1
1.236703256E1,9.999956973E-1,-8.079239388E-5,-7.754477166E-5,2.931348606E-3,3.361533166E-1,-9.284134584E-3,-8.858799285E-3,3.359090077E-1
1.237699709E1,9.999947412E-1,-3.448347824E-4,-6.316173275E-4,3.162235436E-3,3.716305369E-1,-3.974385863E-2,-7.225269657E-2,3.623912458E-1
1.238698345E1,9.999937511E-1,-1.014823826E-5,-8.119020382E-4,3.440711067E-3,4.051072168E-1,-1.483010982E-3,-9.303257862E-2,3.942785572E-1
1.239695016E1,9.999937388E-1,5.400150607E-5,-8.361121239E-4,3.438081930E-3,4.055061471E-1,5.858678816E-3,-9.583211183E-2,3.939711833E-1
1.240692787E1,9.999951199E-1,2.799815336E-5,-6.192115708E-4,3.062031263E-3,3.580005012E-1,2.991067908E-3,-7.096591520E-2,3.508816995E-1
1.241689568E1,9.999959867E-1,4.306997588E-4,-1.487532751E-4,2.796243526E-3,3.246528556E-1,4.930670266E-2,-1.718380891E-2,3.204189621E-1
1.242685954E1,9.999962059E-1,6.663618675E-4,6.423472612E-5,2.672071958E-3,3.156607894E-1,7.637884726E-2,7.156691568E-3,3.062020946E-1
1.243682699E1,9.999957443E-1,9.131965434E-4,-2.712198660E-5,2.770679781E-3,3.343119942E-1,1.046356175E-1,-3.397874224E-3,3.174939517E-1
1.244678032E1,9.999948623E-1,1.226803884E-3,-2.384637064E-4,2.951860515E-3,3.673267843E-1,1.405001423E-1,-2.774076517E-2,3.382250411E-1
1.245674631E1,9.999945523E-1,1.441716262E-3,-4.244614027E-4,2.938827160E-3,3.782468951E-1,1.650649595E-1,-4.912495419E-2,3.366948883E-1
1.246673027E1,9.999948381E-1,1.853551896E-3,-2.186773227E-4,2.615390616E-3,3.681899726E-1,2.123352744E-1,-2.561395947E-2,2.996550897E-1
1.247669808E1,9.999952650E-1,2.251440432E-3,2.380443039E-4,2.084305912E-3,3.526369772E-1,2.580526034E-1,2.673999698E-2,2.389048659E-1
1.248664183E1,9.999959911E-1,2.392398234E-3,6.171744982E-4,1.383255490E-3,3.244760884E-1,2.742466262E-1,7.034350447E-2,1.586782876E-1
1.249660720E1,9.999953136E-1,2.767627036E-3,9.051323499E-4,9.454319988E-4,3.508241667E-1,3.172454091E-1,1.034202565E-1,1.086253207E-1
1.250660105E1,9.999948287E-1,2.994229746E-3,1.001833737E-3,6.110949345E-4,3.685246595E-1,3.431845735E-1,1.145914977E-1,7.036986020E-2
1.251656928E1,9.999944606E-1,3.150749585E-3,1.055333968E-3,1.944925527E-4,3.814164335E-1,3.610740208E-1,1.208615630E-1,2.266815999E-2
1.252656204E1,9.999931828E-1,3.489077841E-3,1.200390108E-3,-1.404411832E-4,4.231266944E-1,3.998012229E-1,1.376099195E-1,-1.561337104E-2
1.253653277E1,9.999922666E-1,3.605612072E-3,1.422259093E-3,-6.659493221E-4,4.506643975E-1,4.130662325E-1,1.632529994E-1,-7.572427168E-2
1.254648954E1,9.999906893E-1,3.771229026E-3,1.704923762E-3,-1.221589124E-3,4.944905136E-1,4.319149434E-1,1.958963455E-1,-1.392466653E-1
1.255645881E1,9.999886549E-1,3.978489366E-3,1.990671530E-3,-1.702649592E-3,5.458497440E-1,4.555161616E-1,2.288884151E-1,-1.942014294E-1
1.256640985E1,9.999873029E-1,4.083473696E-3,2.092122601E-3,-2.083803302E-3,5.774571624E-1,4.674354159E-1,2.407123321E-1,-2.378070483E-1
1.257637730E1,9.999855561E-1,4.282746526E-3,2.125104400E-3,-2.455520348E-3,6.158999937E-1,4.901719972E-1,2.447213404E-1,-2.803385860E-1
1.258634501E1,9.999827983E-1,4.520291486E-3,2.297076891E-3,-2.948486576E-3,6.721316585E-1,5.172147671E-1,2.647493148E-1,-3.366815369E-1
1.259631246E1,9.999819478E-1,4.538733735E-3,2.149738278E-3,-3.298883269E-3,6.885469512E-1,5.192905086E-1,2.480539397E-1,-3.769055230E-1
1.260625553E1,9.999839861E-1,4.361694561E-3,1.348318500E-3,-3.344442327E-3,6.485110689E-1,4.992968139E-1,1.561752351E-1,-3.825690794E-1
1.261622053E1,9.999832018E-1,4.469924153E-3,6.306378188E-4,-3.635672428E-3,6.642003570E-1,5.119514792E-1,7.412682564E-2,-4.162913617E-1
1.262623006E1,9.999802873E-1,4.878397997E-3,5.218909220E-5,-3.952664391E-3,7.195178772E-1,5.589974474E-1,8.189942799E-3,-4.529085925E-1
1.263619954E1,9.999754692E-1,5.060243356E-3,-3.449306405E-4,-4.830726935E-3,8.026463076E-1,5.800479180E-1,-3.672402176E-2,-5.537556980E-1
1.264613490E1,9.999669017E-1,5.596244411E-3,-4.657841192E-4,-5.887332635E-3,9.323349281E-1,6.415890310E-1,-4.959772532E-2,-6.749308568E-1
1.265610095E1,9.999573327E-1,5.744245282E-3,-7.049919289E-4,-7.199960617E-3,1.058563229E0,6.588106912E-1,-7.604338299E-2,-8.255128523E-1
1.266607871E1,9.999471762E-1,5.766962419E-3,-1.237598606E-3,-8.417558113E-3,1.177834628E0,6.620206725E-1,-1.362482877E-1,-9.653964238E-1
1.267604589E1,9.999357603E-1,5.848399273E-3,-1.872664131E-3,-9.527048046E-3,1.298888077E0,6.721984199E-1,-2.081933648E-1,-1.092977676E0
1.268602204E1,9.999228058E-1,5.974926719E-3,-2.637786408E-3,-1.056999177E-2,1.423844909E0,6.878439254E-1,-2.950090056E-1,-1.213051065E0
1.269599017E1,9.999024468E-1,6.127416969E-3,-2.857437441E-3,-1.222238740E-2,1.600633791E0,7.061126488E-1,-3.188259613E-1,-1.402613949E0
1.270593563E1,9.998766416E-1,6.341153414E-3,-2.860514833E-3,-1.408221358E-2,1.799933215E0,7.312001144E-1,-3.175193067E-1,-1.615821299E0
1.271590142E1,9.998470199E-1,6.587482679E-3,-2.830270514E-3,-1.595404010E-2,2.004428655E0,7.599622931E-1,-3.122338160E-1,-1.830393635E0
1.272585933E1,9.998178968E-1,6.972045650E-3,-2.928521292E-3,-1.752105854E-2,2.186920284E0,8.047110012E-1,-3.215261651E-1,-2.010183511E0
1.273582433E1,9.997871525E-1,7.126943516E-3,-3.126793244E-3,-1.910705366E-2,2.364338138E0,8.234029387E-1,-3.426253973E-1,-2.192168639E0
1.274579595E1,9.997525190E-1,7.192453841E-3,-3.290163398E-3,-2.079288874E-2,2.549456053E0,8.318755920E-1,-3.597966269E-1,-2.385547800E0
1.275576162E1,9.997158417E-1,7.421966892E-3,-3.227867187E-3,-2.242166775E-2,2.731857882E0,8.585947687E-1,-3.507139063E-1,-2.572261205E0
1.276575949E1,9.996808401E-1,7.465225394E-3,-3.203862742E-3,-2.392119441E-2,2.895231626E0,8.640096632E-1,-3.465571355E-1,-2.744132002E0
1.277572839E1,9.996468293E-1,7.575356084E-3,-3.129217045E-3,-2.527921326E-2,3.045599081E0,8.768793079E-1,-3.365129800E-1,-2.899765536E0
1.278566470E1,9.996157426E-1,7.793075778E-3,-3.030598960E-3,-2.642821722E-2,3.176820495E0,9.019071984E-1,-3.235483887E-1,-3.031455761E0
1.279563027E1,9.995864759E-1,7.961868551E-3,-2.916142728E-3,-2.747693592E-2,3.295588802E0,9.212205691E-1,-3.089597157E-1,-3.151618324E0
1.280560652E1,9.995564303E-1,8.018055708E-3,-2.761521095E-3,-2.854868388E-2,3.413222480E0,9.274804884E-1,-2.900773068E-1,-3.274348312E0
1.281557319E1,9.995301931E-1,8.211204329E-3,-2.530621734E-3,-2.942049011E-2,3.512726558E0,9.490775701E-1,-2.621698061E-1,-3.374122295E0
1.282556584E1,9.995116919E-1,8.392142030E-3,-2.381545436E-3,-3.000463176E-2,3.581230374E0,9.694425023E-1,-2.439179660E-1,-3.440988128E0
1.283553517E1,9.995016483E-1,8.517179176E-3,-2.360440400E-3,-3.030414133E-2,3.617875569E0,9.837643350E-1,-2.407757105E-1,-3.475333328E0
1.284550657E1,9.994973978E-1,8.656180716E-3,-2.393219450E-3,-3.040221861E-2,3.633272945E0,9.998240916E-1,-2.439489218E-1,-3.486643644E0
1.285547605E1,9.994959391E-1,8.833376350E-3,-2.354268233E-3,-3.040224836E-2,3.638542037E0,1.019984775E0,-2.388698949E-1,-3.486649847E0
1.286545522E1,9.994993822E-1,9.011163920E-3,-2.393102369E-3,-3.023337397E-2,3.626092469E0,1.040443789E0,-2.428736923E-1,-3.467373381E0
1.287542568E1,9.995049981E-1,9.298050497E-3,-2.396843998E-3,-2.995930852E-2,3.605694893E0,1.073251638E0,-2.426018719E-1,-3.436028241E0
1.288543574E1,9.995133262E-1,9.445330309E-3,-2.522202068E-3,-2.962321735E-2,3.575232008E0,1.090466950E0,-2.568204261E-1,-3.397673645E0
1.289541022E1,9.995213907E-1,9.650937552E-3,-2.661180469E-3,-2.927058336E-2,3.545483872E0,1.114395566E0,-2.724330881E-1,-3.357458570E0
1.290534079E1,9.995337675E-1,9.764410649E-3,-2.963386489E-3,-2.877711479E-2,3.499337189E0,1.128258603E0,-3.072229655E-1,-3.301266519E0
1.291531084E1,9.995528851E-1,9.734874542E-3,-3.713245413E-3,-2.802630838E-2,3.426836560E0,1.127060394E0,-3.940551245E-1,-3.216049208E0
1.292521392E1,9.995739232E-1,1.009704086E-2,-4.640252453E-3,-2.699055270E-2,3.345237870E0,1.171020617E0,-5.002845286E-1,-3.098568864E0
1.293517720E1,9.995841533E-1,1.057547805E-2,-5.162116102E-3,-2.632550559E-2,3.304831293E0,1.227081307E0,-5.593949904E-1,-3.023228710E0
1.294516168E1,9.995805731E-1,1.079814500E-2,-5.249291406E-3,-2.635380277E-2,3.319028304E0,1.252871285E0,-5.686719569E-1,-3.026708587E0
1.295512709E1,9.995609848E-1,1.074041462E-2,-5.113816557E-3,-2.713540029E-2,3.395652751E0,1.246278066E0,-5.523543161E-1,-3.116097258E0
1.296509600E1,9.995409615E-1,1.131423245E-2,-5.053373205E-3,-2.764629735E-2,3.472232319E0,1.312103229E0,-5.429723697E-1,-3.174896856E0
1.297506178E1,9.995305318E-1,1.180435413E-2,-5.565998107E-3,-2.771989985E-2,3.511459782E0,1.369930148E0,-6.000317981E-1,-3.184317853E0
1.298502668E1,9.995234178E-1,1.194519904E-2,-6.572000191E-3,-2.769581594E-2,3.537966902E0,1.389268472E0,-7.148448226E-1,-3.183074790E0
1.299499230E1,9.994996872E-1,1.191876241E-2,-7.116101890E-3,-2.841970337E-2,3.624987837E0,1.388544290E0,-7.762456440E-1,-3.266817242E0
1.300496563E1,9.994601644E-1,1.239160413E-2,-7.029914643E-3,-2.960419137E-2,3.765458886E0,1.443335552E0,-7.631194066E-1,-3.402843146E0
1.301493204E1,9.994174117E-1,1.246137463E-2,-6.964989040E-3,-3.100064941E-2,3.911736501E0,1.452159942E0,-7.534177385E-1,-3.562892534E0
1.302487892E1,9.993670528E-1,1.283320151E-2,-6.928152519E-3,-3.244693169E-2,4.077315045E0,1.495702180E0,-7.457106520E-1,-3.728926939E0
1.303484334E1,9.993244833E-1,1.321834376E-2,-7.100305382E-3,-3.354754989E-2,4.212210997E0,1.541305154E0,-7.622930979E-1,-3.855674489E0
1.304483173E1,9.992833926E-1,1.322195165E-2,-7.636771819E-3,-3.463468026E-2,4.338446262E0,1.544693523E0,-8.220348428E-1,-3.981180807E0
1.305479855E1,9.992346431E-1,1.368198956E-2,-7.852941860E-3,-3.579472843E-2,4.483604977E0,1.599232306E0,-8.431021208E-1,-4.114928222E0
1.306474871E1,9.991892385E-1,1.424502000E-2,-8.003278280E-3,-3.679527864E-2,4.614700511E0,1.665201216E0,-8.563333540E-1,-4.230388707E0
1.307471381E1,9.991437113E-1,1.402741277E-2,-8.415248511E-3,-3.800341280E-2,4.742515059E0,1.643122991E0,-9.024404621E-1,-4.369443655E0
1.308468355E1,9.990943407E-1,1.396395006E-2,-8.837418285E-3,-3.920977561E-2,4.877337761E0,1.638857369E0,-9.490782310E-1,-4.508450211E0
1.309464912E1,9.990485777E-1,1.443496642E-2,-9.123492675E-3,-4.012895499E-2,4.999064372E0,1.694999553E0,-9.781497540E-1,-4.614815601E0
1.310462225E1,9.990029235E-1,1.479371345E-2,-9.368331212E-3,-4.106749544E-2,5.117619006E0,1.738164488E0,-1.002893454E0,-4.723248179E0
1.311458860E1,9.989530083E-1,1.512844238E-2,-9.462971055E-3,-4.212445296E-2,5.244174520E0,1.778017217E0,-1.010267015E0,-4.844981952E0
1.312458464E1,9.989041649E-1,1.553691196E-2,-9.532069366E-3,-4.310699791E-2,5.365125524E0,1.826128789E0,-1.014403054E0,-4.958218099E0
1.313455397E1,9.988615124E-1,1.573110307E-2,-9.801281512E-3,-4.395618633E-2,5.468560102E0,1.850596587E0,-1.042685304E0,-5.056338397E0
1.314451574E1,9.988220730E-1,1.600292767E-2,-1.012584345E-2,-4.467482622E-2,5.562492710E0,1.884150598E0,-1.077108122E0,-5.139693823E0
1.315448433E1,9.987873482E-1,1.656082374E-2,-1.033125681E-2,-4.519775794E-2,5.643903514E0,1.949671151E0,-1.096733001E0,-5.200696793E0
1.316445173E1,9.987579341E-1,1.690072820E-2,-1.057727411E-2,-4.566262867E-2,5.711956625E0,1.990403441E0,-1.122198676E0,-5.254907962E0
1.317442016E1,9.987311623E-1,1.711163277E-2,-1.082075055E-2,-4.611039810E-2,5.773199864E0,2.016356894E0,-1.148054667E0,-5.307024971E0
1.318439230E1,9.987066004E-1,1.740298872E-2,-1.097199158E-2,-4.649599578E-2,5.828822110E0,2.050975986E0,-1.163027329E0,-5.351918370E0
1.319436110E1,9.986815434E-1,1.745678148E-2,-1.113464787E-2,-4.697291988E-2,5.885024398E0,2.058576445E0,-1.180373266E0,-5.407044827E0
1.320431980E1,9.986631361E-1,1.776886425E-2,-1.136630831E-2,-4.719126103E-2,5.925972345E0,2.095836142E0,-1.204741473E0,-5.432971660E0
1.321428756E1,9.986592564E-1,1.826133844E-2,-1.167639256E-2,-4.700930839E-2,5.934566966E0,2.153698523E0,-1.237946952E0,-5.413393547E0
1.322425959E1,9.986640713E-1,1.894665339E-2,-1.191599392E-2,-4.657366283E-2,5.923898701E0,2.232928352E0,-1.262633024E0,-5.364826439E0
1.323422777E1,9.986786023E-1,1.952583424E-2,-1.215284686E-2,-4.595758177E-2,5.891586058E0,2.299738720E0,-1.288052067E0,-5.295455880E0
1.324415985E1,9.987049409E-1,2.016633287E-2,-1.246249251E-2,-4.501606799E-2,5.832561214E0,2.373496762E0,-1.322337113E0,-5.189051086E0
1.325412433E1,9.987407947E-1,2.072428218E-2,-1.276725536E-2,-4.386714325E-2,5.751239781E0,2.437434547E0,-1.357127441E0,-5.058781878E0
1.326411944E1,9.987820603E-1,2.104671162E-2,-1.313081972E-2,-4.264989412E-2,5.656197986E0,2.474520357E0,-1.400125867E0,-4.920547499E0
1.327408709E1,9.988248095E-1,2.200717441E-2,-1.326211169E-2,-4.109501992E-2,5.556026505E0,2.582987574E0,-1.414448835E0,-4.743915303E0
1.328405959E1,9.988804645E-1,2.297521444E-2,-1.324430814E-2,-3.917327362E-2,5.422843571E0,2.691078204E0,-1.412995989E0,-4.524846586E0
1.329402772E1,9.989525845E-1,2.304790217E-2,-1.342238945E-2,-3.718020304E-2,5.245235953E0,2.697361263E0,-1.438436160E0,-4.296904170E0
1.330399397E1,9.990275119E-1,2.323853409E-2,-1.343902897E-2,-3.497704266E-2,5.054113341E0,2.716095985E0,-1.445513230E0,-4.044607770E0
1.331396188E1,9.991057773E-1,2.342305033E-2,-1.316371131E-2,-3.264541465E-2,4.846439871E0,2.732802192E0,-1.419623528E0,-3.776769119E0
1.332392918E1,9.991845484E-1,2.354450782E-2,-1.289189931E-2,-3.016112432E-2,4.628030902E0,2.742217944E0,-1.394861181E0,-3.491368466E0
1.333389699E1,9.992447258E-1,2.442140957E-2,-1.228163891E-2,-2.761764036E-2,4.453970009E0,2.837164442E0,-1.329140787E0,-3.199250753E0
1.334384918E1,9.992901695E-1,2.553347461E-2,-1.142387031E-2,-2.523279814E-2,4.317880932E0,2.958876866E0,-1.234416214E0,-2.924787120E0
1.335381542E1,9.993251776E-1,2.622020174E-2,-1.076506054E-2,-2.336244470E-2,4.210045436E0,3.033446930E0,-1.162637282E0,-2.709244252E0
1.336378345E1,9.993316327E-1,2.760237666E-2,-1.010674881E-2,-2.173131985E-2,4.189858980E0,3.188273814E0,-1.088703396E0,-2.521798297E0
1.337374985E1,9.993351271E-1,2.836196162E-2,-9.782608638E-3,-2.071722812E-2,4.178890802E0,3.273437642E0,-1.052986475E0,-2.405347486E0
1.338370240E1,9.993267361E-1,2.878490703E-2,-9.833908031E-3,-2.051335877E-2,4.205180658E0,3.321829960E0,-1.058520911E0,-2.382605476E0
1.339366740E1,9.992801579E-1,3.054363563E-2,-9.746605946E-3,-2.027945001E-2,4.348228050E0,3.522978260E0,-1.045153812E0,-2.357351631E0
1.340365751E1,9.992352805E-1,3.186884849E-2,-9.878044386E-3,-2.038761591E-2,4.481737132E0,3.675330533E0,-1.056681234E0,-2.371616130E0
1.341362501E1,9.991938090E-1,3.260919959E-2,-1.017321624E-2,-2.109212834E-2,4.601673345E0,3.761692101E0,-1.086074140E0,-2.454237184E0
1.342358642E1,9.991647856E-1,3.248295732E-2,-1.058586456E-2,-2.241713950E-2,4.683783809E0,3.749760171E0,-1.128667855E0,-2.607478607E0
1.343355329E1,9.991122353E-1,3.324469380E-2,-1.092805587E-2,-2.345440582E-2,4.828905321E0,3.839211465E0,-1.161879879E0,-2.728513961E0
1.344349964E1,9.990496844E-1,3.461417382E-2,-1.105826353E-2,-2.406868953E-2,4.996155502E0,3.997297613E0,-1.170592601E0,-2.801010040E0
1.345346449E1,9.990012083E-1,3.536950224E-2,-1.135046433E-2,-2.483447383E-2,5.122019680E0,4.085654759E0,-1.198800497E0,-2.890841492E0
1.346344709E1,9.989588386E-1,3.565574469E-2,-1.173099659E-2,-2.592856137E-2,5.229550187E0,4.120960129E0,-1.237029540E0,-3.018130509E0
1.347341365E1,9.989252999E-1,3.521562006E-2,-1.216072790E-2,-2.757212398E-2,5.313126706E0,4.073947197E0,-1.280860938E0,-3.207687132E0
1.348339037E1,9.988961672E-1,3.364534679E-2,-1.311818514E-2,-3.003915914E-2,5.384671794E0,3.900525049E0,-1.385893949E0,-3.492193967E0
1.349335803E1,9.987990177E-1,3.359567059E-2,-1.369350889E-2,-3.292933197E-2,5.616676330E0,3.901073723E0,-1.440657106E0,-3.825659072E0
1.350330490E1,9.986382435E-1,3.541280887E-2,-1.366262101E-2,-3.579000377E-2,5.980901498E0,4.113308167E0,-1.418397762E0,-4.156006293E0
1.351327042E1,9.984378597E-1,3.779590301E-2,-1.351208271E-2,-3.886815606E-2,6.405959508E0,4.390070175E0,-1.377743081E0,-4.511490314E0
1.352325970E1,9.982307067E-1,3.837696732E-2,-1.375163768E-2,-4.328460440E-2,6.817601181E0,4.463917862E0,-1.382816063E0,-5.019628521E0
1.353322756E1,9.979582896E-1,3.850171501E-2,-1.454440060E-2,-4.883984534E-2,7.323836019E0,4.490390980E0,-1.447936796E0,-5.660384223E0
1.354319204E1,9.976188716E-1,3.891449319E-2,-1.574244643E-2,-5.472133560E-2,7.909431047E0,4.553838925E0,-1.555829889E0,-6.341142031E0
1.355315954E1,9.971973739E-1,3.859651628E-2,-1.753502518E-2,-6.164600008E-2,8.581272438E0,4.541132650E0,-1.731347759E0,-7.143614013E0
1.356311074E1,9.966779893E-1,3.906583290E-2,-1.924324912E-2,-6.882255171E-2,9.343044933E0,4.621024323E0,-1.890039221E0,-7.976495233E0
1.357307662E1,9.961076264E-1,3.975982222E-2,-2.088401584E-2,-7.584596945E-2,1.011383482E1,4.728269557E0,-2.038682269E0,-8.792642885E0
1.358306480E1,9.954844217E-1,4.072169035E-2,-2.270724165E-2,-8.268549639E-2,1.089401266E1,4.869906192E0,-2.205012225E0,-9.590017561E0
1.359303293E1,9.948268160E-1,4.260596554E-2,-2.407225629E-2,-8.902170707E-2,1.166095153E1,5.113527687E0,-2.310203929E0,-1.033011646E1
1.360299142E1,9.941683747E-1,4.268633251E-2,-2.559484456E-2,-9.566621019E-2,1.238151285E1,5.155206222E0,-2.448643939E0,-1.110324722E1
1.361295855E1,9.934851326E-1,4.262199642E-2,-2.722428401E-2,-1.021248997E-1,1.308749354E1,5.183299605E0,-2.601452251E0,-1.185593539E1
1.362291042E1,9.928532768E-1,4.333809730E-2,-2.835660597E-2,-1.075178262E-1,1.370818935E1,5.293425419E0,-2.693243739E0,-1.248567407E1
1.363287600E1,9.922795254E-1,4.321590038E-2,-2.976978628E-2,-1.123721020E-1,1.424850948E1,5.311357413E0,-2.829692458E0,-1.305330849E1
1.364286053E1,9.917016355E-1,4.316877091E-2,-3.099956024E-2,-1.170613116E-1,1.477286285E1,5.336311137E0,-2.945030208E0,-1.360145540E1
1.365282798E1,9.911756028E-1,4.250628593E-2,-3.211948818E-2,-1.213774222E-1,1.523456417E1,5.289658079E0,-3.058382500E0,-1.410444955E1
1.366279761E1,9.906150448E-1,4.100101855E-2,-3.343139057E-2,-1.260281383E-1,1.571172854E1,5.152070279E0,-3.204545373E0,-1.464489356E1
1.367276532E1,9.900997417E-1,4.130760981E-2,-3.421320057E-2,-1.297136835E-1,1.613800487E1,5.210838994E0,-3.269503533E0,-1.507652253E1
1.368271907E1,9.896103611E-1,3.990518067E-2,-3.493872085E-2,-1.336345601E-1,1.653273047E1,5.075630419E0,-3.352915340E0,-1.552977257E1
1.369268537E1,9.890372903E-1,3.918761129E-2,-3.593213942E-2,-1.377622984E-1,1.698338036E1,5.024140196E0,-3.455844543E0,-1.601099754E1
1.370265428E1,9.885945177E-1,4.155877908E-2,-3.637340091E-2,-1.401096825E-1,1.732359800E1,5.309190899E0,-3.455397623E0,-1.629342969E1
1.371262079E1,9.882007586E-1,4.211077804E-2,-3.713786254E-2,-1.425016568E-1,1.762067838E1,5.393164574E0,-3.520038231E0,-1.657717417E1
1.372260350E1,9.877729579E-1,4.246232517E-2,-3.842045455E-2,-1.450013905E-1,1.793790982E1,5.464040516E0,-3.645736666E0,-1.687635134E1
1.373257168E1,9.874623571E-1,4.423961697E-2,-3.947172908E-2,-1.462974101E-1,1.816478965E1,5.689006765E0,-3.727393466E0,-1.703996514E1
1.374252006E1,9.872143376E-1,4.472136728E-2,-4.084129313E-2,-1.474443616E-1,1.834395853E1,5.772099707E0,-3.867559270E0,-1.718417356E1
1.375248626E1,9.870098565E-1,4.669521566E-2,-4.190052566E-2,-1.479035025E-1,1.849038073E1,6.016844616E0,-3.950791607E0,-1.725244558E1
1.376247048E1,9.869550291E-1,4.877976592E-2,-4.268576860E-2,-1.473710627E-1,1.852944578E1,6.265452144E0,-4.007118745E0,-1.720459792E1
1.377243845E1,9.869587860E-1,4.957887780E-2,-4.366219680E-2,-1.467920369E-1,1.852677152E1,6.371130525E0,-4.107614897E0,-1.714807499E1
1.378240636E1,9.870479817E-1,5.041550145E-2,-4.459918175E-2,-1.456209873E-1,1.846316777E1,6.477796781E0,-4.206994998E0,-1.702300231E1
1.379237428E1,9.872445552E-1,5.017381336E-2,-4.557413953E-2,-1.440617034E-1,1.832222227E1,6.460604709E0,-4.331640521E0,-1.684894329E1
1.380232365E1,9.875213087E-1,4.893078721E-2,-4.673179604E-2,-1.422096419E-1,1.812194479E1,6.330941250E0,-4.495478823E0,-1.663801989E1
1.381228970E1,9.879172054E-1,4.905536037E-2,-4.722703733E-2,-1.392220305E-1,1.783157007E1,6.339886161E0,-4.568656761E0,-1.629630140E1
1.382227365E1,9.884856997E-1,4.907489257E-2,-4.705470355E-2,-1.351796262E-1,1.740620128E1,6.320622345E0,-4.574652941E0,-1.582699229E1
1.383224152E1,9.891107263E-1,4.789161755E-2,-4.691649600E-2,-1.310160545E-1,1.692629745E1,6.164322345E0,-4.603630101E0,-1.533878946E1
1.384220871E1,9.897696235E-1,4.755723177E-2,-4.617001048E-2,-1.263437071E-1,1.640530773E1,6.093018707E0,-4.552827503E0,-1.479132328E1
1.385217647E1,9.905065384E-1,4.705461790E-2,-4.511105970E-2,-1.210274869E-1,1.580243832E1,5.995664192E0,-4.472223803E0,-1.416691794E1
1.386212365E1,9.912583477E-1,4.539364507E-2,-4.446648056E-2,-1.156245530E-1,1.516286505E1,5.772584360E0,-4.453977372E0,-1.353098530E1
1.387208938E1,9.920115764E-1,4.479402625E-2,-4.368691482E-2,-1.095352957E-1,1.449398155E1,5.666330423E0,-4.408261725E0,-1.282011382E1
1.388208183E1,9.927622700E-1,4.268639344E-2,-4.314121774E-2,-1.036329218E-1,1.379529863E1,5.392282232E0,-4.405257334E0,-1.212641939E1
1.389205022E1,9.934231124E-1,4.161720488E-2,-4.264454470E-2,-9.777510368E-2,1.314970925E1,5.238071390E0,-4.392579647E0,-1.144319717E1
1.390199980E1,9.940782873E-1,4.185064092E-2,-4.165281869E-2,-9.122458643E-2,1.247687539E1,5.224754225E0,-4.311375736E0,-1.068327276E1
1.391196626E1,9.947280971E-1,3.946649236E-2,-4.100754086E-2,-8.530410560E-2,1.177178466E1,4.919363085E0,-4.292569152E0,-9.987430788E0
1.392195293E1,9.952941996E-1,3.675705866E-2,-4.073181721E-2,-7.987048190E-2,1.112128144E1,4.582875730E0,-4.313212356E0,-9.348765204E0
1.393192147E1,9.958163188E-1,3.680324764E-2,-4.009011124E-2,-7.340410880E-2,1.048572460E1,4.554332919E0,-4.269147546E0,-8.601422164E0
1.394187897E1,9.963356116E-1,3.588034345E-2,-3.964724277E-2,-6.675362203E-2,9.812983772E0,4.416334112E0,-4.256040930E0,-7.830261629E0
1.395184636E1,9.967957583E-1,3.354438006E-2,-3.937495324E-2,-6.101314539E-2,9.175849784E0,4.121849262E0,-4.266994223E0,-7.158946865E0
1.396181339E1,9.972027053E-1,3.168374780E-2,-3.913866447E-2,-5.523648813E-2,8.573102712E0,3.882033636E0,-4.275836017E0,-6.485886749E0
1.397178074E1,9.975598603E-1,3.064512482E-2,-3.893851262E-2,-4.918326672E-2,8.006880089E0,3.735628775E0,-4.282407453E0,-5.784921054E0
1.398174157E1,9.978712949E-1,3.013797895E-2,-3.851605399E-2,-4.314040588E-2,7.478292477E0,3.649148988E0,-4.259153006E0,-5.086729453E0
1.399170824E1,9.981682382E-1,2.786773371E-2,-3.836214288E-2,-3.757530589E-2,6.936947984E0,3.364010641E0,-4.271888916E0,-4.437180641E0
1.400167246E1,9.984216541E-1,2.514736677E-2,-3.847051491E-2,-3.227739270E-2,6.439110232E0,3.029403484E0,-4.312495996E0,-3.817361899E0
1.401163886E1,9.986209083E-1,2.497248415E-2,-3.824024265E-2,-2.589093313E-2,6.018858378E0,2.980898489E0,-4.305927515E0,-3.082403375E0
1.402161824E1,9.987930513E-1,2.533091626E-2,-3.752458111E-2,-1.904445152E-2,5.630613522E0,2.990649257E0,-4.243408055E0,-2.295527475E0
1.403158595E1,9.989513364E-1,2.343690855E-2,-3.700540433E-2,-1.332437214E-2,5.248360816E0,2.747801482E0,-4.204046500E0,-1.629246564E0
1.404152855E1,9.990863214E-1,1.985074584E-2,-3.684528722E-2,-8.654199751E-3,4.898887147E0,2.316044779E0,-4.202382065E0,-1.077565612E0
1.405149371E1,9.991611688E-1,1.855966712E-2,-3.634750316E-2,-3.369956648E-3,4.693915707E0,2.145179893E0,-4.158105076E0,-4.643752584E-1
1.406148579E1,9.991854402E-1,1.916585383E-2,-3.537919557E-2,3.072253637E-3,4.625499173E0,2.188024795E0,-4.061001579E0,2.747570868E-1
1.407145365E1,9.992141954E-1,1.784388063E-2,-3.434725232E-2,8.535444390E-3,4.543110930E0,2.014765054E0,-3.953401524E0,9.092912488E-1
1.408141011E1,9.992280067E-1,1.531176590E-2,-3.368656297E-2,1.319681163E-2,4.503003891E0,1.706472055E0,-3.883343332E0,1.455467272E0
1.409137683E1,9.991919632E-1,1.411889323E-2,-3.302042572E-2,1.804796501E-2,4.606938847E0,1.551932010E0,-3.812817965E0,2.017932053E0
1.410133803E1,9.991105608E-1,1.436447540E-2,-3.206063671E-2,2.332090716E-2,4.833458045E0,1.562375627E0,-3.711593312E0,2.623646725E0
1.411130418E1,9.990038425E-1,1.449807734E-2,-3.107081810E-2,2.856103592E-2,5.115259830E0,1.561297310E0,-3.606738358E0,3.226064326E0
1.412127501E1,9.989087050E-1,1.338225469E-2,-3.022570255E-2,3.299577653E-2,5.353998124E0,1.420349003E0,-3.512629344E0,3.740237940E0
1.413124168E1,9.987878191E-1,1.395542868E-2,-2.886736640E-2,3.734720357E-2,5.642807397E0,1.476402443E0,-3.365606536E0,4.239495469E0
1.414121933E1,9.986514892E-1,1.496389895E-2,-2.707166562E-2,4.169424061E-2,5.951735893E0,1.585711133E0,-3.171114400E0,4.737587040E0
1.415118709E1,9.985366607E-1,1.494129839E-2,-2.522675514E-2,4.544123407E-2,6.200020491E0,1.580597997E0,-2.965669154E0,5.170299318E0
1.416114162E1,9.984698551E-1,1.224922948E-2,-2.421264155E-2,4.818353318E-2,6.340000646E0,1.269484148E0,-2.839113787E0,5.494140696E0
1.417110803E1,9.983750867E-1,1.197592744E-2,-2.284999025E-2,5.080985536E-2,6.533434630E0,1.238524825E0,-2.684872201E0,5.797804683E0
1.418108855E1,9.982221208E-1,1.340857437E-2,-2.115741361E-2,5.408485438E-2,6.834128046E0,1.404132258E0,-2.504049561E0,6.171951910E0
1.419105636E1,9.981540407E-1,1.162313493E-2,-2.034269920E-2,5.603202913E-2,6.963787540E0,1.199980245E0,-2.402131943E0,6.400768610E0
1.420102975E1,9.981151094E-1,1.105678396E-2,-1.934421598E-2,5.718196619E-2,7.036860510E0,1.138852500E0,-2.285562124E0,6.535058109E0
1.421099808E1,9.980441621E-1,1.291737845E-2,-1.771541291E-2,5.854191604E-2,7.168113309E0,1.359537293E0,-2.113200491E0,6.688787390E0
1.422094230E1,9.980342610E-1,1.331932782E-2,-1.599018989E-2,5.911449315E-2,7.186240151E0,1.415902752E0,-1.919323245E0,6.755724668E0
1.423090818E1,9.980309434E-1,1.382550982E-2,-1.436422753E-2,5.947066779E-2,7.192303705E0,1.484125365E0,-1.737262895E0,6.797714158E0
1.424090017E1,9.980349681E-1,1.350043727E-2,-1.329826464E-2,5.972517795E-2,7.184947107E0,1.453715117E0,-1.613484682E0,6.828836847E0
1.425086876E1,9.980528628E-1,1.300980439E-2,-1.228141995E-2,5.975278029E-2,7.152146411E0,1.404435968E0,-1.493856273E0,6.834032717E0
1.426083032E1,9.980228320E-1,1.366934750E-2,-1.088227466E-2,6.037509317E-2,7.207107436E0,1.488580104E0,-1.339244258E0,6.906345332E0
1.427079818E1,9.979354099E-1,1.458530861E-2,-9.495316009E-3,6.182253148E-2,7.364771783E0,1.601187809E0,-1.189249300E0,7.073316938E0
1.428078990E1,9.978487477E-1,1.286060189E-2,-9.318163533E-3,6.360545198E-2,7.517807308E0,1.403056661E0,-1.159301316E0,7.280296998E0
1.429076017E1,9.977759748E-1,1.129038468E-2,-9.557589337E-3,6.499449134E-2,7.643952953E0,1.220071759E0,-1.176954792E0,7.441358319E0
1.430070730E1,9.975809474E-1,1.467173773E-2,-7.983130703E-3,6.747787094E-2,7.972194149E0,1.615934843E0,-1.026088955E0,7.724884810E0
1.431067517E1,9.974804153E-1,1.352127866E-2,-6.902802857E-3,6.929897112E-2,8.136232207E0,1.491055567E0,-8.964200296E-1,7.936699315E0
1.432063673E1,9.974656479E-1,1.098334466E-2,-6.503704959E-3,6.999535134E-2,8.160050851E0,1.203458651E0,-8.315061526E-1,8.019362461E0
1.433060397E1,9.972828509E-1,1.503111382E-2,-4.409499316E-3,7.198289587E-2,8.449339284E0,1.681728746E0,-6.279171487E-1,8.247571218E0
1.434060454E1,9.970461069E-1,1.705829375E-2,-2.139363604E-3,7.485651868E-2,8.809920180E0,1.931021535E0,-3.907566516E-1,8.580642594E0
1.435057516E1,9.969541182E-1,1.288298211E-2,-1.985024434E-3,7.689326791E-2,8.946114337E0,1.454475603E0,-3.402922783E-1,8.816456984E0
1.436051418E1,9.967565054E-1,1.242901692E-2,-1.482895401E-3,7.949710418E-2,9.231912376E0,1.406290415E0,-2.826018629E-1,9.116567399E0
1.437048157E1,9.965508820E-1,1.107772905E-2,-7.219188446E-4,8.223808378E-2,9.520210731E0,1.258340516E0,-1.868350008E-1,9.432976005E0
1.438045204E1,9.964042883E-1,7.921150506E-3,-4.868643988E-4,8.435349803E-2,9.720537445E0,8.997664162E-1,-1.321574768E-1,9.676966822E0
1.439041975E1,9.961910790E-1,8.950739169E-3,6.901581022E-4,8.673374223E-2,1.000475720E1,1.028687156E0,-1.017593209E-2,9.951769170E0
1.440037527E1,9.960058060E-1,8.406083256E-3,1.497356874E-3,8.887930059E-2,1.024535151E1,9.747171146E-1,8.528472366E-2,1.019937293E1
1.441034173E1,9.959589108E-1,5.468769131E-3,1.361874994E-3,8.963306266E-2,1.030536092E1,6.381445630E-1,9.925799862E-2,1.028571217E1
1.442031918E1,9.958930759E-1,6.729435157E-3,2.527898313E-3,9.025134821E-2,1.038902310E1,7.941443216E-1,2.188905589E-1,1.035791956E1
1.443028673E1,9.958811365E-1,6.222078801E-3,3.362168209E-3,9.039216563E-2,1.040412370E1,7.449194593E-1,3.192414418E-1,1.037467241E1
1.444025761E1,9.959700714E-1,4.873161210E-3,3.667555825E-3,8.947859131E-2,1.029111094E1,5.938009049E-1,3.686129048E-1,1.026932472E1
1.445022548E1,9.960646025E-1,6.666382781E-3,4.609264444E-3,8.825883346E-2,1.016961376E1,8.075743161E-1,4.586871778E-1,1.013046002E1
1.446019871E1,9.962290313E-1,7.006238053E-3,5.238646455E-3,8.632025483E-2,9.954756921E0,8.517142822E-1,5.287457271E-1,9.908207946E0
1.447016709E1,9.964891001E-1,6.370953918E-3,5.377676339E-3,8.330645196E-2,9.605146552E0,7.788911458E-1,5.532628660E-1,9.561386188E0
1.448012209E1,9.967307793E-1,7.544051477E-3,5.765568037E-3,8.023464996E-2,9.268471784E0,9.147555153E-1,5.891742659E-1,9.209226280E0
1.449008912E1,9.970017622E-1,7.563430423E-3,5.806306089E-3,7.678911116E-2,8.875835332E0,9.152871931E-1,5.968160425E-1,8.813223057E0
1.450004527E1,9.973136073E-1,7.460641449E-3,5.772568835E-3,7.264010515E-2,8.401360935E0,9.007665016E-1,5.976195296E-1,8.336349849E0
1.451001121E1,9.976485410E-1,5.841098477E-3,4.969840450E-3,6.810705458E-2,7.859980518E0,7.066010427E-1,5.225830352E-1,7.813992320E0
1.451996522E1,9.980222641E-1,3.551527721E-3,3.585052196E-3,6.265855355E-2,7.208142647E0,4.319252077E-1,3.845066485E-1,7.186388900E0
1.452992996E1,9.983310882E-1,6.594587506E-3,3.869301074E-3,5.724140382E-2,6.621322488E0,7.798461407E-1,3.993960828E-1,6.565879226E0
1.453990839E1,9.986654601E-1,6.471323925E-3,3.582615288E-3,5.111345896E-2,5.920818140E0,7.615919335E-1,3.720885575E-1,5.862357793E0
1.454987449E1,9.989960388E-1,5.150788811E-3,1.951507797E-3,4.445869422E-2,5.135259985E0,5.996009736E-1,1.971610352E-1,5.097379902E0
1.455984928E1,9.992234180E-1,7.998401880E-3,1.595790368E-3,3.854918974E-2,4.516368896E0,9.229297941E-1,1.473900252E-1,4.419840718E0
1.456981621E1,9.994233786E-1,7.487075865E-3,4.508003356E-4,3.311571708E-2,3.891650790E0,8.592039420E-1,2.321630875E-2,3.795756471E0
1.457977261E1,9.996041128E-1,6.130977814E-3,-1.355602502E-3,2.742610175E-2,3.224539236E0,6.980402922E-1,-1.745478124E-1,3.142192588E0
1.458973850E1,9.997234257E-1,6.777558758E-3,-2.507845872E-3,2.237962151E-2,2.695153628E0,7.700388810E-1,-3.046810788E-1,2.562749375E0
1.459972115E1,9.998339152E-1,4.450901001E-3,-4.344524369E-3,1.713057564E-2,2.088519778E0,5.014485851E-1,-5.065069381E-1,1.960936885E0
1.460968876E1,9.999014960E-1,4.768388273E-3,-5.371330866E-3,1.205858575E-2,1.608414690E0,5.389807651E-1,-6.220497848E-1,1.378955420E0
1.461965168E1,9.999303536E-1,5.899756390E-3,-5.929932862E-3,8.325671162E-3,1.352444985E0,6.704209613E-1,-6.851179243E-1,9.500876476E-1
1.462961876E1,9.999549506E-1,3.399582428E-3,-7.670766236E-3,4.438360668E-3,1.087712149E0,3.856930381E-1,-8.807291700E-1,5.056538078E-1
1.463957501E1,9.999560867E-1,2.612798372E-3,-8.986882690E-3,4.837078384E-4,1.073908906E0,2.989430156E-1,-1.029975972E0,5.274421635E-2
1.464954100E1,9.999461956E-1,3.658901376E-3,-9.253130360E-3,-2.932210544E-3,1.188716626E0,4.224417634E-1,-1.059104482E0,-3.399282115E-1
1.465951985E1,9.999280562E-1,2.690074258E-3,-9.733922914E-3,-6.472770156E-3,1.374570576E0,3.155186861E-1,-1.113419936E0,-7.448336461E-1
1.466948714E1,9.999016592E-1,3.893154480E-3,-9.900240989E-3,-9.137862718E-3,1.607082182E0,4.565392032E-1,-1.130369202E0,-1.051699392E0
1.467944642E1,9.998843113E-1,4.967996327E-3,-9.646847107E-3,-1.065933588E-2,1.743080124E0,5.811248407E-1,-1.099318551E0,-1.227140129E0
1.468941287E1,9.998785045E-1,3.812123613E-3,-9.776886850E-3,-1.152634050E-2,1.786290955E0,4.497874580E-1,-1.115247877E0,-1.325300971E0
1.469938839E1,9.998751631E-1,2.526582519E-3,-1.000008916E-2,-1.196966569E-2,1.810688338E0,3.032669300E-1,-1.142392926E0,-1.374751833E0
1.470935574E1,9.998859518E-1,3.021444210E-3,-9.622088294E-3,-1.124142418E-2,1.730676542E0,3.586556999E-1,-1.098659534E0,-1.291703746E0
1.471932511E1,9.999067798E-1,2.242916534E-3,-9.134342927E-3,-9.897721052E-3,1.564682025E0,2.674008428E-1,-1.044134908E0,-1.136700554E0
1.472929267E1,9.999292868E-1,2.239897852E-3,-8.323633346E-3,-8.192762496E-3,1.362763170E0,2.645070690E-1,-9.516915712E-1,-9.410636159E-1
1.473925339E1,9.999554919E-1,2.774482122E-3,-7.164609280E-3,-5.475834095E-3,1.081156497E0,3.224484256E-1,-8.192541779E-1,-6.298113622E-1
1.474922027E1,9.999742795E-1,2.261903091E-3,-6.362347772E-3,-2.417593494E-3,8.218804681E-1,2.609729269E-1,-7.284455942E-1,-2.787013941E-1
1.475917777E1,9.999843157E-1,1.900298272E-3,-5.245873678E-3,4.879595423E-4,6.418023173E-1,2.174738935E-1,-6.012407063E-1,5.477586015E-2
1.476914365E1,9.999772867E-1,3.205263901E-3,-3.923886706E-3,4.444717710E-3,7.723403661E-1,3.653031085E-1,-4.512712757E-1,5.078967395E-1
1.477912199E1,9.999586688E-1,2.311311788E-3,-3.058840850E-3,8.243912945E-3,1.041857530E0,2.619621155E-1,-3.526885384E-1,9.438942128E-1
1.478908918E1,9.999272948E-1,1.054982410E-3,-2.105295243E-3,1.182623565E-2,1.381824796E0,1.180313634E-1,-2.426619477E-1,1.354972183E0
1.479904839E1,9.998813940E-1,-1.945158647E-3,-2.000575419E-3,1.514635433E-2,1.764921136E0,-2.263469594E-1,-2.258463471E-1,1.736163588E0
1.480901475E1,9.998209482E-1,-3.889374955E-3,-1.945929202E-3,1.841623197E-2,2.168519911E0,-4.497240961E-1,-2.147397156E-1,2.111326772E0
1.481897980E1,9.997497124E-1,-3.171211524E-3,-8.601622955E-4,2.212952863E-2,2.563871925E0,-3.654873029E-1,-9.050096637E-2,2.536366552E0
1.482894600E1,9.996597954E-1,-3.362765001E-3,-1.908948280E-5,2.586474238E-2,2.989165953E0,-3.852728740E-1,7.780086434E-3,2.964202325E0
1.483892694E1,9.995586509E-1,-4.621723013E-3,-2.703374677E-4,2.934399328E-2,3.404667517E0,-5.302933222E-1,-1.542383444E-2,3.363164123E0
1.484889464E1,9.994495760E-1,-3.609549406E-3,-3.139791261E-5,3.297749636E-2,3.802211249E0,-4.135184725E-1,1.004432514E-2,3.779616386E0
1.485886459E1,9.993282015E-1,-4.573631411E-3,-3.536106185E-4,3.636072848E-2,4.200601300E0,-5.252282228E-1,-2.143692918E-2,4.167693355E0
1.486883246E1,9.992303652E-1,-3.936499693E-3,1.664361466E-5,3.902795021E-2,4.496119277E0,-4.506727011E-1,1.951085416E-2,4.473367731E0
1.487878657E1,9.991375560E-1,-2.575007107E-3,7.962472722E-4,4.143524572E-2,4.759532590E0,-2.910406344E-1,1.033910472E-1,4.749243785E0
1.488875303E1,9.990607356E-1,-2.745560387E-3,9.999237721E-4,4.323318989E-2,4.967016064E0,-3.093710309E-1,1.280772487E-1,4.955378630E0
1.489872115E1,9.990104214E-1,-1.878699320E-3,1.346912632E-3,4.441659856E-2,5.098337617E0,-2.082158813E-1,1.637544473E-1,5.091158373E0
1.490868782E1,9.989579452E-1,8.299017903E-4,2.473243839E-3,4.556553493E-2,5.231793785E0,1.079158410E-1,2.787853651E-1,5.223514510E0
1.491866730E1,9.989584262E-1,-6.257763347E-4,2.591823721E-3,4.555165943E-2,5.230586189E0,-5.810590824E-2,2.999595921E-1,5.221508984E0
1.492863522E1,9.990180200E-1,-1.467551200E-3,2.536887708E-3,4.420866587E-2,5.078722512E0,-1.551544068E-1,2.978563180E-1,5.067210035E0
1.493858798E1,9.990845240E-1,4.811306266E-4,3.103156826E-3,4.266442207E-2,4.903704081E0,7.025566543E-2,3.529200318E-1,4.890707556E0
1.494855438E1,9.991865146E-1,1.999003050E-4,3.299966556E-3,4.019178111E-2,4.622447084E0,3.808753434E-2,3.769227443E-1,4.607030205E0
1.495853985E1,9.993183468E-1,-1.562433151E-4,3.084854005E-3,3.678724097E-2,4.231302274E0,-4.887829321E-3,3.539181621E-1,4.216463711E0
1.496850813E1,9.994488514E-1,2.223284285E-5,2.337481353E-3,3.311388235E-2,3.804713375E0,1.141615647E-2,2.676246132E-1,3.795302257E0
1.497847256E1,9.995920175E-1,-6.580020206E-4,1.207736880E-3,2.852905559E-2,3.273430881E0,-7.142262804E-2,1.404912624E-1,3.269548118E0
1.498844048E1,9.997261275E-1,1.416570817E-4,4.317809728E-4,2.339793885E-2,2.681956757E0,1.738596065E-2,4.908509819E-2,2.681458719E0
1.499839089E1,9.998390427E-1,3.314363921E-4,-3.798266086E-4,1.793417566E-2,2.056027153E0,3.719312982E-2,-4.419905861E-2,2.055201245E0
1.500835699E1,9.999308242E-1,-3.543429948E-5,-1.319595175E-3,1.168778516E-2,1.347868030E0,-5.827573243E-3,-1.511567255E-1,1.339360872E0
1.501834626E1,9.999803639E-1,1.121949668E-3,-2.099028415E-3,5.797162777E-3,7.181179888E-1,1.271702720E-1,-2.412722463E-1,6.640437659E-1
1.502831470E1,9.999945822E-1,1.726093470E-3,-2.746703717E-3,5.582991651E-4,3.772050065E-1,1.976223218E-1,-3.148593698E-1,6.343370958E-2
1.503827709E1,9.999827226E-1,9.133190466E-4,-3.804124206E-3,-4.387367213E-3,6.736083456E-1,1.065725280E-1,-4.354580081E-1,-5.031656965E-1
1.504824490E1,9.999502200E-1,1.702499497E-3,-4.779497111E-3,-8.591585852E-3,1.143396096E0,1.997973623E-1,-5.459948746E-1,-9.854999859E-1
1.505819803E1,9.999030318E-1,1.191991631E-3,-5.730114153E-3,-1.263613642E-2,1.595826972E0,1.448857258E-1,-6.548473021E-1,-1.448885889E0
1.506816438E1,9.998279538E-1,-5.897160751E-4,-7.078973176E-3,-1.713485047E-2,2.125672475E0,-5.367062969E-2,-8.122361281E-1,-1.963274443E0
1.507815006E1,9.997516662E-1,1.769721865E-3,-7.614997439E-3,-2.086829938E-2,2.553845207E0,2.209807230E-1,-8.681989625E-1,-2.393251945E0
1.508811834E1,9.996736305E-1,3.208633575E-3,-7.669358793E-3,-2.415611839E-2,2.927751487E0,3.888395577E-1,-8.697085732E-1,-2.771403452E0
1.509808522E1,9.995814032E-1,2.048106651E-3,-8.825588903E-3,-2.747603765E-2,3.315742042E0,2.624263002E-1,-1.004517600E0,-3.151348070E0
1.510805334E1,9.995113442E-1,3.333384560E-3,-9.679214230E-3,-2.953428873E-2,3.582505365E0,4.146288874E-1,-1.097399907E0,-3.389020714E0
1.511800110E1,9.994470440E-1,1.916920448E-3,-1.049754569E-2,-3.149179601E-2,3.810947207E0,2.574807763E-1,-1.195434110E0,-3.612182506E0
1.512796714E1,9.993970102E-1,4.230466720E-3,-1.058036098E-2,-3.279901176E-2,3.979646020E0,5.243711744E-1,-1.195875642E0,-3.764880824E0
1.513795647E1,9.993940955E-1,6.476934225E-3,-1.000568846E-2,-3.270133686E-2,3.989253653E0,7.794199628E-1,-1.121673379E0,-3.755861396E0
1.514792485E1,9.993846358E-1,4.568734028E-3,-1.047502070E-2,-3.316248538E-2,4.020277488E0,5.631517068E-1,-1.182332378E0,-3.806896827E0
1.515789272E1,9.993872408E-1,5.240432221E-3,-1.102490568E-2,-3.280445570E-2,4.011758083E0,6.417496298E-1,-1.242985110E0,-3.767029985E0
1.516786105E1,9.994348336E-1,5.731986992E-3,-1.126609598E-2,-3.114856070E-2,3.852798153E0,6.968672179E-1,-1.269914308E0,-3.577948058E0
1.517781548E1,9.994391048E-1,-2.729706194E-4,-1.301662153E-2,-3.085399102E-2,3.838210354E0,1.476407827E-2,-1.491892021E0,-3.536660202E0
1.518778240E1,9.994609281E-1,1.704640221E-3,-1.321717492E-2,-3.000422680E-2,3.762794249E0,2.407598830E-1,-1.508073390E0,-3.442221398E0
1.519774392E1,9.995395871E-1,4.219093213E-3,-1.224213276E-2,-2.743981229E-2,3.477427158E0,5.219042633E-1,-1.389068867E0,-3.151356166E0
1.520771027E1,9.995747156E-1,-5.170674478E-4,-1.309590102E-2,-2.605029675E-2,3.342125449E0,-2.014013241E-2,-1.501756964E0,-2.985474391E0
1.521766542E1,9.996128179E-1,-5.522794089E-4,-1.358773738E-2,-2.427514598E-2,3.188888151E0,-2.547410178E-2,-1.558165498E0,-2.781911019E0
1.522763063E1,9.996963575E-1,1.279863893E-3,-1.334237433E-2,-2.067694032E-2,2.823968955E0,1.782940138E-1,-1.525606983E0,-2.372158456E0
1.523761563E1,9.997311574E-1,-2.104047910E-3,-1.384635448E-2,-1.847875363E-2,2.657213096E0,-2.118036534E-1,-1.590908541E0,-2.114896728E0
1.524758287E1,9.997765313E-1,-1.395707490E-3,-1.375052495E-2,-1.599570626E-2,2.422613373E0,-1.347474485E-1,-1.578099789E0,-1.831370416E0
1.525756225E1,9.998137835E-1,-2.271585126E-3,-1.393598352E-2,-1.315395398E-2,2.211481941E0,-2.393438981E-1,-1.600280787E0,-1.504183181E0
1.526753068E1,9.998265273E-1,-4.066638196E-3,-1.448486001E-2,-1.098028044E-2,2.134467039E0,-4.478896731E-1,-1.664905881E0,-1.251907273E0
1.527748907E1,9.998676750E-1,-1.728367729E-3,-1.408407932E-2,-7.955116327E-3,1.864203460E0,-1.852652108E-1,-1.615492650E0,-9.090785743E-1
1.528745647E1,9.998833377E-1,-2.862301767E-3,-1.422163954E-2,-4.781540630E-3,1.750399025E0,-3.202964530E-1,-1.631278428E0,-5.434240190E-1
1.529741735E1,9.998566455E-1,-6.691807699E-3,-1.511992118E-2,-3.646401049E-3,1.940343202E0,-7.607682278E-1,-1.735428453E0,-4.063823552E-1
1.530738412E1,9.998735275E-1,-4.746275752E-3,-1.506698648E-2,-1.840619623E-3,1.822511733E0,-5.408903192E-1,-1.727593954E0,-2.027907171E-1
1.531734110E1,9.998746195E-1,-5.016603445E-3,-1.501745237E-2,-2.349132616E-4,1.814626465E0,-5.746529375E-1,-1.721051358E0,-1.829101445E-2
1.532730683E1,9.998568383E-1,-6.526499933E-3,-1.561020743E-2,1.705218825E-4,1.939037432E0,-7.484657427E-1,-1.788704923E0,3.122737860E-2
1.533728621E1,9.998634695E-1,-4.991117190E-3,-1.572576638E-2,9.117918759E-4,1.893596294E0,-5.737981136E-1,-1.801569412E0,1.135197677E-1
1.534725334E1,9.998540401E-1,-5.207169674E-3,-1.618874575E-2,1.645736765E-3,1.957896504E0,-5.999886950E-1,-1.854164451E0,1.983240370E-1
1.535724089E1,9.998389978E-1,-5.888966862E-3,-1.688008349E-2,1.536659043E-3,2.056313623E0,-6.780914468E-1,-1.933333536E0,1.875580230E-1
1.536721006E1,9.998447651E-1,-4.042260640E-3,-1.705552771E-2,1.792977008E-3,2.019146823E0,-4.669178450E-1,-1.953664148E0,2.134529777E-1
1.537715662E1,9.998408969E-1,-3.125738689E-3,-1.746539881E-2,1.835894068E-3,2.044149796E0,-3.620237393E-1,-2.000817895E0,2.167329577E-1
1.538712350E1,9.998447332E-1,-1.655212066E-3,-1.748092818E-2,1.478846853E-3,2.019354644E0,-1.927243743E-1,-2.002983242E0,1.728585975E-1
1.539708662E1,9.998407239E-1,-1.254769658E-3,-1.778201711E-2,8.673110397E-4,2.045260736E0,-1.456226395E-1,-2.037649305E0,1.019920452E-1
1.540705308E1,9.998302256E-1,-1.116701037E-3,-1.839088266E-2,-2.199618639E-4,2.111591319E0,-1.275656305E-1,-2.107585532E0,-2.286358033E-2
1.541704459E1,9.998280641E-1,1.725750849E-3,-1.845215774E-2,-6.179748167E-4,2.124991167E0,1.991651719E-1,-2.114455683E0,-7.450230422E-2
1.542701360E1,9.998154520E-1,8.755070150E-4,-1.913524939E-2,-1.462045513E-3,2.201551898E0,1.035889876E-1,-2.192721922E0,-1.695513088E-1
1.543698548E1,9.997990264E-1,1.079510865E-3,-1.976365899E-2,-3.184229095E-3,2.297441391E0,1.309918587E-1,-2.264488937E0,-3.675468094E-1
1.544695475E1,9.997899287E-1,6.034872593E-3,-1.930062383E-2,-3.341361629E-3,2.348867873E0,6.993274923E-1,-2.209460817E0,-3.964565639E-1
1.545689694E1,9.997826248E-1,5.884979508E-3,-1.955262582E-2,-4.214856781E-3,2.389354040E0,6.842040937E-1,-2.237805366E0,-4.964525216E-1
1.546686345E1,9.997657009E-1,5.576927555E-3,-2.013154584E-2,-5.671166448E-3,2.480626934E0,6.525432580E-1,-2.303360827E0,-6.631315615E-1
1.547683464E1,9.997396757E-1,9.018450737E-3,-2.009083384E-2,-5.967138744E-3,2.614775401E0,1.047806693E0,-2.296088491E0,-7.049521187E-1
1.548680162E1,9.997273469E-1,1.025866647E-2,-2.017057295E-2,-5.756697704E-3,2.675978980E0,1.189589538E0,-2.304601250E0,-6.837700255E-1
1.549675725E1,9.997048082E-1,1.223311005E-2,-2.019700760E-2,-5.720873882E-3,2.784392574E0,1.415928739E0,-2.306326584E0,-6.842532564E-1
1.550672308E1,9.996772855E-1,1.487328169E-2,-1.998700926E-2,-4.962850527E-3,2.911310802E0,1.716787015E0,-2.281748054E0,-6.030714458E-1
1.551671579E1,9.996462008E-1,1.693440253E-2,-2.007838780E-2,-4.190168864E-3,3.048307919E0,1.951432602E0,-2.292480172E0,-5.193737957E-1
1.552668433E1,9.995514919E-1,2.299519608E-2,-1.906525051E-2,-2.133581027E-3,3.432171588E0,2.641378930E0,-2.178639775E0,-2.948331289E-1
1.553663871E1,9.995041380E-1,2.582342024E-2,-1.801079353E-2,4.903541807E-4,3.608826446E0,2.959903877E0,-2.064759410E0,2.867881961E-3
1.554660579E1,9.995951853E-1,2.086396681E-2,-1.928577127E-2,1.489802532E-3,3.260696926E0,2.389048019E0,-2.213204179E0,1.246336678E-1
1.555658058E1,9.995517563E-1,2.245150108E-2,-1.969049204E-2,2.121596560E-3,3.431159953E0,2.569674151E0,-2.261398208E0,1.924995982E-1
1.556654845E1,9.994706012E-1,2.552303690E-2,-1.967942784E-2,4.451072310E-3,3.728878766E0,2.916680998E0,-2.267512491E0,4.525874697E-1
1.557652110E1,9.994703327E-1,2.452135923E-2,-2.053736123E-2,5.997808810E-3,3.729824198E0,2.797840586E0,-2.369690731E0,6.297766826E-1
1.558648944E1,9.993203718E-1,2.962735178E-2,-2.026480308E-2,8.387631039E-3,4.225011852E0,3.378054905E0,-2.349732142E0,8.924850605E-1
1.559644449E1,9.991437363E-1,3.460430705E-2,-1.937754928E-2,1.178332831E-2,4.742446046E0,3.941990215E0,-2.265918014E0,1.273375193E0
1.560641147E1,9.990939413E-1,3.491458068E-2,-1.930530519E-2,1.481801882E-2,4.878413258E0,3.970802014E0,-2.270100154E0,1.620730372E0
1.561636220E1,9.989103637E-1,3.862444263E-2,-1.844967376E-2,1.859697026E-2,5.349926980E0,4.389404072E0,-2.194720711E0,2.049014299E0
1.562632751E1,9.987622805E-1,4.045540992E-2,-1.738769640E-2,2.312865937E-2,5.701951886E0,4.592015589E0,-2.097706671E0,2.569043808E0
1.563629183E1,9.987981666E-1,3.722605209E-2,-1.754382874E-2,2.662062383E-2,5.618666756E0,4.213831856E0,-2.122001655E0,2.975370843E0
1.564625704E1,9.986911329E-1,3.767956325E-2,-1.663487046E-2,3.032412697E-2,5.863579035E0,4.260915577E0,-2.035080936E0,3.402660116E0
1.565625709E1,9.988199275E-1,3.119859838E-2,-1.692492106E-2,3.315036769E-2,5.567557142E0,3.511039689E0,-2.056121431E0,3.738819637E0
1.566622584E1,9.990041711E-1,2.303636454E-2,-1.774536859E-2,3.383923723E-2,5.114415894E0,2.570956987E0,-2.121256934E0,3.832467214E0
1.567617240E1,9.989013765E-1,2.547624351E-2,-1.627632465E-2,3.580617750E-2,5.371948512E0,2.852231570E0,-1.967998500E0,4.056841238E0
1.568613892E1,9.987198977E-1,2.793671949E-2,-1.451949145E-2,3.958901423E-2,5.798775661E0,3.134435348E0,-1.788708646E0,4.491061731E0
1.569610631E1,9.987214858E-1,2.397849413E-2,-1.448424417E-2,4.207888280E-2,5.795176840E0,2.676633895E0,-1.773554829E0,4.783766087E0
1.570607287E1,9.985890076E-1,2.554719134E-2,-1.340001461E-2,4.458446581E-2,6.088089764E0,2.857289840E0,-1.664116591E0,5.071321376E0
1.571606438E1,9.983841103E-1,2.809682436E-2,-1.165886774E-2,4.799799595E-2,6.515263488E0,3.152985204E0,-1.488553613E0,5.463858617E0
1.572603345E1,9.982600399E-1,2.771753870E-2,-1.032269434E-2,5.101051584E-2,6.760833790E0,3.112715051E0,-1.342977814E0,5.813983659E0
1.573598511E1,9.981303100E-1,2.802584522E-2,-8.798211411E-3,5.360063138E-2,7.008419917E0,3.153739620E0,-1.178538628E0,6.115335710E0
1.574595246E1,9.981712197E-1,2.285162207E-2,-8.701296618E-3,5.528387601E-2,6.931298462E0,2.560049255E0,-1.140113439E0,6.314718674E0
1.575590412E1,9.982515112E-1,1.815904109E-2,-8.661579518E-3,5.558009248E-2,6.777388090E0,2.022866138E0,-1.106532337E0,6.354048469E0
1.576586980E1,9.982086524E-1,1.874442735E-2,-7.527838959E-3,5.631575508E-2,6.859972995E0,2.096301485E0,-9.820932318E-1,6.440076622E0
1.577582751E1,9.981907379E-1,1.933366491E-2,-6.141231712E-3,5.660163849E-2,6.894199903E0,2.172381143E0,-8.278883902E-1,6.475178437E0
1.578579240E1,9.981762085E-1,1.995740371E-2,-5.110876202E-3,5.674361358E-2,6.921834988E0,2.250299787E0,-7.143834611E-1,6.493185408E0
1.579578824E1,9.981159308E-1,2.270069231E-2,-3.600184763E-3,5.688853940E-2,7.035326558E0,2.573925725E0,-5.597670122E-1,6.511617614E0
1.580575626E1,9.980250863E-1,2.542125629E-2,-1.662460947E-3,5.741883939E-2,7.202996276E0,2.897661243E0,-3.573946845E-1,6.576435521E0
1.581570798E1,9.980806651E-1,2.318512400E-2,-9.710570475E-4,5.741509472E-2,7.100885304E0,2.646300065E0,-2.636038406E-1,6.578591862E0
1.582567433E1,9.982417316E-1,1.979115219E-2,-1.041798222E-3,5.586295880E-2,6.796320654E0,2.257847524E0,-2.458636802E-1,6.401172183E0
1.583566183E1,9.983166069E-1,1.930947439E-2,-9.001043446E-4,5.468351039E-2,6.649995238E0,2.203897897E0,-2.239696532E-1,6.266260673E0
1.584563032E1,9.983720762E-1,2.050837270E-2,-2.105346192E-4,5.322179729E-2,6.539485646E0,2.345639750E0,-1.491622063E-1,6.099882788E0
1.585556579E1,9.983433807E-1,2.456759081E-2,1.378336391E-3,5.200988269E-2,6.596885685E0,2.819927868E0,1.126383430E-2,5.964668531E0
1.586553095E1,9.984288773E-1,2.446677917E-2,2.007224934E-3,5.036988027E-2,6.424355449E0,2.811999157E0,8.842834735E-2,5.778319247E0
1.587554496E1,9.986369499E-1,2.214121444E-2,2.183950518E-3,4.721482110E-2,5.983742311E0,2.546398796E0,1.301280179E-1,5.416665365E0
1.588551501E1,9.987308260E-1,2.328601040E-2,2.871313079E-3,4.456741500E-2,5.773965081E0,2.680653343E0,2.096883069E-1,5.115055544E0
1.589545392E1,9.988674951E-1,2.272713253E-2,3.465627111E-3,4.165566030E-2,5.454169858E0,2.618875828E0,2.881976752E-1,4.782619269E0
1.590542084E1,9.990579975E-1,2.025794781E-2,2.790484479E-3,3.827461700E-2,4.974251544E0,2.332104763E0,2.306150629E-1,4.392631608E0
1.591544074E1,9.991623983E-1,2.089246415E-2,2.871319975E-3,3.506796617E-2,4.690473804E0,2.404360663E0,2.447979627E-1,4.025348556E0
1.592541298E1,9.993373877E-1,1.790036037E-2,2.348176072E-3,3.160456668E-2,4.171779480E0,2.058831317E0,2.040750503E-1,3.626477348E0
1.593538652E1,9.994667471E-1,1.675470524E-2,2.413206529E-3,2.792270933E-2,3.742428686E0,1.927023372E0,2.227760534E-1,3.204328096E0
1.594535892E1,9.995518243E-1,1.636984871E-2,2.465077673E-3,2.494197335E-2,3.430899624E0,1.882405844E0,2.355638449E-1,2.862697856E0
1.595527319E1,9.996153939E-1,1.605930207E-2,2.485808648E-3,2.247184732E-2,3.178261671E0,1.846290015E0,2.433898122E-1,2.579562787E0
1.596523970E1,9.996687928E-1,1.528739801E-2,1.997515958E-3,2.060607150E-2,2.949371825E0,1.756228188E0,1.927251628E-1,2.364683673E0
1.597518475E1,9.996992208E-1,1.590524258E-2,2.069754902E-3,1.855282334E-2,2.810621691E0,1.826779616E0,2.032910326E-1,2.129633576E0
1.598514907E1,9.997454363E-1,1.503634542E-2,1.609712012E-3,1.674454164E-2,2.585681620E0,1.725955709E0,1.555611575E-1,1.921435483E0
1.599513470E1,9.997378574E-1,1.724715841E-2,1.716388488E-3,1.496014683E-2,2.623891692E0,1.979205101E0,1.670653937E-1,1.717513898E0
1.600510115E1,9.995365452E-1,2.564792027E-2,3.167603517E-3,1.608866963E-2,3.488896565E0,2.944853965E0,3.155288292E-1,1.852431788E0
1.601507194E1,9.994375778E-1,2.816095221E-2,3.679584937E-3,1.783113650E-2,3.843431942E0,3.234493881E0,3.638734658E-1,2.054504253E0
1.602503881E1,9.994196231E-1,2.794078488E-2,4.127096325E-3,1.904459614E-2,3.904304702E0,3.210689548E0,4.116828957E-1,2.194890865E0
1.603500845E1,9.993682817E-1,2.819173862E-2,4.348463087E-3,2.119797995E-2,4.073354744E0,3.240876307E0,4.295055815E-1,2.442431184E0
1.604497563E1,9.994150949E-1,2.517625306E-2,3.994112964E-3,2.279630448E-2,3.919507623E0,2.895031642E0,3.916599542E-1,2.623236740E0
1.605492798E1,9.993524693E-1,2.602418569E-2,4.745034782E-3,2.438992545E-2,4.124024512E0,2.994947456E0,4.706596724E-1,2.808439410E0
1.606489360E1,9.991705747E-1,2.971720099E-2,6.148799422E-3,2.715221774E-2,4.667521137E0,3.423879731E0,6.115651672E-1,3.131510162E0
1.607486918E1,9.990346519E-1,3.122316642E-2,7.229015963E-3,3.004362533E-2,5.035522403E0,3.602001541E0,7.201100614E-1,3.467677511E0
1.608483584E1,9.990688908E-1,2.786424519E-2,6.336510817E-3,3.232311835E-2,4.945402535E0,3.215381389E0,6.222388435E-1,3.723580247E0
1.609479647E1,9.989182328E-1,2.945043937E-2,6.791974690E-3,3.533984878E-2,5.330570504E0,3.400847016E0,6.582115799E-1,4.071884147E0
1.610476246E1,9.987326799E-1,3.039374942E-2,7.629058284E-3,3.938339140E-2,5.769745536E0,3.515378172E0,7.359708781E-1,4.538976001E0
1.611473824E1,9.986622493E-1,2.844876730E-2,8.096995715E-3,4.241247613E-2,5.927937919E0,3.297111205E0,7.883668216E-1,4.886389453E0
1.612470522E1,9.984725221E-1,2.854256644E-2,8.294850857E-3,4.657402584E-2,6.334471475E0,3.312175284E0,7.967622747E-1,5.364319808E0
1.613466631E1,9.983739592E-1,2.538772137E-2,7.763328488E-3,5.044434419E-2,6.535701469E0,2.950915329E0,7.414324391E-1,5.804088690E0
1.614463272E1,9.983324529E-1,2.186434691E-2,7.385216840E-3,5.291240350E-2,6.618613990E0,2.547106166E0,7.123202250E-1,6.083601239E0
1.615460225E1,9.980012092E-1,2.560027922E-2,8.436294162E-3,5.715803563E-2,7.246422631E0,2.984606908E0,7.971440934E-1,6.576551798E0
1.616456897E1,9.976857086E-1,2.697885549E-2,9.092121695E-3,6.174707753E-2,7.797590816E0,3.150660433E0,8.486060877E-1,7.106411086E0
1.617452740E1,9.974891968E-1,2.615918531E-2,9.195186964E-3,6.516477476E-2,8.122035348E0,3.060555365E0,8.557376624E-1,7.498367851E0
1.618449329E1,9.970855862E-1,2.927899958E-2,1.045586858E-2,6.966885103E-2,8.750820316E0,3.431355127E0,9.609596283E-1,8.022589712E0
1.619447688E1,9.968405202E-1,2.727856026E-2,1.090021426E-2,7.379730917E-2,9.111498996E0,3.210377309E0,1.014496662E0,8.496334587E0
1.620444454E1,9.966584418E-1,2.549661719E-2,1.184734089E-2,7.669102613E-2,9.370508358E0,3.018031388E0,1.129073870E0,8.830011881E0
1.621440938E1,9.961689285E-1,2.954137295E-2,1.383117686E-2,8.113859529E-2,1.003382451E1,3.503913502E0,1.304307044E0,9.352893668E0
1.622437673E1,9.957684926E-1,2.963962866E-2,1.483092419E-2,8.571257362E-2,1.054553072E1,3.531037687E0,1.401328410E0,9.882619198E0
1.623434688E1,9.956327467E-1,2.484311741E-2,1.434402161E-2,8.883975616E-2,1.071346611E1,2.982621366E0,1.383749797E0,1.023395986E1
1.624431454E1,9.955684873E-1,2.174927835E-2,1.461754716E-2,9.031435872E-2,1.079205474E1,2.634282711E0,1.442687961E0,1.040012696E1
1.625428037E1,9.955222800E-1,1.966294511E-2,1.539283006E-2,9.116917994E-2,1.084821488E1,2.405517968E0,1.550756443E0,1.049757829E1
1.626424777E1,9.955602595E-1,1.785826897E-2,1.597299039E-2,9.102590546E-2,1.080207600E1,2.205375924E0,1.636189840E0,1.047976191E1
1.627420277E1,9.954756259E-1,2.184352790E-2,1.790899662E-2,9.072158763E-2,1.090462564E1,2.680263008E0,1.816155203E0,1.045689932E1
1.628416897E1,9.954035543E-1,2.489955479E-2,1.884553203E-2,9.053519851E-2,1.099120186E1,3.038757746E0,1.891634160E0,1.044405672E1
1.629414865E1,9.953112390E-1,2.943162574E-2,1.979373464E-2,8.998624855E-2,1.110111266E1,3.565281969E0,1.954449848E0,1.039298488E1
1.630411615E1,9.952608776E-1,3.484991819E-2,2.150629330E-2,8.819721076E-2,1.116061818E1,4.198513812E0,2.101015093E0,1.020534540E1
1.631408355E1,9.953656508E-1,3.760748074E-2,2.227854437E-2,8.565375125E-2,1.103646193E1,4.516113921E0,2.172497656E0,9.922337073E0
1.632405105E1,9.958867128E-1,3.403429518E-2,2.078399263E-2,8.135937405E-2,1.039707369E1,4.083853439E0,2.055009145E0,9.414136591E0
1.633400647E1,9.965246660E-1,2.980699233E-2,1.841039050E-2,7.557242093E-2,9.556343632E0,3.567344170E0,1.844534714E0,8.731006317E0
1.634397277E1,9.969118171E-1,3.186720390E-2,1.811520787E-2,6.944889773E-2,9.008053525E0,3.789264645E0,1.816136002E0,8.030115862E0
1.635395063E1,9.974736963E-1,2.951416815E-2,1.626510360E-2,6.253467410E-2,8.147078051E0,3.493693799E0,1.647865185E0,7.224964496E0
1.636391803E1,9.981663378E-1,2.474764259E-2,1.345070971E-2,5.357793053E-2,6.940546602E0,2.915363898E0,1.386706784E0,6.180249218E0
1.637387548E1,9.987453206E-1,2.124375874E-2,1.128669611E-2,4.392149552E-2,5.740892664E0,2.489422734E0,1.184901278E0,5.061856701E0
1.638384188E1,9.992574096E-1,1.713720940E-2,8.955706687E-3,3.332777780E-2,4.416407881E0,1.997208600E0,9.600828296E-1,3.837239230E0
1.639382230E1,9.995298186E-1,1.833798275E-2,7.366148225E-3,2.344355006E-2,3.514126413E0,2.120866802E0,7.944632264E-1,2.701909852E0
1.640379011E1,9.996046508E-1,2.314327505E-2,6.468573873E-3,1.459755301E-2,3.222347625E0,2.662954413E0,7.022554368E-1,1.689621620E0
1.641373100E1,9.995950686E-1,2.715316720E-2,5.154280668E-3,6.770360872E-3,3.261166886E0,3.115952112E0,5.693411208E-1,7.916139837E-1
1.642369610E1,9.995246421E-1,3.063097343E-2,3.479085712E-3,-3.596284765E-4,3.533419527E0,3.510520505E0,3.997499004E-1,-2.897973639E-2
1.643368652E1,9.993443829E-1,3.573384384E-2,1.893668834E-3,-5.505531574E-3,4.149698151E0,4.094437252E0,2.394009261E-1,-6.227373331E-1
1.644365418E1,9.993327633E-1,3.525162262E-2,-4.034256232E-4,-9.549273261E-3,4.186313536E0,4.040633005E0,-7.623669360E-3,-1.095232337E0
1.645362173E1,9.994476588E-1,2.978193684E-2,-3.655072309E-3,-1.428474729E-2,3.808827795E0,3.418956438E0,-3.698612664E-1,-1.648743088E0
1.646358938E1,9.993738231E-1,2.926954100E-2,-4.719951973E-3,-1.931263353E-2,4.055447906E0,3.364436741E0,-4.757580536E-1,-2.228148297E0
1.647355282E1,9.992763098E-1,3.034121776E-2,-4.779792073E-3,-2.243703785E-2,4.359835986E0,3.488893246E0,-4.693225337E-1,-2.586818565E0
1.648352001E1,9.993100629E-1,2.612129804E-2,-6.527773678E-3,-2.558249814E-2,4.256938327E0,3.011944954E0,-6.709514184E-1,-2.950561386E0
1.649349345E1,9.992246217E-1,2.599476615E-2,-7.730355466E-3,-2.854240967E-2,4.512866812E0,3.003422944E0,-8.001510558E-1,-3.293344367E0
1.650346126E1,9.991054655E-1,2.940577635E-2,-7.877574574E-3,-2.935154099E-2,4.847284995E0,3.395455614E0,-8.030178110E-1,-3.389283799E0
1.651342183E1,9.992023528E-1,2.462075231E-2,-1.027947530E-2,-2.971210212E-2,4.577221279E0,2.855780985E0,-1.093240197E0,-3.433721815E0
1.652338886E1,9.992703163E-1,1.681558744E-2,-1.450052724E-2,-3.107741435E-2,4.377854857E0,1.978322706E0,-1.600749962E0,-3.590301575E0
1.653336100E1,9.991892610E-1,1.943015625E-2,-1.639920203E-2,-3.121467551E-2,4.614636671E0,2.285129383E0,-1.808486389E0,-3.614748497E0
1.654332860E1,9.991587361E-1,2.246670883E-2,-1.687287152E-2,-2.987261694E-2,4.700718010E0,2.632393167E0,-1.855279367E0,-3.467642307E0
1.655329704E1,9.991585934E-1,2.364823936E-2,-1.773900475E-2,-2.842874889E-2,4.701116836E0,2.768083005E0,-1.954370070E0,-3.306782285E0
1.656326470E1,9.991349608E-1,2.723297506E-2,-1.809648953E-2,-2.569459367E-2,4.766689020E0,3.174794764E0,-1.992128143E0,-3.001495574E0
1.657322860E1,9.992390681E-1,2.468521365E-2,-1.915954648E-2,-2.334173987E-2,4.470623214E0,2.881012460E0,-2.128313898E0,-2.729843100E0
1.658319589E1,9.993173598E-1,2.103722289E-2,-2.067701571E-2,-2.224209225E-2,4.234364725E0,2.464513548E0,-2.314804930E0,-2.599874877E0
1.659317240E1,9.993388830E-1,2.240620003E-2,-2.148728262E-2,-1.892236145E-2,4.167069176E0,2.615682262E0,-2.412762079E0,-2.224609856E0
1.660314058E1,9.994463726E-1,1.738384270E-2,-2.335903462E-2,-1.609676158E-2,3.813260169E0,2.036622498E0,-2.644139303E0,-1.892422485E0
1.661309850E1,9.994929946E-1,1.402361782E-2,-2.452758482E-2,-1.467955691E-2,3.649154506E0,1.649611060E0,-2.786737894E0,-1.723012975E0
1.662306563E1,9.995253342E-1,1.240633030E-2,-2.509968418E-2,-1.285282539E-2,3.530846019E0,1.459926730E0,-2.857759094E0,-1.509861647E0
1.663303319E1,9.995437851E-1,5.771920963E-3,-2.695449141E-2,-1.234350230E-2,3.461536259E0,7.002671491E-1,-3.080668040E0,-1.433865520E0
1.664300037E1,9.995005131E-1,5.524115982E-3,-2.868267816E-2,-1.206285715E-2,3.621994414E0,6.734672469E-1,-3.279305205E0,-1.402203575E0
1.665296808E1,9.994541909E-1,1.148919044E-2,-2.925305545E-2,-1.017730608E-2,3.786236787E0,1.352382444E0,-3.338813841E0,-1.206246803E0
1.666293532E1,9.994200122E-1,1.283671420E-2,-3.028677897E-2,-8.807322076E-3,3.902995340E0,1.503602205E0,-3.457739385E0,-1.055191092E0
1.667290142E1,9.993465675E-1,1.644829092E-2,-3.138538124E-2,-7.130885155E-3,4.142777709E0,1.913344896E0,-3.583044089E0,-8.775111143E-1
1.668286850E1,9.992304470E-1,2.332706285E-2,-3.126924483E-2,-4.073844051E-3,4.495880319E0,2.691842056E0,-3.571857467E0,-5.511333126E-1
1.669283761E1,9.991700820E-1,2.549923307E-2,-3.173229693E-2,-1.413380897E-3,4.668907326E0,2.931875185E0,-3.631536705E0,-2.550617788E-1
1.670280490E1,9.990858542E-1,2.904997907E-2,-3.131359521E-2,1.735918942E-3,4.900139572E0,3.328019781E0,-3.593126860E0,9.468671193E-2
1.671276928E1,9.991471775E-1,2.503394385E-2,-3.248512945E-2,4.789117455E-3,4.732905265E0,2.855651953E0,-3.735731712E0,4.561089724E-1
1.672273626E1,9.992573657E-1,1.264102229E-2,-3.616331880E-2,4.139578290E-3,4.416538502E0,1.434235197E0,-4.150559187E0,4.227364517E-1
1.673272496E1,9.992214502E-1,1.259306108E-2,-3.732528604E-2,2.175142105E-3,4.522087882E0,1.436790374E0,-4.280953615E0,1.957427993E-1
1.674269412E1,9.991685658E-1,1.686603943E-2,-3.699692412E-2,2.990221708E-3,4.673170883E0,1.924062354E0,-4.245673941E0,2.716114816E-1
1.675265746E1,9.991718640E-1,1.329922084E-2,-3.838082126E-2,2.372658392E-3,4.663891496E0,1.516933544E0,-4.402422408E0,2.138012342E-1
1.676262605E1,9.991311777E-1,1.439456228E-2,-3.906485252E-2,1.903606679E-3,4.777102572E0,1.644792036E0,-4.480317599E0,1.539811589E-1
1.677259412E1,9.990839135E-1,1.139804288E-2,-4.116234841E-2,2.660734921E-3,4.905339058E0,1.296883650E0,-4.721353271E0,2.517104197E-1
1.678256261E1,9.990096347E-1,7.044358272E-3,-4.383564146E-2,2.926307678E-3,5.100364058E0,7.948077809E-1,-5.027029075E0,3.007711789E-1
1.679253350E1,9.989259283E-1,1.123820516E-2,-4.469716498E-2,4.780780609E-3,5.311572734E0,1.267110780E0,-5.129422339E0,4.916625016E-1
1.680250225E1,9.988420724E-1,1.559023977E-2,-4.484419501E-2,7.775413650E-3,5.515060103E0,1.751839044E0,-5.153653371E0,8.131649653E-1
1.681246595E1,9.987969461E-1,1.290870584E-2,-4.638253009E-2,9.310571089E-3,5.621519523E0,1.434314120E0,-5.330109258E0,1.001399727E0
1.682243418E1,9.987138030E-1,1.723457985E-2,-4.646580171E-2,1.070692157E-2,5.812566402E0,1.924118836E0,-5.346642044E0,1.138606215E0
1.683239475E1,9.986198235E-1,2.190106377E-2,-4.598085915E-2,1.282778833E-2,6.021225697E0,2.449846377E0,-5.301501375E0,1.358468237E0
1.684236220E1,9.985195732E-1,2.577386871E-2,-4.563619334E-2,1.455016911E-2,6.236123156E0,2.886431867E0,-5.272190992E0,1.536758036E0
1.685232392E1,9.983435490E-1,3.122060736E-2,-4.529006958E-2,1.685946108E-2,6.596550457E0,3.501043925E0,-5.248918542E0,1.774444485E0
1.686229079E1,9.983169914E-1,2.837194229E-2,-4.706626588E-2,1.851983457E-2,6.649235698E0,3.161732850E0,-5.452758328E0,1.974950029E0
1.687225782E1,9.983632964E-1,1.818540015E-2,-5.134399307E-2,1.743026014E-2,6.557101326E0,1.988937631E0,-5.920813444E0,1.897563936E0
1.688222470E1,9.982357852E-1,2.047126624E-2,-5.288998228E-2,1.757538539E-2,6.807806853E0,2.248492472E0,-6.102815157E0,1.897464878E0
1.689216839E1,9.980840274E-1,2.323805007E-2,-5.387722428E-2,1.963446083E-2,7.094660901E0,2.552458440E0,-6.226579307E0,2.115118968E0
1.690213287E1,9.980336277E-1,2.002702741E-2,-5.600113560E-2,1.979062729E-2,7.187397908E0,2.177778637E0,-6.463758744E0,2.149022243E0
1.691211095E1,9.979556554E-1,1.770442176E-2,-5.832359157E-2,1.922035144E-2,7.328560701E0,1.909659557E0,-6.724146615E0,2.094532553E0
1.692207683E1,9.978023638E-1,1.621375295E-2,-6.110154003E-2,1.985343130E-2,7.598451384E0,1.728160301E0,-7.040928190E0,2.173419136E0
1.693204845E1,9.976005184E-1,1.738183507E-2,-6.353083827E-2,2.132862139E-2,7.939866795E0,1.847150129E0,-7.325049880E0,2.331338530E0
1.694201490E1,9.972796515E-1,2.681910583E-2,-6.395408112E-2,2.497814488E-2,8.454314467E0,2.907319152E0,-7.406031607E0,2.681290510E0
1.695198438E1,9.969197441E-1,3.481104614E-2,-6.391573462E-2,2.922317181E-2,8.996478918E0,3.797447460E0,-7.439099278E0,3.111152901E0
1.696195115E1,9.966692509E-1,3.457809203E-2,-6.593382164E-2,3.327898869E-2,9.355332017E0,3.733878801E0,-7.685181023E0,3.573934120E0
1.697191553E1,9.964237352E-1,3.240578683E-2,-6.884882839E-2,3.673477485E-2,9.694199937E0,3.446125432E0,-8.023893580E0,3.980919853E0
1.698188199E1,9.962642477E-1,2.779681762E-2,-7.214877742E-2,3.846348373E-2,9.908135920E0,2.887484630E0,-8.389215479E0,4.210106813E0
1.699185142E1,9.961378965E-1,2.017344329E-2,-7.578818740E-2,3.947751320E-2,1.007440613E1,1.983546245E0,-8.776689385E0,4.386718796E0
1.700181818E1,9.958907290E-1,1.951172819E-2,-7.760455917E-2,4.240849802E-2,1.039199306E1,1.872886096E0,-8.987921546E0,4.729547878E0
1.701178418E1,9.954051640E-1,2.394013578E-2,-7.887004555E-2,4.873341042E-2,1.098927563E1,2.320565062E0,-9.169092743E0,5.419635941E0
1.702175089E1,9.948210990E-1,2.723330489E-2,-8.019146013E-2,5.620193834E-2,1.166739875E1,2.623920199E0,-9.358622424E0,6.252111755E0
1.703171803E1,9.941092100E-1,3.018076841E-2,-8.112594680E-2,6.522714574E-2,1.244422404E1,2.872382752E0,-9.510788331E0,7.269011187E0
1.704168475E1,9.932647887E-1,3.114601895E-2,-8.210556880E-2,7.558875913E-2,1.330721868E1,2.875820674E0,-9.660728302E0,8.460717138E0
1.705165074E1,9.924888240E-1,2.749844321E-2,-8.333007089E-2,8.524006779E-2,1.405380130E1,2.348339412E0,-9.793416236E0,9.616407539E0
1.706161740E1,9.914853839E-1,2.580811765E-2,-8.374327211E-2,9.632102052E-2,1.496438244E1,2.038346394E0,-9.847838122E0,1.092191559E1
1.707158720E1,9.901019266E-1,2.362759154E-2,-8.453773292E-2,1.095138513E-1,1.613622112E1,1.644728555E0,-9.937687628E0,1.248050263E1
1.708155412E1,9.884400217E-1,1.888645564E-2,-8.552745075E-2,1.237524970E-1,1.744075956E1,9.406960377E-1,-1.000604056E1,1.419022371E1
1.709152746E1,9.862271185E-1,1.835436437E-2,-8.529223760E-2,1.405148474E-1,1.904056156E1,7.117262429E-1,-9.985163314E0,1.615535551E1
1.710149506E1,9.834454707E-1,1.620208307E-2,-8.577604183E-2,1.587922204E-1,2.087983195E1,2.691847629E-1,-1.001218721E1,1.832064551E1
1.711145392E1,9.803847943E-1,1.246894943E-2,-8.556613196E-2,1.771118786E-1,2.273403501E1,-3.408940380E-1,-9.915306647E0,2.051026412E1
1.712142063E1,9.768326369E-1,8.662418501E-3,-8.507031112E-2,1.961785010E-1,2.471428030E1,-9.566742375E-1,-9.764427759E0,2.279315746E1
1.713139027E1,9.730305594E-1,1.995399061E-3,-8.447986436E-2,2.146408662E-1,2.667377688E1,-1.881585365E0,-9.512313612E0,2.503588831E1
1.714135725E1,9.687370188E-1,-2.470552353E-3,-8.303497632E-2,2.337684269E-1,2.872901968E1,-2.531903736E0,-9.190820644E0,2.733718357E1
1.715132459E1,9.635797125E-1,-5.420572515E-3,-8.243759286E-2,2.543399268E-1,3.102175013E1,-3.039869908E0,-8.981355085E0,2.981114024E1
1.716129157E1,9.576582732E-1,-8.652323520E-3,-8.214540522E-2,2.758041000E-1,3.346542489E1,-3.590039388E0,-8.775413674E0,3.240819053E1
1.717125569E1,9.514847196E-1,-7.034931708E-3,-7.932489029E-2,2.972118771E-1,3.584087095E1,-3.508846676E0,-8.439853813E0,3.495308467E1
1.718122240E1,9.453864547E-1,-2.893014528E-3,-7.497111511E-2,3.171993278E-1,3.804647575E1,-3.070142575E0,-8.043102964E0,3.731151854E1
1.719118777E1,9.390003317E-1,3.122946712E-3,-7.157052994E-2,3.363722396E-1,4.023130560E1,-2.446319439E0,-7.845970845E0,3.958524703E1
1.720115433E1,9.322759278E-1,8.863888031E-3,-7.098027487E-2,3.546051698E-1,4.241516752E1,-1.956598568E0,-7.968737933E0,4.178642535E1
1.721112621E1,9.257183591E-1,1.174550543E-2,-7.227398628E-2,3.710579922E-1,4.444614424E1,-1.846306076E0,-8.194113198E0,4.381729419E1
1.722109329E1,9.219607534E-1,7.152152877E-3,-7.211885773E-2,3.804419617E-1,4.557112968E1,-2.412365266E0,-7.956629567E0,4.501423342E1
1.723106074E1,9.206497075E-1,-3.938716229E-5,-6.924066761E-2,3.842002662E-1,4.595749941E1,-3.079137549E0,-7.322986444E0,4.550003621E1
1.724102787E1,9.200960404E-1,-2.824540597E-3,-6.475960482E-2,3.862919776E-1,4.611974715E1,-3.187965882E0,-6.718298389E0,4.573627136E1
1.725099464E1,9.201713248E-1,-2.773566080E-3,-6.011207146E-2,3.868637734E-1,4.609771736E1,-2.976197419E0,-6.227749156E0,4.576822684E1
1.726096168E1,9.201020388E-1,1.350957531E-3,-5.601487813E-2,3.876502890E-1,4.611799226E1,-2.359310762E0,-5.976825855E0,4.581576428E1
1.727093506E1,9.200558353E-1,1.168351962E-2,-5.137894638E-2,3.882279733E-1,4.613150794E1,-1.059691524E0,-5.947361510E0,4.581077656E1
1.728090277E1,9.209347312E-1,1.605929259E-2,-4.916764138E-2,3.862691588E-1,4.587376389E1,-4.841366560E-1,-5.910037583E0,4.553442798E1
1.729089438E1,9.217974206E-1,1.753883815E-2,-4.715199102E-2,3.843938011E-1,4.561943328E1,-2.254734461E-1,-5.762942326E0,4.528407456E1
1.730086449E1,9.219749917E-1,2.449209424E-2,-4.274979136E-2,3.841024699E-1,4.556691660E1,7.093832911E-1,-5.603484472E0,4.519931797E1
1.731080240E1,9.218089451E-1,2.825393055E-2,-4.090231882E-2,3.844437338E-1,4.561602664E1,1.188298397E0,-5.574061596E0,4.521965444E1
1.732076923E1,9.213927619E-1,2.980616290E-2,-3.833188401E-2,3.855873931E-1,4.573889790E1,1.459922003E0,-5.372081921E0,4.534848679E1
1.733074053E1,9.203558308E-1,3.540372540E-2,-3.329836263E-2,3.880501771E-1,4.604368495E1,2.262685206E0,-5.092822910E0,4.562291266E1
1.734070782E1,9.189180497E-1,3.882871825E-2,-2.859796275E-2,3.914895976E-1,4.646316552E1,2.816568582E0,-4.758752790E0,4.603417207E1
1.735067355E1,9.164713769E-1,4.350453102E-2,-2.359331957E-2,3.970276141E-1,4.716889230E1,3.508254833E0,-4.461557857E0,4.670910377E1
1.736064068E1,9.134318486E-1,5.011222870E-2,-1.770093267E-2,4.035067526E-1,4.803199749E1,4.443084499E0,-4.173587177E0,4.750472776E1
1.737060360E1,9.104090948E-1,5.505336559E-2,-1.206046033E-2,4.098523544E-1,4.887610651E1,5.195834425E0,-3.846714554E0,4.829849811E1
1.738057032E1,9.083657490E-1,5.568706614E-2,-7.937296449E-3,4.143761769E-1,4.943904366E1,5.437759181E0,-3.472572406E0,4.887786632E1
1.739055527E1,9.094368403E-1,3.637355535E-2,-1.180057263E-2,4.140801184E-1,4.914471464E1,3.236716329E0,-2.957023217E0,4.887739584E1
1.740052376E1,9.085368488E-1,2.797147142E-2,-1.220656640E-2,4.166886018E-1,4.939213690E1,2.332334853E0,-2.607343116E0,4.922279670E1
1.741046892E1,9.067892845E-1,3.553557063E-2,-5.085907698E-3,4.200530328E-1,4.986928364E1,3.452431719E0,-2.239536974E0,4.964258010E1
1.742043511E1,9.042485442E-1,4.175879080E-2,-2.752041705E-3,4.249508206E-1,5.055547198E1,4.200200299E0,-2.319274587E0,5.025721520E1
1.743041147E1,9.018548698E-1,4.021320134E-2,-4.160387143E-3,4.301434452E-1,5.119407409E1,3.957414168E0,-2.412809283E0,5.091463445E1
1.744037865E1,9.001208815E-1,4.307158401E-2,-7.767463806E-4,4.335050565E-1,5.165207776E1,4.411753975E0,-2.220299016E0,5.134610512E1
1.745037183E1,8.979295637E-1,5.240659678E-2,4.960377417E-3,4.369799102E-1,5.222552353E1,5.653785154E0,-2.114299933E0,5.179558501E1
1.746034162E1,8.969218871E-1,5.927341688E-2,1.119685393E-2,4.380552716E-1,5.248726555E1,6.672605374E0,-1.824873064E0,5.195523365E1
1.747027694E1,8.966195813E-1,6.154581737E-2,1.432086692E-2,4.382697246E-1,5.256555267E1,7.063443367E0,-1.619772484E0,5.199900687E1
1.748024324E1,8.972855611E-1,5.149292748E-2,1.124445758E-2,4.382928957E-1,5.239294210E1,5.871418210E0,-1.430193289E0,5.199446361E1
1.749020397E1,8.971515028E-1,4.473466256E-2,1.086431772E-2,4.393176045E-1,5.242773017E1,5.153881417E0,-1.135193709E0,5.212908898E1
1.750016970E1,8.948371665E-1,5.103836483E-2,1.629117444E-2,4.431660281E-1,5.302495599E1,6.072978855E0,-9.214155580E-1,5.264473502E1
1.751014855E1,8.909289154E-1,5.929932889E-2,2.033506946E-2,4.497952225E-1,5.401958591E1,7.121530110E0,-9.804305949E-1,5.351384387E1
1.752011558E1,8.864677441E-1,6.480794097E-2,2.229144099E-2,4.576876239E-1,5.513462582E1,7.777810656E0,-1.134662276E0,5.453792006E1
1.753008235E1,8.819689091E-1,7.266993744E-2,2.745167932E-2,4.648616234E-1,5.623841697E1,8.843488646E0,-1.096701017E0,5.550016184E1
1.754004933E1,8.773213416E-1,7.317742341E-2,2.701893529E-2,4.735211773E-1,5.735818487E1,8.860266905E0,-1.254507803E0,5.661739679E1
1.755001511E1,8.739533728E-1,6.088022886E-2,2.196818972E-2,4.816809094E-1,5.815730274E1,7.331068746E0,-1.160395694E0,5.764852386E1
1.755998199E1,8.711737586E-1,4.778269882E-2,1.922840291E-2,4.882656700E-1,5.880934877E1,5.856657158E0,-7.539621876E-1,5.849996766E1
1.756995136E1,8.676782590E-1,4.189665842E-2,2.079239819E-2,4.949209887E-1,5.962010208E1,5.352802316E0,-3.087597120E-1,5.938616931E1
1.757991850E1,8.621133501E-1,4.164837667E-2,2.324911022E-2,5.044655223E-1,6.089059141E1,5.466754841E0,-1.107873941E-1,6.066277391E1
1.758988287E1,8.545175459E-1,4.573571064E-2,2.725393368E-2,5.166867829E-1,6.258704772E1,6.103652248E0,-3.919864336E-2,6.231669150E1
1.759984970E1,8.457188405E-1,5.164079075E-2,3.366603810E-2,5.300561003E-1,6.450192865E1,7.067423797E0,1.259919785E-1,6.416281529E1
1.760981277E1,8.381794508E-1,5.333819672E-2,4.001561934E-2,5.413030531E-1,6.610325898E1,7.628007304E0,5.349373385E-1,6.574506305E1
1.761977918E1,8.321570354E-1,5.112353242E-2,4.387788297E-2,5.504323611E-1,6.735808099E1,7.666568603E0,9.595477488E-1,6.702978091E1
1.762975126E1,8.264673151E-1,5.373904008E-2,5.018874609E-2,5.581621471E-1,6.852492457E1,8.331040319E0,1.316115022E0,6.816281504E1
1.763971824E1,8.201456743E-1,5.892698463E-2,5.571175093E-2,5.663787463E-1,6.980124207E1,9.196089958E0,1.411539494E0,6.937013296E1
1.764969006E1,8.134265904E-1,6.262453962E-2,6.146293435E-2,5.750110058E-1,7.113583503E1,9.940896513E0,1.602862039E0,7.065236560E1
1.765965751E1,8.061077715E-1,7.230625096E-2,7.165082070E-2,5.829478765E-1,7.256525044E1,1.154913497E1,1.788779239E0,7.192708636E1
1.766962131E1,7.997225844E-1,8.167154435E-2,7.839813041E-2,5.895992537E-1,7.379276144E1,1.289532260E1,1.666771505E0,7.298771777E1
1.767958834E1,7.977588492E-1,6.455134760E-2,6.594283189E-2,5.958737157E-1,7.416676397E1,1.046603929E1,1.620772995E0,7.366310838E1
1.768955292E1,7.939026491E-1,5.523145964E-2,6.371244783E-2,6.021700703E-1,7.489653875E1,9.469760024E0,1.985438160E0,7.452463395E1
1.769951975E1,7.876601761E-1,6.744746558E-2,7.874168537E-2,6.073236645E-1,7.606522838E1,1.165827063E1,2.413926101E0,7.551435743E1
1.770949100E1,7.802525614E-1,7.812996973E-2,8.371817579E-2,6.148926047E-1,7.743258900E1,1.300358413E1,1.980511362E0,7.670681057E1
1.771945824E1,7.745777692E-1,7.739909721E-2,8.574055760E-2,6.218417934E-1,7.846646531E1,1.310221501E1,2.095514409E0,7.775663542E1
1.772942402E1,7.680755662E-1,8.257545142E-2,9.624918433E-2,6.276761219E-1,7.963722100E1,1.435429721E1,2.532840832E0,7.883081155E1
1.773939115E1,7.614712337E-1,9.040947953E-2,1.051796855E-1,6.331863233E-1,8.081185835E1,1.573379987E1,2.618785550E0,7.985099814E1
1.774936157E1,7.560081305E-1,9.155546540E-2,1.091325010E-1,6.388735404E-1,8.177292776E1,1.615269081E1,2.752710860E0,8.079042982E1
1.775932897E1,7.514758791E-1,9.267342330E-2,1.171083512E-1,6.426361909E-1,8.256322936E1,1.687412397E1,3.261754480E0,8.155577311E1
1.776929444E1,7.476395312E-1,9.786671062E-2,1.263705388E-1,6.445833734E-1,8.322736316E1,1.805092771E1,3.600125857E0,8.210508811E1
1.777926168E1,7.446831810E-1,9.767368524E-2,1.308648361E-1,6.471330665E-1,8.373621241E1,1.839624717E1,3.927259082E0,8.261776629E1
1.778921626E1,7.417382307E-1,9.743973801E-2,1.374751126E-1,6.491767772E-1,8.424060518E1,1.890582568E1,4.440849376E0,8.312523561E1
1.779918220E1,7.388334863E-1,9.979675640E-2,1.451583122E-1,6.504573401E-1,8.473571783E1,1.972566322E1,4.856967101E0,8.356528341E1
1.780915975E1,7.366124158E-1,9.810711775E-2,1.495662929E-1,6.522323715E-1,8.511272141E1,1.994366167E1,5.299822372E0,8.397893249E1
1.781912688E1,7.331790781E-1,9.900518009E-2,1.573400072E-1,6.541334236E-1,8.569285258E1,2.066056155E1,5.807792685E0,8.453740963E1
1.782910162E1,7.295266125E-1,1.031266035E-1,1.658821323E-1,6.554684916E-1,8.630655404E1,2.171846794E1,6.133093947E0,8.505602402E1
1.783906949E1,7.258458422E-1,1.046007890E-1,1.734028092E-1,6.573720058E-1,8.692148503E1,2.247807499E1,6.557724080E0,8.563644377E1
1.784903433E1,7.216168642E-1,1.094253832E-1,1.844096322E-1,6.582463629E-1,8.762373283E1,2.381097110E1,7.012650065E0,8.622131886E1
1.785900183E1,7.185944664E-1,1.114603305E-1,1.894817387E-1,6.597690947E-1,8.812288285E1,2.442323449E1,7.194898380E0,8.667153537E1
1.786896839E1,7.178606673E-1,9.872099327E-2,1.866811975E-1,6.633855277E-1,8.824373108E1,2.314928055E1,7.876716728E0,8.709861369E1
1.787893579E1,7.142933086E-1,9.548474239E-2,1.956836837E-1,6.651132454E-1,8.882937372E1,2.366629718E1,8.773848178E0,8.775788290E1
1.788889938E1,7.103763480E-1,1.005326073E-1,2.062629248E-1,6.653677517E-1,8.946891143E1,2.500573469E1,9.164312042E0,8.828866927E1
1.789886642E1,7.068638792E-1,9.795008281E-2,2.076099651E-1,6.690645260E-1,9.003935719E1,2.495375306E1,9.348209540E0,8.892561003E1
1.790884454E1,7.019469883E-1,9.686550290E-2,2.131722767E-1,6.726403797E-1,9.083315876E1,2.539981742E1,9.727355490E0,8.975439347E1
1.791881272E1,6.968977175E-1,1.044219569E-1,2.240671779E-1,6.732187802E-1,9.164273133E1,2.699917648E1,9.887033915E0,9.039893428E1
1.792878142E1,6.943649412E-1,1.056346439E-1,2.293490151E-1,6.738677019E-1,9.204673438E1,2.758338464E1,1.014478944E1,9.077982443E1
1.793874959E1,6.932457924E-1,9.933063543E-2,2.310547040E-1,6.753942700E-1,9.222481230E1,2.724730473E1,1.072997865E1,9.111315883E1
1.794872834E1,6.917127732E-1,9.635422398E-2,2.371115042E-1,6.752980360E-1,9.246831380E1,2.756088135E1,1.141362684E1,9.143213458E1
1.795869756E1,6.912873065E-1,9.415341802E-2,2.408774044E-1,6.747111010E-1,9.253580618E1,2.772283103E1,1.188677212E1,9.155261901E1
1.796864527E1,6.908389476E-1,8.792985566E-2,2.406845062E-1,6.760775528E-1,9.260688884E1,2.722573544E1,1.233655240E1,9.176093839E1
1.797861230E1,6.894574876E-1,8.715052090E-2,2.457397576E-1,6.757700282E-1,9.282564071E1,2.763095080E1,1.277169970E1,9.200413156E1
1.798857595E1,6.884921817E-1,9.079505106E-2,2.523779768E-1,6.738250005E-1,9.297825963E1,2.851568777E1,1.301232085E1,9.208627671E1
1.799854267E1,6.883156942E-1,9.137995791E-2,2.573437335E-1,6.720456913E-1,9.300614217E1,2.900295512E1,1.338212731E1,9.210551943E1
1.800852121E1,6.888080683E-1,9.056052264E-2,2.636785391E-1,6.691904548E-1,9.292833790E1,2.949174993E1,1.400717112E1,9.204861202E1
1.801848907E1,6.903572557E-1,8.882649806E-2,2.688689571E-1,6.657523538E-1,9.268320918E1,2.978862798E1,1.465264262E1,9.183817192E1
1.802845339E1,6.924699283E-1,8.324752211E-2,2.693030258E-1,6.641017458E-1,9.234811098E1,2.935092675E1,1.521244882E1,9.160993437E1
1.803842089E1,6.942629963E-1,7.574709387E-2,2.681046680E-1,6.636122036E-1,9.206296680E1,2.862254446E1,1.576764920E1,9.146013259E1
1.804839225E1,6.956273284E-1,7.248690444E-2,2.709863133E-1,6.613733339E-1,9.184554346E1,2.859373044E1,1.632760800E1,9.129547243E1
1.805836011E1,6.978775647E-1,7.068992983E-2,2.742653438E-1,6.578361192E-1,9.148606444E1,2.869274645E1,1.684613130E1,9.095426951E1
1.806831371E1,7.002897455E-1,6.733433012E-2,2.762635974E-1,6.547814788E-1,9.109949010E1,2.854948300E1,1.738257576E1,9.060763541E1
1.807828011E1,7.025124021E-1,6.687445773E-2,2.813387205E-1,6.502712174E-1,9.074215292E1,2.890785923E1,1.795770246E1,9.024141810E1
1.808824194E1,7.056078801E-1,6.678097033E-2,2.873523531E-1,6.442720285E-1,9.024265060E1,2.935345760E1,1.863063071E1,8.971676277E1
1.809820787E1,7.094734733E-1,6.234944839E-2,2.896897266E-1,6.394058173E-1,8.961581639E1,2.910437479E1,1.934898373E1,8.912064990E1
1.810818313E1,7.130552664E-1,5.797370497E-2,2.917451275E-1,6.348826799E-1,8.903190589E1,2.883476196E1,2.002607744E1,8.855958056E1
1.811815001E1,7.167819325E-1,5.696518922E-2,2.957973129E-1,6.288740558E-1,8.842114805E1,2.899945941E1,2.063396477E1,8.791533445E1
1.812812720E1,7.207828671E-1,5.539647267E-2,2.980587535E-1,6.233492350E-1,8.776169345E1,2.894781165E1,2.113757620E1,8.722273109E1
1.813809511E1,7.245037812E-1,5.335915744E-2,3.002645933E-1,6.181328704E-1,8.714483216E1,2.885569798E1,2.166132901E1,8.657606314E1
1.814805412E1,7.280708361E-1,5.201330554E-2,3.026382576E-1,6.128764629E-1,8.655018338E1,2.883373714E1,2.214356959E1,8.593962185E1
1.815802110E1,7.310670113E-1,4.913867996E-2,3.035327035E-1,6.090930250E-1,8.604815978E1,2.857199837E1,2.257828737E1,8.541898485E1
1.816798767E1,7.330081111E-1,4.724326265E-2,3.052407058E-1,6.060489210E-1,8.572165801E1,2.849373164E1,2.296846106E1,8.507373096E1
1.817795459E1,7.339711792E-1,4.536084792E-2,3.068382650E-1,6.042176600E-1,8.555929312E1,2.843959592E1,2.330372640E1,8.490624833E1
1.818791230E1,7.338486615E-1,4.191229620E-2,3.073342531E-1,6.043634323E-1,8.557996233E1,2.819879822E1,2.360400853E1,8.495498494E1
1.819787834E1,7.324459161E-1,4.080968357E-2,3.097966466E-1,6.048831188E-1,8.581632467E1,2.836980920E1,2.385656566E1,8.521531320E1
1.820786454E1,7.302182703E-1,4.077336389E-2,3.127711954E-1,6.060470195E-1,8.619060891E1,2.870591552E1,2.403918519E1,8.561903908E1
1.821783261E1,7.272396409E-1,3.902217644E-2,3.142226369E-1,6.089859678E-1,8.668904036E1,2.879735322E1,2.417358014E1,8.617871468E1
1.822776980E1,7.237126541E-1,3.610145696E-2,3.146086104E-1,6.131542232E-1,8.727627816E1,2.872110498E1,2.427401311E1,8.684782096E1
1.823773470E1,7.197924132E-1,3.177780026E-2,3.139554407E-1,6.183211420E-1,8.792531131E1,2.845436354E1,2.437252715E1,8.759508123E1
1.824773371E1,7.149452117E-1,2.962857740E-2,3.148707430E-1,6.235638756E-1,8.872258152E1,2.853917039E1,2.441104895E1,8.848664467E1
1.825770204E1,7.093918184E-1,3.072394675E-2,3.180552635E-1,6.282198154E-1,8.962909294E1,2.911509980E1,2.437133845E1,8.947405171E1
1.826764194E1,7.039335917E-1,3.214087506E-2,3.211644563E-1,6.326909629E-1,9.051309038E1,2.970556389E1,2.429824340E1,9.043307353E1
1.827760735E1,6.982337171E-1,3.311218553E-2,3.234953609E-1,6.377491755E-1,9.142906781E1,3.019646553E1,2.417444678E1,9.142870825E1
1.828760454E1,6.927798424E-1,3.475319239E-2,3.271145937E-1,6.417510017E-1,9.229887537E1,3.084850343E1,2.411886542E1,9.236712175E1
1.829757318E1,6.878231254E-1,3.594896056E-2,3.303790186E-1,6.453345834E-1,9.308392710E1,3.141550211E1,2.408468472E1,9.321585102E1
1.830753850E1,6.832196143E-1,3.675149009E-2,3.340995245E-1,6.482575062E-1,9.380849947E1,3.198409670E1,2.413436180E1,9.400387529E1
1.831750678E1,6.795363758E-1,3.795235374E-2,3.387577532E-1,6.496407603E-1,9.438515114E1,3.264328299E1,2.427305126E1,9.462968629E1
1.832745454E1,6.767270218E-1,3.729573455E-2,3.411393979E-1,6.513627847E-1,9.482318523E1,3.291763964E1,2.440163333E1,9.512183026E1
1.833742079E1,6.742896915E-1,3.588090609E-2,3.427771873E-1,6.531077801E-1,9.520197014E1,3.305280163E1,2.454413413E1,9.555737517E1
1.834738944E1,6.722980528E-1,3.605301917E-2,3.454387199E-1,6.537488806E-1,9.551064331E1,3.339143383E1,2.466653181E1,9.590114607E1
1.835735589E1,6.711004042E-1,3.558403706E-2,3.469216438E-1,6.542196854E-1,9.569589713E1,3.354206969E1,2.477645177E1,9.611482574E1
1.836734423E1,6.703846096E-1,3.577909018E-2,3.485704714E-1,6.540664786E-1,9.580648781E1,3.374209005E1,2.486923732E1,9.623964611E1
1.837731287E1,6.701703049E-1,3.579564645E-2,3.498754894E-1,6.535882313E-1,9.583957925E1,3.387866644E1,2.497110215E1,9.628120562E1
1.838728334E1,6.704006875E-1,3.486593487E-2,3.513638063E-1,6.526030650E-1,9.580400481E1,3.394891683E1,2.518876404E1,9.626145173E1
1.839725214E1,6.711351742E-1,3.390116768E-2,3.538011661E-1,6.505789911E-1,9.569052269E1,3.409270030E1,2.551745453E1,9.616118057E1
1.840722444E1,6.726650792E-1,3.310776717E-2,3.570949842E-1,6.472315963E-1,9.545381674E1,3.430531943E1,2.594791200E1,9.592696201E1
1.841719360E1,6.749833006E-1,3.238702678E-2,3.609663509E-1,6.426911528E-1,9.509429317E1,3.455078996E1,2.646575275E1,9.555761781E1
1.842713782E1,6.774501751E-1,3.121500100E-2,3.633836336E-1,6.387794759E-1,9.471057876E1,3.461136814E1,2.690224221E1,9.515803236E1
1.843710449E1,6.795718320E-1,2.938900656E-2,3.644789017E-1,6.359823439E-1,9.437961293E1,3.450307777E1,2.725795942E1,9.481624191E1
1.844707506E1,6.821137175E-1,2.669844878E-2,3.655216077E-1,6.327732797E-1,9.398192399E1,3.430565805E1,2.770158091E1,9.440587933E1
1.845704204E1,6.851700562E-1,2.026213502E-2,3.627110025E-1,6.313257231E-1,9.350203485E1,3.342176151E1,2.812868272E1,9.391828653E1
1.846698261E1,6.875728411E-1,1.489354698E-2,3.608140748E-1,6.299483898E-1,9.312343205E1,3.272866416E1,2.851622376E1,9.352621599E1
1.847694694E1,6.906602492E-1,1.316597452E-2,3.622285258E-1,6.257839662E-1,9.263520788E1,3.260325585E1,2.893882946E1,9.298879138E1
1.848694933E1,6.942464685E-1,9.377203190E-3,3.614222811E-1,6.223406172E-1,9.206559828E1,3.207607597E1,2.935114156E1,9.235839756E1
1.849691751E1,6.977362996E-1,5.610846343E-3,3.614814238E-1,6.184365407E-1,9.150866405E1,3.163077464E1,2.983457472E1,9.173506889E1
1.850686261E1,7.017969062E-1,5.252094999E-3,3.641712097E-1,6.122359414E-1,9.085730318E1,3.167329578E1,3.031259547E1,9.098942188E1
1.851682845E1,7.062407772E-1,2.317554016E-3,3.636128795E-1,6.074572145E-1,9.014025616E1,3.117495717E1,3.071585613E1,9.016242754E1
1.852679220E1,7.104945902E-1,-1.276449471E-4,3.642164005E-1,6.021161304E-1,8.944965838E1,3.082617042E1,3.117818375E1,8.935674219E1
1.853675777E1,7.151123542E-1,-6.038967970E-5,3.670431739E-1,5.948895912E-1,8.869518449E1,3.086439608E1,3.166999807E1,8.846683104E1
1.854675032E1,7.196475126E-1,-3.037085187E-3,3.664420164E-1,5.897613774E-1,8.794922781E1,3.032608961E1,3.207307834E1,8.757839136E1
1.855671865E1,7.237578223E-1,-6.904830117E-3,3.648290176E-1,5.856848350E-1,8.726877771E1,2.963262522E1,3.242423078E1,8.675736493E1
1.856665282E1,7.279031863E-1,-8.712489055E-3,3.643785848E-1,5.807833424E-1,8.657820482E1,2.921054133E1,3.272345779E1,8.592131239E1
1.857661766E1,7.319859929E-1,-1.296717693E-2,3.611418505E-1,5.775854242E-1,8.589370750E1,2.832314596E1,3.293456403E1,8.508262795E1
1.858660652E1,7.356247737E-1,-1.676685348E-2,3.589866633E-1,5.741982589E-1,8.527992987E1,2.759041879E1,3.318978021E1,8.431837422E1
1.859657381E1,7.391459868E-1,-1.865816924E-2,3.587111903E-1,5.697730819E-1,8.468256505E1,2.719217966E1,3.347284573E1,8.357315887E1
1.860655595E1,7.423874823E-1,-2.076530535E-2,3.580749254E-1,5.658727560E-1,8.412961696E1,2.675400502E1,3.372185478E1,8.287666416E1
1.861652475E1,7.450438073E-1,-2.101524470E-2,3.592365640E-1,5.616201348E-1,8.367427643E1,2.666930617E1,3.397969896E1,8.230294869E1
1.862648418E1,7.475596676E-1,-1.934415671E-2,3.620322029E-1,5.565186709E-1,8.324114272E1,2.690449729E1,3.425049821E1,8.176187334E1
1.863645199E1,7.496718910E-1,-1.998052583E-2,3.624287376E-1,5.533879694E-1,8.287607187E1,2.674671271E1,3.443835599E1,8.129548636E1
1.864643183E1,7.511140699E-1,-2.050368721E-2,3.624606140E-1,5.513887523E-1,8.262605115E1,2.660924553E1,3.454891006E1,8.097609217E1
1.865640089E1,7.522868216E-1,-1.898729574E-2,3.636455430E-1,5.490591404E-1,8.242228075E1,2.677405335E1,3.460960982E1,8.072924763E1
1.866636662E1,7.533743333E-1,-1.806144979E-2,3.642432766E-1,5.471999026E-1,8.223295073E1,2.683997456E1,3.465192704E1,8.049812773E1
1.867633532E1,7.544537276E-1,-1.870845264E-2,3.639100110E-1,5.459112296E-1,8.204467887E1,2.668203220E1,3.471765551E1,8.025700932E1
1.868626110E1,7.551794012E-1,-2.233666286E-2,3.606812933E-1,5.469132930E-1,8.191790415E1,2.602754250E1,3.469380323E1,8.008382595E1
1.869622542E1,7.555805079E-1,-2.360873099E-2,3.598712561E-1,5.468394673E-1,8.184776170E1,2.581503732E1,3.472538951E1,7.998594434E1
1.870623636E1,7.563645999E-1,-2.248010256E-2,3.612048913E-1,5.449204194E-1,8.171050246E1,2.597979310E1,3.481335271E1,7.981445844E1
1.871620543E1,7.568155557E-1,-2.404006603E-2,3.590860232E-1,5.456276365E-1,8.163147422E1,2.562884963E1,3.473332596E1,7.971746848E1
1.872613959E1,7.570823106E-1,-2.271566336E-2,3.595809900E-1,5.449879681E-1,8.158469676E1,2.577678817E1,3.469615431E1,7.967370403E1
1.873610516E1,7.577638164E-1,-1.792443756E-2,3.629098366E-1,5.420047634E-1,8.146508899E1,2.645642632E1,3.471049770E1,7.955317927E1
1.874609412E1,7.585535442E-1,-1.691200294E-2,3.630952628E-1,5.408071143E-1,8.132630611E1,2.651493267E1,3.469074117E1,7.939095656E1
1.875606204E1,7.590715167E-1,-1.697707843E-2,3.623663026E-1,5.405671782E-1,8.123517384E1,2.641496549E1,3.464418662E1,7.928525837E1
1.876601266E1,7.596913186E-1,-1.501041239E-2,3.637566406E-1,5.388180531E-1,8.112601445E1,2.667315735E1,3.467085789E1,7.915717708E1
1.877597881E1,7.605562154E-1,-1.469709642E-2,3.639115096E-1,5.375003738E-1,8.097348566E1,2.665835715E1,3.470489153E1,7.896731593E1
1.878595459E1,7.614038917E-1,-1.588582374E-2,3.627417282E-1,5.370569736E-1,8.082376265E1,2.639478295E1,3.471181958E1,7.877792339E1
1.879592173E1,7.622935417E-1,-1.643698314E-2,3.617794030E-1,5.364271110E-1,8.066637842E1,2.620550141E1,3.469436697E1,7.858511584E1
1.880589214E1,7.633132777E-1,-1.669973655E-2,3.608189255E-1,5.356152181E-1,8.048566748E1,2.603515492E1,3.466136525E1,7.836729305E1
1.881585954E1,7.643157097E-1,-1.765515232E-2,3.592826593E-1,5.351875954E-1,8.030769424E1,2.575391736E1,3.461842369E1,7.815094573E1
1.882582558E1,7.652331119E-1,-1.874027445E-2,3.577364301E-1,5.348754370E-1,8.014452972E1,2.546540517E1,3.457962189E1,7.795132059E1
1.883579287E1,7.660552872E-1,-2.035647202E-2,3.557905350E-1,5.349373853E-1,7.999806677E1,2.510076996E1,3.453359196E1,7.776996348E1
1.884578548E1,7.668019716E-1,-2.284404337E-2,3.529394620E-1,5.356553203E-1,7.986485826E1,2.458597199E1,3.445386199E1,7.760374665E1
1.885575532E1,7.674420848E-1,-2.591553249E-2,3.494095926E-1,5.369115089E-1,7.975051462E1,2.396890003E1,3.434203390E1,7.745969149E1
1.886569990E1,7.681274910E-1,-2.787445775E-2,3.472829655E-1,5.372129131E-1,7.962792865E1,2.356692868E1,3.429571206E1,7.730214628E1
1.887566720E1,7.686263200E-1,-2.960349523E-2,3.454712598E-1,5.375749454E-1,7.953861332E1,2.322442214E1,3.425692308E1,7.718500537E1
1.888564777E1,7.687558375E-1,-2.969165011E-2,3.454345201E-1,5.374084671E-1,7.951540953E1,2.320435199E1,3.426509615E1,7.715467954E1
1.889561636E1,7.689223940E-1,-2.657930974E-2,3.484324940E-1,5.353939573E-1,7.948556170E1,2.372921215E1,3.435341152E1,7.712940074E1
1.890557600E1,7.690482836E-1,-2.336781066E-2,3.512036533E-1,5.335491326E-1,7.946299538E1,2.424851273E1,3.441068611E1,7.711571108E1
1.891554371E1,7.686474484E-1,-2.269641887E-2,3.514819299E-1,5.339723078E-1,7.953482843E1,2.436203315E1,3.437242942E1,7.721386739E1
1.892551537E1,7.675940664E-1,-2.160736884E-2,3.517484461E-1,5.353554907E-1,7.972334602E1,2.455805004E1,3.427290228E1,7.746612228E1
1.893548345E1,7.661045971E-1,-1.911294252E-2,3.530509959E-1,5.367247301E-1,7.998927557E1,2.499850942E1,3.415715629E1,7.782183814E1
1.894543470E1,7.643253565E-1,-1.707539685E-2,3.543214112E-1,5.384900349E-1,8.030597993E1,2.541010759E1,3.405742571E1,7.823183164E1
1.895540105E1,7.623166265E-1,-1.512708940E-2,3.558775129E-1,5.403662905E-1,8.066229120E1,2.584954066E1,3.398190344E1,7.868381993E1
1.896542928E1,7.603072669E-1,-1.407895009E-2,3.568126941E-1,5.426042245E-1,8.101741330E1,2.615263502E1,3.390745937E1,7.912861921E1
1.897540188E1,7.582710244E-1,-1.294043001E-2,3.575507937E-1,5.449908519E-1,8.137597720E1,2.644843697E1,3.380344958E1,7.958021310E1
1.898535464E1,7.560887311E-1,-1.093222091E-2,3.583423785E-1,5.475409181E-1,8.175881633E1,2.683657919E1,3.363146952E1,8.007008389E1
1.899532527E1,7.536947940E-1,-1.010413582E-2,3.578979628E-1,5.511362011E-1,8.217709185E1,2.702323767E1,3.341018756E1,8.060142415E1
1.900524860E1,7.511335709E-1,-9.620250524E-3,3.574982407E-1,5.548881124E-1,8.262266614E1,2.718912686E1,3.321170708E1,8.115894480E1
1.901521444E1,7.485823335E-1,-9.016534084E-3,3.573423967E-1,5.584349592E-1,8.306455196E1,2.738297451E1,3.302949556E1,8.170781731E1
1.902517714E1,7.460300166E-1,-9.305564997E-3,3.563903803E-1,5.624397902E-1,8.350470801E1,2.742582173E1,3.283512960E1,8.225079966E1
1.903514261E1,7.434915662E-1,-9.705283908E-3,3.553784777E-1,5.664205470E-1,8.394060203E1,2.745024270E1,3.264527674E1,8.278532828E1
1.904509751E1,7.411543121E-1,-1.053345155E-2,3.537298301E-1,5.704862306E-1,8.434032340E1,2.736766430E1,3.243586150E1,8.327456351E1
1.905506194E1,7.389837055E-1,-1.150217800E-2,3.518560596E-1,5.744284953E-1,8.471017063E1,2.724157222E1,3.222504743E1,8.372537603E1
1.906503449E1,7.372156453E-1,-1.119201743E-2,3.517392942E-1,5.767731790E-1,8.501046341E1,2.735712627E1,3.210861402E1,8.408947722E1
1.907499975E1,7.353934324E-1,-1.126674643E-2,3.505741503E-1,5.797993835E-1,8.531905782E1,2.734894949E1,3.191663241E1,8.446573616E1
1.908498949E1,7.331507499E-1,-1.139891447E-2,3.490150550E-1,5.835653639E-1,8.569762600E1,2.732218320E1,3.167264080E1,8.492532132E1
1.909495720E1,7.309910222E-1,-9.233029931E-3,3.502785934E-1,5.855525456E-1,8.606092120E1,2.773719800E1,3.152791137E1,8.536588740E1
1.910491115E1,7.291791462E-1,-7.228418194E-3,3.515329204E-1,5.870861338E-1,8.636475388E1,2.811719378E1,3.140931263E1,8.573250581E1
1.911487746E1,7.275349082E-1,-6.808892549E-3,3.515437082E-1,5.891210551E-1,8.663973432E1,2.824017592E1,3.130161275E1,8.606024081E1
1.912484980E1,7.263716989E-1,-6.314748180E-3,3.521848700E-1,5.901780209E-1,8.683384613E1,2.840029684E1,3.127108923E1,8.628963278E1
1.913481668E1,7.256302435E-1,-6.937712522E-3,3.518760712E-1,5.912663091E-1,8.695739612E1,2.835787630E1,3.125634373E1,8.643371124E1
1.914478740E1,7.248837684E-1,-8.056145021E-3,3.510444025E-1,5.926604832E-1,8.708164082E1,2.822646014E1,3.123047509E1,8.657781170E1
1.915475470E1,7.242315976E-1,-8.511817114E-3,3.507691125E-1,5.936136553E-1,8.719007341E1,2.819656688E1,3.121035643E1,8.670436868E1
1.916472240E1,7.236141394E-1,-9.228917805E-3,3.496630081E-1,5.950068782E-1,8.729263532E1,2.806776931E1,3.113288720E1,8.682523183E1
1.917468970E1,7.229427682E-1,-9.553176932E-3,3.486347192E-1,5.964195866E-1,8.740404327E1,2.798196151E1,3.102963129E1,8.695793129E1
1.918466178E1,7.224387530E-1,-9.387958292E-3,3.480139043E-1,5.973947077E-1,8.748760559E1,2.796565925E1,3.093425033E1,8.705884733E1
1.919462954E1,7.220206993E-1,-9.584677059E-3,3.469896768E-1,5.984917777E-1,8.755686780E1,2.787781422E1,3.083317707E1,8.714214348E1
1.920457277E1,7.215371455E-1,-9.365128124E-3,3.463015119E-1,5.994761921E-1,8.763692746E1,2.785866752E1,3.072827271E1,8.723898234E1
1.921453803E1,7.212107039E-1,-9.125873703E-3,3.459546861E-1,6.000726574E-1,8.769094188E1,2.786394476E1,3.066148645E1,8.730429588E1
1.922452933E1,7.210015818E-1,-9.219509900E-3,3.456874335E-1,6.004764092E-1,8.772553017E1,2.784237350E1,3.063416437E1,8.734503911E1
1.923449725E1,7.208268341E-1,-8.480074670E-3,3.460466869E-1,6.004901781E-1,8.775442470E1,2.794590332E1,3.060149527E1,8.738125903E1
1.924447652E1,7.207270916E-1,-7.442963449E-3,3.463954953E-1,6.004225367E-1,8.777091373E1,2.806976035E1,3.054740524E1,8.740407143E1
1.925444558E1,7.206070511E-1,-6.661231320E-3,3.465915175E-1,6.004626765E-1,8.779075506E1,2.815922505E1,3.049826188E1,8.742988595E1
1.926439371E1,7.205193055E-1,-5.711474170E-3,3.470211914E-1,6.003295779E-1,8.780525616E1,2.828228415E1,3.045945234E1,8.744930198E1
1.927436063E1,7.204858357E-1,-4.977786031E-3,3.471695722E-1,6.002904882E-1,8.781078697E1,2.835898808E1,3.041355175E1,8.745796118E1
1.928429355E1,7.205097320E-1,-4.748512316E-3,3.468672243E-1,6.004384285E-1,8.780683819E1,2.834968769E1,3.036752409E1,8.745487793E1
1.929425704E1,7.206171428E-1,-4.486531331E-3,3.465724118E-1,6.004817799E-1,8.778908717E1,2.833971895E1,3.032340029E1,8.743577765E1
1.930425407E1,7.208701585E-1,-4.560007750E-3,3.458545090E-1,6.005914413E-1,8.774726171E1,2.825621894E1,3.027227624E1,8.738858486E1
1.931422095E1,7.211704986E-1,-4.922809661E-3,3.448195848E-1,6.008230454E-1,8.769759258E1,2.811756421E1,3.021610746E1,8.733212728E1
1.932417360E1,7.215849042E-1,-5.292324987E-3,3.438675586E-1,6.008679717E-1,8.762902287E1,2.798036664E1,3.017344040E1,8.725344400E1
1.933413902E1,7.221292280E-1,-5.840544813E-3,3.429634357E-1,6.007256844E-1,8.753889120E1,2.782617341E1,3.015526379E1,8.714887067E1
1.934411850E1,7.227792029E-1,-6.725162492E-3,3.418728008E-1,6.005563954E-1,8.743116828E1,2.762171187E1,3.015061268E1,8.702291187E1
1.935408532E1,7.234633371E-1,-7.730375455E-3,3.406416364E-1,6.004201168E-1,8.731766947E1,2.739279611E1,3.014343273E1,8.688990585E1
1.936405949E1,7.241516447E-1,-8.529391828E-3,3.396027488E-1,6.001679915E-1,8.720335930E1,2.719835036E1,3.013809918E1,8.675611949E1
1.937402704E1,7.248909709E-1,-9.014889299E-3,3.388927985E-1,5.996694783E-1,8.708044270E1,2.705734267E1,3.014119011E1,8.661269148E1
1.938398787E1,7.256660999E-1,-9.360360726E-3,3.382875025E-1,5.990681603E-1,8.695142454E1,2.693576886E1,3.014450060E1,8.646246971E1
1.939395475E1,7.263849947E-1,-9.597283314E-3,3.377578767E-1,5.984917279E-1,8.683162935E1,2.683293727E1,3.014382233E1,8.632329818E1
1.940391964E1,7.270188819E-1,-1.003279700E-2,3.371085848E-1,5.980808393E-1,8.672588973E1,2.670675334E1,3.014363443E1,8.619982781E1
1.941388631E1,7.274786173E-1,-1.048771153E-2,3.365236436E-1,5.978433796E-1,8.664913595E1,2.659325025E1,3.014350638E1,8.610978507E1
1.942385516E1,7.277273588E-1,-1.092204324E-2,3.359773502E-1,5.978401294E-1,8.660758530E1,2.649542588E1,3.013632211E1,8.606076003E1
1.943382204E1,7.276646661E-1,-1.148047776E-2,3.352839541E-1,5.982950797E-1,8.661805921E1,2.638950247E1,3.011160768E1,8.607220151E1
1.944377871E1,7.273100019E-1,-1.217165299E-2,3.345456629E-1,5.991253721E-1,8.667729297E1,2.628275760E1,3.008084713E1,8.613974958E1
1.945374454E1,7.267213817E-1,-1.268214475E-2,3.340047978E-1,6.001299789E-1,8.677552901E1,2.622048697E1,3.004491438E1,8.625301889E1
1.946372558E1,7.259055269E-1,-1.316701053E-2,3.333724931E-1,6.014570448E-1,8.691154159E1,2.616347591E1,2.998892903E1,8.641059473E1
1.947369292E1,7.248438985E-1,-1.356362933E-2,3.327917222E-1,6.030481079E-1,8.708827284E1,2.613046482E1,2.992084796E1,8.661565795E1
1.948366803E1,7.236582932E-1,-1.379131596E-2,3.323945727E-1,6.046836547E-1,8.728530442E1,2.613389549E1,2.985184343E1,8.684444820E1
1.949363615E1,7.223248694E-1,-1.398775608E-2,3.319483898E-1,6.065157807E-1,8.750647790E1,2.614244224E1,2.976981599E1,8.710120926E1
1.950358095E1,7.208957951E-1,-1.428860035E-2,3.316351758E-1,6.083775133E-1,8.774302291E1,2.615816079E1,2.970500428E1,8.737437493E1
1.951354673E1,7.194389838E-1,-1.458321283E-2,3.315754381E-1,6.101250752E-1,8.798363739E1,2.619801297E1,2.966261313E1,8.765132944E1
1.952353001E1,7.180063147E-1,-1.497126609E-2,3.315892318E-1,6.117935719E-1,8.821975509E1,2.623516731E1,2.963579463E1,8.792214972E1
1.953349751E1,7.166985612E-1,-1.509074437E-2,3.317057648E-1,6.132591029E-1,8.843484817E1,2.629796809E1,2.960219401E1,8.816978990E1
1.954346542E1,7.156122174E-1,-1.516207725E-2,3.316871750E-1,6.145346887E-1,8.861320982E1,2.634190502E1,2.956127196E1,8.837532655E1
1.955343293E1,7.147482739E-1,-1.530995917E-2,3.313490164E-1,6.157177434E-1,8.875485382E1,2.633987661E1,2.950605275E1,8.853838855E1
1.956338069E1,7.141837450E-1,-1.532332533E-2,3.309408896E-1,6.165913571E-1,8.884731203E1,2.632847288E1,2.944590901E1,8.864538430E1
1.957334621E1,7.139161010E-1,-1.532304165E-2,3.303975737E-1,6.171923917E-1,8.889112002E1,2.629194170E1,2.938441945E1,8.869648489E1
1.958333819E1,7.139347396E-1,-1.544448851E-2,3.297619222E-1,6.175076761E-1,8.888806980E1,2.622349255E1,2.933605732E1,8.869311336E1
1.959330642E1,7.141829773E-1,-1.542351176E-2,3.290950422E-1,6.175769129E-1,8.884743770E1,2.615341267E1,2.928266378E1,8.864729381E1
1.960326475E1,7.146576258E-1,-1.539382700E-2,3.282201586E-1,6.174941583E-1,8.876970525E1,2.605483711E1,2.921848602E1,8.855919059E1
1.961323194E1,7.152568785E-1,-1.521097370E-2,3.273081303E-1,6.172889209E-1,8.867148951E1,2.596009182E1,2.914345344E1,8.844851653E1
1.962318761E1,7.160649352E-1,-1.478503236E-2,3.265846431E-1,6.167453950E-1,8.853891485E1,2.589313976E1,2.907465548E1,8.829952400E1
1.963315360E1,7.169489857E-1,-1.493900418E-2,3.253055601E-1,6.163905180E-1,8.839369171E1,2.572454836E1,2.900405403E1,8.813401849E1
1.964313746E1,7.177731734E-1,-1.469654807E-2,3.245329299E-1,6.158441852E-1,8.825813154E1,2.563758025E1,2.894590400E1,8.798107356E1
1.965310527E1,7.186375859E-1,-1.405234958E-2,3.240572200E-1,6.151011866E-1,8.811577747E1,2.560920868E1,2.888457203E1,8.782208538E1
1.966307313E1,7.193751434E-1,-1.392883558E-2,3.229752318E-1,6.148108573E-1,8.799416962E1,2.548915792E1,2.880354592E1,8.768542962E1
1.967304095E1,7.200051978E-1,-1.318555422E-2,3.222721966E-1,6.144585321E-1,8.789018085E1,2.546023428E1,2.870364290E1,8.757169678E1
1.968298683E1,7.209421782E-1,-1.214240998E-2,3.221337463E-1,6.134531662E-1,8.773535341E1,2.549273696E1,2.864473446E1,8.740005490E1
1.969295240E1,7.218225188E-1,-1.148164201E-2,3.214172809E-1,6.128061315E-1,8.758968664E1,2.544462811E1,2.856037250E1,8.723829009E1
1.970294845E1,7.227002180E-1,-1.057310355E-2,3.207793658E-1,6.121218856E-1,8.744426441E1,2.542481426E1,2.846349179E1,8.707797690E1
1.971291709E1,7.238164948E-1,-9.298361723E-3,3.206856171E-1,6.108714737E-1,8.725903402E1,2.547327158E1,2.839811615E1,8.687244953E1
1.972287600E1,7.248020139E-1,-8.724706108E-3,3.200672435E-1,6.100351463E-1,8.709523956E1,2.542243942E1,2.833431953E1,8.668952230E1
1.973284365E1,7.255527827E-1,-8.129803188E-3,3.196219603E-1,6.093840073E-1,8.697029545E1,2.539954352E1,2.827562236E1,8.655072823E1
1.974279725E1,7.262780100E-1,-7.147960393E-3,3.196516167E-1,6.085162305E-1,8.684946543E1,2.545238568E1,2.822993695E1,8.641696136E1
1.975276350E1,7.269200522E-1,-6.900327744E-3,3.191790493E-1,6.080002941E-1,8.674238244E1,2.540282524E1,2.819189585E1,8.629714053E1
1.976274454E1,7.275441364E-1,-6.869406124E-3,3.188501218E-1,6.074264899E-1,8.663819296E1,2.534826214E1,2.818372383E1,8.617921776E1
1.977271225E1,7.284187032E-1,-6.577406034E-3,3.189495403E-1,6.063283940E-1,8.649201668E1,2.534180147E1,2.820539568E1,8.601299426E1
1.978267527E1,7.294711012E-1,-6.739049390E-3,3.186179561E-1,6.052347443E-1,8.631585417E1,2.525088698E1,2.822937875E1,8.581175758E1
1.979264251E1,7.306062547E-1,-6.942784347E-3,3.183380295E-1,6.040092692E-1,8.612551474E1,2.515688818E1,2.826475641E1,8.559375762E1
1.980259792E1,7.319545905E-1,-6.890668196E-3,3.182605168E-1,6.024161681E-1,8.589898896E1,2.509226104E1,2.830770390E1,8.533459195E1
1.981256392E1,7.333967047E-1,-7.189451217E-3,3.178205614E-1,6.008890713E-1,8.565617438E1,2.496154774E1,2.834745057E1,8.505617241E1
1.982255287E1,7.348216201E-1,-7.512031625E-3,3.174491881E-1,5.993386097E-1,8.541570923E1,2.483515696E1,2.839461645E1,8.477975043E1
1.983252121E1,7.362831266E-1,-7.753184113E-3,3.172797065E-1,5.976291772E-1,8.516849977E1,2.473099961E1,2.845591595E1,8.449477160E1
1.984247938E1,7.376732294E-1,-8.282537969E-3,3.168428110E-1,5.961377687E-1,8.493282841E1,2.458192220E1,2.851103354E1,8.422227805E1
1.985244668E1,7.389757651E-1,-8.704133137E-3,3.165717803E-1,5.946607139E-1,8.471152118E1,2.446009324E1,2.856984849E1,8.396579843E1
1.986239647E1,7.402544332E-1,-9.022258151E-3,3.164709552E-1,5.931172798E-1,8.449381223E1,2.436246322E1,2.863581415E1,8.371286929E1
1.987236199E1,7.414231339E-1,-9.532669492E-3,3.162147786E-1,5.917846555E-1,8.429442749E1,2.423971901E1,2.869719007E1,8.348028768E1
1.988234397E1,7.424682007E-1,-9.871794195E-3,3.160926405E-1,5.905327775E-1,8.411581000E1,2.414895439E1,2.875313270E1,8.327185682E1
1.989231115E1,7.434415463E-1,-1.018425672E-2,3.160823404E-1,5.893071375E-1,8.394917273E1,2.407311393E1,2.881485116E1,8.307652384E1
1.990229214E1,7.442372341E-1,-1.063190881E-2,3.159836834E-1,5.883470181E-1,8.381275022E1,2.398631768E1,2.887132320E1,8.291545431E1
1.991226074E1,7.449089030E-1,-1.096693579E-2,3.160203968E-1,5.874704769E-1,8.369745003E1,2.392667905E1,2.892722478E1,8.277868094E1
1.992220511E1,7.454800680E-1,-1.134223489E-2,3.161191593E-1,5.866851788E-1,8.359930057E1,2.387340955E1,2.898821467E1,8.266087282E1
1.993217121E1,7.458951764E-1,-1.183976477E-2,3.161657602E-1,5.861223574E-1,8.352790895E1,2.381248594E1,2.904734217E1,8.257329533E1
1.994215912E1,7.462165121E-1,-1.222297638E-2,3.163633047E-1,5.855986469E-1,8.347261044E1,2.377883451E1,2.910860222E1,8.250421079E1
1.995212740E1,7.464852616E-1,-1.257036337E-2,3.166045988E-1,5.851181660E-1,8.342633848E1,2.375453536E1,2.916928465E1,8.244551419E1
1.996208996E1,7.466714979E-1,-1.297646835E-2,3.168046949E-1,5.847632604E-1,8.339426094E1,2.372562177E1,2.922722561E1,8.240300851E1
1.997205766E1,7.468449449E-1,-1.333786859E-2,3.170924482E-1,5.843775397E-1,8.336437718E1,2.370855891E1,2.928975339E1,8.236273547E1
1.998201792E1,7.470319408E-1,-1.372056910E-2,3.173410627E-1,5.839945851E-1,8.333214922E1,2.368559053E1,2.935065778E1,8.231971774E1
1.999198485E1,7.472074455E-1,-1.409517004E-2,3.175317781E-1,5.836573733E-1,8.330189244E1,2.365905067E1,2.940486438E1,8.227940910E1
2.000196292E1,7.474080513E-1,-1.439804668E-2,3.177994297E-1,5.832473091E-1,8.326729728E1,2.364397963E1,2.946204862E1,8.223406315E1
2.001193100E1,7.476025969E-1,-1.470235285E-2,3.179858432E-1,5.828886698E-1,8.323373598E1,2.362228542E1,2.951120455E1,8.219044045E1
2.002189548E1,7.478187429E-1,-1.497759680E-2,3.180850313E-1,5.825501800E-1,8.319643539E1,2.359480490E1,2.955048730E1,8.214332254E1
2.003186318E1,7.481503199E-1,-1.521923695E-2,3.182569521E-1,5.820240425E-1,8.313918814E1,2.357040026E1,2.959882299E1,8.207256890E1
2.004181006E1,7.485871460E-1,-1.553785921E-2,3.184257031E-1,5.813612744E-1,8.306372021E1,2.353331430E1,2.965689237E1,8.197960624E1
2.005177558E1,7.490885767E-1,-1.592390202E-2,3.185199981E-1,5.806528605E-1,8.297702168E1,2.348052982E1,2.971538553E1,8.187320930E1
2.006175928E1,7.496441453E-1,-1.623814966E-2,3.186163007E-1,5.798738059E-1,8.288087589E1,2.343140903E1,2.977068068E1,8.175629431E1
2.007172668E1,7.502553929E-1,-1.655850932E-2,3.186923745E-1,5.790318054E-1,8.277498869E1,2.337699941E1,2.982662498E1,8.162786337E1
2.008168121E1,7.509472473E-1,-1.689238728E-2,3.187778090E-1,5.780774927E-1,8.265500376E1,2.331772769E1,2.988764894E1,8.148243538E1
2.009164725E1,7.516767442E-1,-1.715315784E-2,3.188211700E-1,5.770969616E-1,8.252833573E1,2.325941974E1,2.994040745E1,8.133009818E1
2.010161975E1,7.524199078E-1,-1.745220913E-2,3.187486325E-1,5.761588427E-1,8.239913034E1,2.318721179E1,2.998518949E1,8.117515158E1
2.011158647E1,7.532005020E-1,-1.771605459E-2,3.187134773E-1,5.751494280E-1,8.226323787E1,2.311908305E1,3.003236120E1,8.101221576E1
2.012154808E1,7.540374650E-1,-1.786289491E-2,3.188289457E-1,5.739830326E-1,8.211732696E1,2.307068446E1,3.008762970E1,8.083726697E1
2.013151428E1,7.549396452E-1,-1.810730562E-2,3.188707816E-1,5.727649450E-1,8.195980725E1,2.300364034E1,3.014558164E1,8.064788053E1
2.014150068E1,7.558740978E-1,-1.848317651E-2,3.188258973E-1,5.715441957E-1,8.179638954E1,2.291548770E1,3.020612789E1,8.045045885E1
2.015146892E1,7.568014974E-1,-1.879196228E-2,3.188027888E-1,5.703184527E-1,8.163393883E1,2.283530220E1,3.026337808E1,8.025450300E1
2.016144574E1,7.576749074E-1,-1.903588393E-2,3.187533485E-1,5.691771892E-1,8.148070120E1,2.276158499E1,3.031093595E1,8.007028783E1
2.017141480E1,7.585282906E-1,-1.929091200E-2,3.186773048E-1,5.680734710E-1,8.133074708E1,2.268554731E1,3.035583807E1,7.988987912E1
2.018135980E1,7.593589426E-1,-1.954745624E-2,3.186721376E-1,5.669567550E-1,8.118456754E1,2.261605877E1,3.040693777E1,7.971297633E1
2.019132647E1,7.601339637E-1,-1.986580015E-2,3.186324384E-1,5.659285082E-1,8.104798148E1,2.254088636E1,3.045702309E1,7.954678825E1
2.020127824E1,7.608171176E-1,-2.024618439E-2,3.185468244E-1,5.650445347E-1,8.092742756E1,2.246112460E1,3.050354983E1,7.939911199E1
2.021124339E1,7.613987365E-1,-2.058343494E-2,3.185328669E-1,5.642562352E-1,8.082467390E1,2.239650146E1,3.054997505E1,7.927224427E1
2.022121209E1,7.619181595E-1,-2.087819951E-2,3.185695299E-1,5.635230906E-1,8.073281671E1,2.234314643E1,3.059581306E1,7.915822668E1
2.023117756E1,7.624121499E-1,-2.114081392E-2,3.186477179E-1,5.628005077E-1,8.064537671E1,2.229735549E1,3.064237754E1,7.904931613E1
2.024117824E1,7.628887154E-1,-2.139140400E-2,3.187261204E-1,5.621004145E-1,8.056094648E1,2.225353928E1,3.068736942E1,7.894403025E1
2.025114730E1,7.633248027E-1,-2.163177413E-2,3.188020313E-1,5.614557657E-1,8.048362317E1,2.221262368E1,3.072976660E1,7.884728401E1
2.026110246E1,7.637716449E-1,-2.189001267E-2,3.189008190E-1,5.607815701E-1,8.040432888E1,2.217112041E1,3.077618792E1,7.874752965E1
2.027107011E1,7.641965902E-1,-2.211578629E-2,3.190577955E-1,5.601040856E-1,8.032886003E1,2.213835967E1,3.082516248E1,7.865200917E1
2.028105001E1,7.645500487E-1,-2.230413805E-2,3.192013960E-1,5.595321414E-1,8.026604209E1,2.211198782E1,3.086724651E1,7.857223831E1
2.029101892E1,7.648842566E-1,-2.255306616E-2,3.193663698E-1,5.589709787E-1,8.020660786E1,2.208260802E1,3.091525113E1,7.849524536E1
2.030097537E1,7.651799770E-1,-2.283239242E-2,3.195442122E-1,5.584530250E-1,8.015398756E1,2.205347434E1,3.096532995E1,7.842568909E1
2.031094298E1,7.654934739E-1,-2.330198461E-2,3.196978684E-1,5.579157927E-1,8.009817272E1,2.200340186E1,3.102782950E1,7.834952730E1
2.032092376E1,7.658584557E-1,-2.382449828E-2,3.198795351E-1,5.572883474E-1,8.003315079E1,2.194742705E1,3.109904951E1,7.826092894E1
2.033089266E1,7.662320909E-1,-2.442416525E-2,3.200090605E-1,5.566740915E-1,7.996654167E1,2.187938947E1,3.117106822E1,7.816960886E1
2.034084100E1,7.664769601E-1,-2.475326823E-2,3.200086018E-1,5.563226044E-1,7.992286304E1,2.183406268E1,3.120489241E1,7.811172396E1
2.035080782E1,7.666785254E-1,-2.499690812E-2,3.200776998E-1,5.559941181E-1,7.988689382E1,2.180471419E1,3.123769651E1,7.806354836E1
2.036079574E1,7.668624899E-1,-2.550212689E-2,3.201518884E-1,5.556746634E-1,7.985405370E1,2.175194434E1,3.128978192E1,7.801469351E1
2.037076470E1,7.670609680E-1,-2.585485152E-2,3.204113950E-1,5.552346675E-1,7.981861008E1,2.172716255E1,3.134977185E1,7.796269025E1
2.038073089E1,7.671683931E-1,-2.598424579E-2,3.206082417E-1,5.549665134E-1,7.979942097E1,2.172394990E1,3.138336486E1,7.793478036E1
2.039069959E1,7.672140248E-1,-2.637349774E-2,3.205982585E-1,5.548908320E-1,7.979126870E1,2.168352831E1,3.141303369E1,7.791849670E1
2.040067714E1,7.672598190E-1,-2.666012248E-2,3.206194103E-1,5.548015877E-1,7.978308671E1,2.165525239E1,3.143822325E1,7.790346205E1
2.041064668E1,7.674503325E-1,-2.690154741E-2,3.207926776E-1,5.544261464E-1,7.974904043E1,2.163459507E1,3.148092925E1,7.785590037E1
2.042059662E1,7.676419784E-1,-2.684019009E-2,3.210166277E-1,5.540340440E-1,7.971477956E1,2.164658125E1,3.150630821E1,7.781255758E1
2.043056418E1,7.682225436E-1,-2.690703215E-2,3.218226328E-1,5.527570246E-1,7.961091594E1,2.166855700E1,3.161500239E1,7.767484735E1
2.044053412E1,7.687539372E-1,-2.675408276E-2,3.228159637E-1,5.514448808E-1,7.951575001E1,2.172864423E1,3.172473411E1,7.754852167E1
2.045050194E1,7.691458598E-1,-2.630413597E-2,3.238882590E-1,5.502900458E-1,7.944550070E1,2.183133073E1,3.181541511E1,7.745615686E1
2.046046355E1,7.695213006E-1,-2.594397726E-2,3.249738971E-1,5.491410056E-1,7.937815698E1,2.192731517E1,3.191377818E1,7.736524022E1
2.047043074E1,7.694906432E-1,-2.593963558E-2,3.252940761E-1,5.489945804E-1,7.938365786E1,2.195438049E1,3.194486374E1,7.736745807E1
2.048038772E1,7.693667995E-1,-2.584070348E-2,3.256950559E-1,5.489350749E-1,7.940587600E1,2.200239623E1,3.197354645E1,7.739053786E1
2.049035381E1,7.691685704E-1,-2.573545236E-2,3.260740097E-1,5.489928388E-1,7.944142841E1,2.205382829E1,3.199659856E1,7.743029294E1
2.050031235E1,7.689290308E-1,-2.569266855E-2,3.264275841E-1,5.491202644E-1,7.948437215E1,2.209984299E1,3.202005170E1,7.747834208E1
2.051027772E1,7.686383560E-1,-2.557703852E-2,3.268039833E-1,5.493087012E-1,7.953645724E1,2.215771395E1,3.203840136E1,7.753849491E1
2.052025631E1,7.683189797E-1,-2.551911440E-2,3.270852581E-1,5.495907151E-1,7.959365248E1,2.220443310E1,3.205017821E1,7.760523246E1
2.053022303E1,7.679656475E-1,-2.542246097E-2,3.273584180E-1,5.499262941E-1,7.965688879E1,2.225628109E1,3.205688685E1,7.768012495E1
2.054017782E1,7.676106477E-1,-2.527956959E-2,3.276726404E-1,5.502412904E-1,7.972038145E1,2.231584897E1,3.206423861E1,7.775556031E1
2.055014329E1,7.672364985E-1,-2.513207844E-2,3.279947772E-1,5.505778420E-1,7.978725344E1,2.237763650E1,3.207125121E1,7.783508829E1
2.056011975E1,7.668452706E-1,-2.509619443E-2,3.282738127E-1,5.509580890E-1,7.985712804E1,2.242646697E1,3.208145375E1,7.791698141E1
2.057008631E1,7.664553168E-1,-2.510582335E-2,3.285361604E-1,5.513437551E-1,7.992672446E1,2.246959909E1,3.209336328E1,7.799801129E1
2.058004022E1,7.660334901E-1,-2.504873825E-2,3.287834906E-1,5.517849845E-1,8.000195261E1,2.251982456E1,3.209748299E1,7.808724060E1
2.059000553E1,7.656049509E-1,-2.498674054E-2,3.289693948E-1,5.522715448E-1,8.007831762E1,2.256608784E1,3.209469391E1,7.817875996E1
2.059999293E1,7.651701176E-1,-2.495101855E-2,3.291525895E-1,5.527664160E-1,8.015574239E1,2.261000731E1,3.209330713E1,7.827115836E1
2.060996042E1,7.647516973E-1,-2.491224822E-2,3.293451096E-1,5.532323383E-1,8.023018607E1,2.265395378E1,3.209326415E1,7.835985105E1
2.061992532E1,7.643425445E-1,-2.479425079E-2,3.295815022E-1,5.536621291E-1,8.030292544E1,2.270829951E1,3.209208857E1,7.844719921E1
2.062989256E1,7.639330913E-1,-2.466425875E-2,3.297999570E-1,5.541027835E-1,8.037566347E1,2.276236520E1,3.208814358E1,7.853496508E1
2.063984563E1,7.635301317E-1,-2.455361320E-2,3.300129545E-1,5.545361196E-1,8.044719461E1,2.281376481E1,3.208531206E1,7.862100562E1
2.064981142E1,7.631378828E-1,-2.441940643E-2,3.302528670E-1,5.549390132E-1,8.051677377E1,2.286886952E1,3.208383177E1,7.870470167E1
2.065979032E1,7.627639204E-1,-2.429984053E-2,3.304539116E-1,5.553385741E-1,8.058306275E1,2.291840332E1,3.208020787E1,7.878464529E1
2.066975746E1,7.624092909E-1,-2.420812228E-2,3.306415861E-1,5.557177175E-1,8.064588300E1,2.296308462E1,3.207806291E1,7.886008650E1
2.067972266E1,7.620649403E-1,-2.412266308E-2,3.308239928E-1,5.560850742E-1,8.070684361E1,2.300613513E1,3.207623985E1,7.893322779E1
2.068968954E1,7.617452317E-1,-2.406974860E-2,3.309889355E-1,5.564271504E-1,8.076340767E1,2.304325909E1,3.207606212E1,7.900072531E1
2.069964766E1,7.614646975E-1,-2.404921505E-2,3.311388692E-1,5.567227308E-1,8.081301384E1,2.307381144E1,3.207836097E1,7.905944661E1
2.070961365E1,7.611969941E-1,-2.405927563E-2,3.312561781E-1,5.570185203E-1,8.086032765E1,2.309812104E1,3.208016855E1,7.911530388E1
2.071960881E1,7.609499811E-1,-2.403599146E-2,3.313681641E-1,5.572903527E-1,8.090396431E1,2.312390745E1,3.207975676E1,7.916728432E1
2.072957772E1,7.607594780E-1,-2.404560674E-2,3.314306750E-1,5.575128098E-1,8.093760478E1,2.313929514E1,3.207909904E1,7.920721316E1
2.073953568E1,7.606132299E-1,-2.400528321E-2,3.314820552E-1,5.576835196E-1,8.096342252E1,2.315585277E1,3.207534300E1,7.923855840E1
2.074950350E1,7.605222355E-1,-2.396461970E-2,3.314641107E-1,5.578200155E-1,8.097948267E1,2.316361386E1,3.206679431E1,7.925889610E1
2.075945308E1,7.604389559E-1,-2.362793184E-2,3.314278868E-1,5.579694176E-1,8.099417886E1,2.319719446E1,3.203442353E1,7.928237098E1
2.076941902E1,7.603565319E-1,-2.346246938E-2,3.312480864E-1,5.581954516E-1,8.100872192E1,2.320314472E1,3.200049425E1,7.930469509E1
2.077940537E1,7.604099792E-1,-2.355593863E-2,3.311197571E-1,5.581948475E-1,8.099929183E1,2.318095014E1,3.199674885E1,7.929335579E1
2.078937334E1,7.604127284E-1,-2.380323535E-2,3.308656248E-1,5.583312877E-1,8.099880674E1,2.313725031E1,3.198985159E1,7.929198512E1
2.079932834E1,7.604536100E-1,-2.349665929E-2,3.310527869E-1,5.581776297E-1,8.099159304E1,2.317856373E1,3.198729442E1,7.928573185E1
2.080929506E1,7.605662801E-1,-2.328016199E-2,3.311437405E-1,5.579792027E-1,8.097170929E1,2.319949395E1,3.198472917E1,7.926386305E1
2.081925740E1,7.606746082E-1,-2.344890304E-2,3.309296024E-1,5.579515100E-1,8.095258799E1,2.316014275E1,3.198020168E1,7.924065464E1
2.082922365E1,7.608342438E-1,-2.362456272E-2,3.307880854E-1,5.578103406E-1,8.092440345E1,2.312293182E1,3.198558288E1,7.920547502E1
2.089643314E1,9.999862711E-1,-2.194918572E-3,-4.756941405E-3,-1.065650968E-4,6.004615898E-1,-2.514697880E-1,-5.451328757E-1,-1.101532975E-2
2.090640049E1,9.999935345E-1,9.465717970E-4,-3.363606453E-3,8.492071674E-4,4.120686824E-1,1.081436299E-1,-3.855334374E-1,9.694873761E-2
2.091633538E1,9.999904086E-1,2.834017519E-4,-4.238251414E-3,1.067560478E-3,5.018914016E-1,3.195780722E-2,-4.857036656E-1,1.221990903E-1
2.092629934E1,9.999898991E-1,1.724221957E-4,-4.382977900E-3,9.805946097E-4,5.150495612E-1,1.926616341E-2,-5.022730053E-1,1.122845169E-1
2.093627694E1,9.999909839E-1,6.934147138E-4,-4.071667628E-3,9.863294114E-4,4.866062158E-1,7.900120170E-2,-4.666580672E-1,1.127042842E-1
2.094624231E1,9.999927979E-1,7.685219410E-6,-3.794093883E-3,9.479938059E-5,4.349087619E-1,8.394630653E-4,-4.347722577E-1,1.086010200E-2
2.095620528E1,9.999961282E-1,9.098507334E-4,-2.586609889E-3,-4.746450526E-4,3.188794432E-1,1.044029512E-1,-2.963543465E-1,-5.466052853E-2
2.096617038E1,9.999965448E-1,1.428384416E-3,-2.147674016E-3,-5.074570492E-4,3.012322934E-1,1.638068528E-1,-2.460221585E-1,-5.850217597E-2
2.097614314E1,9.999961927E-1,8.381746097E-4,-2.567894052E-3,-5.638919416E-4,3.162106262E-1,9.621461350E-2,-2.942049949E-1,-6.486452008E-2
2.098610903E1,9.999957999E-1,6.445960462E-4,-2.772734385E-3,-5.445862656E-4,3.321210094E-1,7.403914684E-2,-3.176920234E-1,-6.261051077E-2
2.099607455E1,9.999957276E-1,5.220486502E-4,-2.802288200E-3,-6.476338580E-4,3.349683546E-1,6.003103397E-2,-3.210801393E-1,-7.438188474E-2
2.100604038E1,9.999956008E-1,3.020392523E-4,-2.824994355E-3,-8.524143595E-4,3.399036925E-1,3.488749945E-2,-3.236913020E-1,-9.777844481E-2
2.101603741E1,9.999962355E-1,7.536749959E-4,-2.480106407E-3,-9.000307314E-4,3.144286306E-1,8.662135374E-2,-2.841216233E-1,-1.033510571E-1
2.102600637E1,9.999964190E-1,8.257530556E-4,-2.311539088E-3,-1.066269476E-3,3.066695517E-1,9.490748452E-2,-2.647819668E-1,-1.224051721E-1
2.103596882E1,9.999962263E-1,8.881262423E-4,-2.373531409E-3,-1.060626624E-3,3.148113442E-1,1.020610660E-1,-2.718787166E-1,-1.217814210E-1
2.104593715E1,9.999959145E-1,1.092842417E-3,-2.470772608E-3,-9.338131376E-4,3.275605490E-1,1.254960262E-1,-2.830127374E-1,-1.073174542E-1
2.105587611E1,9.999954170E-1,9.438370633E-4,-2.713000918E-3,-9.564518206E-4,3.469311346E-1,1.084542735E-1,-3.107836583E-1,-1.098959137E-1
2.106584148E1,9.999947869E-1,7.228657285E-4,-2.951687385E-3,-1.091396232E-3,3.700114286E-1,8.320450945E-2,-3.381482539E-1,-1.253109271E-1
2.107584778E1,9.999946293E-1,8.152325878E-4,-2.890784682E-3,-1.311519054E-3,3.755625535E-1,9.385433408E-2,-3.311370674E-1,-1.505609473E-1
2.108581720E1,9.999942110E-1,9.106149088E-4,-2.978983386E-3,-1.369058506E-3,3.899132909E-1,1.048174458E-1,-3.412235319E-1,-1.571954786E-1
2.109579439E1,9.999934559E-1,8.941971470E-4,-3.229037538E-3,-1.364514912E-3,4.145654331E-1,1.029738742E-1,-3.698807749E-1,-1.566951996E-1
2.110576460E1,9.999931370E-1,1.559616945E-3,-3.148360192E-3,-1.175342881E-3,4.245469667E-1,1.791455847E-1,-3.605653506E-1,-1.352489240E-1
2.111572840E1,9.999930147E-1,2.088193078E-3,-2.866733858E-3,-1.179734661E-3,4.283111846E-1,2.396798075E-1,-3.282207047E-1,-1.358750253E-1
2.112569799E1,9.999930196E-1,1.588365235E-3,-2.955703724E-3,-1.643653558E-3,4.281609079E-1,1.825721747E-1,-3.383991342E-1,-1.888891229E-1
2.113566085E1,9.999929140E-1,1.937447811E-3,-2.656065593E-3,-1.834003335E-3,4.313884987E-1,2.225754860E-1,-3.039547897E-1,-2.107529399E-1
2.114562970E1,9.999928398E-1,2.151675146E-3,-2.438415908E-3,-1.935151405E-3,4.336417344E-1,2.471064622E-1,-2.789438433E-1,-2.223548470E-1
2.115558491E1,9.999929344E-1,1.998695504E-3,-2.363940028E-3,-2.132632268E-3,4.307664691E-1,2.296128907E-1,-2.703982185E-1,-2.449248250E-1
2.116555236E1,9.999928806E-1,2.172184066E-3,-2.037425179E-3,-2.317174579E-3,4.324043901E-1,2.494560302E-1,-2.328939297E-1,-2.660370544E-1
2.117552892E1,9.999928428E-1,2.294400442E-3,-1.750829032E-3,-2.446349675E-3,4.335495685E-1,2.634103861E-1,-1.999860069E-1,-2.807921773E-1
2.118549731E1,9.999927810E-1,2.271762123E-3,-1.592194697E-3,-2.596510913E-3,4.354166442E-1,2.607988360E-1,-1.817751243E-1,-2.979534157E-1
2.119545648E1,9.999926015E-1,2.348192103E-3,-1.445952606E-3,-2.681802865E-3,4.407967255E-1,2.695274730E-1,-1.649713379E-1,-3.077015335E-1
2.120542392E1,9.999924331E-1,2.460047629E-3,-1.339946741E-3,-2.699342565E-3,4.457864717E-1,2.823151809E-1,-1.527846587E-1,-3.096998733E-1
2.121539345E1,9.999924455E-1,2.579275611E-3,-1.356291524E-3,-2.572289104E-3,4.454198619E-1,2.959631591E-1,-1.546582999E-1,-2.951636426E-1
2.122536111E1,9.999925074E-1,2.616773980E-3,-1.371915876E-3,-2.501104370E-3,4.435930448E-1,3.002536555E-1,-1.564590140E-1,-2.870169552E-1
2.123531288E1,9.999924376E-1,2.697488671E-3,-1.292666567E-3,-2.485437808E-3,4.456552408E-1,3.094777877E-1,-1.473594472E-1,-2.852097360E-1
2.124527892E1,9.999923071E-1,2.735847099E-3,-1.143051503E-3,-2.567938628E-3,4.494825790E-1,3.138413110E-1,-1.301780965E-1,-2.946222382E-1
2.125524549E1,9.999922672E-1,2.770811346E-3,-1.074271502E-3,-2.575666683E-3,4.506464162E-1,3.178285613E-1,-1.222837832E-1,-2.954904549E-1
2.126521153E1,9.999922656E-1,2.785190763E-3,-1.036199614E-3,-2.576390668E-3,4.506940917E-1,3.194651349E-1,-1.179166149E-1,-2.955629895E-1
2.127519200E1,9.999923367E-1,2.734361406E-3,-1.014757130E-3,-2.611510252E-3,4.486157592E-1,3.136382117E-1,-1.154635118E-1,-2.995746698E-1
2.128515950E1,9.999922778E-1,2.699504750E-3,-9.399356497E-4,-2.696953548E-3,4.503381624E-1,3.096306001E-1,-1.068736449E-1,-3.093385262E-1
2.129510653E1,9.999920879E-1,2.691873854E-3,-8.417398206E-4,-2.805255405E-3,4.558418821E-1,3.087360893E-1,-9.559023354E-2,-3.217178334E-1
2.130507194E1,9.999918174E-1,2.691627160E-3,-7.320382169E-4,-2.929909591E-3,4.635677729E-1,3.086828224E-1,-8.298104842E-2,-3.359682265E-1
2.131505939E1,9.999914901E-1,2.688362313E-3,-6.124961834E-4,-3.068770964E-3,4.727494910E-1,3.082781070E-1,-6.924093540E-2,-3.518434125E-1
2.132502705E1,9.999910512E-1,2.790850844E-3,-4.685858133E-4,-3.144701381E-3,4.847869635E-1,3.199757437E-1,-5.268980530E-2,-3.605053978E-1
2.133499116E1,9.999906734E-1,2.832436675E-3,-3.165083656E-4,-3.245036697E-3,4.949142202E-1,3.246898012E-1,-3.521559863E-2,-3.719557591E-1
2.134495840E1,9.999901863E-1,2.817563464E-3,-1.349293461E-4,-3.416202068E-3,5.076733892E-1,3.229203617E-1,-1.435862683E-2,-3.915107026E-1
2.135493460E1,9.999894986E-1,2.828224321E-3,8.452070317E-5,-3.605103190E-3,5.251609082E-1,3.240540475E-1,1.085363768E-2,-4.130862504E-1
2.136490278E1,9.999889706E-1,2.800239379E-3,2.452668884E-4,-3.762602263E-3,5.382002663E-1,3.207762248E-1,2.931256451E-2,-4.310831251E-1
2.137485861E1,9.999885724E-1,2.776925119E-3,3.542217618E-4,-3.875333209E-3,5.478287685E-1,3.180529575E-1,4.182354201E-2,-4.439672428E-1
2.138482554E1,9.999882447E-1,2.769221019E-3,4.514566713E-4,-3.954509383E-3,5.556299615E-1,3.171227991E-1,5.298740512E-2,-4.530097215E-1
2.139478944E1,9.999881393E-1,2.673701700E-3,5.016274782E-4,-4.039918710E-3,5.581143227E-1,3.061494061E-1,5.871936830E-2,-4.627866772E-1
2.140475606E1,9.999877178E-1,2.652905923E-3,6.295602128E-4,-4.138833125E-3,5.679442134E-1,3.036999783E-1,7.339962815E-2,-4.740839272E-1
2.141472007E1,9.999873621E-1,2.678177120E-3,7.656165241E-4,-4.185322734E-3,5.761111650E-1,3.065272534E-1,8.901657902E-2,-4.793678020E-1
2.142468642E1,9.999873041E-1,2.600611413E-3,8.465502700E-4,-4.232223450E-3,5.774295530E-1,2.975955511E-1,9.826756876E-2,-4.847251423E-1
2.143465403E1,9.999871661E-1,2.613447923E-3,9.398713056E-4,-4.237234614E-3,5.805602957E-1,2.990207708E-1,1.089689648E-1,-4.852702964E-1
2.144462049E1,9.999871479E-1,2.631570801E-3,1.028884145E-3,-4.209540121E-3,5.809714714E-1,3.010576509E-1,1.191694201E-1,-4.820680300E-1
2.145459012E1,9.999872510E-1,2.567304388E-3,1.078287036E-3,-4.212370002E-3,5.786366840E-1,2.936691528E-1,1.248003590E-1,-4.823855122E-1
2.146455689E1,9.999868533E-1,2.613889780E-3,1.217770091E-3,-4.240025431E-3,5.875925070E-1,2.989363469E-1,1.408144941E-1,-4.855072550E-1
2.147453939E1,9.999862322E-1,2.620984338E-3,1.384326626E-3,-4.330077447E-3,6.013135969E-1,2.996541903E-1,1.599306771E-1,-4.957758395E-1
2.148450772E1,9.999853475E-1,2.612084484E-3,1.564458655E-3,-4.475973014E-3,6.203324579E-1,2.985188567E-1,1.806111895E-1,-5.124423101E-1
2.149445366E1,9.999837677E-1,2.651080587E-3,1.828936015E-3,-4.700106527E-3,6.529163968E-1,3.028049380E-1,2.110055566E-1,-5.380397329E-1
2.150441970E1,9.999821642E-1,2.664969513E-3,2.080363986E-3,-4.923549972E-3,6.844075745E-1,3.042079244E-1,2.398921700E-1,-5.635659234E-1
2.151440924E1,9.999805008E-1,2.610949362E-3,2.297809568E-3,-5.186623789E-3,7.156108329E-1,2.978257594E-1,2.648571900E-1,-5.936611939E-1
2.152437762E1,9.999783016E-1,2.656131042E-3,2.593401799E-3,-5.442009342E-3,7.548867000E-1,3.027518524E-1,2.988332472E-1,-6.228261864E-1
2.153434158E1,9.999761489E-1,2.632127778E-3,2.874711777E-3,-5.701715573E-3,7.914485131E-1,2.997405586E-1,3.311314400E-1,-6.525108252E-1
2.154430955E1,9.999740752E-1,2.550817365E-3,3.117139557E-3,-5.968723371E-3,8.251370724E-1,2.901694797E-1,3.589356397E-1,-6.830660218E-1
2.155426434E1,9.999717571E-1,2.496332957E-3,3.376907844E-3,-6.232962390E-3,8.612382352E-1,2.836463543E-1,3.887401810E-1,-7.132935536E-1
2.156423101E1,9.999697204E-1,2.452972250E-3,3.616132685E-3,-6.439314129E-3,8.917511691E-1,2.784215318E-1,4.161794207E-1,-7.368919975E-1
2.157418085E1,9.999686629E-1,2.373793432E-3,3.748129731E-3,-6.556663832E-3,9.071897659E-1,2.692006692E-1,4.312781645E-1,-7.503379352E-1
2.158414575E1,9.999682831E-1,2.278556836E-3,3.802520992E-3,-6.616784581E-3,9.126709922E-1,2.582203225E-1,4.374549034E-1,-7.572548778E-1
2.159414470E1,9.999680845E-1,2.288829373E-3,3.865806261E-3,-6.606568318E-3,9.155234575E-1,2.593542177E-1,4.447118676E-1,-7.560635911E-1
2.160411304E1,9.999680985E-1,2.233151827E-3,3.979853977E-3,-6.555594812E-3,9.153232382E-1,2.529113483E-1,4.577255707E-1,-7.502187950E-1
2.161408674E1,9.999672576E-1,1.119846621E-3,3.583568870E-3,-7.168525646E-3,9.273085111E-1,1.253803714E-1,4.115567381E-1,-8.210150481E-1
2.162405559E1,9.999662771E-1,2.351267606E-3,3.964589425E-3,-6.796930257E-3,9.410905015E-1,2.663478309E-1,4.561293142E-1,-7.778249069E-1
2.163399111E1,9.999656024E-1,2.495166793E-3,4.178079897E-3,-6.716528152E-3,9.504576279E-1,2.827106237E-1,4.806822829E-1,-7.684864249E-1
2.164395658E1,9.999665505E-1,1.805150875E-3,3.921935559E-3,-6.946784238E-3,9.372682508E-1,2.037328417E-1,4.508473072E-1,-7.952550898E-1
2.165392913E1,9.999999326E-1,2.928444862E-4,2.182988945E-4,3.847012134E-5,4.208682249E-2,3.355847142E-2,2.501391880E-2,4.415676875E-3
2.166389533E1,9.999999763E-1,-3.701362402E-5,2.129612675E-4,2.530484613E-5,2.493856861E-2,-4.240831641E-3,2.440367115E-2,2.898818700E-3
2.167388163E1,9.999998748E-1,-4.642689383E-4,1.735794166E-4,-6.897538252E-5,5.734538596E-2,-5.320267761E-2,1.988706429E-2,-7.913230781E-3
2.168384981E1,9.999998145E-1,-5.438798276E-4,2.735634886E-4,1.930378103E-5,6.979885876E-2,-6.232344229E-2,3.134926549E-2,2.195000701E-3
2.169382304E1,9.999994135E-1,-1.073196706E-3,1.278404624E-4,7.056348573E-5,1.241124464E-1,-1.229782763E-1,1.465810730E-2,8.070253659E-3
2.170379179E1,9.999989224E-1,-1.465322289E-3,5.681109349E-5,6.881218198E-5,1.682246853E-1,-1.679131781E-1,6.521619271E-3,7.875747438E-3
2.171376465E1,9.999991233E-1,-1.236752960E-3,4.438917140E-4,1.635398661E-4,1.517351506E-1,-1.417132073E-1,5.088938275E-2,1.867737052E-2
2.172373377E1,9.999984804E-1,-1.597242160E-3,6.981727208E-4,2.325720900E-5,1.997699874E-1,-1.830288202E-1,8.000886175E-2,2.537291382E-3
2.173369043E1,9.999973445E-1,-2.181421172E-3,7.153387975E-4,-2.015690784E-4,2.640818958E-1,-2.499893609E-1,8.192121156E-2,-2.327689303E-2
2.174365830E1,9.999969281E-1,-2.339594805E-3,7.916266212E-4,-2.082809994E-4,2.840338539E-1,-2.681172007E-1,9.065764818E-2,-2.407943534E-2
2.175363080E1,9.999959399E-1,-2.733505362E-3,7.500640529E-4,-2.923520546E-4,3.265384818E-1,-3.132624097E-1,8.585911699E-2,-3.373592908E-2
2.176359913E1,9.999954006E-1,-2.880148592E-3,8.769062482E-4,-3.668636043E-4,3.475514492E-1,-3.300783963E-1,1.003645633E-1,-4.232876257E-2
2.177354497E1,9.999947084E-1,-3.019439206E-3,1.114720906E-3,-4.728094964E-4,3.727873530E-1,-3.460637726E-1,1.275734429E-1,-5.456553006E-2
2.178351101E1,9.999931774E-1,-3.362904677E-3,1.339438872E-3,-7.361211479E-4,4.232938478E-1,-3.854751327E-1,1.532038519E-1,-8.486919572E-2
2.179349314E1,9.999930661E-1,-3.274628657E-3,1.631502123E-3,-6.948713410E-4,4.267347548E-1,-3.753767898E-1,1.866946590E-1,-8.023850304E-2
2.180346075E1,9.999929753E-1,-3.304499797E-3,1.707862797E-3,-4.614414700E-4,4.295198014E-1,-3.787603948E-1,1.955309323E-1,-5.352395808E-2
2.181339205E1,9.999923243E-1,-3.497824612E-3,1.727001098E-3,-3.661683682E-4,4.489806029E-1,-4.008962224E-1,1.977518538E-1,-4.265195870E-2
2.182335601E1,9.999923645E-1,-3.316828204E-3,2.051809451E-3,-2.443531507E-4,4.478031921E-1,-3.801410522E-1,2.350260338E-1,-2.878069083E-2
2.183335616E1,9.999920685E-1,-3.147789044E-3,2.436460714E-3,-1.338685726E-4,4.563985054E-1,-3.607512340E-1,2.791484339E-1,-1.621913536E-2
2.184332382E1,9.999918536E-1,-2.910200708E-3,2.796330754E-3,6.268235874E-5,4.625405832E-1,-3.334687322E-1,3.204558646E-1,6.250375685E-3
2.185329418E1,9.999917611E-1,-2.689485205E-3,3.019624978E-3,3.554804180E-4,4.651616005E-1,-3.080738649E-1,3.461323447E-1,3.980482406E-2
2.186326210E1,9.999922585E-1,-2.421442650E-3,2.987599649E-3,8.329034668E-4,4.508991362E-1,-2.771956290E-1,3.425842040E-1,9.461571236E-2
2.187322549E1,9.999927721E-1,-1.968612081E-3,2.954278196E-3,1.361087115E-3,4.356864051E-1,-2.251284369E-1,3.388419152E-1,1.553044284E-1
2.188319293E1,9.999927242E-1,-1.342221988E-3,3.132823632E-3,1.713313556E-3,4.371282389E-1,-1.531943139E-1,3.592584065E-1,1.958522233E-1
2.189317595E1,9.999918926E-1,-7.825313844E-4,3.550590612E-3,1.730812463E-3,4.614334516E-1,-8.896883327E-2,4.070230430E-1,1.980218946E-1
2.190314497E1,9.999905413E-1,-2.633850952E-4,4.011675029E-3,1.659653947E-3,4.984071404E-1,-2.941942191E-2,4.597547726E-1,1.900659227E-1
2.191313903E1,9.999889707E-1,2.283958861E-4,4.433946421E-3,1.531813426E-3,5.381981400E-1,2.695131597E-2,5.080537959E-1,1.756541796E-1
2.192311059E1,9.999872630E-1,7.920740875E-4,4.758140044E-3,1.485456887E-3,5.783647988E-1,9.157796654E-2,5.451091368E-1,1.706585009E-1
2.193300674E1,9.999850978E-1,1.481985365E-3,5.034573301E-3,1.503635321E-3,6.255946071E-1,1.706968575E-1,5.766653901E-1,1.731653686E-1
2.194297064E1,9.999820717E-1,2.131403034E-3,5.443676125E-3,1.296058249E-3,6.861794243E-1,2.450601544E-1,6.234839049E-1,1.498532836E-1
2.195294470E1,9.999793953E-1,2.527702681E-3,5.848195340E-3,7.863729414E-4,7.356172805E-1,2.901954908E-1,6.699275021E-1,9.181010925E-2
2.196290965E1,9.999756902E-1,2.963838665E-3,6.306191473E-3,2.582011927E-4,7.990232545E-1,3.398382375E-1,7.225502037E-1,3.173126015E-2
2.197287095E1,9.999724686E-1,3.395774655E-3,6.597744254E-3,2.446906767E-5,8.503212887E-1,3.891717707E-1,7.560374031E-1,5.371700235E-3
2.198283549E1,9.999709477E-1,3.598320565E-3,6.718337907E-3,-1.405862967E-4,8.734918885E-1,4.122577290E-1,7.699235883E-1,-1.334051906E-2
2.199281757E1,9.999683419E-1,3.864265810E-3,6.948758143E-3,-3.120761121E-4,9.118242521E-1,4.425968858E-1,7.964076569E-1,-3.268632025E-2
2.200278387E1,9.999639333E-1,4.287482531E-3,7.318816516E-3,-4.294655542E-4,9.732443776E-1,4.909900397E-1,8.388853184E-1,-4.562044428E-2
2.201275533E1,9.999585074E-1,4.761466074E-3,7.752427822E-3,-4.601823754E-4,1.043889225E0,5.452661787E-1,8.886126398E-1,-4.850675800E-2
2.202272210E1,9.999536524E-1,5.064886603E-3,8.167467355E-3,-5.765892802E-4,1.103272859E0,5.799140318E-1,9.362557542E-1,-6.133705995E-2
2.203271491E1,9.999691395E-1,4.613176206E-3,6.348414844E-3,3.691327053E-4,9.002645335E-1,5.289333974E-1,7.272766989E-1,4.565783904E-2
2.204268434E1,9.999555871E-1,6.078465600E-3,7.101614943E-3,-1.201298626E-3,1.079999925E0,6.956197085E-1,8.146131833E-1,-1.327195363E-1
2.205262163E1,9.999203213E-1,7.867471466E-3,9.534557760E-3,-2.558530132E-3,1.446576901E0,8.988795642E-1,1.094866047E0,-2.846198892E-1
2.206258783E1,9.999369230E-1,5.898710741E-3,8.676742153E-3,-4.008670630E-3,1.287079965E0,6.720312194E-1,9.969786350E-1,-4.535392588E-1
2.207261637E1,9.999207637E-1,8.266845099E-3,8.674641989E-3,-3.856971642E-3,1.442555916E0,9.435873086E-1,9.976661499E-1,-4.337936966E-1
2.208258887E1,9.999337854E-1,7.304456482E-3,7.739920936E-3,-4.377587307E-3,1.318702300E0,8.332210354E-1,8.905709063E-1,-4.951887809E-1
2.209258418E1,9.999392435E-1,6.405048422E-3,6.644306490E-3,-6.028082529E-3,1.263182392E0,7.294150704E-1,7.657823779E-1,-6.859263686E-1
2.210255898E1,9.999024767E-1,9.561528179E-3,7.703970410E-3,-6.653049855E-3,1.600388087E0,1.089887407E0,8.900492319E-1,-7.539807222E-1
2.211244720E1,9.998780675E-1,9.361524315E-3,8.634565232E-3,-9.036382206E-3,1.789500036E0,1.063902694E0,9.990720673E-1,-1.026315018E0
2.212241325E1,9.998456369E-1,9.073735715E-3,9.250409929E-3,-1.186589948E-2,2.013468928E0,1.027269853E0,1.072255704E0,-1.350265101E0
2.213237788E1,9.998235964E-1,1.023587870E-2,9.452204727E-3,-1.259598143E-2,2.152423699E0,1.159387048E0,1.097793370E0,-1.432463736E0
2.214234377E1,9.998211607E-1,9.905732174E-3,9.137484967E-3,-1.326761075E-2,2.167232992E0,1.121282231E0,1.062012442E0,-1.510146444E0
2.215231163E1,9.998152383E-1,1.015173615E-2,8.999642360E-3,-1.361755861E-2,2.202826324E0,1.149313727E0,1.046992125E0,-1.550147525E0
2.216227767E1,9.997998450E-1,1.046063748E-2,9.453561431E-3,-1.419419554E-2,2.292757363E0,1.183386550E0,1.100163711E0,-1.615389194E0
2.217223382E1,9.997845447E-1,1.082690956E-2,9.941848800E-3,-1.465612198E-2,2.378778723E0,1.224050887E0,1.157268628E0,-1.667346811E0
2.218219887E1,9.997631042E-1,1.172906927E-2,1.074076302E-2,-1.485935313E-2,2.494335445E0,1.325879151E0,1.250580252E0,-1.688563486E0
2.219215267E1,9.997561667E-1,1.208142869E-2,1.107115071E-2,-1.480121404E-2,2.530597057E0,1.365789366E0,1.288951038E0,-1.681019851E0
2.220211658E1,9.997534274E-1,1.220738040E-2,1.115168145E-2,-1.482242111E-2,2.544772212E0,1.380064187E0,1.298419135E0,-1.683180072E0
2.221211002E1,9.997478765E-1,1.269023218E-2,1.125027112E-2,-1.471641060E-2,2.573258237E0,1.435380134E0,1.310375811E0,-1.670264485E0
2.222207689E1,9.997426880E-1,1.313091640E-2,1.138007664E-2,-1.458186116E-2,2.599602564E0,1.485853635E0,1.325784693E0,-1.654077220E0
2.223202017E1,9.997442108E-1,1.317483336E-2,1.123149249E-2,-1.455301606E-2,2.591898374E0,1.491165601E0,1.308789888E0,-1.650928848E0
2.224198465E1,9.997382023E-1,1.340749582E-2,1.125937763E-2,-1.473066058E-2,2.622165059E0,1.517553307E0,1.312638658E0,-1.670943971E0
2.225197049E1,9.997348126E-1,1.361087480E-2,1.118965118E-2,-1.482701470E-2,2.639086989E0,1.540851386E0,1.305137972E0,-1.681825518E0
2.226193715E1,9.997368905E-1,1.369490627E-2,1.087074367E-2,-1.484675789E-2,2.628726491E0,1.550982844E0,1.268770726E0,-1.684461388E0
2.227191918E1,9.997339679E-1,1.402652291E-2,1.057870305E-2,-1.494460461E-2,2.643286937E0,1.589350814E0,1.236024230E0,-1.695708620E0
2.228188736E1,9.997274106E-1,1.434349266E-2,1.039269726E-2,-1.521054321E-2,2.675666619E0,1.625664654E0,1.215682669E0,-1.726092393E0
2.229186215E1,9.997261045E-1,1.419877184E-2,1.001339072E-2,-1.567937393E-2,2.682069011E0,1.609171015E0,1.172728927E0,-1.780598918E0
2.230183101E1,9.997195118E-1,1.417569475E-2,9.703004704E-3,-1.630334752E-2,2.714157772E0,1.606359229E0,1.138128814E0,-1.852628529E0
2.231178924E1,9.997087558E-1,1.414371209E-2,9.429020076E-3,-1.713045989E-2,2.765711295E0,1.602277148E0,1.108004677E0,-1.947891661E0
2.232175700E1,9.996938490E-1,1.394237243E-2,9.136059981E-3,-1.828526514E-2,2.835610295E0,1.578523867E0,1.075872035E0,-2.080923286E0
2.233171960E1,9.996725385E-1,1.399234963E-2,8.841305331E-3,-1.951566770E-2,2.932645823E0,1.583572548E0,1.044156515E0,-2.222348408E0
2.234168684E1,9.996442311E-1,1.407817075E-2,8.599015294E-3,-2.095884703E-2,3.056782172E0,1.592470059E0,1.018889344E0,-2.388049051E0
2.235166017E1,9.996074959E-1,1.387773930E-2,8.319957982E-3,-2.287008391E-2,3.210730962E0,1.568272953E0,9.894415707E-1,-2.607747862E0
2.236162799E1,9.995599448E-1,1.383626375E-2,8.080402902E-3,-2.496360623E-2,3.399672870E0,1.562121495E0,9.651644175E-1,-2.848124823E0
2.237159361E1,9.995071512E-1,1.394896443E-2,7.797594876E-3,-2.701996753E-2,3.597843968E0,1.573910484E0,9.363294733E-1,-3.084171113E0
2.238156122E1,9.994538408E-1,1.395138407E-2,7.327608708E-3,-2.904625870E-2,3.787450985E0,1.573833999E0,8.856953484E-1,-3.317172405E0
2.239153720E1,9.993907735E-1,1.370697247E-2,6.788366609E-3,-3.137066732E-2,4.000175627E0,1.545691879E0,8.267183002E-1,-3.584672135E0
2.240150564E1,9.993119629E-1,1.384869332E-2,6.518326839E-3,-3.378351573E-2,4.251072010E0,1.560962302E0,8.000698351E-1,-3.861596958E0
2.241145528E1,9.992342159E-1,1.420642468E-2,6.323935148E-3,-3.590497259E-2,4.484856053E0,1.601028132E0,7.825899908E-1,-4.104854278E0
2.242142179E1,9.991622822E-1,1.447787499E-2,6.181998904E-3,-3.777443418E-2,4.690798994E0,1.631260715E0,7.705040551E-1,-4.319228881E0
2.243139497E1,9.990998955E-1,1.346216754E-2,5.492870087E-3,-3.984968339E-2,4.862355156E0,1.516466484E0,6.903608371E-1,-4.558993280E0
2.244136215E1,9.990183068E-1,1.241941632E-2,4.685694973E-3,-4.226375665E-2,5.077980888E0,1.399284960E0,5.965728596E-1,-4.837654616E0
2.245133137E1,9.989291405E-1,1.215702417E-2,4.001972619E-3,-4.446080558E-2,5.303622880E0,1.371398592E0,5.200463425E-1,-5.090706718E0
2.246129877E1,9.988372649E-1,1.193296462E-2,3.366309158E-3,-4.658744979E-2,5.526499041E0,1.348021689E0,4.490111566E-1,-5.335590033E0
2.247126705E1,9.987350879E-1,1.210301515E-2,2.887925316E-3,-4.871756472E-2,5.764260363E0,1.369190226E0,3.980830223E-1,-5.580508362E0
2.248123450E1,9.986347768E-1,1.235595061E-2,2.605502002E-3,-5.068653003E-2,5.988511263E0,1.398989400E0,3.699299255E-1,-5.806685610E0
2.249118080E1,9.985249273E-1,1.153689281E-2,1.907505282E-3,-5.302104374E-2,6.224833463E0,1.308621233E0,2.883582329E-1,-6.075737258E0
2.250114611E1,9.984035190E-1,1.127696679E-2,1.216496402E-3,-5.533320328E-2,6.476006817E0,1.282584486E0,2.106822110E-1,-6.342008462E0
2.251111319E1,9.982960131E-1,1.198738411E-2,9.442488751E-4,-5.710062374E-2,6.690559534E0,1.365270315E0,1.864553484E-1,-6.545062699E0
2.252107866E1,9.981956146E-1,1.227090247E-2,6.746094502E-4,-5.877486658E-2,6.884899549E0,1.399205571E0,1.598110679E-1,-6.737545442E0
2.253104653E1,9.980926243E-1,1.238390699E-2,3.123635346E-4,-6.047854658E-2,7.078721125E0,1.414366508E0,1.215506163E-1,-6.933595162E0
2.254101226E1,9.979872971E-1,1.179188155E-2,-2.959305957E-4,-6.230745369E-2,7.271605866E0,1.350768987E0,5.035006369E-2,-7.144440318E0
2.255098382E1,9.978788460E-1,1.126933006E-2,-1.091811797E-3,-6.410630836E-2,7.465012149E0,1.296762457E0,-4.206206715E-2,-7.352030589E0
2.256095012E1,9.977857301E-1,1.202428081E-2,-1.432995541E-3,-6.539877618E-2,7.627163741E0,1.385705395E0,-7.373387343E-2,-7.500942481E0
2.257090439E1,9.977024593E-1,1.227495353E-2,-1.834434072E-3,-6.660152504E-2,7.769309482E0,1.417522189E0,-1.160456632E-1,-7.639650923E0
2.258086944E1,9.976074633E-1,1.204117255E-2,-2.422726445E-3,-6.803300451E-2,7.928363540E0,1.395548174E0,-1.830870083E-1,-7.804853882E0
2.259085236E1,9.975165009E-1,1.252335542E-2,-2.788079116E-3,-6.925476645E-2,8.077734113E0,1.453799695E0,-2.193119196E-1,-7.945806538E0
2.260081924E1,9.974646840E-1,1.362625059E-2,-2.943932926E-3,-6.978440202E-2,8.161603173E0,1.581249465E0,-2.275300884E-1,-8.007127113E0
2.261078674E1,9.974559362E-1,1.432466435E-2,-3.218384050E-3,-6.975744666E-2,8.175677316E0,1.663285964E0,-2.533563760E-1,-8.004653240E0
2.262075366E1,9.974682017E-1,1.424385063E-2,-3.905761713E-3,-6.956323932E-2,8.155936690E0,1.659486834E0,-3.328931848E-1,-7.983495972E0
2.263071840E1,9.974912329E-1,1.471639818E-2,-4.459566802E-3,-6.909978436E-2,8.118740062E0,1.717754026E0,-3.932215977E-1,-7.931400448E0
2.264068512E1,9.975290692E-1,1.448017571E-2,-5.087069333E-3,-6.855802137E-2,8.057260070E0,1.695474686E0,-4.677412785E-1,-7.870186646E0
2.265065059E1,9.975614937E-1,1.340195848E-2,-6.104888246E-3,-6.822158166E-2,8.004198713E0,1.580016949E0,-5.931019676E-1,-7.832722541E0
2.266061710E1,9.976075820E-1,1.374630506E-2,-6.605257501E-3,-6.742790301E-2,7.928166888E0,1.622799620E0,-6.488966464E-1,-7.742626358E0
2.267058382E1,9.976950228E-1,1.485853891E-2,-6.702791247E-3,-6.587061532E-2,7.781877704E0,1.749718634E0,-6.541716283E-1,-7.564680453E0
2.268055038E1,9.978338449E-1,1.642637736E-2,-6.874875686E-3,-6.332873109E-2,7.543811492E0,1.928632143E0,-6.669060765E-1,-7.274176177E0
2.269052314E1,9.980068962E-1,1.737673322E-2,-7.142142667E-3,-6.024345593E-2,7.236102974E0,2.037143055E0,-6.968568358E-1,-6.921184721E0
2.270049033E1,9.981828157E-1,1.775274452E-2,-7.202539049E-3,-5.713168966E-2,6.909281762E0,2.078385857E0,-7.076445213E-1,-6.564416242E0
2.271044934E1,9.983685251E-1,1.822244868E-2,-7.117476788E-3,-5.364300409E-2,6.546616201E0,2.129133320E0,-7.022756720E-1,-6.164215786E0
2.272041569E1,9.985437575E-1,1.824471482E-2,-7.086111633E-3,-5.027207788E-2,6.184964311E0,2.129118572E0,-7.057405975E-1,-5.777404571E0
2.273039148E1,9.986892781E-1,1.801981756E-2,-7.220270972E-3,-4.735905158E-2,5.867733216E0,2.102037883E0,-7.285246651E-1,-5.443367818E0
2.274035877E1,9.988052368E-1,1.886201617E-2,-7.054267768E-3,-4.452595442E-2,5.602112116E0,2.195544787E0,-7.111723667E-1,-5.118649629E0
2.275031778E1,9.989123937E-1,2.013719635E-2,-6.662211937E-3,-4.152274119E-2,5.344940311E0,2.337549520E0,-6.668020749E-1,-4.774199724E0
2.276028418E1,9.990054336E-1,2.143964194E-2,-6.267499302E-3,-3.859020443E-2,5.111172310E0,2.482997841E0,-6.226919830E-1,-4.437809302E0
2.277025132E1,9.990847578E-1,2.338323660E-2,-5.733435234E-3,-3.535532119E-2,4.903077725E0,2.701428215E0,-5.616756165E-1,-4.066685070E0
2.278021778E1,9.991803463E-1,2.263602432E-2,-5.666561125E-3,-3.307772820E-2,4.639941475E0,2.614283105E0,-5.630166699E-1,-3.804999874E0
2.279019215E1,9.992616349E-1,2.055564231E-2,-6.364824129E-3,-3.182985462E-2,4.403823848E0,2.377816430E0,-6.538554603E-1,-3.662463857E0
2.280015944E1,9.992912849E-1,2.167598120E-2,-6.405625822E-3,-3.010062681E-2,4.314486592E0,2.505182566E0,-6.587584649E-1,-3.465084783E0
2.281012205E1,9.993072992E-1,2.420497151E-2,-5.916019787E-3,-2.764130612E-2,4.265456717E0,2.791760820E0,-6.007990530E-1,-3.183488110E0
2.282008887E1,9.993461160E-1,2.454043458E-2,-5.996096494E-3,-2.586801879E-2,4.144209094E0,2.829373972E0,-6.139203624E-1,-2.980695437E0
2.283005304E1,9.993887924E-1,2.363072055E-2,-6.525906304E-3,-2.492074005E-2,4.006675159E0,2.726082381E0,-6.798902625E-1,-2.873038444E0
2.284001955E1,9.994225347E-1,2.253920664E-2,-7.308443703E-3,-2.435504121E-2,3.894498037E0,2.602841000E0,-7.741216215E-1,-2.809528877E0
2.284999095E1,9.994319104E-1,2.247317293E-2,-7.785550178E-3,-2.387882337E-2,3.862750095E0,2.596237451E0,-8.301869519E-1,-2.756158796E0
2.285995793E1,9.994369164E-1,2.228177128E-2,-7.970617594E-3,-2.378743547E-2,3.845691576E0,2.574742958E0,-8.521460825E-1,-2.746010566E0
2.286992345E1,9.994409190E-1,2.114939501E-2,-8.380928122E-3,-2.450127590E-2,3.831997528E0,2.446763513E0,-9.005038853E-1,-2.827878332E0
2.287989028E1,9.994155121E-1,2.103084348E-2,-8.826265872E-3,-2.546438402E-2,3.918109317E0,2.435371190E0,-9.494997916E-1,-2.939261288E0
2.288985892E1,9.993721385E-1,2.038138061E-2,-9.341849580E-3,-2.743461367E-2,4.060899949E0,2.364471741E0,-1.005802163E0,-3.165717496E0
2.289982590E1,9.992949194E-1,1.963841228E-2,-1.025911573E-2,-3.031084607E-2,4.303408098E0,2.285475450E0,-1.106636556E0,-3.496827423E0
2.290979345E1,9.991816703E-1,1.851011225E-2,-1.144209343E-2,-3.409463170E-2,4.636191799E0,2.165091020E0,-1.237872444E0,-3.932032297E0
2.291976049E1,9.989943992E-1,1.728142047E-2,-1.278680443E-2,-3.934514514E-2,5.139452128E0,2.036989305E0,-1.386006176E0,-4.535470147E0
2.292972637E1,9.987398609E-1,1.931894465E-2,-1.340237152E-2,-4.433785126E-2,5.753372393E0,2.280410186E0,-1.435859013E0,-5.112395372E0
2.293969330E1,9.984479266E-1,1.914048741E-2,-1.433360195E-2,-5.029838508E-2,6.385280007E0,2.273956886E0,-1.529820889E0,-5.798217724E0
2.294965465E1,9.980318546E-1,1.754299824E-2,-1.635557557E-2,-5.794096562E-2,7.190638690E0,2.116389580E0,-1.754318748E0,-6.677586680E0
2.295962101E1,9.975343202E-1,1.873888885E-2,-1.797731983E-2,-6.519931066E-2,8.048690803E0,2.278210415E0,-1.915322701E0,-7.517207218E0
2.296959924E1,9.969836944E-1,1.845518073E-2,-1.973975089E-2,-7.275480523E-2,8.902552058E0,2.275129082E0,-2.101794832E0,-8.389252762E0
2.297956674E1,9.963076653E-1,1.768173398E-2,-2.191458179E-2,-8.110575461E-2,9.850354870E0,2.224782012E0,-2.338268162E0,-9.353362914E0
2.298953142E1,9.956045613E-1,1.870526807E-2,-2.353185900E-2,-8.870130818E-2,1.074800709E1,2.376165713E0,-2.495360447E0,-1.023417048E1
2.299949866E1,9.949016059E-1,1.881200258E-2,-2.523375412E-2,-9.581315524E-2,1.157627981E1,2.425115487E0,-2.671256348E0,-1.105826565E1
2.300946465E1,9.941397732E-1,1.797262977E-2,-2.707895495E-2,-1.031010482E-1,1.241186820E1,2.371024481E0,-2.873702141E0,-1.190130080E1
2.301943179E1,9.934338577E-1,1.841097981E-2,-2.837679167E-2,-1.092930183E-1,1.313895102E1,2.455400738E0,-3.001181448E0,-1.262067213E1
2.302939622E1,9.928494287E-1,1.854743600E-2,-2.893689457E-2,-1.143182430E-1,1.371188380E1,2.493572274E0,-3.050684682E0,-1.320281430E1
2.303936304E1,9.923819211E-1,1.835767848E-2,-2.929837778E-2,-1.182485657E-1,1.415358480E1,2.488998343E0,-3.084508132E0,-1.365725387E1
2.304934106E1,9.920576365E-1,1.763903568E-2,-2.945617716E-2,-1.210076195E-1,1.445208043E1,2.417951006E0,-3.105549930E0,-1.397431291E1
2.305930898E1,9.918256582E-1,1.754201761E-2,-2.903337852E-2,-1.230089598E-1,1.466190175E1,2.407109315E0,-3.053961547E0,-1.420393543E1
2.306926944E1,9.917898986E-1,1.921165887E-2,-2.784491060E-2,-1.233222210E-1,1.469398083E1,2.581079295E0,-2.894332687E0,-1.424112584E1
2.307923663E1,9.918445691E-1,1.780402189E-2,-2.712326012E-2,-1.232545995E-1,1.464490906E1,2.410293787E0,-2.832439456E0,-1.422703923E1
2.308920241E1,9.918797272E-1,1.551938743E-2,-2.700905473E-2,-1.233055814E-1,1.461326491E1,2.148745801E0,-2.851769170E0,-1.422623645E1
2.309916944E1,9.921743127E-1,1.694084375E-2,-2.599726202E-2,-1.209433069E-1,1.434539465E1,2.289575952E0,-2.721992797E0,-1.395422331E1
2.310913939E1,9.926466606E-1,1.652877099E-2,-2.509905969E-2,-1.172580234E-1,1.390517363E1,2.220281050E0,-2.633825199E0,-1.352492462E1
2.311910668E1,9.931314860E-1,1.585326211E-2,-2.477361602E-2,-1.132466046E-1,1.343841076E1,2.128366648E0,-2.614526445E0,-1.305923233E1
2.312906814E1,9.937492881E-1,1.810398446E-2,-2.352025280E-2,-1.076168942E-1,1.281913876E1,2.354472287E0,-2.455869198E0,-1.241185824E1
2.313903486E1,9.944591809E-1,1.769610885E-2,-2.285759902E-2,-1.010708435E-1,1.206855695E1,2.283931077E0,-2.400523190E0,-1.165440076E1
2.314899825E1,9.951174166E-1,1.638137470E-2,-2.274709580E-2,-9.463375414E-2,1.132841961E1,2.117041178E0,-2.416971490E0,-1.090942778E1
2.315896460E1,9.958276642E-1,1.628933128E-2,-2.241104342E-2,-8.694634027E-2,1.047148734E1,2.084401357E0,-2.395803698E0,-1.002334389E1
2.316893455E1,9.964783885E-1,1.531289831E-2,-2.224017760E-2,-7.938331643E-2,9.619796440E0,1.952952969E0,-2.400968096E0,-9.150496827E0
2.317890127E1,9.970635301E-1,1.648582769E-2,-2.167838826E-2,-7.157221434E-2,8.783886846E0,2.063556002E0,-2.342308328E0,-8.253831779E0
2.318887418E1,9.976026036E-1,1.844743380E-2,-2.055537016E-2,-6.345245589E-2,7.936414643E0,2.260589727E0,-2.216244102E0,-7.322516177E0
2.319884153E1,9.980585926E-1,1.879488543E-2,-1.979169111E-2,-5.598291632E-2,7.141611970E0,2.278715686E0,-2.143485285E0,-6.463554920E0
2.320880267E1,9.984286923E-1,1.854876756E-2,-1.941057468E-2,-4.918657615E-2,6.424733740E0,2.233686968E0,-2.116726791E0,-5.681947022E0
2.321876939E1,9.987352864E-1,1.798449297E-2,-1.934023578E-2,-4.278248510E-2,5.763808004E0,2.155071226E0,-2.125743337E0,-4.945707812E0
2.322873736E1,9.989693496E-1,1.755332039E-2,-1.926853874E-2,-3.715969496E-2,5.203081429E0,2.093352029E0,-2.131482486E0,-4.299562827E0
2.323870418E1,9.991486543E-1,1.758595939E-2,-1.898385949E-2,-3.212963862E-2,4.728805046E0,2.085254221E0,-2.109266715E0,-3.722044631E0
2.324867351E1,9.992977768E-1,1.654831824E-2,-1.879659987E-2,-2.787102997E-2,4.294678274E0,1.956692492E0,-2.100037546E0,-3.231067176E0
2.325864054E1,9.994109855E-1,1.593545003E-2,-1.860860928E-2,-2.403046385E-2,3.933253569E0,1.877817166E0,-2.087714220E0,-2.788998747E0
2.326860366E1,9.995042995E-1,1.605643307E-2,-1.841612893E-2,-1.985428000E-2,3.608238584E0,1.882489475E0,-2.073208694E0,-2.310027000E0
2.327857033E1,9.995796989E-1,1.567324848E-2,-1.857982211E-2,-1.579762568E-2,3.322485433E0,1.830442509E0,-2.100293383E0,-1.844440882E0
2.328854372E1,9.996338962E-1,1.510135566E-2,-1.878244321E-2,-1.229806317E-2,3.100865769E0,1.757814499E0,-2.130730920E0,-1.442390607E0
2.329851106E1,9.996752076E-1,1.442866328E-2,-1.887822813E-2,-9.214414923E-3,2.920668690E0,1.674213725E0,-2.147850853E0,-1.087593909E0
2.330847325E1,9.997120306E-1,1.287664213E-2,-1.909351986E-2,-6.744297591E-3,2.750117521E0,1.491131128E0,-2.177898992E0,-8.013955500E-1
2.331844007E1,9.997313676E-1,1.280444641E-2,-1.886046530E-2,-4.185897050E-3,2.656174381E0,1.477142331E0,-2.155035736E0,-5.075788532E-1
2.332840731E1,9.997513200E-1,1.249419085E-2,-1.840796591E-2,-1.529730130E-3,2.555624395E0,1.435720541E0,-2.107157757E0,-2.017426167E-1
2.333837413E1,9.997688246E-1,1.137125287E-2,-1.822451833E-2,9.268036014E-4,2.464034777E0,1.301790395E0,-2.089564029E0,8.248674457E-2
2.334834554E1,9.997712864E-1,1.119053390E-2,-1.784234651E-2,3.714506498E-3,2.450879282E0,1.275373779E0,-2.049314862E0,4.029347996E-1
2.335831283E1,9.997676340E-1,1.068771804E-2,-1.749146954E-2,6.670775204E-3,2.470371991E0,1.211904775E0,-2.012492652E0,7.432940186E-1
2.336827382E1,9.997724804E-1,9.227331342E-3,-1.706845698E-2,8.860676838E-3,2.444473204E0,1.040472226E0,-1.965210447E0,9.977172275E-1
2.337824049E1,9.997647882E-1,9.212647666E-3,-1.615078293E-2,1.116456572E-2,2.485453566E0,1.035383868E0,-1.862422373E0,1.262783069E0
2.338821736E1,9.997518350E-1,8.610910671E-3,-1.535278749E-2,1.365330163E-2,2.552977079E0,9.629786940E-1,-1.772618250E0,1.549946336E0
2.339818502E1,9.997372359E-1,7.633761572E-3,-1.465302842E-2,1.588941519E-2,2.627000266E0,8.482558305E-1,-1.692817931E0,1.808585987E0
2.340815345E1,9.997076397E-1,7.425028831E-3,-1.374419992E-2,1.845538095E-2,2.771005728E0,8.218750013E-1,-1.590415747E0,2.103801356E0
2.341812122E1,9.996572589E-1,6.936370456E-3,-1.306015150E-2,2.160286817E-2,3.000289186E0,7.625350884E-1,-1.513417190E0,2.465898132E0
2.342808262E1,9.995989654E-1,5.369609637E-3,-1.279285840E-2,2.468640269E-2,3.245436182E0,5.790792811E-1,-1.480720348E0,2.821929979E0
2.343804965E1,9.995007677E-1,6.585721796E-3,-1.176360558E-2,2.857378725E-2,3.621071122E0,7.159966363E-1,-1.369030925E0,3.266503708E0
2.344801851E1,9.993705782E-1,7.057372875E-3,-1.090509982E-2,3.301090335E-2,4.065943158E0,7.671678941E-1,-1.275647655E0,3.775236898E0
2.345798575E1,9.992471314E-1,5.779047553E-3,-1.034113868E-2,3.694365910E-2,4.446870510E0,6.181025066E-1,-1.208669893E0,4.228172535E0
2.346794939E1,9.991155600E-1,4.697905853E-3,-9.326547288E-3,4.073135166E-2,4.819853452E0,4.944284241E-1,-1.089791394E0,4.664313083E0
2.347791627E1,9.989369410E-1,4.486603472E-3,-8.283417824E-3,4.512475181E-2,5.284267388E0,4.708204542E-1,-9.714470878E-1,5.168910352E0
2.348789778E1,9.987489106E-1,4.249924940E-3,-6.996780636E-3,4.933149959E-2,5.732671997E0,4.468944593E-1,-8.248221147E-1,5.652241680E0
2.349786611E1,9.985443013E-1,4.242123820E-3,-5.595051475E-3,5.347876421E-2,6.183809152E0,4.511514324E-1,-6.662240159E-1,6.128668116E0
2.350783658E1,9.983425446E-1,3.225879848E-3,-4.489607044E-3,5.728525851E-2,6.598550727E0,3.395910815E-1,-5.348021119E-1,6.566518271E0
2.351780517E1,9.981140381E-1,2.987416011E-3,-3.577399176E-3,6.120983962E-2,7.038860525E0,3.166052181E-1,-4.301247852E-1,7.017406185E0
2.352777366E1,9.978595936E-1,3.615820386E-3,-2.444241204E-3,6.524709222E-2,7.498825429E0,3.951894031E-1,-3.065260102E-1,7.481095449E0
2.353774220E1,9.976365303E-1,3.204256715E-3,-1.509791731E-3,6.862074553E-2,7.880036353E0,3.544452914E-1,-1.977970970E-1,7.868980131E0
2.354770127E1,9.974569088E-1,2.214203976E-3,-7.617480465E-4,7.123364415E-2,8.174113637E0,2.468670315E-1,-1.051420165E-1,8.169489376E0
2.355766887E1,9.972490912E-1,3.048630505E-3,2.352062496E-4,7.406011449E-2,8.501691238E0,3.503846003E-1,1.005803844E-3,8.494484135E0
2.356763418E1,9.970520748E-1,3.068751720E-3,7.071081218E-4,7.666317887E-2,8.801011855E0,3.568307729E-1,5.383092347E-2,8.793792560E0
2.357760153E1,9.969159951E-1,2.577811851E-3,7.353063407E-4,7.843030669E-2,9.001954958E0,3.010945630E-1,6.083209542E-2,8.996883053E0
2.358757236E1,9.968010039E-1,3.462177975E-3,1.197456320E-3,7.983945115E-2,9.168331797E0,4.064267466E-1,1.051042703E-1,9.159109260E0
2.359754007E1,9.967502268E-1,3.157630809E-3,1.599690893E-3,8.047642941E-2,9.240848161E0,3.754182022E-1,1.535961208E-1,9.232464026E0
2.360751330E1,9.967792709E-1,2.430236555E-3,1.996935284E-3,8.013233599E-2,9.199439220E0,2.959277334E-1,2.057797431E-1,9.192921892E0
2.361748153E1,9.968059817E-1,3.716387291E-3,2.921239603E-3,7.972132448E-2,9.161192014E0,4.512038908E-1,2.997309213E-1,9.146377879E0
2.362744226E1,9.968995380E-1,3.908388530E-3,3.797740138E-3,7.849594077E-2,9.025953725E0,4.806575775E-1,3.986870475E-1,9.006041498E0
2.363740970E1,9.970885454E-1,3.381569774E-3,4.504656353E-3,7.604410316E-2,8.746374320E0,4.256439755E-1,4.852314739E-1,8.724373717E0
2.364736382E1,9.973417100E-1,2.693688510E-3,5.260674843E-3,7.262632397E-2,8.357282105E0,3.516548221E-1,5.788184274E-1,8.331619297E0
2.365732991E1,9.975935324E-1,2.650270087E-3,5.839350823E-3,6.903638353E-2,7.951421407E0,3.491871633E-1,6.465775216E-1,7.919417674E0
2.366729450E1,9.978324684E-1,3.138926049E-3,6.198053217E-3,6.543772900E-2,7.546208944E0,4.054239456E-1,6.851838482E-1,7.506578936E0
2.367726043E1,9.980865510E-1,3.654299745E-3,6.563612774E-3,6.137427555E-2,7.089985394E0,4.641545983E-1,7.250142027E-1,7.040532294E0
2.368722069E1,9.983559712E-1,3.999987275E-3,6.678549154E-3,5.678689906E-2,6.571762461E0,5.011184931E-1,7.380384708E-1,6.514226863E0
2.369718606E1,9.986132106E-1,4.907027650E-3,6.888930571E-3,5.196267173E-2,6.035636538E0,6.026081745E-1,7.591219380E-1,5.961371869E0
2.370716163E1,9.988595437E-1,4.753908585E-3,6.608657088E-3,4.704612639E-2,5.473287200E0,5.798214449E-1,7.308237282E-1,5.396956495E0
2.371712799E1,9.990532586E-1,5.964227332E-3,6.511935872E-3,4.259822873E-2,4.986749715E0,7.146648007E-1,7.164113167E-1,4.887533562E0
2.372709747E1,9.992315329E-1,4.387975659E-3,5.402603021E-3,3.857332378E-2,4.492706988E0,5.263552202E-1,5.992322443E-1,4.424133828E0
2.373706418E1,9.993853547E-1,3.383832480E-3,4.492661119E-3,3.460171195E-2,4.017928027E0,4.053528782E-1,5.010938846E-1,3.967691087E0
2.374702658E1,9.994591785E-1,5.499738424E-3,4.647106900E-3,3.208594527E-2,3.768896355E0,6.470087293E-1,5.120167217E-1,3.680396030E0
2.375699283E1,9.995617208E-1,3.972710419E-3,4.173847278E-3,2.903726602E-2,3.392805029E0,4.689483952E-1,4.648642450E-1,3.329851026E0
2.376696575E1,9.996748406E-1,1.150879705E-3,2.978110917E-3,2.529860497E-2,2.922318550E0,1.404743629E-1,3.378209564E-1,2.899744817E0
2.377693262E1,9.997220046E-1,2.878466024E-3,2.703919659E-3,2.324471628E-2,2.702069513E0,3.369651303E-1,3.020944119E-1,2.664797319E0
2.378689002E1,9.997383792E-1,4.197059004E-3,2.683583940E-3,2.232389476E-2,2.621279011E0,4.876990931E-1,2.967003187E-1,2.559636940E0
2.379685595E1,9.997756375E-1,2.952062943E-3,2.298650330E-3,2.084888871E-2,2.427453202E0,3.437028181E-1,2.562948881E-1,2.390065230E0
2.380683200E1,9.997926343E-1,3.340006670E-3,2.669252719E-3,1.990999452E-2,2.333692397E0,3.887553990E-1,2.981914659E-1,2.282700562E0
2.381679892E1,9.998180891E-1,2.491238355E-4,2.704755691E-3,1.887884979E-2,2.185765602E0,3.439415067E-2,3.093483488E-1,2.163586189E0
2.382676767E1,9.998389423E-1,-1.120177771E-3,3.221363495E-3,1.761980135E-2,2.056667794E0,-1.218407020E-1,3.713459410E-1,2.018801899E0
2.383673481E1,9.998173294E-1,2.764400198E-3,5.051898275E-3,1.822482474E-2,2.190324993E0,3.272876515E-1,5.730354997E-1,2.090198021E0
2.384670450E1,9.998170632E-1,-1.947892061E-4,5.224436882E-3,1.839857118E-2,2.191920350E0,-1.130294341E-2,5.989884364E-1,2.108409657E0
2.385667184E1,9.998362621E-1,-4.216189132E-3,4.644346419E-3,1.697359139E-2,2.073710720E0,-4.740536708E-1,5.403243794E-1,1.942926681E0
2.386663736E1,9.998262679E-1,6.471968725E-4,6.221333627E-3,1.755876220E-2,2.136062367E0,8.667498797E-2,7.115045346E-1,2.012766884E0
2.387660455E1,9.997790290E-1,4.023782614E-3,7.513021227E-3,1.921605970E-2,2.409036109E0,4.775916156E-1,8.519096020E-1,2.205764423E0
2.388656132E1,9.997836162E-1,2.867113000E-3,7.551912662E-3,1.916948021E-2,2.383898644E0,3.451057101E-1,8.589322878E-1,2.199453695E0
2.389652741E1,9.997754572E-1,3.345789901E-3,8.063890718E-3,1.930840375E-2,2.428428271E0,4.012097996E-1,9.164825730E-1,2.216010819E0
2.390650590E1,9.997480097E-1,3.405711304E-3,8.499810334E-3,2.049564329E-2,2.572578474E0,4.101920936E-1,9.658080667E-1,2.352347973E0
2.391647325E1,9.997254898E-1,2.726000546E-3,8.438900684E-3,2.168637597E-2,2.685077327E0,3.333108762E-1,9.600319311E-1,2.488160716E0
2.392643705E1,9.997113852E-1,7.828473312E-4,8.147186777E-3,2.258664975E-2,2.753197401E0,1.107833797E-1,9.313442014E-1,2.589446658E0
2.393640403E1,9.996970104E-1,-1.064211849E-3,7.832050088E-3,2.331123725E-2,2.820930793E0,-1.010037325E-1,9.000947214E-1,2.670803099E0
2.394637668E1,9.996689344E-1,-6.698640322E-4,7.742989103E-3,2.452792351E-2,2.948741133E0,-5.497881057E-2,8.889058854E-1,2.810633326E0
2.395634418E1,9.996581168E-1,-8.451704151E-4,7.872223821E-3,2.491913394E-2,2.996531596E0,-7.434625206E-2,9.042329295E-1,2.855320880E0
2.396630507E1,9.996839273E-1,-2.630734883E-3,7.268564814E-3,2.392264056E-2,2.881194456E0,-2.814705474E-1,8.398947110E-1,2.739613078E0
2.397627194E1,9.997263024E-1,-3.555720331E-3,6.253380930E-3,2.226145371E-2,2.681099967E0,-3.914262221E-1,7.254784804E-1,2.548773296E0
2.398623158E1,9.997711649E-1,-2.111865905E-3,5.461076613E-3,2.057509511E-2,2.451530196E0,-2.290853586E-1,6.306420275E-1,2.356678274E0
2.399619767E1,9.998298970E-1,-9.090726597E-4,4.862776768E-3,1.776806481E-2,2.113634142E0,-9.425790679E-2,5.589981880E-1,2.035742504E0
2.400617752E1,9.999006533E-1,-9.970147376E-4,3.892961767E-3,1.351052772E-2,1.615280554E0,-1.082144354E-1,4.476043631E-1,1.547829344E0
2.401614497E1,9.999566785E-1,2.822853469E-4,3.046354155E-3,8.790966005E-3,1.066647041E0,3.541558242E-2,3.487891374E-1,1.007495987E0
2.402610752E1,9.999902160E-1,1.036825695E-3,2.211959801E-3,3.687834593E-3,5.069044791E-1,1.197463278E-1,2.530321076E-1,4.228613493E-1
2.403607450E1,9.999962715E-1,2.306431367E-4,1.042652687E-3,-2.513292360E-3,3.129205293E-1,2.612942970E-2,1.195452639E-1,-2.879752982E-1
2.404604122E1,9.999543316E-1,-1.089258541E-3,-3.729505598E-4,-9.487316909E-3,1.095159265E0,-1.244088091E-1,-4.391924399E-2,-1.087135784E0
2.405600814E1,9.998559615E-1,-1.692510009E-3,-1.679517425E-3,-1.680389663E-2,1.944966734E0,-1.906868359E-1,-1.956902506E-1,-1.925355180E0
2.406597736E1,9.997024172E-1,-1.873032645E-3,-2.740967864E-3,-2.416724827E-2,2.795646848E0,-2.069827876E-1,-3.191870701E-1,-2.769071031E0
2.407594455E1,9.994975458E-1,-1.445380477E-3,-3.468486771E-3,-3.147278879E-2,3.632737832E0,-1.530399865E-1,-4.024756991E-1,-3.606599553E0
2.408590799E1,9.992551261E-1,-1.232564025E-3,-4.443368300E-3,-3.831357685E-2,4.423193695E0,-1.216329963E-1,-5.142115989E-1,-4.390988249E0
2.409587476E1,9.989593308E-1,-1.933878041E-3,-5.804918022E-3,-4.519754855E-2,5.228313742E0,-1.913239297E-1,-6.745339927E-1,-5.179993378E0
2.410584325E1,9.985884484E-1,-3.756545545E-3,-7.363329056E-3,-5.246694704E-2,6.089296325E0,-3.856373440E-1,-8.652025685E-1,-6.012325045E0
2.411581017E1,9.981619316E-1,-5.266255922E-3,-8.945723083E-3,-5.970761091E-2,6.948882997E0,-5.412532809E-1,-1.059312153E0,-6.841425712E0
2.412577830E1,9.977694605E-1,-2.882395272E-3,-9.385315198E-3,-6.602810956E-2,7.655143554E0,-2.585977503E-1,-1.094954616E0,-7.569667050E0
2.413574533E1,9.973735532E-1,-6.203455015E-4,-9.232960131E-3,-7.183566632E-2,8.307053903E0,5.104741730E-3,-1.060407536E0,-8.239257929E0
2.414571741E1,9.968214749E-1,-1.925633448E-3,-9.921071223E-3,-7.902411924E-2,9.138934169E0,-1.301460918E-1,-1.150772382E0,-9.064105497E0
2.415568491E1,9.962388171E-1,-9.865417578E-4,-1.075337654E-2,-8.597447854E-2,9.941823962E0,-6.683994587E-3,-1.237427034E0,-9.864631459E0
2.416564996E1,9.957484620E-1,1.390827924E-3,-1.127425277E-2,-9.141092564E-2,1.057047854E1,2.768657443E-1,-1.271977162E0,-1.049331574E1
2.417561726E1,9.952622328E-1,2.078922887E-3,-1.209171953E-2,-9.644976044E-2,1.115902106E1,3.708464770E-1,-1.356193997E0,-1.107476142E1
2.418559220E1,9.946922360E-1,2.218478006E-4,-1.369363223E-2,-1.019793646E-1,1.181178977E1,1.853792820E-1,-1.558445510E0,-1.170994820E1
2.419556028E1,9.941755841E-1,1.168288135E-3,-1.517387831E-2,-1.066925322E-1,1.237384958E1,3.187573795E-1,-1.714643243E0,-1.225557291E1
2.420551637E1,9.937540849E-1,3.357269778E-3,-1.593837768E-2,-1.103970819E-1,1.281421399E1,5.842312625E-1,-1.772807454E0,-1.268714022E1
2.421548319E1,9.932043323E-1,1.147792180E-3,-1.753867827E-2,-1.150488232E-1,1.336687678E1,3.620757093E-1,-1.981389498E0,-1.322119391E1
2.422545564E1,9.925234999E-1,-8.533864680E-4,-1.974673988E-2,-1.204426837E-1,1.402128289E1,1.756157851E-1,-2.258254649E0,-1.384148137E1
2.423542304E1,9.919955527E-1,1.338063947E-3,-2.116791959E-2,-1.244787222E-1,1.450853022E1,4.544465368E-1,-2.387853550E0,-1.431401324E1
2.424538601E1,9.914795633E-1,2.637034654E-4,-2.310353622E-2,-1.281968515E-1,1.496950370E1,3.697477144E-1,-2.621953780E0,-1.474323234E1
2.425535293E1,9.907827455E-1,-1.715872765E-3,-2.558230370E-2,-1.330118521E-1,1.557050022E1,1.953703005E-1,-2.931928329E0,-1.529739850E1
2.426532825E1,9.902196779E-1,2.127146162E-4,-2.680563671E-2,-1.369175013E-1,1.603979464E1,4.453374211E-1,-3.039745869E0,-1.575653875E1
2.427529601E1,9.897626635E-1,2.766451162E-4,-2.789108270E-2,-1.399710003E-1,1.641089679E1,4.794704150E-1,-3.160528596E0,-1.611186895E1
2.428523148E1,9.892444995E-1,-6.796133978E-4,-2.949855253E-2,-1.432644188E-1,1.682181925E1,4.079376826E-1,-3.357005977E0,-1.649275673E1
2.429519595E1,9.887630499E-1,-9.948748074E-4,-3.098478890E-2,-1.462415269E-1,1.719488877E1,4.072972939E-1,-3.529601581E0,-1.683905523E1
2.430519179E1,9.884976359E-1,8.732787015E-4,-3.223599168E-2,-1.477582556E-1,1.739715956E1,6.460506209E-1,-3.639143223E0,-1.702350561E1
2.431515944E1,9.882145829E-1,5.843988966E-5,-3.360154211E-2,-1.493414581E-1,1.761033258E1,5.829463751E-1,-3.806874159E0,-1.720668250E1
2.432512861E1,9.880147550E-1,2.581246640E-3,-3.473528631E-2,-1.503783259E-1,1.775929823E1,8.928998633E-1,-3.891175141E0,-1.733861880E1
2.433509642E1,9.880766241E-1,7.831245378E-3,-3.460258162E-2,-1.498196180E-1,1.771330956E1,1.484158885E0,-3.786193288E0,-1.729294314E1
2.434505637E1,9.881298980E-1,8.431507857E-3,-3.495855896E-2,-1.493523131E-1,1.767361466E1,1.556653710E0,-3.816926100E0,-1.724186360E1
2.435502335E1,9.879647135E-1,6.724879454E-3,-3.621097334E-2,-1.502307102E-1,1.779640901E1,1.388213100E0,-3.986978698E0,-1.734073745E1
2.436498377E1,9.878186439E-1,5.398420737E-3,-3.751586411E-2,-1.509229727E-1,1.790429772E1,1.263321516E0,-4.156916596E0,-1.741926615E1
2.437495007E1,9.877449392E-1,4.423593670E-3,-3.908831840E-2,-1.510379759E-1,1.795849282E1,1.180709889E0,-4.351919770E0,-1.743259367E1
2.438490543E1,9.878350524E-1,7.721022084E-3,-3.990580050E-2,-1.500993745E-1,1.789221043E1,1.565168893E0,-4.388727019E0,-1.733973707E1
2.439487064E1,9.880375354E-1,8.808301811E-3,-4.043059308E-2,-1.485584387E-1,1.774237884E1,1.690855468E0,-4.432052670E0,-1.716698158E1
2.440486929E1,9.879902429E-1,5.581621240E-3,-4.204703171E-2,-1.485805254E-1,1.777748599E1,1.352437061E0,-4.670506711E0,-1.716001417E1
2.441483788E1,9.880282190E-1,7.544743428E-3,-4.342875321E-2,-1.478420057E-1,1.774930019E1,1.595749311E0,-4.794765687E0,-1.708725534E1
2.442480746E1,9.882293468E-1,7.662086190E-3,-4.400997965E-2,-1.463119003E-1,1.759927687E1,1.611560343E0,-4.861177420E0,-1.691185905E1
2.443477616E1,9.882102035E-1,4.742269572E-3,-4.575749508E-2,-1.460286142E-1,1.761361065E1,1.308016783E0,-5.109016073E0,-1.686998227E1
2.444473715E1,9.884853565E-1,1.160015882E-2,-4.640319790E-2,-1.435579311E-1,1.740646119E1,2.085957871E0,-5.071979572E0,-1.661900786E1
2.445470502E1,9.889927388E-1,1.241996121E-2,-4.737783840E-2,-1.396225185E-1,1.701791833E1,2.174976466E0,-5.177671064E0,-1.616977524E1
2.446466340E1,9.889671245E-1,2.524300094E-3,-5.006395072E-2,-1.393960382E-1,1.703774399E1,1.091126307E0,-5.642405017E0,-1.609987495E1
2.447463033E1,9.889836202E-1,3.109158575E-3,-5.213686558E-2,-1.385044381E-1,1.702497881E1,1.186148360E0,-5.869542101E0,-1.600534288E1
2.448460955E1,9.895042433E-1,6.535450548E-3,-5.229412116E-2,-1.345509762E-1,1.661709450E1,1.555599901E0,-5.838904366E0,-1.556630263E1
2.449457773E1,9.897546345E-1,1.912910200E-4,-5.294191315E-2,-1.326004551E-1,1.641734196E1,8.307415022E-1,-6.012663934E0,-1.530493741E1
2.450454674E1,9.900474785E-1,6.287231587E-4,-5.356533187E-2,-1.301397339E-1,1.618061565E1,8.750993431E-1,-6.079067960E0,-1.502343027E1
2.451451497E1,9.907020257E-1,2.032938831E-3,-5.299805679E-2,-1.252859502E-1,1.563863616E1,9.971793099E-1,-5.998427433E0,-1.446718205E1
2.452446960E1,9.912362923E-1,-1.237505593E-3,-5.356087288E-2,-1.207489724E-1,1.518200913E1,6.039918762E-1,-6.112547105E0,-1.392295641E1
2.453443642E1,9.919067691E-1,9.178870424E-4,-5.344523267E-2,-1.151682507E-1,1.458887927E1,8.142626865E-1,-6.074063903E0,-1.328888250E1
2.454440861E1,9.927966632E-1,3.167369096E-3,-5.264299685E-2,-1.075800548E-1,1.376244286E1,1.014849526E0,-5.960689048E0,-1.242178835E1
2.455437595E1,9.935145835E-1,-8.057110610E-5,-5.244838268E-2,-1.008857427E-1,1.305784645E1,6.004463441E-1,-5.982962266E0,-1.162774978E1
2.456433408E1,9.942411512E-1,2.231192783E-3,-5.144833875E-2,-9.398203802E-2,1.230393715E1,8.125341768E-1,-5.847711796E0,-1.084133868E1
2.457430049E1,9.950500503E-1,3.955309444E-3,-4.994556208E-2,-8.582070741E-2,1.140636665E1,9.468504118E-1,-5.665338945E0,-9.905703989E0
2.458426674E1,9.956690953E-1,2.087012161E-3,-4.905467545E-2,-7.894514518E-2,1.066875660E1,6.851597069E-1,-5.586875787E0,-9.100260313E0
2.459423314E1,9.962566723E-1,4.279571268E-3,-4.771777722E-2,-7.195374843E-2,9.918183036E0,8.860110399E-1,-5.420381072E0,-8.303869308E0
2.460421033E1,9.968131103E-1,4.895699659E-3,-4.606319927E-2,-6.494487658E-2,9.150957728E0,9.058388417E-1,-5.232467640E0,-7.496782606E0
2.461417778E1,9.971726545E-1,-6.890573862E-6,-4.552162653E-2,-5.978694350E-2,8.619050914E0,3.123764356E-1,-5.208865028E0,-6.876498604E0
2.462415559E1,9.975361132E-1,1.530247613E-3,-4.397841732E-2,-5.463753278E-2,8.045762554E0,4.520115299E-1,-5.023993150E0,-6.290029493E0
2.463412408E1,9.979199964E-1,2.450723426E-3,-4.206888812E-2,-4.878404842E-2,7.392221561E0,5.172463213E-1,-4.802634170E0,-5.619127115E0
2.464405111E1,9.981402340E-1,-2.084661720E-3,-4.190362034E-2,-4.422458565E-2,6.989789598E0,-2.617484657E-2,-4.809080175E0,-5.072789042E0
2.465401543E1,9.983139970E-1,-2.679517548E-3,-4.172651488E-2,-4.026017390E-2,6.655149857E0,-1.144280804E-1,-4.791389242E0,-4.613977379E0
2.466398158E1,9.985177665E-1,-1.404712007E-3,-4.095445498E-2,-3.581940079E-2,6.239928351E0,7.396992203E-3,-4.697103997E0,-4.109235451E0
2.467394606E1,9.986143394E-1,-4.022719313E-3,-4.104115088E-2,-3.269316146E-2,6.033179149E0,-3.076192933E-1,-4.716849438E0,-3.737549771E0
2.468392059E1,9.986880980E-1,-3.664499410E-3,-4.096567933E-2,-3.050356586E-2,5.870374641E0,-2.771116532E-1,-4.706262011E0,-3.487567709E0
2.469388611E1,9.987621320E-1,-2.931748667E-3,-4.063607472E-2,-2.853625819E-2,5.702294067E0,-2.033314011E-1,-4.665528027E0,-3.264893595E0
2.470385705E1,9.987990010E-1,-2.151699048E-3,-4.084741497E-2,-2.697062094E-2,5.616715365E0,-1.204299929E-1,-4.687023178E0,-3.088641441E0
2.471382309E1,9.988147694E-1,-1.381433258E-3,-4.087934079E-2,-2.638233563E-2,5.579714322E0,-3.464274475E-2,-4.688281574E0,-3.024658660E0
2.472379887E1,9.987927293E-1,-2.033546191E-3,-4.118203501E-2,-2.670184587E-2,5.631364747E0,-1.071008968E-1,-4.724992368E0,-3.058356463E0
2.473376590E1,9.987560153E-1,-2.269804038E-3,-4.147675773E-2,-2.758529471E-2,5.716367996E0,-1.291123946E-1,-4.759621070E0,-3.158808845E0
2.474373679E1,9.987149511E-1,-1.644653923E-3,-4.177502019E-2,-2.864592853E-2,5.809971057E0,-5.127057295E-2,-4.791896155E0,-3.283759165E0
2.475370418E1,9.986573356E-1,-8.513777711E-4,-4.211320728E-2,-3.015425336E-2,5.938817351E0,4.826046676E-2,-4.827991977E0,-3.461052168E0
2.476366986E1,9.986167576E-1,1.665955209E-3,-4.173487437E-2,-3.193738028E-2,6.027911165E0,3.445778633E-1,-4.775278508E0,-3.677942480E0
2.477363710E1,9.985825991E-1,4.648104484E-3,-4.154280725E-2,-3.294515353E-2,6.101902931E0,6.910943562E-1,-4.741570181E0,-3.807837119E0
2.478362101E1,9.984829175E-1,1.350389256E-3,-4.190894986E-2,-3.568865171E-2,6.312874384E0,3.270465338E-1,-4.795199590E0,-4.107782698E0
2.479358991E1,9.983630771E-1,1.104906805E-3,-4.190902188E-2,-3.890474816E-2,6.557540830E0,3.143445171E-1,-4.795229139E0,-4.476368947E0
2.480356856E1,9.983371916E-1,5.264277192E-3,-4.107856552E-2,-4.009601806E-2,6.609200474E0,7.936528062E-1,-4.680445804E0,-4.632280779E0
2.481353845E1,9.982395359E-1,1.458737436E-3,-4.113120091E-2,-4.270743846E-2,6.800564163E0,3.694035624E-1,-4.703131744E0,-4.914724682E0
2.482345663E1,9.980828928E-1,1.184911626E-3,-4.142160240E-2,-4.597157809E-2,7.096761902E0,3.549421484E-1,-4.736617627E0,-5.289025547E0
2.483342127E1,9.980138611E-1,4.256165353E-3,-4.061986487E-2,-4.796086626E-2,7.223444526E0,7.123349755E-1,-4.627085144E0,-5.531393818E0
2.484341736E1,9.978826593E-1,2.702128204E-3,-4.066417086E-2,-5.068847945E-2,7.458296698E0,5.469825392E-1,-4.639276890E0,-5.837954928E0
2.485338517E1,9.976974421E-1,1.592692778E-3,-4.072853791E-2,-5.420759604E-2,7.777791005E0,4.365257373E-1,-4.651615143E0,-6.237682828E0
2.486334377E1,9.975509468E-1,2.048535838E-3,-4.027541574E-2,-5.714720435E-2,8.021496739E0,4.995292449E-1,-4.595430147E0,-6.577540469E0
2.487331064E1,9.973041897E-1,-2.494154480E-3,-4.049796097E-2,-6.113957412E-2,8.416080901E0,-1.310961175E-3,-4.650793756E0,-7.016183118E0
2.488326981E1,9.970976447E-1,-8.769342537E-4,-4.023527310E-2,-6.462693425E-2,8.732689259E0,1.984147333E-1,-4.608703523E0,-7.424867476E0
2.489323590E1,9.969606036E-1,-9.342741027E-5,-3.943570786E-2,-6.718907004E-2,8.936580271E0,2.938653645E-1,-4.510641373E0,-7.722685851E0
2.490323892E1,9.966837834E-1,-3.920470556E-3,-3.990202718E-2,-7.080885630E-2,9.334889127E0,-1.243938266E-1,-4.594004222E0,-8.122449657E0
2.491320872E1,9.964586709E-1,-3.100460852E-3,-3.960962982E-2,-7.410520645E-2,9.646705499E0,-1.772612996E-2,-4.553977329E0,-8.505646639E0
2.492316528E1,9.963246909E-1,-1.884956212E-3,-3.890818601E-2,-7.628702586E-2,9.827604369E0,1.253033632E-1,-4.463153440E0,-8.761892933E0
2.493313377E1,9.961771225E-1,-1.558979068E-3,-3.843763050E-2,-7.842996071E-2,1.002308164E1,1.679886273E-1,-4.406142446E0,-9.009791678E0
2.494306970E1,9.960703775E-1,3.309775654E-6,-3.780662419E-2,-8.009033753E-2,1.016214437E1,3.483462849E-1,-4.319355377E0,-9.207240591E0
2.495303486E1,9.958581034E-1,-4.769910111E-3,-3.791799607E-2,-8.249916071E-2,1.043319366E1,-1.864057143E-1,-4.376433131E0,-9.464276578E0
2.496301184E1,9.956433701E-1,-5.575300790E-3,-3.827862340E-2,-8.484068924E-2,1.070041833E1,-2.647436439E-1,-4.425900670E0,-9.730805773E0
2.497297819E1,9.957080296E-1,2.324393504E-4,-3.753675168E-2,-8.459585078E-2,1.062065832E1,3.914986449E-1,-4.284672585E0,-9.727077118E0
2.498297059E1,9.956678387E-1,-3.026507828E-3,-3.721134456E-2,-8.515697839E-2,1.067030525E1,1.785836050E-2,-4.279143651E0,-9.777603491E0
2.499293955E1,9.954869649E-1,-6.686652394E-3,-3.759335625E-2,-8.687767784E-2,1.089094206E1,-3.896473582E-1,-4.359212687E0,-9.960477800E0
2.500287132E1,9.955812137E-1,-3.366552885E-3,-3.690186667E-2,-8.628421287E-2,1.077653575E1,-1.926168189E-2,-4.247131968E0,-9.905858727E0
2.501283653E1,9.957169879E-1,-3.257250083E-3,-3.600895735E-2,-8.509068837E-2,1.060956075E1,-2.059693927E-2,-4.144021926E0,-9.768137268E0
2.502283398E1,9.958257106E-1,-1.025323499E-3,-3.605291254E-2,-8.384682623E-2,1.047394021E1,2.299955653E-1,-4.127534550E0,-9.633997896E0
2.503280247E1,9.960368153E-1,3.382579119E-3,-3.520041018E-2,-8.160975281E-2,1.020547719E1,7.170215736E-1,-3.989272937E0,-9.393045178E0
2.504273450E1,9.962083179E-1,1.346665759E-3,-3.510820915E-2,-7.959012164E-2,9.982076764E0,4.750928269E-1,-3.998813588E0,-9.152250641E0
2.505269929E1,9.962898701E-1,-9.630950310E-4,-3.535650220E-2,-7.845689894E-2,9.874077936E0,2.084400775E-1,-4.048551783E0,-9.012761106E0
2.506269429E1,9.964677994E-1,1.133493802E-3,-3.538762184E-2,-7.614693847E-2,9.634256960E0,4.393080297E-1,-4.034241200E0,-8.755213791E0
2.507266210E1,9.967358421E-1,3.559975111E-3,-3.468175014E-2,-7.281595851E-2,9.261288401E0,6.976609095E-1,-3.934650375E0,-8.380539550E0
2.508262460E1,9.969290127E-1,1.010331008E-3,-3.506082546E-2,-7.001615099E-2,8.982926412E0,3.976941564E-1,-4.000479904E0,-8.048671421E0
2.509259189E1,9.971566029E-1,3.104709164E-3,-3.513914738E-2,-6.659061750E-2,8.643494132E0,6.244283614E-1,-3.994744819E0,-7.662913366E0
2.510260252E1,9.974797743E-1,5.296808383E-3,-3.419447898E-2,-6.194175765E-2,8.137267598E0,8.501258316E-1,-3.873877462E0,-7.135561437E0
2.511257418E1,9.977411625E-1,6.041383432E-3,-3.404341146E-2,-5.759444767E-2,7.703567652E0,9.175242188E-1,-3.855312121E0,-6.638328200E0
2.512254929E1,9.979658774E-1,7.498692567E-3,-3.337378153E-2,-5.379654101E-2,7.310209633E0,1.065647067E0,-3.773074227E0,-6.206323190E0
2.513252132E1,9.981704227E-1,8.472033060E-3,-3.281239723E-2,-5.007373100E-2,6.932809184E0,1.159831581E0,-3.707117706E0,-5.781265099E0
2.514244575E1,9.983307297E-1,6.854151567E-3,-3.248524107E-2,-4.725974823E-2,6.622033708E0,9.620735625E-1,-3.681734588E0,-5.451498728E0
2.515241293E1,9.984808722E-1,8.137539700E-3,-3.192560014E-2,-4.416428810E-2,6.317129432E0,1.094891531E0,-3.614059894E0,-5.099796744E0
2.516236970E1,9.986353398E-1,8.320105907E-3,-3.146316591E-2,-4.084486721E-2,5.987276205E0,1.101573458E0,-3.563848620E0,-4.718533649E0
2.517233580E1,9.987471651E-1,7.165458371E-3,-3.128551695E-2,-3.839235321E-2,5.736670351E0,9.595985539E-1,-3.551314137E0,-4.432539717E0
2.518230075E1,9.988498202E-1,9.679483151E-3,-3.051994105E-2,-3.569142156E-2,5.496574730E0,1.235077253E0,-3.455811562E0,-4.130163613E0
2.519226674E1,9.989540572E-1,1.221825429E-2,-2.957473787E-2,-3.266252843E-2,5.241546661E0,1.512084360E0,-3.341633625E0,-3.789543961E0
2.520223174E1,9.990064975E-1,1.095508902E-2,-2.936328870E-2,-3.168282252E-2,5.108437325E0,1.363140469E0,-3.323532240E0,-3.672525432E0
2.521219762E1,9.989981363E-1,1.379635841E-2,-2.879956912E-2,-3.135233659E-2,5.129891916E0,1.685783460E0,-3.249055854E0,-3.642950011E0
2.522217137E1,9.990008904E-1,1.351573184E-2,-2.867527905E-2,-3.150038700E-2,5.122834923E0,1.653615139E0,-3.235593943E0,-3.658798662E0
2.523213804E1,9.989581744E-1,1.333259239E-2,-2.893349019E-2,-3.267508175E-2,5.231218436E0,1.637424824E0,-3.263923501E0,-3.793512398E0
2.524208351E1,9.988835551E-1,1.729584195E-2,-2.836119884E-2,-3.358779029E-2,5.415352011E0,2.092593008E0,-3.181390534E0,-3.909845659E0
2.525204799E1,9.988000231E-1,2.207643527E-2,-2.741458162E-2,-3.405268914E-2,5.614324526E0,2.638389011E0,-3.053008895E0,-3.975648583E0
2.526202757E1,9.987396282E-1,2.288295385E-2,-2.694620442E-2,-3.562902603E-2,5.753903641E0,2.733665677E0,-2.991849043E0,-4.157607647E0
2.527199356E1,9.986258139E-1,2.356860903E-2,-2.655809949E-2,-3.854441357E-2,6.008141417E0,2.819193169E0,-2.936337748E0,-4.493018437E0
2.528194674E1,9.984794952E-1,2.585956330E-2,-2.579276832E-2,-4.128818051E-2,6.319992673E0,3.086068395E0,-2.829941211E0,-4.812030978E0
2.529191142E1,9.983785801E-1,2.484589473E-2,-2.566974241E-2,-4.431655034E-2,6.526405797E0,2.977795807E0,-2.811719777E0,-5.156310166E0
2.530190194E1,9.982121310E-1,2.375798534E-2,-2.598448687E-2,-4.830016708E-2,6.853307236E0,2.866134657E0,-2.841948999E0,-5.611494999E0
2.531186924E1,9.979937742E-1,2.579279759E-2,-2.552822880E-2,-5.187935859E-2,7.259892155E0,3.106613568E0,-2.767189787E0,-6.026582719E0
2.532182486E1,9.977741855E-1,2.652087015E-2,-2.499920884E-2,-5.584225718E-2,7.647028241E0,3.197454531E0,-2.689601306E0,-6.481723969E0
2.533179095E1,9.975274283E-1,2.854983131E-2,-2.448216381E-2,-5.936801016E-2,8.059936149E0,3.435641664E0,-2.605183644E0,-6.890045009E0
2.534175220E1,9.973075542E-1,2.753058457E-2,-2.424855084E-2,-6.349580276E-2,8.410825043E0,3.327933890E0,-2.571746446E0,-7.360613938E0
2.535171778E1,9.970254479E-1,2.613814216E-2,-2.449360306E-2,-6.824307349E-2,8.840689219E0,3.182741466E0,-2.594895929E0,-7.903299682E0
2.536170174E1,9.966970119E-1,2.601472507E-2,-2.447572264E-2,-7.293311721E-2,9.316241610E0,3.180630805E0,-2.578899401E0,-8.441908431E0
2.537166918E1,9.963760504E-1,2.629040722E-2,-2.397084497E-2,-7.725916978E-2,9.758654542E0,3.218727635E0,-2.504944428E0,-8.938095585E0
2.538162913E1,9.960577702E-1,2.595288354E-2,-2.370021970E-2,-8.144731976E-2,1.017844356E1,3.188045631E0,-2.463674951E0,-9.417884157E0
2.539159585E1,9.957509442E-1,2.145855708E-2,-2.484617068E-2,-8.603636000E-2,1.056739013E1,2.697304853E0,-2.624420510E0,-9.938378593E0
2.540155382E1,9.953416048E-1,1.742872177E-2,-2.625988110E-2,-9.111392889E-2,1.106507922E1,2.265378906E0,-2.814303062E0,-1.051625375E1
2.541151960E1,9.948767019E-1,1.701093370E-2,-2.731754535E-2,-9.583698595E-2,1.160454273E1,2.242828336E0,-2.928781690E0,-1.106205118E1
2.542150194E1,9.944761688E-1,1.960407562E-2,-2.730878736E-2,-9.943369652E-2,1.205002482E1,2.549298074E0,-2.889921701E0,-1.148391395E1
2.543146939E1,9.940689086E-1,1.735567495E-2,-2.827780855E-2,-1.035671330E-1,1.248676163E1,2.316456742E0,-3.016596783E0,-1.195681426E1
2.544143194E1,9.935641266E-1,2.028534972E-2,-2.919038226E-2,-1.075488380E-1,1.300782156E1,2.674136705E0,-3.074918964E0,-1.242769848E1
2.545139887E1,9.931725872E-1,2.503818160E-2,-2.899245283E-2,-1.101850226E-1,1.339809675E1,3.221707744E0,-2.984818682E0,-1.274525264E1
2.546135804E1,9.929006999E-1,2.352127666E-2,-2.948492399E-2,-1.128077520E-1,1.366257818E1,3.063152889E0,-3.052124891E0,-1.304528041E1
2.547132424E1,9.924545315E-1,1.599340029E-2,-3.226905740E-2,-1.172046163E-1,1.408588669E1,2.256964626E0,-3.457155735E0,-1.353850071E1
2.548129965E1,9.918822806E-1,1.739802912E-2,-3.446996113E-2,-1.211555685E-1,1.461096403E1,2.461872699E0,-3.678885307E0,-1.400711060E1
2.549126668E1,9.915286110E-1,1.962451909E-2,-3.503244194E-2,-1.235257862E-1,1.492629448E1,2.732383175E0,-3.705211068E0,-1.429116991E1
2.550124387E1,9.910402054E-1,1.344396543E-2,-3.756466944E-2,-1.274655509E-1,1.535116898E1,2.081162194E0,-4.073086563E0,-1.473206950E1
2.551121200E1,9.904067061E-1,1.466749538E-2,-4.027953454E-2,-1.313658258E-1,1.588544209E1,2.278167262E0,-4.354810711E0,-1.519765180E1
2.552116085E1,9.899323761E-1,1.788438912E-2,-4.134609584E-2,-1.341809963E-1,1.627406895E1,2.673422068E0,-4.419605030E0,-1.554147457E1
2.553112700E1,9.894232558E-1,1.800872399E-2,-4.262103607E-2,-1.374800134E-1,1.668119490E1,2.722890742E0,-4.553435351E0,-1.592943081E1
2.554111299E1,9.890035295E-1,2.162213812E-2,-4.409694126E-2,-1.394989660E-1,1.700955933E1,3.167440852E0,-4.657058154E0,-1.618604402E1
2.555108116E1,9.887871132E-1,2.236036130E-2,-4.552920061E-2,-1.404533764E-1,1.717643340E1,3.279668111E0,-4.804505160E0,-1.630674263E1
2.556104267E1,9.885486133E-1,2.194462147E-2,-4.719052013E-2,-1.416443698E-1,1.735849138E1,3.266002241E0,-4.995849731E0,-1.645078746E1
2.557101012E1,9.884670906E-1,2.355186957E-2,-4.783552974E-2,-1.417387821E-1,1.742028843E1,3.460153096E0,-5.042304794E0,-1.647272199E1
2.558096788E1,9.884510583E-1,2.182931480E-2,-4.834830156E-2,-1.419522033E-1,1.743241586E1,3.273903206E0,-5.128079231E0,-1.649147419E1
2.559093434E1,9.884782167E-1,2.377373372E-2,-4.839388087E-2,-1.414342853E-1,1.741186730E1,3.493210063E0,-5.103074938E0,-1.644126455E1
2.560091127E1,9.887600959E-1,2.219507077E-2,-4.824478257E-2,-1.397615563E-1,1.719715304E1,3.302430213E0,-5.117642678E0,-1.623857835E1
2.561087877E1,9.887968294E-1,1.170993591E-2,-5.044554790E-2,-1.399962651E-1,1.716897593E1,2.146608229E0,-5.536629847E0,-1.622083901E1
2.562083976E1,9.887868493E-1,1.290768287E-2,-5.240119459E-2,-1.392410614E-1,1.717663590E1,2.310845767E0,-5.741051491E0,-1.614726651E1
2.563080658E1,9.892343836E-1,1.751177401E-2,-5.212050032E-2,-1.356175707E-1,1.682974238E1,2.809831788E0,-5.645256449E0,-1.575099340E1
2.564076726E1,9.896396927E-1,1.270550561E-2,-5.269622878E-2,-1.329471932E-1,1.650933615E1,2.255763965E0,-5.792279429E0,-1.541663263E1
2.565073351E1,9.899348125E-1,1.101735076E-2,-5.445659804E-2,-1.301620681E-1,1.627209634E1,2.073937569E0,-6.024221444E0,-1.509033039E1
2.566070924E1,9.905276213E-1,1.453373419E-2,-5.499031293E-2,-1.249794682E-1,1.578485386E1,2.451591414E0,-6.044797442E0,-1.451200994E1
2.567067642E1,9.911485282E-1,1.299668823E-2,-5.543279089E-2,-1.199286742E-1,1.525795179E1,2.251375383E0,-6.128975202E0,-1.391901050E1
2.568065246E1,9.917119434E-1,1.359612004E-2,-5.608030491E-2,-1.147935806E-1,1.476367208E1,2.296862645E0,-6.206349224E0,-1.333007867E1
2.569062054E1,9.923794295E-1,1.643442489E-2,-5.581045358E-2,-1.086193856E-1,1.415590219E1,2.579289431E0,-6.153938480E0,-1.263138874E1
2.570057038E1,9.929733574E-1,1.680761072E-2,-5.528078334E-2,-1.032736689E-1,1.359240132E1,2.582188899E0,-6.102826454E0,-1.201301265E1
2.571053658E1,9.935609441E-1,2.167624281E-2,-5.436331725E-2,-9.701247637E-2,1.301104072E1,3.090458128E0,-5.959232388E0,-1.131440164E1
2.572052986E1,9.942008731E-1,2.250787929E-2,-5.390335229E-2,-9.029090685E-2,1.234693131E1,3.140274565E0,-5.918690044E0,-1.054083721E1
2.573049877E1,9.946750180E-1,2.004900653E-2,-5.460404730E-2,-8.507669408E-2,1.183094956E1,2.834433926E0,-6.039562817E0,-9.927023835E0
2.574045460E1,9.950630447E-1,2.191199107E-2,-5.461771609E-2,-7.991437144E-2,1.139137263E1,3.016819477E0,-6.038342444E0,-9.342391038E0
2.575042220E1,9.954753946E-1,2.059873840E-2,-5.484072634E-2,-7.481260207E-2,1.090490451E1,2.837072703E0,-6.090724408E0,-8.746667530E0
2.576037559E1,9.957403101E-1,1.749722377E-2,-5.594746683E-2,-7.116855382E-2,1.058061482E1,2.468208018E0,-6.253511160E0,-8.311149757E0
2.577034179E1,9.959901466E-1,2.054707525E-2,-5.596427510E-2,-6.670416455E-2,1.026542901E1,2.790499260E0,-6.242605470E0,-7.815262985E0
2.578033007E1,9.963054305E-1,2.208981083E-2,-5.571977099E-2,-6.150476791E-2,9.853337215E0,2.933191842E0,-6.217936104E0,-7.224448218E0
2.579029845E1,9.965905007E-1,2.210271759E-2,-5.562586551E-2,-5.678562130E-2,9.465343885E0,2.904454736E0,-6.220911323E0,-6.680227209E0
2.580025679E1,9.968814168E-1,2.297571955E-2,-5.501664465E-2,-5.169841349E-2,9.052305936E0,2.969009099E0,-6.160532700E0,-6.097221568E0
2.581022418E1,9.971556859E-1,1.390115715E-2,-5.595614193E-2,-4.854076772E-2,8.644888527E0,1.911677864E0,-6.329405757E0,-5.679536387E0
2.582017418E1,9.972116947E-1,7.344381027E-3,-5.761191555E-2,-4.685897057E-2,8.559309854E0,1.156257162E0,-6.558306372E0,-5.446948108E0
2.583013976E1,9.973108458E-1,1.688427358E-2,-5.683123155E-2,-4.308374717E-2,8.405679958E0,2.224698195E0,-6.424965234E0,-5.072151724E0
2.584012122E1,9.974536572E-1,2.600254092E-2,-5.458226214E-2,-3.782652783E-2,8.179339912E0,3.228884720E0,-6.137761686E0,-4.516741934E0
2.585008840E1,9.976842764E-1,2.655366672E-2,-5.312931189E-2,-3.314006189E-2,7.800004168E0,3.257034460E0,-5.984106092E0,-3.975273561E0
2.586005809E1,9.978558802E-1,2.334716299E-2,-5.334327115E-2,-2.988390364E-2,7.505329708E0,2.869395380E0,-6.030760828E0,-3.581958405E0
2.587002549E1,9.979408340E-1,2.414855634E-2,-5.314163182E-2,-2.658770348E-2,7.355087680E0,2.940903155E0,-6.014508823E0,-3.206824414E0
2.587999903E1,9.980501209E-1,2.440577616E-2,-5.257398835E-2,-2.315793442E-2,7.157181935E0,2.947980314E0,-5.958758310E0,-2.811878293E0
2.588996705E1,9.981621639E-1,1.715223823E-2,-5.349492142E-2,-2.272418475E-2,6.948443738E0,2.113577536E0,-6.085571661E0,-2.720707059E0
2.589994887E1,9.981855251E-1,1.574108434E-2,-5.314505753E-2,-2.352612459E-2,6.904127361E0,1.955054058E0,-6.047712246E0,-2.803582207E0
2.590991825E1,9.981904855E-1,2.199539290E-2,-5.170046508E-2,-2.142473476E-2,6.894680885E0,2.657738747E0,-5.869979047E0,-2.595453612E0
2.591987569E1,9.981819885E-1,2.549877932E-2,-5.144530544E-2,-1.832786240E-2,6.910854527E0,3.041893812E0,-5.841039474E0,-2.259031390E0
2.592984387E1,9.981980260E-1,2.467130394E-2,-5.193674929E-2,-1.716396717E-2,6.880296054E0,2.941058470E0,-5.902699735E0,-2.121865743E0
2.593980627E1,9.981583871E-1,2.772839378E-2,-5.123624391E-2,-1.690614655E-2,6.955582005E0,3.289583350E0,-5.816696650E0,-2.107859923E0
2.594977387E1,9.981005172E-1,3.146824485E-2,-5.023985684E-2,-1.676496217E-2,7.064055121E0,3.716600224E0,-5.695046751E0,-2.109525210E0
2.595974523E1,9.980503461E-1,3.232916863E-2,-5.036337727E-2,-1.771614313E-2,7.156768551E0,3.821408836E0,-5.703750006E0,-2.224309417E0
2.596971319E1,9.979632830E-1,3.481956633E-2,-4.979587002E-2,-1.942305147E-2,7.314871641E0,4.116083684E0,-5.626102816E0,-2.432315367E0
2.597968299E1,9.978707921E-1,3.835018798E-2,-4.847370665E-2,-2.081934648E-2,7.479175990E0,4.526112802E0,-5.459616028E0,-2.606383189E0
2.598965116E1,9.978569187E-1,3.831291965E-2,-4.823119588E-2,-2.207808308E-2,7.503511308E0,4.527932519E0,-5.426220894E0,-2.749663683E0
2.599960569E1,9.978642363E-1,3.563718634E-2,-4.932022636E-2,-2.375862122E-2,7.490685266E0,4.232959024E0,-5.551268532E0,-2.933164225E0
2.600957246E1,9.978184160E-1,3.443852649E-2,-5.002303128E-2,-2.588615347E-2,7.570639778E0,4.109444932E0,-5.626594854E0,-3.174181302E0
2.601955799E1,9.977670096E-1,3.499847404E-2,-4.945551205E-2,-2.811145155E-2,7.659349767E0,4.184205816E0,-5.550465013E0,-3.430609279E0
2.602952663E1,9.977763545E-1,3.328749516E-2,-4.896779383E-2,-3.060137603E-2,7.643300073E0,3.999277435E0,-5.490489584E0,-3.705217130E0
2.603948799E1,9.978035745E-1,2.578380953E-2,-5.039825778E-2,-3.439822021E-2,7.596357420E0,3.163854401E0,-5.670147567E0,-4.105578119E0
2.604945585E1,9.976413325E-1,2.516171349E-2,-5.142132656E-2,-3.787488729E-2,7.872023641E0,3.117067317E0,-5.779140504E0,-4.505688943E0
2.605938960E1,9.974576321E-1,3.024859436E-2,-5.062689414E-2,-4.000265243E-2,8.172950611E0,3.710143065E0,-5.657194313E0,-4.776565119E0
2.606935403E1,9.973241596E-1,3.392533645E-2,-4.907747083E-2,-4.224918934E-2,8.384836823E0,4.137056942E0,-5.452796633E0,-5.048583773E0
2.607934283E1,9.972180086E-1,3.590387268E-2,-4.798651224E-2,-4.432211573E-2,8.549609017E0,4.369514544E0,-5.308790705E0,-5.292433187E0
2.608930970E1,9.971805941E-1,3.560416499E-2,-4.783840149E-2,-4.554880339E-2,8.606934878E0,4.340734894E0,-5.288089516E0,-5.431181312E0
2.609927200E1,9.971649092E-1,3.390033279E-2,-4.800180921E-2,-4.699720825E-2,8.630853997E0,4.153638463E0,-5.310035945E0,-5.589498221E0
2.610923840E1,9.971502766E-1,2.711321488E-2,-4.940509490E-2,-5.015312529E-2,8.653108834E0,3.399653482E0,-5.497883531E0,-5.921978549E0
2.611918132E1,9.969964474E-1,2.138403449E-2,-5.113842677E-2,-5.408944706E-2,8.883702580E0,2.774928878E0,-5.719382417E0,-6.349419791E0
2.612914533E1,9.967627326E-1,3.046195740E-2,-5.079542722E-2,-5.436863556E-2,9.223041015E0,3.817011703E0,-5.621113100E0,-6.431690472E0
2.613914220E1,9.966315343E-1,3.872355289E-2,-4.903718217E-2,-5.311709761E-2,9.408181237E0,4.747183057E0,-5.372486860E0,-6.324426925E0
2.614910955E1,9.968495150E-1,3.489293939E-2,-4.802744611E-2,-5.260125220E-2,9.098513060E0,4.297602396E0,-5.283362629E0,-6.239485507E0
2.615906877E1,9.970630050E-1,1.876017172E-2,-4.987119681E-2,-5.501167008E-2,8.784672673E0,2.470328948E0,-5.588629594E0,-6.436630423E0
2.616903528E1,9.969278951E-1,1.510965867E-2,-5.183622247E-2,-5.674042824E-2,8.984561612E0,2.074351147E0,-5.833576214E0,-6.620684714E0
2.617899564E1,9.969503930E-1,2.313339293E-2,-5.155998932E-2,-5.381753889E-2,8.951586099E0,2.977130022E0,-5.757340881E0,-6.329639394E0
2.618896153E1,9.971490857E-1,1.277777317E-2,-5.215759051E-2,-5.300957562E-2,8.654917597E0,1.786607327E0,-5.892544300E0,-6.178047850E0
2.619893622E1,9.970069011E-1,2.754497307E-3,-5.420572085E-2,-5.505807528E-2,8.868221668E0,6.605543112E-1,-6.187567881E0,-6.357413216E0
2.620890299E1,9.970297030E-1,7.763793728E-3,-5.400968304E-2,-5.435484292E-2,8.834360559E0,1.230567173E0,-6.134023759E0,-6.306921218E0
2.621886976E1,9.971729027E-1,1.025465256E-2,-5.390861328E-2,-5.133133170E-2,8.618672377E0,1.497552468E0,-6.111269578E0,-5.973557902E0
2.622883653E1,9.972388523E-1,1.121467804E-2,-5.363889302E-2,-5.011757880E-2,8.517505617E0,1.598799458E0,-6.076571383E0,-5.838978009E0
2.623880845E1,9.973421812E-1,1.596418992E-2,-5.274702265E-2,-4.765993950E-2,8.356540969E0,2.124509731E0,-5.951809820E0,-5.582275921E0
2.624877575E1,9.974357285E-1,1.299175804E-2,-5.329435723E-2,-4.596621848E-2,8.208096946E0,1.775769260E0,-6.034139548E0,-5.370750650E0
2.625874398E1,9.973987307E-1,1.266716715E-2,-5.406516089E-2,-4.595947475E-2,8.267124432E0,1.742725469E0,-6.124237626E0,-5.369805138E0
2.626871132E1,9.973929831E-1,1.814789979E-2,-5.338642471E-2,-4.503088588E-2,8.276256588E0,2.363352668E0,-6.019104011E0,-5.294406909E0
2.627867517E1,9.974340368E-1,1.663144328E-2,-5.325724009E-2,-4.485982220E-2,8.210805117E0,2.187265744E0,-6.012705618E0,-5.265197456E0
2.628864215E1,9.973701172E-1,1.222776828E-2,-5.461141481E-2,-4.605349443E-2,8.312488297E0,1.695847387E0,-6.189048008E0,-5.379189308E0
2.629858736E1,9.973043944E-1,1.382766367E-2,-5.524109073E-2,-4.627269795E-2,8.415761292E0,1.884723789E0,-6.252178942E0,-5.415925237E0
2.630855210E1,9.973047978E-1,1.554349701E-2,-5.497915525E-2,-4.603077850E-2,8.415131305E0,2.079019813E0,-6.213350039E0,-5.398093612E0
2.631854220E1,9.972493393E-1,1.155904783E-2,-5.558493689E-2,-4.764932883E-2,8.501307785E0,1.634527784E0,-6.301626156E0,-5.561093363E0
2.632850955E1,9.971315435E-1,1.097147098E-2,-5.639330571E-2,-4.927582457E-2,8.681517177E0,1.582105864E0,-6.394978218E0,-5.746623672E0
2.633848075E1,9.969983564E-1,8.906612346E-3,-5.754140770E-2,-5.102877664E-2,8.880877576E0,1.363017288E0,-6.536053042E0,-5.937790120E0
2.634844845E1,9.968308509E-1,7.476134006E-3,-5.859372171E-2,-5.328356179E-2,9.125438158E0,1.220081955E0,-6.662423011E0,-6.190453538E0
2.635839450E1,9.967373630E-1,1.114896532E-2,-5.873127370E-2,-5.423068479E-2,9.259129343E0,1.649725758E0,-6.653812331E0,-6.324485638E0
2.636836002E1,9.967253379E-1,1.455766030E-2,-5.819279366E-2,-5.422429502E-2,9.276186268E0,2.038125475E0,-6.570501775E0,-6.344925162E0
2.637834611E1,9.967335178E-1,1.407416919E-2,-5.819668065E-2,-5.419740471E-2,9.264587015E0,1.982374785E0,-6.574071353E0,-6.338652584E0
2.638831372E1,9.967290561E-1,1.245941515E-2,-5.887253750E-2,-5.394419285E-2,9.270915470E0,1.799441973E0,-6.662213176E0,-6.300534325E0
2.639828252E1,9.967254202E-1,1.079034644E-2,-5.966129014E-2,-5.350266992E-2,9.276069630E0,1.609627493E0,-6.763837174E0,-6.240324913E0
2.640825023E1,9.966821491E-1,6.875074511E-3,-6.097345719E-2,-5.347583130E-2,9.337190269E0,1.167480387E0,-6.938679813E0,-6.213169904E0
2.641821595E1,9.966129554E-1,3.858773157E-3,-6.227675129E-2,-5.356615825E-2,9.434105814E0,8.293544839E-1,-7.106741498E0,-6.204671886E0
2.642818340E1,9.966276026E-1,5.977584962E-3,-6.306338347E-2,-5.216032807E-2,9.413673334E0,1.068057903E0,-7.185250489E0,-6.058952321E0
2.643814965E1,9.967381293E-1,1.235042449E-2,-6.272812738E-2,-4.925191019E-2,9.258041404E0,1.778639316E0,-7.113221846E0,-5.768280348E0
2.644811700E1,9.968781768E-1,1.449428147E-2,-6.240234592E-2,-4.614936330E-2,9.057009599E0,2.001361282E0,-7.069734067E0,-5.424747144E0
2.645808439E1,9.969877350E-1,1.132728459E-2,-6.314332242E-2,-4.358978959E-2,8.896584190E0,1.622427149E0,-7.176062457E0,-5.108665984E0
2.646805174E1,9.970338005E-1,8.081461290E-3,-6.442295861E-2,-4.132762948E-2,8.828261932E0,1.238666566E0,-7.342236176E0,-4.826646138E0
2.647801299E1,9.971390622E-1,1.109205320E-2,-6.475677351E-2,-3.737936924E-2,8.670126376E0,1.557864099E0,-7.372163478E0,-4.394008027E0
2.648797970E1,9.973003962E-1,1.637973660E-2,-6.374671141E-2,-3.255734509E-2,8.422002971E0,2.127198845E0,-7.243283452E0,-3.874221890E0
2.649794924E1,9.974497862E-1,1.868634238E-2,-6.300966766E-2,-2.783031284E-2,8.185557365E0,2.355816085E0,-7.160998385E0,-3.343874477E0
2.650791622E1,9.975686017E-1,2.026124267E-2,-6.264104085E-2,-2.285753604E-2,7.992519692E0,2.500296821E0,-7.125968642E0,-2.780913689E0
2.651788330E1,9.976412652E-1,2.249214050E-2,-6.256337848E-2,-1.708312991E-2,7.872136005E0,2.715793296E0,-7.126656747E0,-2.131168826E0
2.652785028E1,9.977054481E-1,2.272346497E-2,-6.260854219E-2,-1.215127371E-2,7.764252451E0,2.707141032E0,-7.144810308E0,-1.564608023E0
2.653782392E1,9.977206167E-1,2.708522185E-2,-6.143535510E-2,-6.757143183E-3,7.738536555E0,3.169601781E0,-7.020508206E0,-9.705486396E-1
2.654779158E1,9.977706003E-1,2.674472018E-2,-6.113194914E-2,-1.197472751E-3,7.653186805E0,3.090823441E0,-7.003343946E0,-3.267059054E-1
2.655774960E1,9.978895327E-1,1.879852340E-2,-6.211949639E-2,2.064973580E-3,7.446176813E0,2.152032201E0,-7.126153444E0,1.031108450E-1
2.656771627E1,9.978522344E-1,1.863189571E-2,-6.248865200E-2,6.240122359E-3,7.511710247E0,2.102733957E0,-7.177372450E0,5.847044040E-1
2.657768757E1,9.977095954E-1,2.678000059E-2,-6.094850452E-2,1.198643622E-2,7.757229830E0,3.001900596E0,-7.022540591E0,1.192392583E0
2.658765470E1,9.976808973E-1,2.527960573E-2,-6.063546098E-2,1.780756997E-2,7.805695088E0,2.788261391E0,-7.001193518E0,1.874523332E0
2.659761736E1,9.976796461E-1,2.200335069E-2,-6.051628839E-2,2.211232945E-2,7.807801262E0,2.380588452E0,-6.991657830E0,2.393913820E0
2.660758403E1,9.974860711E-1,2.869294039E-2,-5.850936592E-2,2.783715532E-2,8.127091411E0,3.116481980E0,-6.795271165E0,3.012043055E0
2.661755611E1,9.973853196E-1,2.961932491E-2,-5.721150233E-2,3.274238552E-2,8.288417217E0,3.193819480E0,-6.664966418E0,3.574467252E0
2.662752335E1,9.975393273E-1,1.909662127E-2,-5.799313409E-2,3.445875711E-2,8.040510921E0,1.967833774E0,-6.719973672E0,3.841306584E0
2.663749106E1,9.975212178E-1,1.785735282E-2,-5.714600700E-2,3.697118992E-2,8.070056248E0,1.811512970E0,-6.622608784E0,4.140352367E0
2.664745830E1,9.973390523E-1,2.494179981E-2,-5.436511922E-2,4.167919430E-2,8.361460588E0,2.607731984E0,-6.345293371E0,4.641470864E0
2.665747856E1,9.972985220E-1,2.505554393E-2,-5.262508391E-2,4.470434403E-2,8.424927371E0,2.609750386E0,-6.154279765E0,4.992861770E0
2.666745116E1,9.973166981E-1,2.297912319E-2,-5.180517749E-2,4.634206659E-2,8.396524378E0,2.364897095E0,-6.053792909E0,5.195800151E0
2.667734783E1,9.970224766E-1,2.957466730E-2,-5.036697894E-2,5.034568133E-2,8.845105883E0,3.106508541E0,-5.935678972E0,5.620412526E0
2.668731272E1,9.968249969E-1,3.239866451E-2,-4.925990511E-2,5.351367814E-2,9.133866794E0,3.418486425E0,-5.835606847E0,5.971558488E0
2.669728809E1,9.968972349E-1,2.828475479E-2,-4.927087756E-2,5.448170655E-2,9.029307273E0,2.939944287E0,-5.815072206E0,6.106999676E0
2.670725403E1,9.968293031E-1,2.976573392E-2,-4.847323426E-2,5.563889914E-2,9.127667410E0,3.108114738E0,-5.736368771E0,6.233640237E0
2.671722231E1,9.965733792E-1,3.523486450E-2,-4.683381006E-2,5.836607298E-2,9.489093858E0,3.730930761E0,-5.592907254E0,6.521292888E0
2.672718851E1,9.965859342E-1,3.232169197E-2,-4.654064313E-2,6.004791924E-2,9.471684182E0,3.388731713E0,-5.546018679E0,6.732035534E0
2.673717184E1,9.966629172E-1,2.588941101E-2,-4.759922984E-2,6.104982604E-2,9.364227719E0,2.637446681E0,-5.626423338E0,6.880834155E0
2.674713976E1,9.964913527E-1,2.458482044E-2,-4.813715916E-2,6.390136498E-2,9.602062863E0,2.467742578E0,-5.686110784E0,7.215721399E0
2.675709288E1,9.963806666E-1,1.885677037E-2,-4.950353791E-2,6.647848689E-2,9.752433502E0,1.785339431E0,-5.805734795E0,7.543692306E0
2.676705929E1,9.963433122E-1,1.195288752E-2,-5.050840467E-2,6.786776705E-2,9.802661295E0,9.770539882E-1,-5.869893814E0,7.743482872E0
2.677701924E1,9.960770506E-1,1.572817364E-2,-4.846230989E-2,7.235010952E-2,1.015350665E1,1.400452051E0,-5.671239834E0,8.239402807E0
2.678698502E1,9.957023519E-1,1.551291455E-2,-4.753018367E-2,7.795548392E-2,1.062768588E1,1.351929626E0,-5.570499589E0,8.887558903E0
2.679696668E1,9.953621350E-1,9.161668710E-3,-4.841569735E-2,8.262084621E-2,1.104065067E1,5.894395281E-1,-5.618036763E0,9.461088823E0
2.680693403E1,9.947995393E-1,1.055958693E-2,-4.784441491E-2,8.929324526E-2,1.169168013E1,7.175986281E-1,-5.570875998E0,1.022333788E1
2.681689731E1,9.940897388E-1,1.368120731E-2,-4.695021249E-2,9.692313052E-2,1.246479364E1,1.041898197E0,-5.508734757E0,1.108727653E1
2.682686424E1,9.937740727E-1,6.376257660E-3,-4.674730134E-2,1.009312911E-1,1.279367249E1,1.862714543E-1,-5.405255978E0,1.158976925E1
2.683682340E1,9.934723788E-1,3.136219065E-3,-4.524569781E-2,1.046691148E-1,1.310031158E1,-1.864137619E-1,-5.195665076E0,1.203708778E1
2.684678950E1,9.929222275E-1,7.817982382E-3,-4.225355224E-2,1.107202180E-1,1.364182307E1,3.547432601E-1,-4.912839861E0,1.271025373E1
2.685677340E1,9.923055530E-1,4.625997354E-3,-4.163212712E-2,1.165120410E-1,1.422444067E1,-2.992646649E-2,-4.801363111E0,1.339475379E1
2.686674132E1,9.917516161E-1,2.844601428E-3,-4.073415742E-2,1.214963729E-1,1.472824604E1,-2.446553960E-1,-4.674075302E0,1.397863381E1
2.687670252E1,9.910027169E-1,8.057983267E-3,-3.880162340E-2,1.278402049E-1,1.538329893E1,3.477361357E-1,-4.529093456E0,1.468746887E1
2.688666976E1,9.902903858E-1,8.753030877E-3,-3.791071479E-2,1.334582852E-1,1.598161419E1,4.147571342E-1,-4.440372292E0,1.533457265E1
2.689662054E1,9.897343821E-1,1.010070884E-2,-3.643610256E-2,1.378268441E-1,1.643358818E1,5.717254841E-1,-4.295960617E0,1.583419585E1
2.690658606E1,9.892983184E-1,9.780310312E-3,-3.516599752E-2,1.412676023E-1,1.677960405E1,5.409026594E-1,-4.148549946E0,1.623372007E1
2.691657429E1,9.890092861E-1,6.107972594E-3,-3.421475693E-2,1.437103862E-1,1.700509838E1,1.290925957E-1,-3.981420287E0,1.653078805E1
2.692654210E1,9.885094943E-1,7.593251335E-3,-3.278079467E-2,1.473660124E-1,1.738817211E1,3.072511473E-1,-3.844349750E0,1.694798983E1
2.693650137E1,9.879197968E-1,6.681525280E-3,-3.212839992E-2,1.514516363E-1,1.782965392E1,1.992346129E-1,-3.755816035E0,1.742504975E1
2.694646830E1,9.875012663E-1,5.850120262E-3,-3.059796805E-2,1.545017462E-1,1.813652248E1,1.205046205E-1,-3.568325240E0,1.778074856E1
2.695642262E1,9.869013503E-1,1.017594793E-2,-2.839887014E-2,1.584792701E-1,1.856761354E1,6.362010758E-1,-3.398435743E0,1.822677868E1
2.696638825E1,9.862793306E-1,8.078973079E-3,-2.812006498E-2,1.624717641E-1,1.900435336E1,3.902054317E-1,-3.330398199E0,1.869752815E1
2.697636418E1,9.858969658E-1,5.289823384E-3,-2.732723222E-2,1.650224620E-1,1.926795556E1,8.098280270E-2,-3.188984674E0,1.900225601E1
2.698633090E1,9.854161953E-1,7.607757012E-3,-2.498883869E-2,1.681445863E-1,1.959441344E1,3.780975827E-1,-2.969664433E0,1.935678889E1
2.699630668E1,9.849809271E-1,5.674403558E-3,-2.394532400E-2,1.709005435E-1,1.988539624E1,1.717407866E-1,-2.814979189E0,1.968216667E1
2.700627429E1,9.844787122E-1,5.305467802E-3,-2.307742923E-2,1.738992511E-1,2.021598197E1,1.388080217E-1,-2.710167503E0,2.003160753E1
2.701622580E1,9.838597204E-1,7.492641069E-3,-2.179136545E-2,1.774515349E-1,2.061621928E1,4.020404732E-1,-2.610063897E0,2.043903711E1
2.702619174E1,9.833405129E-1,7.906910058E-3,-2.076830046E-2,1.804095177E-1,2.094610208E1,4.620653899E-1,-2.504484734E0,2.078231926E1
2.703617502E1,9.828100748E-1,1.062926383E-2,-1.934619741E-2,1.832951179E-1,2.127789754E1,7.914582165E-1,-2.402764431E0,2.111210977E1
2.704614273E1,9.823538632E-1,1.028134731E-2,-1.901525621E-2,1.857783665E-1,2.155922566E1,7.532175005E-1,-2.360080302E0,2.140258096E1
2.705611606E1,9.821623787E-1,6.455439073E-3,-1.883219085E-2,1.869779073E-1,2.167623161E1,3.232962640E-1,-2.258415925E0,2.155089207E1
2.706608434E1,9.818276131E-1,1.015780220E-2,-1.546438468E-2,1.888708821E-1,2.187930369E1,8.086499337E-1,-1.960112600E0,2.176373469E1
2.707605262E1,9.809379470E-1,2.154516602E-2,-1.092017416E-2,1.928141586E-1,2.241015006E1,2.182043980E0,-1.703795140E0,2.220824394E1
2.708602090E1,9.802171901E-1,2.800362109E-2,-8.007463907E-3,1.957701151E-1,2.283127628E1,2.968242021E0,-1.527838477E0,2.254955314E1
2.709598038E1,9.796812969E-1,3.152391037E-2,-5.711502612E-3,1.979852982E-1,2.313948725E1,3.412368600E0,-1.356515278E0,2.280981734E1
2.710594772E1,9.789887931E-1,3.574367512E-2,-3.659357617E-3,2.007235455E-1,2.353187282E1,3.929682456E0,-1.232764224E0,2.313142370E1
2.711593356E1,9.784159337E-1,3.563533931E-2,-4.020974906E-3,2.035097418E-1,2.385165516E1,3.905599917E0,-1.281965338E0,2.345616872E1
2.712590278E1,9.779799863E-1,3.306238327E-2,-4.757655953E-3,2.060082277E-1,2.409220699E1,3.596236008E0,-1.313794510E0,2.374927578E1
2.713584512E1,9.773855595E-1,3.336031766E-2,-4.109653546E-3,2.087765982E-1,2.441644366E1,3.641369171E0,-1.258496382E0,2.407515971E1
2.714581158E1,9.769309848E-1,2.991287283E-2,-3.964302800E-3,2.114127604E-1,2.466156327E1,3.255075274E0,-1.168549738E0,2.438840093E1
2.715575835E1,9.761705576E-1,2.703973206E-2,-3.276754179E-3,2.152885464E-1,2.506633126E1,2.945627144E0,-1.033673718E0,2.484771113E1
2.716572283E1,9.750016369E-1,2.693480480E-2,-1.663428808E-3,2.205528448E-1,2.567629212E1,2.968971098E0,-8.666195198E-1,2.546999405E1
2.717570226E1,9.736619941E-1,2.506911726E-2,-8.020263655E-4,2.266124828E-1,2.635827057E1,2.777540512E0,-7.404972306E-1,2.618587023E1
2.718566825E1,9.723019370E-1,2.091332454E-2,-7.913780899E-4,2.327894968E-1,2.703335085E1,2.309774116E0,-6.460649432E-1,2.691569840E1
2.719564517E1,9.708128629E-1,2.013924958E-2,9.941430096E-4,2.389891370E-1,2.775398768E1,2.268315664E0,-4.409452297E-1,2.765077782E1
2.720561220E1,9.691594307E-1,2.116055147E-2,3.490217730E-3,2.454995874E-1,2.853325659E1,2.448986883E0,-2.076780863E-1,2.842495665E1
2.721558335E1,9.675225044E-1,2.113601171E-2,5.379869367E-3,2.518422711E-1,2.928473874E1,2.499398099E0,-1.349848549E-2,2.917991069E1
2.722555080E1,9.657844900E-1,2.300712057E-2,7.588868332E-3,2.582119292E-1,3.006251270E1,2.771853399E0,1.591103944E-1,2.994082298E1
2.723551809E1,9.644507911E-1,2.115778227E-2,8.890987699E-3,2.632640692E-1,3.064627068E1,2.607483008E0,3.443309449E-1,3.054373303E1
2.724548554E1,9.632625852E-1,2.192807076E-2,1.203328077E-2,2.673940010E-1,3.115735193E1,2.790458016E0,6.563689743E-1,3.104444574E1
2.725543392E1,9.619128108E-1,2.665745383E-2,1.559912583E-2,2.716059497E-1,3.172818553E1,3.426331538E0,8.898020848E-1,3.156175554E1
2.726539944E1,9.609299082E-1,2.637347349E-2,1.694934223E-2,2.750106746E-1,3.213764684E1,3.440869872E0,1.035292882E0,3.197251766E1
2.727536543E1,9.603530201E-1,2.492817649E-2,1.844334690E-2,2.770568639E-1,3.237562033E1,3.331505612E0,1.238327126E0,3.222116590E1
2.728533095E1,9.598063743E-1,2.441616862E-2,2.002239511E-2,2.788811184E-1,3.259955809E1,3.328189547E0,1.422045504E0,3.244479341E1
2.729532111E1,9.593221883E-1,2.071294490E-2,2.046933634E-2,2.808076197E-1,3.279666620E1,2.938054252E0,1.583895551E0,3.267167048E1
2.730528913E1,9.586089959E-1,2.088761733E-2,2.258935013E-2,2.830586893E-1,3.308492053E1,3.030098358E0,1.804190751E0,3.294942440E1
2.731524861E1,9.576303168E-1,2.396746352E-2,2.570928917E-2,2.858474585E-1,3.347655016E1,3.476555499E0,2.036601232E0,3.330197151E1
2.732521580E1,9.568901862E-1,2.377928219E-2,2.783550744E-2,2.881334792E-1,3.376979119E1,3.531497750E0,2.267661821E0,3.358553272E1
2.733519262E1,9.560967427E-1,2.561608170E-2,3.071615773E-2,2.903090640E-1,3.408143366E1,3.834897754E0,2.513918316E0,3.386493541E1
2.734516075E1,9.551058233E-1,2.891846582E-2,3.338646977E-2,2.929538058E-1,3.446679866E1,4.294553804E0,2.684239068E0,3.420472192E1
2.735513512E1,9.544803593E-1,2.897531784E-2,3.480151299E-2,2.948160941E-1,3.470790279E1,4.354392398E0,2.828692316E0,3.443689049E1
2.736510387E1,9.540239099E-1,3.005598196E-2,3.714347773E-2,2.958975826E-1,3.488283546E1,4.556469177E0,3.042950793E0,3.458441594E1
2.737505179E1,9.535902678E-1,2.946000298E-2,3.837548090E-2,2.971952758E-1,3.504824355E1,4.537887323E0,3.191777747E0,3.474675701E1
2.738501845E1,9.533022237E-1,2.386511540E-2,3.789656225E-2,2.986790538E-1,3.515769816E1,3.913711473E0,3.324891166E0,3.490621673E1
2.739498293E1,9.526548612E-1,2.343571825E-2,4.016332550E-2,3.004769373E-1,3.540249505E1,3.952135727E0,3.579865103E0,3.513515323E1
2.740494934E1,9.515253275E-1,2.800833148E-2,4.415617628E-2,3.030929173E-1,3.582574474E1,4.602862867E0,3.844749345E0,3.549143938E1
2.741490955E1,9.507661914E-1,2.840438433E-2,4.599192232E-2,3.051582923E-1,3.610750486E1,4.719863612E0,4.020848793E0,3.575492061E1
2.742487533E1,9.498713669E-1,2.947152733E-2,4.766087922E-2,3.075780488E-1,3.643692179E1,4.906603211E0,4.152640870E0,3.606296066E1
2.743485632E1,9.487962242E-1,3.203794697E-2,4.958991979E-2,3.103226300E-1,3.682895460E1,5.268662075E0,4.256249111E0,3.641864008E1
2.744482361E1,9.477361163E-1,3.566146098E-2,5.206009096E-2,3.127527155E-1,3.721160034E1,5.765231551E0,4.380059355E0,3.674641685E1
2.745480090E1,9.469397640E-1,3.960852846E-2,5.484541407E-2,3.142104841E-1,3.749656519E1,6.305103868E0,4.529925711E0,3.696304759E1
2.746476918E1,9.462000436E-1,4.212756500E-2,5.666030824E-2,3.157852994E-1,3.775940723E1,6.654637499E0,4.624057123E0,3.718086631E1
2.747473168E1,9.453811264E-1,4.434723988E-2,5.858186444E-2,3.175783578E-1,3.804834895E1,6.977168753E0,4.737853121E0,3.742610145E1
2.748469934E1,9.446611194E-1,4.428992075E-2,5.927148881E-2,3.195945292E-1,3.830065725E1,7.007046705E0,4.799739299E0,3.767709455E1
2.749467278E1,9.438956056E-1,4.299634345E-2,5.972659548E-2,3.219396432E-1,3.856716937E1,6.895566826E0,4.879871148E0,3.796067961E1
2.750464101E1,9.428188200E-1,4.407597437E-2,6.128978454E-2,3.246437176E-1,3.893907954E1,7.086824624E0,4.988301948E0,3.830964708E1
2.751460590E1,9.417288695E-1,4.230715290E-2,6.094123275E-2,3.280899377E-1,3.931209137E1,6.899480247E0,4.992143052E0,3.871688898E1
2.752457382E1,9.421403897E-1,2.217980959E-2,5.309819772E-2,3.302425223E-1,3.917165859E1,4.424502067E0,4.899169483E0,3.882291618E1
2.753454497E1,9.412964890E-1,1.606710683E-2,5.101830306E-2,3.333165171E-1,3.945912562E1,3.697775566E0,4.895336962E0,3.915659942E1
2.754451319E1,9.391997324E-1,3.344924810E-2,6.092480840E-2,3.362635545E-1,4.016481336E1,5.983739743E0,5.275546025E0,3.967390810E1
2.755445429E1,9.368865113E-1,3.752692006E-2,6.333354943E-2,3.417956359E-1,4.092981407E1,6.552058804E0,5.337347703E0,4.039176669E1
2.756441976E1,9.361867023E-1,1.486767630E-2,5.487905277E-2,3.468741849E-1,4.115856309E1,3.795384213E0,5.303974150E0,4.083702918E1
2.757442356E1,9.338379534E-1,1.120515207E-2,5.560199944E-2,3.531706938E-1,4.191757608E1,3.467395085E0,5.504955977E0,4.159925583E1
2.758439288E1,9.297586124E-1,2.959892793E-2,6.419288115E-2,3.613199415E-1,4.320556340E1,5.849652869E0,5.622769745E0,4.276144878E1
2.759433533E1,9.265593457E-1,3.530351681E-2,6.665768528E-2,3.685080644E-1,4.419064383E1,6.609268170E0,5.595534931E0,4.370042411E1
2.760430194E1,9.248836746E-1,2.266589540E-2,6.288439313E-2,3.743287308E-1,4.469835869E1,5.131855513E0,5.701886094E0,4.432510637E1
2.761426174E1,9.226442413E-1,2.301533546E-2,6.587227528E-2,3.792871495E-1,4.536846874E1,5.332988842E0,5.974999864E0,4.497238743E1
2.762422762E1,9.200299256E-1,3.216348042E-2,7.125498102E-2,3.839702778E-1,4.613908551E1,6.577829437E0,6.108627092E0,4.565735495E1
2.763422392E1,9.185483019E-1,2.838835418E-2,7.136940229E-2,3.877750984E-1,4.657046427E1,6.208579251E0,6.263200391E0,4.611514169E1
2.764419288E1,9.177415967E-1,2.271500816E-2,7.235889085E-2,3.898699539E-1,4.680375919E1,5.668379908E0,6.609492694E0,4.636055409E1
2.765412668E1,9.156949420E-1,2.936642085E-2,7.721222911E-2,3.932920774E-1,4.739077685E1,6.622382256E0,6.794377910E0,4.688071473E1
2.766409205E1,9.139157616E-1,3.007125132E-2,7.780342787E-2,3.972408930E-1,4.789556586E1,6.753883466E0,6.795183567E0,4.738656497E1
2.767406184E1,9.132871721E-1,2.033786244E-2,7.539546721E-2,3.997604734E-1,4.807271601E1,5.632967159E0,6.976075217E0,4.762315835E1
2.768402767E1,9.119393909E-1,1.824128803E-2,7.738573059E-2,4.025484460E-1,4.845049592E1,5.528816015E0,7.264856563E0,4.798651834E1
2.769399543E1,9.101626428E-1,1.997286577E-2,7.960080919E-2,4.060403422E-1,4.894432553E1,5.845488259E0,7.393308934E0,4.846305777E1
2.770396142E1,9.090585417E-1,8.608917573E-3,7.529715470E-2,4.097179429E-1,4.924885703E1,4.474399161E0,7.460611707E0,4.881460095E1
2.771396095E1,9.076278858E-1,2.938015686E-5,7.469656757E-2,4.130763161E-1,4.964085201E1,3.574114904E0,7.791529629E0,4.918559024E1
2.772393033E1,9.056598854E-1,3.667880206E-3,7.951862393E-2,4.164654934E-1,5.017538865E1,4.221499595E0,8.104475508E0,4.968964114E1
2.773388382E1,9.035673214E-1,2.084243251E-3,7.980854883E-2,4.209422135E-1,5.073797738E1,4.110909229E0,8.190805687E0,5.025298561E1
2.774385163E1,9.013386633E-1,-9.828343286E-4,8.003416322E-2,4.256550020E-1,5.133081942E1,3.845835324E0,8.343792020E0,5.083844914E1
2.775379845E1,8.995291994E-1,5.942363007E-3,8.673170692E-2,4.281232519E-1,5.180749713E1,4.930028080E0,8.681826696E0,5.127788933E1
2.776376413E1,8.982706785E-1,8.466510364E-3,8.984281490E-2,4.300771733E-1,5.213664295E1,5.371183477E0,8.865984632E0,5.158536500E1
2.777374960E1,8.972613197E-1,5.173200925E-3,9.021680098E-2,4.321530875E-1,5.239923434E1,5.069273560E0,9.057457496E0,5.183603200E1
2.778371726E1,8.962644524E-1,1.260327265E-2,9.606406684E-2,4.328081376E-1,5.265738113E1,6.151006173E0,9.281665327E0,5.205179153E1
2.779369236E1,8.954968680E-1,2.182960530E-2,1.008223905E-1,4.329476565E-1,5.285535518E1,7.358846143E0,9.303849088E0,5.220454302E1
2.780366075E1,8.951238736E-1,1.892600927E-2,9.952011301E-2,4.341552766E-1,5.295130919E1,7.001854966E0,9.307442272E0,5.231953328E1
2.781363090E1,8.951582346E-1,6.542413291E-3,9.345615642E-2,4.357922425E-1,5.294247645E1,5.417306270E0,9.300581111E0,5.235763987E1
2.782359950E1,8.948416963E-1,-1.191520266E-2,8.391776708E-2,4.382626779E-1,5.302379314E1,3.033439610E0,9.243477822E0,5.243332611E1
2.783354512E1,8.929615864E-1,-1.098137776E-2,8.884122023E-2,4.411419863E-1,5.350441878E1,3.418132360E0,9.692031374E0,5.287057860E1
2.784351132E1,8.883967397E-1,2.669083557E-3,9.763715350E-2,4.485655973E-1,5.465506355E1,5.377509621E0,9.850998763E0,5.404363190E1
2.785345731E1,8.843698901E-1,8.068783429E-3,1.004936593E-1,4.557694776E-1,5.565184154E1,6.168151450E0,9.810618661E0,5.505947885E1
2.786342148E1,8.803090143E-1,1.685630436E-2,1.064781443E-1,4.619895119E-1,5.664067575E1,7.469360128E0,9.897869457E0,5.602900624E1
2.787340345E1,8.750635885E-1,3.071713788E-2,1.142013743E-1,4.693380654E-1,5.789499560E1,9.402217035E0,9.847913464E0,5.722535904E1
2.788336939E1,8.706561406E-1,4.295581657E-2,1.195986495E-1,4.751934824E-1,5.893004598E1,1.102066806E1,9.638656813E0,5.818237538E1
2.789335335E1,8.702228531E-1,3.098831836E-2,1.128583811E-1,4.785550081E-1,5.903090639E1,9.453751277E0,9.599762226E0,5.841038398E1
2.790332111E1,8.686945172E-1,8.017324480E-3,1.014478730E-1,4.847823092E-1,5.938542685E1,6.541218029E0,9.699519203E0,5.888374321E1
2.791328314E1,8.647534659E-1,1.466405204E-2,1.090602035E-1,4.899921232E-1,6.029086760E1,7.717759810E0,1.003500628E1,5.975268050E1
2.792325033E1,8.595942461E-1,3.418104674E-2,1.234830444E-1,4.946527326E-1,6.145788931E1,1.059574692E1,1.028095318E1,6.079236615E1
2.793324200E1,8.545075531E-1,3.758138367E-2,1.233433572E-1,5.031807801E-1,6.258925222E1,1.102503257E1,9.960848795E0,6.194752958E1
2.794321163E1,8.502298740E-1,2.883463419E-2,1.204655710E-1,5.116305028E-1,6.352663890E1,1.007930909E1,1.009853177E1,6.296815901E1
2.795314127E1,8.438731149E-1,3.595740705E-2,1.278967710E-1,5.198342494E-1,6.489720054E1,1.135089763E1,1.028085867E1,6.429140652E1
2.796310689E1,8.386734043E-1,5.053869905E-2,1.374057409E-1,5.245878603E-1,6.599940323E1,1.345170326E1,1.022144539E1,6.526030941E1
2.797308366E1,8.359344830E-1,4.889905816E-2,1.374997669E-1,5.290711071E-1,6.657346261E1,1.335247676E1,1.026140590E1,6.586453984E1
2.798305038E1,8.334381260E-1,3.959655137E-2,1.361948614E-1,5.341010793E-1,6.709289248E1,1.242664312E1,1.064497487E1,6.646902828E1
2.799300267E1,8.291683875E-1,4.748071082E-2,1.465169959E-1,5.373622029E-1,6.797318833E1,1.392666113E1,1.106636325E1,6.724816451E1
2.800296793E1,8.247750754E-1,5.835822398E-2,1.548110012E-1,5.407161423E-1,6.886861190E1,1.558663235E1,1.108459041E1,6.801881870E1
2.801295127E1,8.211651965E-1,5.775908807E-2,1.549142162E-1,5.462171670E-1,6.959678989E1,1.560854441E1,1.102996303E1,6.877793352E1
2.802291835E1,8.188431955E-1,4.872860177E-2,1.515944767E-1,5.514893101E-1,7.006167943E1,1.458509424E1,1.121654483E1,6.936029624E1
2.803289361E1,8.163338378E-1,4.317118647E-2,1.526891050E-1,5.553569583E-1,7.056107392E1,1.418758673E1,1.161531364E1,6.990577253E1
2.804286148E1,8.127821589E-1,4.622959182E-2,1.576427809E-1,5.589246287E-1,7.126269323E1,1.488035708E1,1.180495852E1,7.057714855E1
2.805283444E1,8.090636122E-1,4.767152527E-2,1.603627047E-1,5.634068690E-1,7.199091114E1,1.527640371E1,1.187459706E1,7.130240861E1
2.806280288E1,8.053392272E-1,4.884074368E-2,1.637163643E-1,5.676621028E-1,7.271394188E1,1.569208093E1,1.201948602E1,7.202026260E1
2.807274366E1,8.018165636E-1,5.260328586E-2,1.690845088E-1,5.707306909E-1,7.339215356E1,1.648442366E1,1.218711007E1,7.265820077E1
2.808270924E1,7.992163707E-1,5.644559003E-2,1.746413340E-1,5.723351227E-1,7.388932742E1,1.728038358E1,1.238859073E1,7.310413067E1
2.809270585E1,7.978688524E-1,5.559890344E-2,1.763984165E-1,5.737574880E-1,7.414585609E1,1.735519378E1,1.257309995E1,7.336724992E1
2.810267455E1,7.968915611E-1,5.480226320E-2,1.795099048E-1,5.742270857E-1,7.433142963E1,1.752338458E1,1.289481882E1,7.354744069E1
2.811266069E1,7.964688865E-1,5.642739909E-2,1.847734733E-1,5.729851875E-1,7.441156673E1,1.805408501E1,1.327755677E1,7.358163132E1
2.812263116E1,7.967656165E-1,5.482576980E-2,1.877588613E-1,5.717563269E-1,7.435531585E1,1.811294395E1,1.368039222E1,7.351692667E1
2.813261465E1,7.964272243E-1,5.319893802E-2,1.898656317E-1,5.716857453E-1,7.441946169E1,1.812188923E1,1.398112086E1,7.358303013E1
2.814258642E1,7.951611439E-1,5.389061218E-2,1.912486225E-1,5.729210430E-1,7.465904251E1,1.831342658E1,1.402804564E1,7.381844402E1
2.815256158E1,7.940742151E-1,5.140558793E-2,1.912373342E-1,5.746580621E-1,7.486419962E1,1.811212428E1,1.416008719E1,7.405344955E1
2.816253372E1,7.925592164E-1,5.322903504E-2,1.949253869E-1,5.753439422E-1,7.514935686E1,1.857850678E1,1.434321508E1,7.431220715E1
2.817254460E1,7.917131336E-1,5.448108881E-2,1.976656739E-1,5.754566938E-1,7.530820816E1,1.890970211E1,1.449443717E1,7.444944783E1
2.818252064E1,7.909488359E-1,5.407182067E-2,1.998409907E-1,5.757948902E-1,7.545145941E1,1.904812328E1,1.470601224E1,7.458827344E1
2.819237351E1,7.902263117E-1,5.734381848E-2,2.053329913E-1,5.745367051E-1,7.558666860E1,1.975957851E1,1.498859737E1,7.466331642E1
2.820233705E1,7.899698029E-1,6.162576294E-2,2.104024891E-1,5.726087393E-1,7.563462076E1,2.052112524E1,1.517976351E1,7.463636242E1
2.821229819E1,7.903030251E-1,6.092621373E-2,2.119107514E-1,5.716668246E-1,7.557232263E1,2.055875286E1,1.538409179E1,7.456666666E1
2.822226153E1,7.899598780E-1,5.983896467E-2,2.136141252E-1,5.716219861E-1,7.563647562E1,2.059295323E1,1.560968594E1,7.463251713E1
2.823225559E1,7.893777806E-1,6.099213061E-2,2.173021767E-1,5.709136919E-1,7.574519583E1,2.098095304E1,1.586814872E1,7.470883807E1
2.824222200E1,7.885795483E-1,6.304109216E-2,2.203240398E-1,5.706359909E-1,7.589406895E1,2.140788217E1,1.599413948E1,7.482322427E1
2.825218538E1,7.877991950E-1,6.157503928E-2,2.197126915E-1,5.721077487E-1,7.603936824E1,2.125175150E1,1.600515545E1,7.499680962E1
2.826215148E1,7.868590881E-1,5.870322742E-2,2.198164633E-1,5.736614237E-1,7.621410079E1,2.102564537E1,1.617533034E1,7.520907186E1
2.827213745E1,7.854899347E-1,6.003541817E-2,2.230500090E-1,5.741515519E-1,7.646797208E1,2.142042301E1,1.634785204E1,7.544201244E1
2.828210495E1,7.845136793E-1,5.913035616E-2,2.244059662E-1,5.750511719E-1,7.664855622E1,2.146575892E1,1.650464879E1,7.563250024E1
2.829205787E1,7.831111430E-1,5.831171978E-2,2.269159719E-1,5.760606069E-1,7.690736399E1,2.161678288E1,1.675134117E1,7.589694473E1
2.830202386E1,7.814229688E-1,6.175036667E-2,2.322913032E-1,5.758522263E-1,7.721790729E1,2.237181324E1,1.697277973E1,7.615520321E1
2.831198839E1,7.800459152E-1,6.552051277E-2,2.371869665E-1,5.753066795E-1,7.747044091E1,2.311358886E1,1.713623154E1,7.634905867E1
2.832195422E1,7.791090001E-1,6.875817474E-2,2.409610694E-1,5.746296568E-1,7.764186294E1,2.371227024E1,1.724444029E1,7.646758538E1
2.833192605E1,7.785065669E-1,6.955275813E-2,2.423979266E-1,5.747461913E-1,7.775191856E1,2.390836113E1,1.730549198E1,7.656527020E1
2.834189250E1,7.780114023E-1,6.900198177E-2,2.431155994E-1,5.751797890E-1,7.784227970E1,2.392763614E1,1.739252680E1,7.666333007E1
2.835185855E1,7.778326916E-1,6.745413302E-2,2.440618131E-1,5.752043769E-1,7.787487043E1,2.386662918E1,1.758249686E1,7.670957199E1
2.836182495E1,7.775019299E-1,6.477357229E-2,2.448804331E-1,5.756115937E-1,7.793515983E1,2.369979127E1,1.783164813E1,7.679822268E1
2.837178584E1,7.762241211E-1,6.633918300E-2,2.496666773E-1,5.751015362E-1,7.816770440E1,2.423964489E1,1.813705312E1,7.699534238E1
2.838175167E1,7.745459540E-1,7.116305686E-2,2.546474100E-1,5.746034120E-1,7.847222936E1,2.509685461E1,1.822148807E1,7.722892819E1
2.839172818E1,7.732616844E-1,7.047818608E-2,2.544247539E-1,5.765129984E-1,7.870460874E1,2.505735658E1,1.819250494E1,7.748880683E1
2.840169506E1,7.715507168E-1,6.899074511E-2,2.542384171E-1,5.790618237E-1,7.901330636E1,2.496240171E1,1.820488145E1,7.783989541E1
2.841165896E1,7.701053855E-1,6.637843440E-2,2.520360764E-1,5.822451502E-1,7.927329337E1,2.460518461E1,1.811297285E1,7.816461876E1
2.842162553E1,7.680019889E-1,6.214452447E-2,2.492130150E-1,5.866889093E-1,7.965038666E1,2.407647941E1,1.805158764E1,7.863382373E1
2.843158886E1,7.656937269E-1,6.423979930E-2,2.542064501E-1,5.873375907E-1,8.006250285E1,2.471525251E1,1.829005584E1,7.902102616E1
2.844155511E1,7.643518799E-1,6.732342116E-2,2.598964929E-1,5.862487302E-1,8.030126641E1,2.546887749E1,1.856426954E1,7.920608217E1
2.845151323E1,7.628296903E-1,6.670549073E-2,2.605485190E-1,5.880099577E-1,8.057140759E1,2.551139173E1,1.860616619E1,7.949958805E1
2.846147865E1,7.604796034E-1,6.502150293E-2,2.598415916E-1,5.915448624E-1,8.098700615E1,2.537873721E1,1.855907072E1,7.996954217E1
2.847143448E1,7.576580556E-1,6.723670487E-2,2.623127501E-1,5.938227997E-1,8.148366006E1,2.584882916E1,1.851986073E1,8.046124015E1
2.848139891E1,7.555453350E-1,7.070013794E-2,2.659131772E-1,5.945106555E-1,8.185391445E1,2.649581996E1,1.852720801E1,8.079390778E1
2.849138620E1,7.541591128E-1,7.253535620E-2,2.676469118E-1,5.952711864E-1,8.209610190E1,2.683242314E1,1.850215353E1,8.101920423E1
2.850135297E1,7.534586448E-1,6.342737640E-2,2.596556090E-1,6.007129125E-1,8.221825758E1,2.543000122E1,1.836541630E1,8.130675672E1
2.851131381E1,7.511578640E-1,5.627205510E-2,2.564533395E-1,6.056624504E-1,8.261844916E1,2.462596282E1,1.848824835E1,8.182797326E1
2.852127990E1,7.480297624E-1,6.341560277E-2,2.659552987E-1,6.047294560E-1,8.316000631E1,2.609367336E1,1.873468801E1,8.228454950E1
2.853125516E1,7.457690783E-1,6.814289137E-2,2.697252346E-1,6.053373655E-1,8.354960096E1,2.686699042E1,1.865122943E1,8.262449322E1
2.854122219E1,7.438955987E-1,6.035561890E-2,2.628752196E-1,6.114516795E-1,8.387134654E1,2.570113207E1,1.849937723E1,8.309282445E1
2.855118297E1,7.396535945E-1,5.863360921E-2,2.631677049E-1,6.166177252E-1,8.459616901E1,2.569940018E1,1.848140291E1,8.388377754E1
2.856114938E1,7.358070028E-1,6.724594757E-2,2.704189529E-1,6.172030680E-1,8.524909832E1,2.712743199E1,1.835740346E1,8.444543190E1
2.857111672E1,7.337653374E-1,6.925112487E-2,2.721729289E-1,6.186393199E-1,8.559401713E1,2.749641793E1,1.828471628E1,8.477830116E1
2.858108318E1,7.326871779E-1,6.312123787E-2,2.693826649E-1,6.217862885E-1,8.577570950E1,2.678353046E1,1.843632841E1,8.506383338E1
2.859104912E1,7.305476983E-1,6.169559640E-2,2.707003493E-1,6.238710081E-1,8.613534159E1,2.683495536E1,1.857458350E1,8.546116914E1
2.860101552E1,7.282756731E-1,6.097504582E-2,2.696285640E-1,6.270542442E-1,8.651593647E1,2.674732833E1,1.843680655E1,8.587704331E1
2.861098318E1,7.251166948E-1,5.787925107E-2,2.679188889E-1,6.317240222E-1,8.704288734E1,2.643385235E1,1.838601922E1,8.647844917E1
2.862094969E1,7.217783043E-1,5.959509164E-2,2.721236095E-1,6.335875990E-1,8.759700725E1,2.702223110E1,1.850022695E1,8.703632227E1
2.863091198E1,7.183656013E-1,6.267937634E-2,2.752849350E-1,6.357989959E-1,8.816058840E1,2.763537862E1,1.840956790E1,8.758651672E1
2.864087803E1,7.148040209E-1,6.199965068E-2,2.743710922E-1,6.402591341E-1,8.874571946E1,2.759542987E1,1.823115548E1,8.821548150E1
2.865085605E1,7.106424837E-1,6.252213522E-2,2.755966561E-1,6.443017353E-1,8.942557272E1,2.785172266E1,1.812765285E1,8.892418450E1
2.866082334E1,7.068509625E-1,6.606239422E-2,2.788754329E-1,6.467039275E-1,9.004144970E1,2.851739888E1,1.798699507E1,8.951777107E1
2.867078990E1,7.040000422E-1,6.595749537E-2,2.793948879E-1,6.495937546E-1,9.050236902E1,2.862652238E1,1.792048797E1,9.000404050E1
2.868075714E1,7.009470713E-1,6.101618055E-2,2.764592784E-1,6.546147694E-1,9.099392574E1,2.805387815E1,1.791961997E1,9.059618623E1
2.869072511E1,6.963978227E-1,5.977897715E-2,2.777325784E-1,6.590304707E-1,9.172257894E1,2.818325696E1,1.794069317E1,9.138005442E1
2.870069240E1,6.920030987E-1,6.098671707E-2,2.800420819E-1,6.625622718E-1,9.242223721E1,2.859209893E1,1.786438097E1,9.209685074E1
2.871065652E1,6.875806495E-1,5.859932584E-2,2.792793867E-1,6.676840522E-1,9.312219976E1,2.844686575E1,1.780645276E1,9.286557371E1
2.872062344E1,6.822242044E-1,5.875100083E-2,2.815225627E-1,6.722079303E-1,9.396460867E1,2.879094052E1,1.776642050E1,9.374716383E1
2.873059417E1,6.765796530E-1,6.187524247E-2,2.842216595E-1,6.764831674E-1,9.484612042E1,2.940782443E1,1.751058960E1,9.462050790E1
2.874056146E1,6.705671589E-1,6.288329252E-2,2.848238559E-1,6.821002478E-1,9.577829300E1,2.967697880E1,1.722960629E1,9.557389196E1
2.875052230E1,6.647557390E-1,6.710802176E-2,2.910311205E-1,6.847606938E-1,9.667282183E1,3.069829515E1,1.715893719E1,9.644134643E1
2.876048896E1,6.606084849E-1,7.125870440E-2,2.961993190E-1,6.861374426E-1,9.730740833E1,3.157996003E1,1.707103111E1,9.703244583E1
2.877045730E1,6.572743556E-1,7.005462795E-2,2.969454759E-1,6.891343519E-1,9.781534110E1,3.163514611E1,1.708530584E1,9.758463051E1
2.878042412E1,6.535194505E-1,6.948855861E-2,2.990077551E-1,6.918656159E-1,9.838503608E1,3.187133209E1,1.713722728E1,9.819217808E1
2.879039157E1,6.499637225E-1,7.004020136E-2,3.010469105E-1,6.942710474E-1,9.892226647E1,3.218239379E1,1.710270046E1,9.874312799E1
2.880035844E1,6.462222401E-1,7.003533617E-2,3.021969649E-1,6.972581032E-1,9.948524639E1,3.237228804E1,1.703209752E1,9.932840251E1
2.881033188E1,6.425412825E-1,7.094265772E-2,3.046599745E-1,6.994927730E-1,1.000368428E2,3.275199792E1,1.699363512E1,9.988744024E1
2.882029938E1,6.388777237E-1,7.225652965E-2,3.073058124E-1,7.015535516E-1,1.005836300E2,3.317775054E1,1.693448506E1,1.004326978E2
2.883025625E1,6.353369146E-1,7.379806470E-2,3.105394706E-1,7.031828267E-1,1.011100454E2,3.367411666E1,1.690629496E1,1.009535887E2
2.884022266E1,6.329048610E-1,7.335525654E-2,3.122350600E-1,7.046699303E-1,1.014704709E2,3.385927181E1,1.696860680E1,1.013418663E2
2.885019823E1,6.302950805E-1,7.110864045E-2,3.130011602E-1,7.068959941E-1,1.018562072E2,3.383266527E1,1.709958227E1,1.017930805E2
2.886016558E1,6.276727520E-1,7.223520763E-2,3.169169201E-1,7.073702404E-1,1.022427393E2,3.435085922E1,1.719628789E1,1.021840418E2
2.887012500E1,6.257657679E-1,7.342523280E-2,3.198787548E-1,7.076040709E-1,1.025231702E2,3.476535993E1,1.724308801E1,1.024594463E2
2.888009152E1,6.237399611E-1,7.359318566E-2,3.221724287E-1,7.083342644E-1,1.028204728E2,3.504674329E1,1.731630033E1,1.027727947E2
2.889006016E1,6.221835662E-1,7.456418537E-2,3.252870705E-1,7.081780242E-1,1.030484681E2,3.545578398E1,1.740758435E1,1.030004390E2
2.890002693E1,6.213635081E-1,7.315444007E-2,3.262204272E-1,7.086155881E-1,1.031684529E2,3.547060227E1,1.756131133E1,1.031631604E2
2.891000214E1,6.204140887E-1,7.246767686E-2,3.287559105E-1,7.083462047E-1,1.033072405E2,3.569842022E1,1.777411905E1,1.033371435E2
2.891996974E1,6.201543344E-1,7.352909081E-2,3.326714510E-1,7.066341204E-1,1.033451887E2,3.616957944E1,1.798084101E1,1.033736753E2
2.892992928E1,6.200002677E-1,7.309423671E-2,3.338516134E-1,7.062577439E-1,1.033676920E2,3.626260270E1,1.810319530E1,1.034147354E2
2.893989605E1,6.193748900E-1,7.263097891E-2,3.353583341E-1,7.061404069E-1,1.034590000E2,3.639707165E1,1.823105233E1,1.035292807E2
2.894987021E1,6.189796691E-1,7.325563123E-2,3.375403699E-1,7.053823647E-1,1.035166745E2,3.666841339E1,1.833152474E1,1.035867301E2
2.895983771E1,6.190427564E-1,7.119463214E-2,3.371592569E-1,7.057202176E-1,1.035074698E2,3.649017077E1,1.847827221E1,1.036258368E2
2.896980625E1,6.189043556E-1,6.808680807E-2,3.368326840E-1,7.063039913E-1,1.035276624E2,3.625185490E1,1.870855767E1,1.037198622E2
2.897977386E1,6.187404013E-1,6.622941069E-2,3.379778775E-1,7.060771454E-1,1.035515797E2,3.624750793E1,1.894830856E1,1.037962683E2
2.898973646E1,6.181707282E-1,6.423758454E-2,3.377079864E-1,7.068888169E-1,1.036346519E2,3.609988895E1,1.906888718E1,1.039269235E2
2.899970349E1,6.166815562E-1,6.125150308E-2,3.367519293E-1,7.089077865E-1,1.038515860E2,3.583751186E1,1.917739730E1,1.042131358E2
2.900966709E1,6.144421780E-1,5.986786753E-2,3.385520812E-1,7.101120593E-1,1.041772018E2,3.598060023E1,1.933042785E1,1.045933664E2
2.901963381E1,6.120168021E-1,5.977089895E-2,3.414007681E-1,7.108504689E-1,1.045290516E2,3.632167036E1,1.944547606E1,1.049792468E2
2.902960521E1,6.095883034E-1,6.070638154E-2,3.445384350E-1,7.113438707E-1,1.048805189E2,3.676148680E1,1.949271336E1,1.053431547E2
2.903957240E1,6.074704896E-1,6.143818749E-2,3.474256517E-1,7.116883938E-1,1.051863465E2,3.715592026E1,1.955137591E1,1.056628538E2
2.904954152E1,6.050678458E-1,6.139022239E-2,3.493767071E-1,7.127833185E-1,1.055325517E2,3.740992790E1,1.958940556E1,1.060357468E2
2.905950886E1,6.022183061E-1,6.163321719E-2,3.513761069E-1,7.141913538E-1,1.059421243E2,3.769838067E1,1.958314506E1,1.064671566E2
2.906948141E1,5.993881553E-1,6.280046521E-2,3.541012096E-1,7.151239572E-1,1.063478199E2,3.812171635E1,1.955234483E1,1.068771692E2
2.907944928E1,5.969355317E-1,6.258704667E-2,3.546741829E-1,7.169079834E-1,1.066985298E2,3.822296574E1,1.949331883E1,1.072473100E2
2.908938652E1,5.931527563E-1,6.027448697E-2,3.524539782E-1,7.213272400E-1,1.072378840E2,3.792693508E1,1.933937026E1,1.078400273E2
2.909935131E1,5.879481422E-1,5.886960153E-2,3.514635523E-1,7.261712770E-1,1.079769261E2,3.784797246E1,1.913444105E1,1.086233730E2
2.910934553E1,5.818394991E-1,5.607891701E-2,3.490241067E-1,7.324616886E-1,1.088399450E2,3.754799501E1,1.890504408E1,1.095536972E2
2.911931329E1,5.734763201E-1,5.525605684E-2,3.490402495E-1,7.390822570E-1,1.100140047E2,3.767451888E1,1.858161011E1,1.107707669E2
2.912927146E1,5.639774216E-1,5.753051094E-2,3.519076276E-1,7.448360423E-1,1.113373765E2,3.830938813E1,1.813363189E1,1.120805455E2
2.913923823E1,5.543382309E-1,6.301025198E-2,3.579190106E-1,7.487541758E-1,1.126697083E2,3.946562632E1,1.760529650E1,1.133300080E2
2.914920823E1,5.453554017E-1,7.018220505E-2,3.654947832E-1,7.510496038E-1,1.139020922E2,4.086812892E1,1.705133928E1,1.144249133E2
2.915917532E1,5.383441616E-1,7.604235404E-2,3.723633850E-1,7.521626377E-1,1.148580205E2,4.207682829E1,1.665013879E1,1.152581063E2
2.916912995E1,5.335000007E-1,7.792929652E-2,3.757011749E-1,7.537595115E-1,1.155155155E2,4.263252388E1,1.646282975E1,1.158810716E2
2.917909579E1,5.299485954E-1,7.265975274E-2,3.697278789E-1,7.597212265E-1,1.159960366E2,4.173657602E1,1.634803179E1,1.164727952E2
2.918908214E1,5.221802627E-1,6.680675543E-2,3.619209211E-1,7.693359978E-1,1.170427737E2,4.067843946E1,1.597287475E1,1.176215301E2
2.919905000E1,5.108566798E-1,6.976957234E-2,3.675662207E-1,7.739849694E-1,1.185581808E2,4.164320432E1,1.551829858E1,1.190802165E2
2.920901532E1,5.027870997E-1,7.830902604E-2,3.778579036E-1,7.734961109E-1,1.196308700E2,4.336845530E1,1.500009844E1,1.199440544E2
2.921898297E1,4.976930961E-1,8.269655585E-2,3.815385808E-1,7.745264186E-1,1.203050131E2,4.408567006E1,1.457676474E1,1.204810626E2
2.922895454E1,4.920931904E-1,8.090726299E-2,3.799084275E-1,7.790814421E-1,1.210434920E2,4.388503142E1,1.434937676E1,1.212505381E2
2.923892250E1,4.868583044E-1,8.042200636E-2,3.790840112E-1,7.828132630E-1,1.217314093E2,4.383696309E1,1.407604962E1,1.219300112E2
2.924888027E1,4.824097257E-1,7.646080321E-2,3.715736356E-1,7.895363421E-1,1.223141928E2,4.284469621E1,1.375462534E1,1.225684142E2
2.925884719E1,4.748835984E-1,7.170001517E-2,3.678465529E-1,7.962622616E-1,1.232964572E2,4.228151004E1,1.360250202E1,1.236580565E2
2.926881792E1,4.674124332E-1,7.504333500E-2,3.771739166E-1,7.960112762E-1,1.242670747E2,4.360022555E1,1.348088060E1,1.245706471E2
2.927878527E1,4.627609783E-1,7.871560137E-2,3.803634712E-1,7.968561733E-1,1.248691752E2,4.420083046E1,1.309608281E1,1.250469584E2
2.928874907E1,4.563827645E-1,7.745087151E-2,3.770254038E-1,8.022268879E-1,1.256921218E2,4.383324014E1,1.270136522E1,1.258571497E2
2.929871599E1,4.490955181E-1,8.122762927E-2,3.847607086E-1,8.022932662E-1,1.266286638E2,4.498412058E1,1.243030376E1,1.266864356E2
2.930868089E1,4.459548001E-1,8.870602882E-2,3.946424518E-1,7.984440443E-1,1.270311144E2,4.651445860E1,1.214179672E1,1.268649951E2
2.931864766E1,4.456851031E-1,9.093580030E-2,3.975438255E-1,7.969029902E-1,1.270656404E2,4.695958447E1,1.208864030E1,1.268329969E2
2.932862448E1,4.464236231E-1,8.975136755E-2,4.005103507E-1,7.951365290E-1,1.269710844E2,4.723994507E1,1.240762968E1,1.268196870E2
2.933859224E1,4.481833671E-1,9.060109679E-2,4.065613458E-1,7.909683829E-1,1.267456194E2,4.796610198E1,1.277381750E1,1.266276388E2
2.934856058E1,4.513926965E-1,8.924533860E-2,4.059155393E-1,7.896280631E-1,1.263338538E2,4.779058605E1,1.303306811E1,1.262851766E2
2.935852839E1,4.525920180E-1,8.216123886E-2,3.974077911E-1,7.940258457E-1,1.261797857E2,4.645037502E1,1.325297276E1,1.263419121E2
2.936847792E1,4.497633703E-1,7.876403073E-2,3.981725136E-1,7.955927272E-1,1.265429939E2,4.641267862E1,1.346425237E1,1.268337506E2
2.937844386E1,4.491788559E-1,8.166759770E-2,4.068407743E-1,7.912327996E-1,1.266179752E2,4.756741915E1,1.366545797E1,1.268789258E2
2.938842428E1,4.496670715E-1,8.157393237E-2,4.077306279E-1,7.905067700E-1,1.265553488E2,4.766150464E1,1.375181035E1,1.268322809E2
2.939839167E1,4.477323251E-1,7.864465737E-2,4.049528961E-1,7.933246088E-1,1.268034298E2,4.722315216E1,1.375906205E1,1.271594090E2
2.940835334E1,4.450995718E-1,7.890966750E-2,4.099181776E-1,7.922289589E-1,1.271405810E2,4.784996398E1,1.387944400E1,1.275247088E2
2.941832016E1,4.439132460E-1,7.754914778E-2,4.115004725E-1,7.922086347E-1,1.272923410E2,4.798854713E1,1.403241570E1,1.277430090E2
2.942829625E1,4.401128879E-1,7.157118462E-2,4.064601178E-1,7.974762593E-1,1.277778319E2,4.717053210E1,1.410053284E1,1.283942698E2
2.943826402E1,4.337702592E-1,7.018331700E-2,4.112288015E-1,7.986291612E-1,1.285858613E2,4.775024453E1,1.416155025E1,1.292773288E2
2.944824297E1,4.297871892E-1,7.359263996E-2,4.204873428E-1,7.956490997E-1,1.290918892E2,4.904898131E1,1.414237882E1,1.297250729E2
2.945821183E1,4.259017079E-1,7.419944290E-2,4.215061071E-1,7.971416308E-1,1.295844961E2,4.924274410E1,1.393053934E1,1.301791878E2
2.946817422E1,4.195357541E-1,7.276544988E-2,4.198107876E-1,8.015321846E-1,1.303894376E2,4.905171555E1,1.362720386E1,1.309843323E2
2.947814245E1,4.131771073E-1,7.278184433E-2,4.231752268E-1,8.030630165E-1,1.311908548E2,4.952740701E1,1.346172928E1,1.317806447E2
2.948810698E1,4.079608918E-1,7.339308260E-2,4.252910550E-1,8.045550849E-1,1.318463892E2,4.986452966E1,1.323271202E1,1.323971443E2
2.949807480E1,4.016663422E-1,7.352213430E-2,4.244228018E-1,8.081608321E-1,1.326352180E2,4.983188743E1,1.283342214E1,1.331250931E2
2.950804782E1,3.952495471E-1,7.505890602E-2,4.265943246E-1,8.100378006E-1,1.334369228E2,5.022180484E1,1.245198161E1,1.338346406E2
2.951801615E1,3.899610675E-1,7.712988830E-2,4.287421598E-1,8.112715369E-1,1.340958461E2,5.061654183E1,1.207775561E1,1.343825117E2
2.952798058E1,3.850928496E-1,7.719685612E-2,4.294399862E-1,8.132191837E-1,1.347009908E2,5.074988599E1,1.184077433E1,1.349526302E2
2.953794849E1,3.805255860E-1,7.656072489E-2,4.319639998E-1,8.140920321E-1,1.352675151E2,5.107400640E1,1.177633649E1,1.355367266E2
2.954788797E1,3.771862803E-1,7.622739613E-2,4.342467365E-1,8.144628082E-1,1.356809942E2,5.136986113E1,1.173673413E1,1.359612216E2
2.955785302E1,3.738791294E-1,7.590736051E-2,4.353106635E-1,8.154490146E-1,1.360898937E2,5.151746147E1,1.163697180E1,1.363676241E2
2.956784125E1,3.705481388E-1,7.550121356E-2,4.355116159E-1,8.168985714E-1,1.365011472E2,5.155636373E1,1.150201346E1,1.367707987E2
2.957780865E1,3.668041871E-1,7.407276679E-2,4.342422426E-1,8.193909862E-1,1.369626846E2,5.138040695E1,1.137178755E1,1.372525190E2
2.958777792E1,3.617529789E-1,7.314147566E-2,4.349921188E-1,8.213202563E-1,1.375842169E2,5.148153573E1,1.121985287E1,1.378804147E2
2.959774552E1,3.576938757E-1,7.466706750E-2,4.411146528E-1,8.196937132E-1,1.380827272E2,5.232397958E1,1.113724237E1,1.383336193E2
2.960769568E1,3.555902428E-1,7.610388164E-2,4.459519454E-1,8.178573475E-1,1.383407533E2,5.299044258E1,1.110853161E1,1.385532770E2
2.961766152E1,3.534698603E-1,7.551227768E-2,4.474646576E-1,8.180050941E-1,1.386006105E2,5.317368431E1,1.111574873E1,1.388367598E2
2.962761214E1,3.514964140E-1,7.480878847E-2,4.465053268E-1,8.194430482E-1,1.388422604E2,5.304594070E1,1.102789919E1,1.390832269E2
2.963757641E1,3.487049314E-1,7.130733331E-2,4.385961765E-1,8.251990845E-1,1.391837532E2,5.196765774E1,1.084751224E1,1.394839772E2
2.964756162E1,3.419228725E-1,6.961209773E-2,4.373684623E-1,8.288255144E-1,1.400118615E2,5.181176055E1,1.058534880E1,1.403163935E2
2.965752797E1,3.371888198E-1,7.117761504E-2,4.458193138E-1,8.261250428E-1,1.405886119E2,5.294810006E1,1.054731024E1,1.408575564E2
2.966749006E1,3.345038953E-1,7.217773033E-2,4.517988513E-1,8.238782175E-1,1.409152542E2,5.374652579E1,1.056352871E1,1.411688602E2
2.967745599E1,3.314775137E-1,7.228072548E-2,4.561237502E-1,8.227085019E-1,1.412830418E2,5.431319696E1,1.057122031E1,1.415441083E2
2.968743422E1,3.289837384E-1,7.393895351E-2,4.625646722E-1,8.199613741E-1,1.415857917E2,5.519513934E1,1.055028153E1,1.418031848E2
2.969740141E1,3.274651843E-1,7.620432827E-2,4.668969676E-1,8.179038299E-1,1.417700110E2,5.582717611E1,1.043554985E1,1.419000340E2
2.970736974E1,3.266465588E-1,7.705069451E-2,4.692865383E-1,8.167835460E-1,1.418692777E2,5.616283014E1,1.041136191E1,1.419710325E2
2.971733704E1,3.269567934E-1,7.732801682E-2,4.710212958E-1,8.156338468E-1,1.418316621E2,5.638910963E1,1.047838224E1,1.419403867E2
2.972729875E1,3.275240288E-1,7.563301275E-2,4.685185066E-1,8.170055489E-1,1.417628743E2,5.601241664E1,1.056302303E1,1.419392929E2
2.973726547E1,3.265237499E-1,7.062683276E-2,4.596684662E-1,8.228602509E-1,1.418841670E2,5.474019868E1,1.060011456E1,1.422111458E2
2.974723829E1,3.204816200E-1,6.616411271E-2,4.508908049E-1,8.304283976E-1,1.426158926E2,5.354083378E1,1.031823365E1,1.430104173E2
2.975720558E1,3.126948713E-1,6.616546363E-2,4.556463697E-1,8.308010801E-1,1.435565775E2,5.419369831E1,1.007958273E1,1.439166997E2
2.976716089E1,3.081554361E-1,6.965203105E-2,4.655368984E-1,8.267189474E-1,1.441037928E2,5.558053750E1,9.889591751E0,1.443360194E2
2.977712693E1,3.031074217E-1,7.159866890E-2,4.646939042E-1,8.288902804E-1,1.447113239E2,5.556789144E1,9.381619479E0,1.447782310E2
2.978710886E1,2.946172833E-1,7.290212703E-2,4.640977972E-1,8.321653507E-1,1.457308211E2,5.558553304E1,8.750337970E0,1.456269121E2
2.979707657E1,2.864710489E-1,7.671896576E-2,4.718515435E-1,8.303039560E-1,1.467063993E2,5.673075959E1,8.218209425E0,1.463716851E2
2.980703631E1,2.803847527E-1,7.945501904E-2,4.759084559E-1,8.298086719E-1,1.474336614E2,5.736168033E1,7.759199400E0,1.469099358E2
2.981700318E1,2.733740779E-1,8.008541826E-2,4.754898715E-1,8.323234476E-1,1.482697135E2,5.736161454E1,7.276586496E0,1.476191856E2
2.982697178E1,2.660931406E-1,8.099249307E-2,4.789625813E-1,8.326040489E-1,1.491361650E2,5.786502412E1,6.893716212E0,1.483669650E2
2.983693881E1,2.606014798E-1,8.364291397E-2,4.830989508E-1,8.316887251E-1,1.497884904E2,5.849549751E1,6.468841016E0,1.488292959E2
2.984690141E1,2.557044198E-1,8.517765569E-2,4.844411117E-1,8.322720865E-1,1.503693413E2,5.873175415E1,6.082795776E0,1.492671616E2
2.985686797E1,2.509328046E-1,8.521456368E-2,4.846018055E-1,8.336259927E-1,1.509345648E2,5.877117994E1,5.804292401E0,1.497655137E2
2.986684641E1,2.470475248E-1,8.352754343E-2,4.798897233E-1,8.376732796E-1,1.513942631E2,5.813250674E1,5.576434229E0,1.502373938E2
2.987681417E1,2.394865797E-1,7.959536545E-2,4.672581604E-1,8.473373398E-1,1.522875203E2,5.643665502E1,5.101240788E0,1.511744291E2
2.988677386E1,2.277841070E-1,7.923764160E-2,4.709846377E-1,8.485335985E-1,1.536667042E2,5.693826344E1,4.593970482E0,1.524391207E2
2.989674079E1,2.219864537E-1,8.229219713E-2,4.852845904E-1,8.416940507E-1,1.543485324E2,5.886973546E1,4.411750389E0,1.529410161E2
2.990671016E1,2.183437075E-1,8.379038678E-2,4.861945763E-1,8.419738894E-1,1.547764608E2,5.903633609E1,4.083857172E0,1.532370907E2
2.991667735E1,2.104806613E-1,8.290447899E-2,4.796050155E-1,8.478229578E-1,1.556989566E2,5.818327789E1,3.515497804E0,1.540716861E2
2.992665500E1,2.014821346E-1,8.409590904E-2,4.830658461E-1,8.479270109E-1,1.567527128E2,5.867747155E1,2.983243007E0,1.549438687E2
2.993662323E1,1.963961352E-1,8.653376663E-2,4.843574845E-1,8.481381330E-1,1.573474131E2,5.891511357E1,2.491243436E0,1.553317783E2
2.994656714E1,1.900361300E-1,8.636033795E-2,4.827702985E-1,8.505063199E-1,1.580902146E2,5.871488203E1,2.096781444E0,1.559890819E2
2.995653292E1,1.842467951E-1,8.498180878E-2,4.866397017E-1,8.497134878E-1,1.587655558E2,5.918739047E1,2.000214179E0,1.566675043E2
2.996649907E1,1.805281535E-1,8.529461206E-2,4.912660113E-1,8.478160892E-1,1.591989505E2,5.979901188E1,1.876566166E0,1.570378308E2
2.997646485E1,1.771733792E-1,8.651664222E-2,4.933938426E-1,8.471640812E-1,1.595896795E2,6.010886528E1,1.618530268E0,1.573117222E2
2.998645803E1,1.750666024E-1,8.785038943E-2,4.971469813E-1,8.452685211E-1,1.598349320E2,6.063216985E1,1.464257244E0,1.574536373E2
2.999642662E1,1.745390413E-1,8.614068479E-2,4.959069205E-1,8.462814140E-1,1.598963314E2,6.042935600E1,1.565040663E0,1.576046128E2
3.000639047E1,1.714654661E-1,8.029699493E-2,4.862152120E-1,8.530807430E-1,1.602539294E2,5.903449732E1,1.704147272E0,1.582353438E2
3.001635855E1,1.643001368E-1,7.803763384E-2,4.839632963E-1,8.559761215E-1,1.610868392E2,5.869810448E1,1.457404792E0,1.590885827E2
3.002632120E1,1.608199183E-1,8.018464181E-2,4.905791227E-1,8.526661137E-1,1.614910192E2,5.960774447E1,1.206069827E0,1.593288721E2
3.003628870E1,1.600311180E-1,8.175399758E-2,4.928434426E-1,8.513587177E-1,1.615825951E2,5.993849771E1,1.062130761E0,1.593209798E2
3.004625355E1,1.569449644E-1,7.866387654E-2,4.936651139E-1,8.517482187E-1,1.619407695E2,5.997860579E1,1.200599109E0,1.598122113E2
3.005622079E1,1.540404431E-1,7.577746330E-2,5.003387521E-1,8.486403544E-1,1.622777013E2,6.079099369E1,1.462873174E0,1.602821446E2
3.006617636E1,1.532454552E-1,7.585608285E-2,5.035759460E-1,8.468606449E-1,1.623698949E2,6.121820006E1,1.481970896E0,1.603626202E2
3.007614240E1,1.521019511E-1,7.559909483E-2,5.017802779E-1,8.481546593E-1,1.625024852E2,6.097788644E1,1.398389014E0,1.604894944E2
3.008611756E1,1.501929605E-1,7.361116849E-2,5.018350621E-1,8.486371668E-1,1.627237819E2,6.094508556E1,1.478729896E0,1.607973986E2
3.009608448E1,1.489192654E-1,7.114421075E-2,5.041263514E-1,8.477134985E-1,1.628713968E2,6.119694880E1,1.692100733E0,1.610735264E2
3.010605443E1,1.474583688E-1,6.910680960E-2,5.059574026E-1,8.470462709E-1,1.630406722E2,6.139881253E1,1.841916800E0,1.613429039E2
3.011602167E1,1.457048518E-1,6.794786314E-2,5.090753921E-1,8.455740235E-1,1.632438046E2,6.178931972E1,1.916305951E0,1.615929227E2
3.012599016E1,1.449841977E-1,6.732631350E-2,5.129517842E-1,8.434021680E-1,1.633272718E2,6.229087875E1,2.015708205E0,1.617101375E2
3.013595750E1,1.445518250E-1,6.505411157E-2,5.139831195E-1,8.430267406E-1,1.633773455E2,6.238489522E1,2.229923624E0,1.618906872E2
3.014592282E1,1.431953525E-1,6.171674881E-2,5.140749120E-1,8.434530922E-1,1.635344200E2,6.233715510E1,2.471125774E0,1.622240818E2
3.015588995E1,1.411586961E-1,5.945522587E-2,5.140330421E-1,8.439842002E-1,1.637701989E2,6.229390501E1,2.565526628E0,1.625606723E2
3.016586865E1,1.385901518E-1,5.922646985E-2,5.131926615E-1,8.449368540E-1,1.640674548E2,6.218190435E1,2.416400489E0,1.628273768E2
3.017583693E1,1.354012695E-1,5.970978275E-2,5.115195772E-1,8.464330808E-1,1.644363520E2,6.197255902E1,2.145662889E0,1.631117867E2
3.018578776E1,1.321648010E-1,5.994059505E-2,5.097694811E-1,8.479827041E-1,1.648105883E2,6.174844226E1,1.896262834E0,1.634163431E2
3.019575428E1,1.283352775E-1,5.873855570E-2,5.058715454E-1,8.509840293E-1,1.652531901E2,6.121642844E1,1.711747441E0,1.638606215E2
3.020571891E1,1.229034049E-1,5.666563167E-2,5.025186366E-1,8.539079454E-1,1.658806077E2,6.074463701E1,1.532732419E0,1.645175636E2
3.021568521E1,1.180948688E-1,5.587438136E-2,5.040694159E-1,8.537245922E-1,1.664356705E2,6.094034113E1,1.355363883E0,1.650460683E2
3.022565422E1,1.145464996E-1,5.556530349E-2,5.045202346E-1,8.539619016E-1,1.668450629E2,6.099752806E1,1.185004130E0,1.654184236E2
3.023562079E1,1.098290711E-1,5.434074722E-2,5.033171677E-1,8.553692110E-1,1.673890753E2,6.082273189E1,1.008166098E0,1.659583226E2
3.024558433E1,1.044344124E-1,5.329131776E-2,5.026390650E-1,8.565088787E-1,1.680108367E2,6.072027089E1,7.847851889E-1,1.665561452E2
3.025555058E1,9.899240078E-2,5.382945454E-2,5.019723091E-1,8.575119214E-1,1.686376972E2,6.064202463E1,4.047459108E-1,1.670664002E2
3.026553454E1,9.312521840E-2,5.475605531E-2,5.011009055E-1,8.586194446E-1,1.693131513E2,6.054107809E1,-4.004775063E-2,1.675965042E2
3.027550256E1,8.753804862E-2,5.522126416E-2,5.034594225E-1,8.577973607E-1,1.699560229E2,6.085844140E1,-3.777881033E-1,1.681243906E2
3.028547594E1,8.257708581E-2,5.540600716E-2,5.058416718E-1,8.568753715E-1,1.705265756E2,6.117472844E1,-6.537718457E-1,1.686043603E2
3.029544454E1,7.681470503E-2,5.513654178E-2,5.072873376E-1,8.565740014E-1,1.711890038E2,6.136001443E1,-9.467299018E-1,1.691895364E2
3.030539365E1,7.184240032E-2,5.546933341E-2,5.102556282E-1,8.552198644E-1,1.717603690E2,6.175552610E1,-1.235448511E0,1.696575622E2
3.031536021E1,6.760331421E-2,5.601704421E-2,5.106089538E-1,8.553188756E-1,1.722473179E2,6.180650472E1,-1.534974561E0,1.700428023E2
3.032533105E1,6.234351036E-2,5.631307583E-2,5.097515376E-1,8.562099591E-1,1.728513240E2,6.169137789E1,-1.883779534E0,1.705458442E2
3.033529802E1,5.748123159E-2,5.644291514E-2,5.121503748E-1,8.551094076E-1,1.734095034E2,6.200690200E1,-2.157791639E0,1.710118154E2
3.034524933E1,5.352305148E-2,5.587589945E-2,5.135596031E-1,8.545581905E-1,1.738637779E2,6.218280065E1,-2.322482152E0,1.714315582E2
3.035521474E1,4.836361378E-2,5.460289438E-2,5.135613370E-1,8.549469211E-1,1.744557753E2,6.216075270E1,-2.504037540E0,1.720150397E2
3.036519329E1,4.339520197E-2,5.381683794E-2,5.145007715E-1,8.546985202E-1,1.750257141E2,6.226990062E1,-2.713431537E0,1.725475894E2
3.037516000E1,3.857691290E-2,5.352436019E-2,5.139941658E-1,8.552525721E-1,1.755783142E2,6.219143016E1,-2.974819859E0,1.730402698E2
3.038513928E1,3.337107182E-2,5.288883487E-2,5.142791823E-1,8.553397368E-1,1.761752467E2,6.221371410E1,-3.218951321E0,1.735888318E2
3.039510724E1,2.945399238E-2,5.207470689E-2,5.177806482E-1,8.534189403E-1,1.766243329E2,6.266669374E1,-3.346926293E0,1.740086813E2
3.040506719E1,2.725843842E-2,5.132746417E-2,5.202078942E-1,8.520599837E-1,1.768760261E2,6.298056122E1,-3.388616748E0,1.742591916E2
3.041503438E1,2.465948026E-2,5.010779810E-2,5.195191674E-1,8.526317806E-1,1.771739452E2,6.287103877E1,-3.429759749E0,1.745899057E2
3.042498292E1,2.117925538E-2,4.812821149E-2,5.187234143E-1,8.533235810E-1,1.775728546E2,6.273870355E1,-3.449313772E0,1.750531155E2
3.043494823E1,1.807704924E-2,4.658273986E-2,5.222375485E-1,8.513349585E-1,1.779284099E2,6.319083196E1,-3.464724461E0,1.754356206E2
3.044493823E1,1.817858852E-2,4.586773410E-2,5.281545381E-1,8.477136744E-1,1.779167725E2,6.398217628E1,-3.357345308E0,1.754455038E2
3.045490599E1,1.993855018E-2,4.370043686E-2,5.309212308E-1,8.460587289E-1,1.777150590E2,6.434003952E1,-3.025171401E0,1.753968810E2
3.046484537E1,2.049119553E-2,3.916989116E-2,5.298501415E-1,8.469384028E-1,1.776517176E2,6.415847421E1,-2.558215192E0,1.756244273E2
3.047481027E1,2.058743142E-2,3.529771056E-2,5.290404897E-1,8.476121693E-1,1.776406875E2,6.401997576E1,-2.180881288E0,1.758538677E2
3.048477709E1,2.102254610E-2,3.332083760E-2,5.277990526E-1,8.484550280E-1,1.775908162E2,6.383893855E1,-1.968560592E0,1.759349718E2
3.049474219E1,2.158208180E-2,3.209611067E-2,5.263530781E-1,8.493859491E-1,1.775266836E2,6.363619802E1,-1.822564119E0,1.759580713E2
3.050474032E1,2.195699021E-2,2.999212223E-2,5.257844159E-1,8.498053372E-1,1.774837120E2,6.354622349E1,-1.597936883E0,1.760501151E2
3.051470870E1,2.247315300E-2,2.715360739E-2,5.265269945E-1,8.494274325E-1,1.774245495E2,6.362936182E1,-1.287234744E0,1.761703815E2
3.052465584E1,2.376834597E-2,2.382108769E-2,5.280561777E-1,8.485424531E-1,1.772760917E2,6.381759646E1,-8.780557796E-1,1.762443036E2
3.053462209E1,2.578358836E-2,2.015753880E-2,5.292877215E-1,8.478109389E-1,1.770450909E2,6.396585058E1,-3.945241119E-1,1.762697573E2
3.054461407E1,2.817535965E-2,1.615676043E-2,5.309379730E-1,8.467880355E-1,1.767709143E2,6.417085084E1,1.464501099E-1,1.762803928E2
3.055458292E1,3.216760990E-2,1.208311727E-2,5.346796711E-1,8.443559039E-1,1.763132274E2,6.466023615E1,8.018136465E-1,1.761439714E2
3.056452506E1,3.727317180E-2,7.618142531E-3,5.359947814E-1,8.433636635E-1,1.757278195E2,6.482025121E1,1.553291024E0,1.759249921E2
3.057449115E1,4.119349477E-2,2.150710559E-3,5.348151469E-1,8.439616277E-1,1.752782372E2,6.464113559E1,2.317190253E0,1.758774096E2
3.058447344E1,4.547358224E-2,-2.842519523E-3,5.372529822E-1,8.421895906E-1,1.747873138E2,6.495613805E1,3.075367337E0,1.757765418E2
3.059444120E1,5.120476538E-2,-6.691698988E-3,5.391035148E-1,8.406549194E-1,1.741297990E2,6.519237511E1,3.810695317E0,1.754659914E2
3.060441495E1,5.569801504E-2,-1.048837743E-2,5.371585612E-1,8.415749552E-1,1.736141730E2,6.491412148E1,4.444353764E0,1.752545524E2
3.061438329E1,5.908322522E-2,-1.499682430E-2,5.367531500E-1,8.415345054E-1,1.732256158E2,6.484830484E1,5.086919739E0,1.752003639E2
3.062436152E1,6.324142514E-2,-1.945892394E-2,5.379966920E-1,8.403460191E-1,1.727482271E2,6.500673450E1,5.782464878E0,1.750786483E2
3.063433084E1,6.763550247E-2,-2.336971461E-2,5.372114393E-1,8.404065473E-1,1.722436210E2,6.488837454E1,6.427693724E0,1.748862121E2
3.064427448E1,7.177742318E-2,-2.673724845E-2,5.361128823E-1,8.406640818E-1,1.717678341E2,6.472769380E1,7.002675488E0,1.746807818E2
3.065424120E1,7.590747607E-2,-2.995634819E-2,5.347381009E-1,8.410682705E-1,1.712932690E2,6.452900130E1,7.560436263E0,1.744630339E2
3.066422396E1,7.921438019E-2,-3.339464378E-2,5.318404726E-1,8.424699351E-1,1.709131806E2,6.412613705E1,8.078330656E0,1.743223301E2
3.067419230E1,8.168172692E-2,-3.682645244E-2,5.295700256E-1,8.435208924E-1,1.706295240E2,6.381307667E1,8.548129630E0,1.742662461E2
3.068413719E1,8.468563956E-2,-3.943604284E-2,5.296106825E-1,8.430810554E-1,1.702841037E2,6.381113030E1,8.986190114E0,1.741296617E2
3.069410313E1,8.871366243E-2,-4.168355572E-2,5.296139414E-1,8.425564909E-1,1.698207813E2,6.379802674E1,9.451314975E0,1.738697068E2
3.070408787E1,9.224766800E-2,-4.432933698E-2,5.280750679E-1,8.430077107E-1,1.694141459E2,6.357743215E1,9.913856340E0,1.736639034E2
3.071405568E1,9.514334490E-2,-4.721269038E-2,5.278729853E-1,8.426558118E-1,1.690808595E2,6.354337100E1,1.037065092E1,1.735499645E2
3.072401282E1,9.879962232E-2,-4.984136044E-2,5.294727519E-1,8.410785210E-1,1.686598968E2,6.375091057E1,1.086318255E1,1.733683012E2
3.073397959E1,1.025263719E-1,-5.249432925E-2,5.296136260E-1,8.403821129E-1,1.682306622E2,6.375840722E1,1.135160710E1,1.731628322E2
3.074396037E1,1.062290347E-1,-5.537311571E-2,5.312581661E-1,8.386977830E-1,1.678040378E2,6.397358932E1,1.187356511E1,1.729946059E2
3.075392855E1,1.110993343E-1,-5.830572665E-2,5.347934686E-1,8.356155372E-1,1.672426175E2,6.444338219E1,1.249020681E1,1.727442380E2
3.076389193E1,1.162021627E-1,-6.102762566E-2,5.361298393E-1,8.338689835E-1,1.666540624E2,6.460775051E1,1.308386287E1,1.724276349E2
3.077385959E1,1.205890460E-1,-6.357471151E-2,5.355420927E-1,8.334333837E-1,1.661478014E2,6.450883269E1,1.359937991E1,1.721404125E2
3.078381849E1,1.246657260E-1,-6.604416636E-2,5.357401987E-1,8.325137022E-1,1.656770954E2,6.452011246E1,1.409570033E1,1.718911638E2
3.079378527E1,1.285632918E-1,-6.819435543E-2,5.352809044E-1,8.320428855E-1,1.652268433E2,6.443889178E1,1.454357337E1,1.716280021E2
3.080374928E1,1.307585345E-1,-7.008108973E-2,5.323310864E-1,8.334353370E-1,1.649731454E2,6.402210557E1,1.483461294E1,1.714723042E2
3.081371579E1,1.319254844E-1,-7.146718255E-2,5.314486100E-1,8.336968774E-1,1.648382542E2,6.389814515E1,1.503370177E1,1.714244677E2
3.082368688E1,1.338346951E-1,-7.278226873E-2,5.316465061E-1,8.331524520E-1,1.646175173E2,6.391798998E1,1.528276829E1,1.713174979E2
3.083365381E1,1.355282420E-1,-7.430407508E-2,5.305673126E-1,8.334322569E-1,1.644216667E2,6.376296690E1,1.552557816E1,1.712206363E2
3.084364381E1,1.369915930E-1,-7.547144414E-2,5.305234600E-1,8.331159721E-1,1.642524003E2,6.375177462E1,1.573017654E1,1.711443005E2
3.085361308E1,1.387983148E-1,-7.595150689E-2,5.308333531E-1,8.325757309E-1,1.640433683E2,6.378248634E1,1.589220140E1,1.709982079E2
3.086356402E1,1.397866826E-1,-7.622127969E-2,5.285596714E-1,8.338313221E-1,1.639289946E2,6.345866255E1,1.595501723E1,1.708712375E2
3.087353141E1,1.400979110E-1,-7.636975749E-2,5.276629545E-1,8.343332919E-1,1.638929761E2,6.333199219E1,1.597897622E1,1.708315206E2
3.088348120E1,1.410708379E-1,-7.627135907E-2,5.287544542E-1,8.334869079E-1,1.637803685E2,6.347480446E1,1.604105226E1,1.707488001E2
3.089344683E1,1.411777262E-1,-7.661874148E-2,5.270864788E-1,8.344928172E-1,1.637679962E2,6.324372083E1,1.606342742E1,1.707265808E2
3.090341933E1,1.403998022E-1,-7.734789551E-2,5.258938484E-1,8.353088404E-1,1.638580365E2,6.308926008E1,1.607465049E1,1.708259297E2
3.091338563E1,1.400782609E-1,-7.788418295E-2,5.254604383E-1,8.355857004E-1,1.638952502E2,6.303524848E1,1.610324025E1,1.708823533E2
3.092335964E1,1.394030874E-1,-7.809710170E-2,5.235256046E-1,8.368922053E-1,1.639733861E2,6.277386853E1,1.606214924E1,1.709256539E2
3.093332672E1,1.388189345E-1,-7.825411899E-2,5.226513059E-1,8.375208706E-1,1.640409823E2,6.265880848E1,1.603274685E1,1.709771548E2
3.094329969E1,1.381783721E-1,-7.811544309E-2,5.211363888E-1,8.385830784E-1,1.641150996E2,6.245374066E1,1.596392910E1,1.710042891E2
3.095326735E1,1.370293209E-1,-7.767846517E-2,5.193504837E-1,8.399191011E-1,1.642480358E2,6.221427745E1,1.583212703E1,1.710601572E2
3.096321245E1,1.365161341E-1,-7.740979445E-2,5.199490906E-1,8.396570800E-1,1.643074006E2,6.230002522E1,1.578082704E1,1.711074748E2
3.097317787E1,1.364707696E-1,-7.747751513E-2,5.199548640E-1,8.396546332E-1,1.643126481E2,6.230164486E1,1.578486070E1,1.711162256E2
3.098313875E1,1.357385769E-1,-7.776073081E-2,5.186944186E-1,8.405262682E-1,1.643973393E2,6.213572795E1,1.575554289E1,1.711832787E2
3.099310365E1,1.350564837E-1,-7.804122652E-2,5.187372301E-1,8.405837253E-1,1.644762278E2,6.214950672E1,1.574271191E1,1.712699003E2
3.100307688E1,1.337741633E-1,-7.829049686E-2,5.162916604E-1,8.422695488E-1,1.646245167E2,6.182505887E1,1.566524112E1,1.713683796E2
3.101304266E1,1.308135527E-1,-7.843828168E-2,5.130335053E-1,8.447081584E-1,1.649667861E2,6.140407913E1,1.547027348E1,1.716165060E2
3.102302214E1,1.279621355E-1,-7.880106937E-2,5.138709180E-1,8.446021329E-1,1.652963045E2,6.154696367E1,1.534456108E1,1.719426871E2
3.103298928E1,1.255530223E-1,-7.900578607E-2,5.148662209E-1,8.443383794E-1,1.655746135E2,6.170641982E1,1.523040562E1,1.722170943E2
3.104296256E1,1.226403562E-1,-7.904989585E-2,5.140770467E-1,8.452427149E-1,1.659109807E2,6.162361226E1,1.505379754E1,1.725000349E2
3.105293032E1,1.197074103E-1,-7.882879884E-2,5.144691172E-1,8.454452577E-1,1.662495666E2,6.170113494E1,1.486025649E1,1.727903925E2
3.106287922E1,1.176632435E-1,-7.824124027E-2,5.160938577E-1,8.447963065E-1,1.664854783E2,6.193742905E1,1.469339138E1,1.729904844E2
3.107284506E1,1.159298259E-1,-7.778734325E-2,5.169649996E-1,8.445451994E-1,1.666854822E2,6.206829001E1,1.455168128E1,1.731532870E2
3.108284527E1,1.139135059E-1,-7.740208795E-2,5.171216412E-1,8.447590415E-1,1.669180766E2,6.210355450E1,1.439388462E1,1.733358575E2
3.109281454E1,1.113386933E-1,-7.706698186E-2,5.163547139E-1,8.456016705E-1,1.672150178E2,6.201666376E1,1.420053603E1,1.735615919E2
3.110275823E1,1.084842329E-1,-7.660311166E-2,5.158207774E-1,8.463403926E-1,1.675441088E2,6.196283220E1,1.397989810E1,1.738117743E2
3.111272490E1,1.057488553E-1,-7.604690584E-2,5.151372983E-1,8.471526495E-1,1.678593740E2,6.188662373E1,1.375655597E1,1.740420155E2
3.112271527E1,1.024481896E-1,-7.538140741E-2,5.126029165E-1,8.491526729E-1,1.682396687E2,6.156086783E1,1.347677128E1,1.742927809E2
3.113268433E1,9.936134482E-2,-7.439020090E-2,5.123935407E-1,8.497330643E-1,1.685952099E2,6.154855888E1,1.319393723E1,1.745407093E2
3.114262573E1,9.748003528E-2,-7.334195935E-2,5.133340672E-1,8.494743876E-1,1.688118439E2,6.168319648E1,1.298428975E1,1.746818765E2
3.115259204E1,9.531819195E-2,-7.234441672E-2,5.120555421E-1,8.505761867E-1,1.690607320E2,6.151762069E1,1.274928673E1,1.748198187E2
3.116262407E1,9.372289510E-2,-7.178520037E-2,5.131130757E-1,8.501634404E-1,1.692443617E2,6.166910537E1,1.260563328E1,1.749624673E2
3.117259704E1,9.361708084E-2,-7.179579470E-2,5.147380064E-1,8.491913747E-1,1.692565407E2,6.189135940E1,1.260998301E1,1.749981052E2
3.118267969E1,9.356586212E-2,-7.234202932E-2,5.135067073E-1,8.498958300E-1,1.692624358E2,6.172789453E1,1.265381499E1,1.750172485E2
3.119266370E1,9.388455645E-2,-7.323978381E-2,5.140299527E-1,8.494673813E-1,1.692257547E2,6.180357342E1,1.276475276E1,1.750467560E2
3.120254370E1,9.558993644E-2,-7.419637450E-2,5.160131478E-1,8.479905031E-1,1.690294496E2,6.206914094E1,1.297271199E1,1.749637109E2
3.121241672E1,9.745236319E-2,-7.498078248E-2,5.156327809E-1,8.479408909E-1,1.688150300E2,6.200948713E1,1.315921629E1,1.748183210E2
3.122237469E1,9.935008566E-2,-7.574209079E-2,5.160405231E-1,8.474047880E-1,1.685965065E2,6.205694088E1,1.335040355E1,1.746802987E2
3.123233829E1,1.025314716E-1,-7.652480540E-2,5.184233756E-1,8.454989386E-1,1.682300748E2,6.236535533E1,1.363363811E1,1.744472288E2
3.124230152E1,1.061633414E-1,-7.743174080E-2,5.194659328E-1,8.443274336E-1,1.678116085E2,6.248760155E1,1.394863645E1,1.741554591E2
3.125226506E1,1.099062582E-1,-7.862828411E-2,5.207873050E-1,8.429227665E-1,1.673801764E2,6.264932350E1,1.430187417E1,1.738751994E2
3.126223641E1,1.137837066E-1,-7.957697975E-2,5.210412548E-1,8.421619697E-1,1.669330478E2,6.266055853E1,1.463174140E1,1.735482207E2
3.127220079E1,1.166532618E-1,-8.073457162E-2,5.184769897E-1,8.432411023E-1,1.666020163E2,6.229240287E1,1.489932939E1,1.732840336E2
3.128215698E1,1.192615213E-1,-8.195699910E-2,5.174519066E-1,8.433879678E-1,1.663010304E2,6.213849050E1,1.516901667E1,1.730761519E2
3.129212047E1,1.226870865E-1,-8.299834188E-2,5.179830633E-1,8.424682191E-1,1.659055850E2,6.219008219E1,1.548265202E1,1.728029115E2
3.130209922E1,1.263684690E-1,-8.412346609E-2,5.179729870E-1,8.418184111E-1,1.654804200E2,6.216473871E1,1.581572211E1,1.724984174E2
3.131206428E1,1.297770586E-1,-8.598800499E-2,5.174573026E-1,8.414284985E-1,1.650865808E2,6.207697374E1,1.620134743E1,1.722553967E2
3.132202641E1,1.323265123E-1,-8.841469792E-2,5.156196856E-1,8.419078781E-1,1.647918934E2,6.181814627E1,1.657883657E1,1.721056706E2
3.133199115E1,1.339999661E-1,-9.051050218E-2,5.124984547E-1,8.433250809E-1,1.645984065E2,6.138725994E1,1.685850108E1,1.719972131E2
3.134195667E1,1.353806916E-1,-9.121760418E-2,5.103523379E-1,8.443292653E-1,1.644387320E2,6.108276058E1,1.699085653E1,1.718543432E2
3.135192152E1,1.371112810E-1,-9.138122964E-2,5.091708001E-1,8.447455615E-1,1.642385544E2,6.090348364E1,1.709841578E1,1.716627318E2
3.136189428E1,1.388597389E-1,-9.177730534E-2,5.077859456E-1,8.452504555E-1,1.640362607E2,6.069762369E1,1.722780889E1,1.714782757E2
3.137185985E1,1.404806390E-1,-9.348670003E-2,5.066544543E-1,8.454742402E-1,1.638486806E2,6.053810945E1,1.748352043E1,1.713886207E2
3.138183355E1,1.419401857E-1,-9.560651662E-2,5.056837296E-1,8.455745640E-1,1.636797360E2,6.040568958E1,1.777251695E1,1.713421992E2
3.139179995E1,1.428499281E-1,-9.687935665E-2,5.042566039E-1,8.461285752E-1,1.635744139E2,6.020924165E1,1.793939428E1,1.712922167E2
3.140175766E1,1.433710110E-1,-9.731664239E-2,5.036651237E-1,8.463425237E-1,1.635140812E2,6.012549527E1,1.800791550E1,1.712511870E2
3.141172318E1,1.439884928E-1,-9.732070509E-2,5.037642873E-1,8.461781947E-1,1.634425811E2,6.013244416E1,1.804560145E1,1.711898806E2
3.142170303E1,1.444016383E-1,-9.737451581E-2,5.033330226E-1,8.463582214E-1,1.633947381E2,6.006879415E1,1.807078180E1,1.711409758E2
3.143166995E1,1.443979274E-1,-9.743761610E-2,5.022456880E-1,8.469972954E-1,1.633951679E2,5.991929507E1,1.806557450E1,1.711213160E2
3.144164172E1,1.440410952E-1,-9.720300370E-2,5.013574847E-1,8.476110025E-1,1.634364898E2,5.979887638E1,1.801179857E1,1.711252304E2
3.145160912E1,1.434449799E-1,-9.688113514E-2,5.007853213E-1,8.480870506E-1,1.635055165E2,5.972405322E1,1.793859510E1,1.711557787E2
3.146156365E1,1.426675905E-1,-9.680782425E-2,5.006487437E-1,8.483071609E-1,1.635955245E2,5.971321913E1,1.788444374E1,1.712289235E2
3.147152974E1,1.414694621E-1,-9.687380418E-2,5.002627732E-1,8.487278805E-1,1.637342268E2,5.967376937E1,1.781730175E1,1.713482444E2
3.148150823E1,1.400233310E-1,-9.710941145E-2,5.002863057E-1,8.489268763E-1,1.639016074E2,5.969473026E1,1.775702615E1,1.715117653E2
3.149147558E1,1.384637878E-1,-9.735052934E-2,5.004950723E-1,8.490319997E-1,1.640820760E2,5.974241114E1,1.769249765E1,1.716911803E2
3.150143693E1,1.365813301E-1,-9.758436047E-2,5.000329144E-1,8.495822016E-1,1.642998590E2,5.970119039E1,1.760194167E1,1.718891284E2
3.151140370E1,1.343253843E-1,-9.769356962E-2,4.994914975E-1,8.502475531E-1,1.645607761E2,5.965198716E1,1.747659652E1,1.721166538E2
3.152136792E1,1.321793591E-1,-9.800962364E-2,4.995797684E-1,8.504956118E-1,1.648089053E2,5.968979149E1,1.738444851E1,1.723579883E2
3.153133438E1,1.302386176E-1,-9.836515371E-2,4.996247557E-1,8.507275137E-1,1.650332373E2,5.971973711E1,1.730779472E1,1.725794210E2
3.154131959E1,1.285004242E-1,-9.847706654E-2,4.997004436E-1,8.509344129E-1,1.652341077E2,5.974947732E1,1.721862039E1,1.727663388E2
3.155128792E1,1.272374902E-1,-9.847591644E-2,5.002829567E-1,8.507820392E-1,1.653800271E2,5.984266167E1,1.714989672E1,1.729081353E2
3.156123526E1,1.263256403E-1,-9.861039214E-2,5.003083012E-1,8.508874349E-1,1.654853674E2,5.985689876E1,1.711054447E1,1.730101872E2
3.157120152E1,1.254021025E-1,-9.889656938E-2,4.993792302E-1,8.515363561E-1,1.655920454E2,5.974171528E1,1.707806917E1,1.731026777E2
3.158116412E1,1.246027179E-1,-9.924354070E-2,4.984850949E-1,8.521370151E-1,1.656843723E2,5.963071697E1,1.705942465E1,1.731867205E2
3.159112995E1,1.239747229E-1,-9.935865464E-2,4.978103803E-1,8.526094951E-1,1.657568976E2,5.954589910E1,1.702926222E1,1.732441767E2
3.160111277E1,1.232848627E-1,-9.927338015E-2,4.967778407E-1,8.533214023E-1,1.658365609E2,5.941090265E1,1.697261369E1,1.732891114E2
3.161108027E1,1.223715840E-1,-9.903501161E-2,4.959113013E-1,8.539843343E-1,1.659420134E2,5.929962513E1,1.688906627E1,1.733516628E2
3.162105026E1,1.213910956E-1,-9.877812602E-2,4.953363923E-1,8.544875319E-1,1.660552131E2,5.922880824E1,1.680217928E1,1.734260730E2
3.163101803E1,1.201225574E-1,-9.859907859E-2,4.941634163E-1,8.553661852E-1,1.662016485E2,5.908007814E1,1.670218114E1,1.735227524E2
3.164096995E1,1.187119884E-1,-9.816567443E-2,4.930629967E-1,8.562475375E-1,1.663644528E2,5.894048496E1,1.656920255E1,1.736210725E2
3.165093615E1,1.177743388E-1,-9.778351581E-2,4.935133981E-1,8.561612670E-1,1.664726586E2,5.900790920E1,1.648016191E1,1.737044185E2
3.166091157E1,1.170729362E-1,-9.799005204E-2,4.931925531E-1,8.564186960E-1,1.665535934E2,5.897326648E1,1.645845458E1,1.737821606E2
3.167087870E1,1.158157458E-1,-9.875574908E-2,4.914777258E-1,8.574868280E-1,1.666986435E2,5.875981347E1,1.645159618E1,1.739219353E2
3.168085131E1,1.146120488E-1,-9.983945645E-2,4.912623694E-1,8.576464572E-1,1.668375017E2,5.875326358E1,1.649090173E1,1.741039436E2
3.169081896E1,1.138759768E-1,-1.010936134E-1,4.919809793E-1,8.571855454E-1,1.669224053E2,5.887110846E1,1.658046421E1,1.742661516E2
3.170077152E1,1.131381936E-1,-1.022625901E-1,4.918145901E-1,8.572400602E-1,1.670074989E2,5.886796037E1,1.665530184E1,1.744062632E2
3.171073761E1,1.126283645E-1,-1.031930873E-1,4.919865897E-1,8.570969804E-1,1.670662969E2,5.890637956E1,1.672128095E1,1.745159479E2
3.172072120E1,1.125721083E-1,-1.044414493E-1,4.923802085E-1,8.567270478E-1,1.670727846E2,5.897394836E1,1.684671217E1,1.746019352E2
3.173068907E1,1.126327014E-1,-1.061355487E-1,4.924738140E-1,8.564570406E-1,1.670657967E2,5.900461410E1,1.702197065E1,1.746959010E2
3.174066245E1,1.126357241E-1,-1.077626904E-1,4.926177237E-1,8.561706457E-1,1.670654481E2,5.904253433E1,1.718747474E1,1.747931359E2
3.175063084E1,1.124387891E-1,-1.092400924E-1,4.926684912E-1,8.559800691E-1,1.670881595E2,5.906862491E1,1.732580078E1,1.749005095E2
3.176057985E1,1.119629449E-1,-1.100368170E-1,4.933742010E-1,8.555338074E-1,1.671430337E2,5.917968901E1,1.738312252E1,1.750107083E2
3.177054625E1,1.112483743E-1,-1.105462697E-1,4.957439153E-1,8.541904307E-1,1.672254323E2,5.951812949E1,1.740695005E1,1.751636294E2
3.178052985E1,1.103266395E-1,-1.107445200E-1,4.979908986E-1,8.529764058E-1,1.673317095E2,5.983869455E1,1.738603791E1,1.753170170E2
3.179049803E1,1.086913718E-1,-1.104400914E-1,4.994365799E-1,8.523803579E-1,1.675202312E2,6.005063231E1,1.726807407E1,1.754967211E2
3.180045605E1,1.063656597E-1,-1.097384368E-1,5.007308742E-1,8.520049375E-1,1.677882925E2,6.024364986E1,1.706860268E1,1.757196496E2
3.181042318E1,1.032912917E-1,-1.086082617E-1,5.013276848E-1,8.521770397E-1,1.681425410E2,6.034245430E1,1.677849734E1,1.759783145E2
3.182037964E1,9.922078869E-2,-1.073155706E-1,5.011398928E-1,8.529345879E-1,1.686113964E2,6.034063042E1,1.641026462E1,1.763123311E2
3.183034568E1,9.458172925E-2,-1.057764798E-1,5.020697696E-1,8.531070151E-1,1.691455075E2,6.049313168E1,1.598886686E1,1.767104385E2
3.184034386E1,8.967545551E-2,-1.042877365E-1,5.032714865E-1,8.531120627E-1,1.697101269E2,6.068426187E1,1.555721126E1,1.771418657E2
3.185031313E1,8.437673552E-2,-1.029653355E-1,5.039065957E-1,8.534382514E-1,1.703196286E2,6.080174234E1,1.511665223E1,1.776104417E2
3.186027646E1,7.893450986E-2,-1.015921940E-1,5.045203073E-1,8.537608733E-1,1.709453521E2,6.091500341E1,1.466215602E1,1.780883703E2
3.187024516E1,7.359362751E-2,-9.997570778E-2,5.050180452E-1,8.541344214E-1,1.715591605E2,6.100651632E1,1.418878401E1,1.785378210E2
3.188020698E1,6.850807035E-2,-9.872942247E-2,5.053593246E-1,8.545004965E-1,1.721433996E2,6.107775193E1,1.376682188E1,1.789798426E2
3.189017495E1,6.398934301E-2,-9.812522942E-2,5.061004400E-1,8.544818008E-1,1.726623481E2,6.120595837E1,1.344209376E1,1.794089488E2
3.190011777E1,5.994543181E-2,-9.759367130E-2,5.063336789E-1,8.546977396E-1,1.731266388E2,6.126137347E1,1.315175264E1,1.797857944E2
3.191008318E1,5.660094418E-2,-9.745610401E-2,5.068406044E-1,8.546410022E-1,1.735105414E2,6.135331831E1,1.294145238E1,-1.798799264E2
3.192005594E1,5.426827315E-2,-9.792974594E-2,5.074359322E-1,8.543848630E-1,1.737782575E2,6.145785444E1,1.285090133E1,-1.796089466E2
3.193002209E1,5.255777912E-2,-9.865426630E-2,5.071547915E-1,8.545753525E-1,1.739745459E2,6.144231503E1,1.282211494E1,-1.793984636E2
3.194000933E1,5.146945658E-2,-9.945134502E-2,5.067695113E-1,8.547777415E-1,1.740994276E2,6.140928056E1,1.283733611E1,-1.792473254E2
3.194997761E1,5.147826522E-2,-1.007777460E-1,5.067089539E-1,8.546577503E-1,1.740984168E2,6.142013972E1,1.296935998E1,-1.791687547E2
3.195995172E1,5.225849116E-2,-1.025522603E-1,5.058833286E-1,8.548883798E-1,1.740088890E2,6.132821446E1,1.319199645E1,-1.791520407E2
3.196992058E1,5.360924434E-2,-1.045351534E-1,5.051325226E-1,8.550085294E-1,1.738538868E2,6.124549363E1,1.346883588E1,-1.791789463E2
3.197988178E1,5.549492733E-2,-1.065872970E-1,5.042197307E-1,8.551736224E-1,1.736374811E2,6.113778143E1,1.378413615E1,-1.792583413E2
3.198984985E1,5.793807682E-2,-1.084997102E-1,5.030316829E-1,8.554706997E-1,1.733570654E2,6.098591534E1,1.411837389E1,-1.794074766E2
3.199980719E1,6.067188079E-2,-1.105389327E-1,5.017428729E-1,8.557769316E-1,1.730432421E2,6.081951865E1,1.448205123E1,-1.795809677E2
3.200977417E1,6.379126050E-2,-1.125810413E-1,5.005102058E-1,8.560056764E-1,1.726850932E2,6.065697382E1,1.486819846E1,-1.797934329E2
3.201973886E1,6.690176656E-2,-1.146707068E-1,4.989310859E-1,8.564126074E-1,1.723278918E2,6.044735080E1,1.525821964E1,1.799901727E2
3.202970563E1,6.978131026E-2,-1.166808126E-1,4.977844483E-1,8.565785426E-1,1.719971470E2,6.029679374E1,1.562646410E1,1.797987549E2
3.203967219E1,7.231291166E-2,-1.183408197E-1,4.966925137E-1,8.567746729E-1,1.717063118E2,6.015076039E1,1.593921488E1,1.796213988E2
3.204963891E1,7.409305244E-2,-1.197166189E-1,4.954719571E-1,8.571380814E-1,1.715017739E2,5.998935656E1,1.617961354E1,1.794998451E2
3.205959813E1,7.541895549E-2,-1.207987686E-1,4.948972447E-1,8.572026341E-1,1.713494103E2,5.991553618E1,1.636451746E1,1.794188028E2
3.206956407E1,7.615759060E-2,-1.214666446E-1,4.941193945E-1,8.574916324E-1,1.712645248E2,5.981294260E1,1.647369713E1,1.793683897E2
3.207953803E1,7.628643866E-2,-1.218603433E-1,4.933258227E-1,8.578811507E-1,1.712497168E2,5.970978629E1,1.652008992E1,1.793631734E2
3.208950480E1,7.608590751E-2,-1.220314951E-1,4.929038658E-1,8.581171411E-1,1.712727630E2,5.965702102E1,1.652542012E1,1.793855112E2
3.209947355E1,7.542639682E-2,-1.217441152E-1,4.923031768E-1,8.585608954E-1,1.713485551E2,5.957700925E1,1.645814134E1,1.794236862E2
3.210944047E1,7.435743868E-2,-1.210267219E-1,4.917788798E-1,8.590558988E-1,1.714713937E2,5.950454780E1,1.632421182E1,1.794795282E2
3.211939016E1,7.311380308E-2,-1.201818400E-1,4.915094158E-1,8.594353910E-1,1.716142928E2,5.946648809E1,1.616767579E1,1.795506633E2
3.212935532E1,7.169823860E-2,-1.193280288E-1,4.911747766E-1,8.598648283E-1,1.717769315E2,5.942109242E1,1.600043671E1,1.796376146E2
3.213933948E1,7.004101473E-2,-1.184597399E-1,4.908975481E-1,8.602796891E-1,1.719673141E2,5.938556737E1,1.581802489E1,1.797494967E2
3.214930657E1,6.830871047E-2,-1.174146710E-1,4.908799780E-1,8.605722296E-1,1.721662982E2,5.938310449E1,1.561371500E1,1.798634002E2
3.215927662E1,6.653034180E-2,-1.164046127E-1,4.908332559E-1,8.608753653E-1,1.723705490E2,5.937753546E1,1.541035396E1,1.799834686E2
3.216924402E1,6.475517440E-2,-1.154537732E-1,4.907468923E-1,8.611879477E-1,1.725744079E2,5.936734894E1,1.521320604E1,-1.798940478E2
3.217920052E1,6.302609331E-2,-1.145515851E-1,4.908212033E-1,8.613943303E-1,1.727729517E2,5.937910966E1,1.502362207E1,-1.797705328E2
3.218916683E1,6.140124456E-2,-1.137574343E-1,4.909419958E-1,8.615480776E-1,1.729595070E2,5.939773554E1,1.485086090E1,-1.796504866E2
3.219914652E1,5.992337695E-2,-1.131544374E-1,4.909918706E-1,8.617031073E-1,1.731291706E2,5.940827806E1,1.470573980E1,-1.795353758E2
3.220911417E1,5.856083390E-2,-1.127546023E-1,4.909424847E-1,8.618773144E-1,1.732855813E2,5.940741952E1,1.458767994E1,-1.794217095E2
3.221908896E1,5.735793178E-2,-1.125135299E-1,4.910371307E-1,8.619357920E-1,1.734236559E2,5.942700203E1,1.449459220E1,-1.793123822E2
3.222905730E1,5.639138727E-2,-1.123927638E-1,4.911999852E-1,8.619225328E-1,1.735345933E2,5.945554163E1,1.442701863E1,-1.792187714E2
3.223899922E1,5.557484555E-2,-1.123935658E-1,4.911746759E-1,8.619898843E-1,1.736283090E2,5.945921895E1,1.438037704E1,-1.791364012E2
3.224896485E1,5.493786796E-2,-1.125086365E-1,4.912274469E-1,8.619856337E-1,1.737014130E2,5.947366869E1,1.435538720E1,-1.790641270E2
3.225894860E1,5.453093454E-2,-1.126510769E-1,4.913834583E-1,8.619039442E-1,1.737481141E2,5.950050697E1,1.434618361E1,-1.790117872E2
3.226891605E1,5.426118437E-2,-1.128794143E-1,4.913289425E-1,8.619221728E-1,1.737790710E2,5.949909270E1,1.435367721E1,-1.789718203E2
3.227887547E1,5.412562953E-2,-1.132889111E-1,4.914056582E-1,8.618332309E-1,1.737946274E2,5.951715167E1,1.438684985E1,-1.789324395E2
3.228884214E1,5.409873621E-2,-1.136785387E-1,4.914391266E-1,8.617645278E-1,1.737977136E2,5.952814548E1,1.442430475E1,-1.789059688E2
3.229880579E1,5.402694673E-2,-1.140998869E-1,4.912838664E-1,8.618018725E-1,1.738059521E2,5.951456719E1,1.446260814E1,-1.788762841E2
3.230877214E1,5.397332344E-2,-1.144746148E-1,4.912575927E-1,8.617705150E-1,1.738121059E2,5.951753889E1,1.449711799E1,-1.788490001E2
3.231874563E1,5.392940594E-2,-1.146759464E-1,4.911795537E-1,8.617909796E-1,1.738171458E2,5.951063953E1,1.451488042E1,-1.788339073E2
3.232871266E1,5.383170636E-2,-1.147134244E-1,4.910270586E-1,8.618789969E-1,1.738283576E2,5.949149315E1,1.451324667E1,-1.788244002E2
3.233868323E1,5.374393701E-2,-1.146463323E-1,4.910102500E-1,8.619029772E-1,1.738384298E2,5.948889932E1,1.450151942E1,-1.788197877E2
3.234865063E1,5.365333709E-2,-1.143740932E-1,4.909850805E-1,8.619591272E-1,1.738488268E2,5.948187711E1,1.446908367E1,-1.788272371E2
3.235859271E1,5.348977175E-2,-1.139349754E-1,4.909418698E-1,8.620520554E-1,1.738675970E2,5.947037235E1,1.441577162E1,-1.788375189E2
3.236855750E1,5.331217121E-2,-1.133515554E-1,4.909571774E-1,8.621312471E-1,1.738879776E2,5.946460726E1,1.434711852E1,-1.788539431E2
3.237854928E1,5.309591707E-2,-1.125907583E-1,4.908990554E-1,8.622773696E-1,1.739127936E2,5.944648836E1,1.425857793E1,-1.788782095E2
3.238851683E1,5.287053229E-2,-1.116910955E-1,4.908743542E-1,8.624222715E-1,1.739386572E2,5.943086069E1,1.415555802E1,-1.789091830E2
3.239849219E1,5.265532505E-2,-1.106572187E-1,4.908188494E-1,8.626002862E-1,1.739633525E2,5.940902684E1,1.403971169E1,-1.789495998E2
3.240846052E1,5.245605739E-2,-1.095798641E-1,4.907414056E-1,8.627940011E-1,1.739862185E2,5.938360612E1,1.392044541E1,-1.789944877E2
3.241842625E1,5.224134375E-2,-1.085140000E-1,4.906732997E-1,8.629804556E-1,1.740108566E2,5.935993955E1,1.380143543E1,-1.790368916E2
3.242839433E1,5.199759936E-2,-1.073681787E-1,4.905500686E-1,8.632085229E-1,1.740388257E2,5.932807404E1,1.367281235E1,-1.790818832E2
3.243835532E1,5.172378636E-2,-1.061781294E-1,4.904024449E-1,8.634560190E-1,1.740702446E2,5.929273478E1,1.353806010E1,-1.791267167E2
3.244832266E1,5.147517837E-2,-1.049817119E-1,4.903819217E-1,8.636288075E-1,1.740987710E2,5.927443196E1,1.340397878E1,-1.791723420E2
3.245828079E1,5.121121747E-2,-1.037470971E-1,4.902411136E-1,8.638736028E-1,1.741290587E2,5.923975075E1,1.326530802E1,-1.792204577E2
3.246824719E1,5.095920968E-2,-1.024875152E-1,4.900817924E-1,8.641292177E-1,1.741579744E2,5.920238512E1,1.312482417E1,-1.792714062E2
3.247822761E1,5.082316605E-2,-1.013111060E-1,4.901188546E-1,8.642549242E-1,1.741735841E2,5.919191336E1,1.299911643E1,-1.793260690E2
3.248819542E1,5.077979784E-2,-1.001361298E-1,4.899663924E-1,8.644808280E-1,1.741785601E2,5.915551751E1,1.287896974E1,-1.793928287E2
3.249815052E1,5.080808590E-2,-9.906431052E-2,4.898780263E-1,8.646527165E-1,1.741753144E2,5.912882483E1,1.277317833E1,-1.794597208E2
3.250811704E1,5.101211965E-2,-9.803684884E-2,4.899529775E-1,8.647153403E-1,1.741519035E2,5.912350772E1,1.268172361E1,-1.795392720E2
3.251808829E1,5.130893892E-2,-9.696349992E-2,4.897981636E-1,8.649064871E-1,1.741178459E2,5.908626976E1,1.259104851E1,-1.796342359E2
3.252805527E1,5.171163756E-2,-9.594457488E-2,4.897170049E-1,8.650420800E-1,1.740716387E2,5.905906380E1,1.251177942E1,-1.797355500E2
3.253801370E1,5.221724210E-2,-9.490451610E-2,4.896982151E-1,8.651370704E-1,1.740136223E2,5.903940958E1,1.243619154E1,-1.798475101E2
3.254797980E1,5.274055896E-2,-9.387393401E-2,4.895536433E-1,8.652995714E-1,1.739535718E2,5.900313211E1,1.236254485E1,-1.799624669E2
3.255794631E1,5.324478510E-2,-9.288753709E-2,4.895124002E-1,8.653984680E-1,1.738957105E2,5.898163427E1,1.229220329E1,1.799286520E2
3.256791240E1,5.367696568E-2,-9.187838744E-2,4.894532008E-1,8.655129748E-1,1.738461153E2,5.895821404E1,1.221546442E1,1.798255446E2
3.257789532E1,5.394291134E-2,-9.079144185E-2,4.893403098E-1,8.656749607E-1,1.738155959E2,5.892813160E1,1.212145197E1,1.797340481E2
3.258786313E1,5.411096176E-2,-8.967971158E-2,4.893516060E-1,8.657739652E-1,1.737963106E2,5.891534308E1,1.201942445E1,1.796528584E2
3.259783188E1,5.420363047E-2,-8.853376236E-2,4.893040029E-1,8.659130050E-1,1.737856760E2,5.889506277E1,1.190966124E1,1.795765520E2
3.260779980E1,5.417041213E-2,-8.747765190E-2,4.891800969E-1,8.660924083E-1,1.737894881E2,5.886673449E1,1.180173161E1,1.795171833E2
3.261775730E1,5.412254181E-2,-8.637246184E-2,4.891858009E-1,8.662030942E-1,1.737949817E2,5.885549545E1,1.168811365E1,1.794583239E2
3.262772412E1,5.408476923E-2,-8.534522400E-2,4.891018641E-1,8.663546600E-1,1.737993165E2,5.883325987E1,1.158283164E1,1.794017760E2
3.263769636E1,5.405359424E-2,-8.441877502E-2,4.890426239E-1,8.664808084E-1,1.738028941E2,5.881554447E1,1.148804823E1,1.793507648E2
3.264766370E1,5.401775667E-2,-8.359883435E-2,4.889851031E-1,8.665949953E-1,1.738070068E2,5.879936773E1,1.140368693E1,1.793064272E2
3.265765584E1,5.400408731E-2,-8.291507374E-2,4.889944438E-1,8.666562658E-1,1.738085755E2,5.879350800E1,1.133429893E1,1.792686057E2
3.266762568E1,5.402403791E-2,-8.237070456E-2,4.889957190E-1,8.667062116E-1,1.738062860E2,5.878786612E1,1.128079550E1,1.792353116E2
3.267756407E1,5.404724120E-2,-8.191939975E-2,4.889281495E-1,8.667856553E-1,1.738036232E2,5.877402211E1,1.123675305E1,1.792061450E2
3.268753073E1,5.412640508E-2,-8.156513858E-2,4.889583889E-1,8.667970665E-1,1.737945383E2,5.877388429E1,1.120570152E1,1.791781937E2
3.269749511E1,5.434173416E-2,-8.128810358E-2,4.889896354E-1,8.667919915E-1,1.737698271E2,5.877376800E1,1.119009956E1,1.791409371E2
3.270746152E1,5.460471719E-2,-8.112135595E-2,4.889049424E-1,8.668388592E-1,1.737396466E2,5.875898886E1,1.118814154E1,1.791036851E2
3.271747303E1,5.490686528E-2,-8.096493661E-2,4.888363983E-1,8.668730535E-1,1.737049710E2,5.874621175E1,1.118944239E1,1.790632805E2
3.272744402E1,5.531198029E-2,-8.085527391E-2,4.888402083E-1,8.668553860E-1,1.736584776E2,5.874286800E1,1.120132868E1,1.790160993E2
3.273736302E1,5.579080175E-2,-8.070131181E-2,4.887916288E-1,8.668664420E-1,1.736035238E2,5.873158999E1,1.121286880E1,1.789582396E2
3.274732875E1,5.629756520E-2,-8.063783292E-2,4.887463639E-1,8.668651082E-1,1.735453616E2,5.872146637E1,1.123506786E1,1.789027840E2
3.275729985E1,5.682889907E-2,-8.062545335E-2,4.887234589E-1,8.668445035E-1,1.734843776E2,5.871465933E1,1.126380880E1,1.788480612E2
3.276726610E1,5.731551965E-2,-8.064462235E-2,4.887160103E-1,8.668148807E-1,1.734285239E2,5.871052318E1,1.129321054E1,1.787998642E2
3.277723495E1,5.773856016E-2,-8.066725499E-2,4.887263468E-1,8.667788706E-1,1.733799666E2,5.870922243E1,1.131939371E1,1.787585241E2
3.278720141E1,5.806134067E-2,-8.067010879E-2,4.887119488E-1,8.667651616E-1,1.733429166E2,5.870510808E1,1.133789203E1,1.787258578E2
3.279717792E1,5.828460839E-2,-8.062912003E-2,4.886684646E-1,8.667785075E-1,1.733172886E2,5.869736252E1,1.134632187E1,1.787003540E2
3.280714537E1,5.843264678E-2,-8.057110282E-2,4.886552511E-1,8.667813846E-1,1.733002957E2,5.869400986E1,1.134883627E1,1.786818828E2
3.281710631E1,5.853741609E-2,-8.045081188E-2,4.886252456E-1,8.668024037E-1,1.732882694E2,5.868810671E1,1.134262605E1,1.786639972E2
3.282707313E1,5.857959134E-2,-8.031931992E-2,4.885827114E-1,8.668357240E-1,1.732834282E2,5.868085702E1,1.133173533E1,1.786516359E2
3.283702881E1,5.857193358E-2,-8.019482007E-2,4.885620377E-1,8.668594204E-1,1.732843072E2,5.867694010E1,1.131876623E1,1.786450063E2
3.284699454E1,5.853927328E-2,-7.999191136E-2,4.885178011E-1,8.669053037E-1,1.732880562E2,5.866929369E1,1.129647295E1,1.786361059E2
3.285697047E1,5.846880030E-2,-7.975496413E-2,4.884715408E-1,8.669579568E-1,1.732961457E2,5.866131538E1,1.126862256E1,1.786290587E2
3.286693719E1,5.837954505E-2,-7.951206758E-2,4.884292006E-1,8.670101359E-1,1.733063911E2,5.865394000E1,1.123912062E1,1.786236270E2
3.287690026E1,5.827926869E-2,-7.920978469E-2,4.883498365E-1,8.670892538E-1,1.733179015E2,5.864114077E1,1.120297285E1,1.786154327E2
3.288686662E1,5.815221709E-2,-7.884625381E-2,4.882548152E-1,8.671844229E-1,1.733324853E2,5.862586748E1,1.115913674E1,1.786062496E2
3.289682672E1,5.798033723E-2,-7.842401433E-2,4.881698342E-1,8.672820576E-1,1.733522145E2,5.861170303E1,1.110689091E1,1.785983889E2
3.290679245E1,5.778252406E-2,-7.792677199E-2,4.880934272E-1,8.673830782E-1,1.733749203E2,5.859817908E1,1.104566331E1,1.785889920E2
3.291677631E1,5.753692524E-2,-7.739571756E-2,4.880050868E-1,8.674966515E-1,1.734031108E2,5.858310290E1,1.097832757E1,1.785823618E2
3.292674381E1,5.724140967E-2,-7.687930458E-2,4.879774618E-1,8.675776567E-1,1.734370303E2,5.857661958E1,1.090975173E1,1.785824081E2
3.293670417E1,5.692335596E-2,-7.638407288E-2,4.879307969E-1,8.676685671E-1,1.734735361E2,5.856796628E1,1.084200681E1,1.785857103E2
3.294667094E1,5.656576885E-2,-7.612419838E-2,4.878837545E-1,8.677412416E-1,1.735145787E2,5.856168182E1,1.079568005E1,1.786064402E2
3.295663402E1,5.607496670E-2,-7.581906651E-2,4.879070601E-1,8.677867065E-1,1.735709099E2,5.856522468E1,1.073741872E1,1.786389376E2
3.296660042E1,5.552133751E-2,-7.538299159E-2,4.877852838E-1,8.679287428E-1,1.736344501E2,5.854865540E1,1.066224673E1,1.786685045E2
3.297657750E1,5.503058258E-2,-7.501000764E-2,4.879055786E-1,8.679246972E-1,1.736907726E2,5.856447921E1,1.059732927E1,1.786983194E2
3.298654495E1,5.463435800E-2,-7.469289154E-2,4.879014284E-1,8.679794093E-1,1.737362450E2,5.856361888E1,1.054316014E1,1.787202196E2
3.299651146E1,5.426464900E-2,-7.457895011E-2,4.878166055E-1,8.680600714E-1,1.737786734E2,5.855366848E1,1.051077377E1,1.787500347E2
3.300647881E1,5.409240338E-2,-7.464896595E-2,4.880126084E-1,8.679546289E-1,1.737984404E2,5.858149175E1,1.050838278E1,1.787738265E2
3.301645849E1,5.406524151E-2,-7.481541109E-2,4.879987442E-1,8.679497852E-1,1.738015575E2,5.858132198E1,1.052354577E1,1.787858935E2
3.302642709E1,5.408623815E-2,-7.503593305E-2,4.879881968E-1,8.679353705E-1,1.737991479E2,5.858178126E1,1.054685661E1,1.787962220E2
3.303639454E1,5.428165851E-2,-7.520273271E-2,4.881297362E-1,8.678291371E-1,1.737767214E2,5.860089096E1,1.057481243E1,1.787877402E2
3.304636297E1,5.448170641E-2,-7.526908406E-2,4.880528121E-1,8.678541129E-1,1.737537636E2,5.858996478E1,1.059263904E1,1.787703691E2
3.305630381E1,5.467699180E-2,-7.536036428E-2,4.880352738E-1,8.678437726E-1,1.737313522E2,5.858720173E1,1.061278316E1,1.787556315E2
3.306626948E1,5.492956572E-2,-7.557410954E-2,4.881720943E-1,8.677322762E-1,1.737023658E2,5.860574110E1,1.064867642E1,1.787440073E2
3.307623063E1,5.511323809E-2,-7.573929941E-2,4.881285413E-1,8.677307282E-1,1.736812866E2,5.860025884E1,1.067555226E1,1.787343378E2
3.308619584E1,5.519175179E-2,-7.580117164E-2,4.881262661E-1,8.677216151E-1,1.736722758E2,5.860001203E1,1.068618690E1,1.787299081E2
3.309618849E1,5.524453178E-2,-7.577995781E-2,4.882379036E-1,8.676572994E-1,1.736662184E2,5.861434714E1,1.068719550E1,1.787247552E2
3.310615646E1,5.522112274E-2,-7.562899723E-2,4.882009881E-1,8.676927322E-1,1.736689050E2,5.860820297E1,1.067066354E1,1.787180431E2
3.311612683E1,5.512862356E-2,-7.540173175E-2,4.881775317E-1,8.677315894E-1,1.736795208E2,5.860360895E1,1.064259520E1,1.787141258E2
3.312609506E1,5.505338413E-2,-7.513468325E-2,4.882965499E-1,8.676925628E-1,1.736881557E2,5.861752652E1,1.061171756E1,1.787079600E2
3.313606053E1,5.496037926E-2,-7.489834207E-2,4.882732232E-1,8.677320177E-1,1.736988295E2,5.861288403E1,1.058271103E1,1.787035791E2
3.314602844E1,5.482500297E-2,-7.470761833E-2,4.882814029E-1,8.677524200E-1,1.737143659E2,5.861312563E1,1.055594380E1,1.787064714E2
3.315599344E1,5.471801907E-2,-7.454162576E-2,4.883618138E-1,8.677281967E-1,1.737266438E2,5.862302875E1,1.053336795E1,1.787087936E2
3.316596110E1,5.461026749E-2,-7.434953155E-2,4.883361521E-1,8.677659064E-1,1.737390097E2,5.861857917E1,1.050797093E1,1.787084010E2
3.317592422E1,5.450811034E-2,-7.419301275E-2,4.883511523E-1,8.677772841E-1,1.737507335E2,5.861982940E1,1.048652172E1,1.787099718E2
3.318589141E1,5.445329219E-2,-7.400774788E-2,4.883901111E-1,8.677746203E-1,1.737570245E2,5.862371495E1,1.046489129E1,1.787054140E2
3.319585402E1,5.445931722E-2,-7.380557443E-2,4.883572996E-1,8.678099261E-1,1.737563331E2,5.861751328E1,1.044488614E1,1.786928733E2
3.320582073E1,5.455780272E-2,-7.368401585E-2,4.884074358E-1,8.677858541E-1,1.737450307E2,5.862248921E1,1.043831061E1,1.786766045E2
3.321579152E1,5.473273783E-2,-7.365988075E-2,4.884517851E-1,8.677519248E-1,1.737249546E2,5.862707286E1,1.044581734E1,1.786581022E2
3.322575865E1,5.493170902E-2,-7.367070757E-2,4.884237133E-1,8.677542339E-1,1.737021198E2,5.862216873E1,1.045807704E1,1.786382848E2
3.323571959E1,5.513646387E-2,-7.367704225E-2,4.884510784E-1,8.677253067E-1,1.736786210E2,5.862456821E1,1.047029886E1,1.786183018E2
3.324568605E1,5.535852076E-2,-7.360907819E-2,4.884594973E-1,8.677121973E-1,1.736531363E2,5.862368091E1,1.047600791E1,1.785921025E2
3.325565875E1,5.554134550E-2,-7.349197244E-2,4.884126346E-1,8.677368192E-1,1.736321538E2,5.861525292E1,1.047448074E1,1.785663881E2
3.326562579E1,5.573940595E-2,-7.345573420E-2,4.884412017E-1,8.677111076E-1,1.736094225E2,5.861748083E1,1.048205477E1,1.785446667E2
3.327558803E1,5.594107217E-2,-7.346848330E-2,4.884494131E-1,8.676924278E-1,1.735862772E2,5.861740167E1,1.049471689E1,1.785251253E2
3.328555459E1,5.606530865E-2,-7.348767418E-2,4.884247546E-1,8.676966647E-1,1.735720183E2,5.861349342E1,1.050360489E1,1.785133692E2
3.329552448E1,5.613032996E-2,-7.345066752E-2,4.884506544E-1,8.676810149E-1,1.735645557E2,5.861620576E1,1.050359927E1,1.785050086E2
3.330549136E1,5.613617167E-2,-7.329626478E-2,4.884306940E-1,8.677049296E-1,1.735638852E2,5.861216939E1,1.048839216E1,1.784953721E2
3.331544511E1,5.608052470E-2,-7.302796773E-2,4.883698197E-1,8.677654118E-1,1.735702720E2,5.860209681E1,1.045821251E1,1.784849579E2
3.332541063E1,5.603732079E-2,-7.274547192E-2,4.883942877E-1,8.677781599E-1,1.735752306E2,5.860319739E1,1.042745767E1,1.784735214E2
3.333539256E1,5.602014058E-2,-7.248176842E-2,4.883833696E-1,8.678074795E-1,1.735772024E2,5.859959486E1,1.039999454E1,1.784600995E2
3.334535980E1,5.602225304E-2,-7.229048844E-2,4.883737032E-1,8.678287380E-1,1.735769599E2,5.859666453E1,1.038089203E1,1.784488728E2
3.335531204E1,5.606280811E-2,-7.211218308E-2,4.884139548E-1,8.678183009E-1,1.735723053E2,5.860025346E1,1.036534820E1,1.784351069E2
3.336527771E1,5.611193851E-2,-7.192163228E-2,4.883953182E-1,8.678414269E-1,1.735666665E2,5.859585239E1,1.034895229E1,1.784190677E2
3.337526422E1,5.616771315E-2,-7.170197025E-2,4.883811692E-1,8.678639577E-1,1.735602651E2,5.859176989E1,1.033001553E1,1.784007562E2
3.338523198E1,5.625091519E-2,-7.153630930E-2,4.883925704E-1,8.678658238E-1,1.735507158E2,5.859137752E1,1.031809267E1,1.783830587E2
3.339519891E1,5.632578854E-2,-7.140332798E-2,4.883693898E-1,8.678849632E-1,1.735421223E2,5.858671304E1,1.030891673E1,1.783676485E2
3.340516662E1,5.639431358E-2,-7.129609584E-2,4.883736012E-1,8.678869591E-1,1.735342574E2,5.858595204E1,1.030201937E1,1.783546747E2
3.341513599E1,5.647024571E-2,-7.118524869E-2,4.883746939E-1,8.678905058E-1,1.735255423E2,5.858470239E1,1.029517043E1,1.783407103E2
3.342510386E1,5.654307297E-2,-7.107063213E-2,4.883553240E-1,8.679060570E-1,1.735171836E2,5.858072062E1,1.028772857E1,1.783266003E2
3.343505214E1,5.663686711E-2,-7.092222163E-2,4.883460604E-1,8.679172939E-1,1.735064183E2,5.857767771E1,1.027809375E1,1.783085718E2
3.344501802E1,5.673221896E-2,-7.075343014E-2,4.883366526E-1,8.679301361E-1,1.734954742E2,5.857444393E1,1.026649947E1,1.782892260E2
3.345499844E1,5.684103934E-2,-7.059845033E-2,4.883223238E-1,8.679436981E-1,1.734829842E2,5.857059080E1,1.025704015E1,1.782692484E2
3.346496579E1,5.695782886E-2,-7.048138166E-2,4.883207912E-1,8.679464185E-1,1.734695793E2,5.856870506E1,1.025186112E1,1.782507762E2
3.347492381E1,5.704992582E-2,-7.036307707E-2,4.883005280E-1,8.679613688E-1,1.734590086E2,5.856447414E1,1.024512880E1,1.782345047E2
3.348489016E1,5.706211518E-2,-7.035978813E-2,4.882886500E-1,8.679675164E-1,1.734576095E2,5.856279109E1,1.024546093E1,1.782329449E2
3.349484990E1,5.711397844E-2,-7.015779331E-2,4.883291782E-1,8.679576552E-1,1.734516567E2,5.856622644E1,1.022818305E1,1.782167034E2
3.350481563E1,5.715563462E-2,-6.990283198E-2,4.883727577E-1,8.679509646E-1,1.734468755E2,5.856971318E1,1.020502001E1,1.781985174E2
3.351480276E1,5.716246327E-2,-6.966063783E-2,4.884000321E-1,8.679546399E-1,1.734460917E2,5.857135954E1,1.018114474E1,1.781843811E2
3.352477063E1,5.718880378E-2,-6.934430136E-2,4.884563375E-1,8.679465508E-1,1.734430684E2,5.857616868E1,1.015098727E1,1.781644034E2
3.353473823E1,5.718132717E-2,-6.901617166E-2,4.884286971E-1,8.679887509E-1,1.734439265E2,5.856994216E1,1.011756438E1,1.781461812E2
3.354470605E1,5.719431045E-2,-6.868534204E-2,4.884561407E-1,8.679986942E-1,1.734424363E2,5.857091492E1,1.008514089E1,1.781263921E2
3.355467136E1,5.725241971E-2,-6.828064230E-2,4.885033374E-1,8.680002325E-1,1.734357665E2,5.857368479E1,1.004788803E1,1.780980828E2
3.356463891E1,5.729351107E-2,-6.777754236E-2,4.884655833E-1,8.680581964E-1,1.734310501E2,5.856453409E1,9.999612599E0,1.780649158E2
3.357459688E1,5.736877152E-2,-6.730635227E-2,4.884662553E-1,8.680895095E-1,1.734224117E2,5.856057503E1,9.956549501E0,1.780305695E2
3.358456344E1,5.744657785E-2,-6.690729687E-2,4.884823612E-1,8.681061497E-1,1.734134810E2,5.855923570E1,9.920907027E0,1.780002469E2
3.359454526E1,5.748487696E-2,-6.647872309E-2,4.883957125E-1,8.681852892E-1,1.734090850E2,5.854428309E1,9.879837851E0,1.779710615E2
3.360451339E1,5.755661973E-2,-6.600838633E-2,4.883496093E-1,8.682423553E-1,1.734008502E2,5.853424905E1,9.836549150E0,1.779366104E2
3.361445344E1,5.765099082E-2,-6.556069854E-2,4.883173209E-1,8.682881734E-1,1.733900181E2,5.852612380E1,9.796837782E0,1.779013293E2
3.362441870E1,5.771618197E-2,-6.512141609E-2,4.882481502E-1,8.683557954E-1,1.733825353E2,5.851337023E1,9.756235231E0,1.778690627E2
3.363441865E1,5.777828760E-2,-6.472500046E-2,4.882057512E-1,8.684051406E-1,1.733754066E2,5.850453490E1,9.719824804E0,1.778398520E2
3.364438740E1,5.786967762E-2,-6.432220004E-2,4.881830391E-1,8.684417512E-1,1.733649165E2,5.849812837E1,9.684467644E0,1.778075544E2
3.365433886E1,5.791551030E-2,-6.394768931E-2,4.881052676E-1,8.685100658E-1,1.733596557E2,5.848490408E1,9.649246095E0,1.777808482E2
3.366430584E1,5.798482361E-2,-6.353441979E-2,4.880696733E-1,8.685557735E-1,1.733516996E2,5.847690516E1,9.611557916E0,1.777500606E2
3.367429063E1,5.809239736E-2,-6.315314498E-2,4.880744946E-1,8.685736822E-1,1.733393517E2,5.847430242E1,9.579337318E0,1.777176797E2
3.368425938E1,5.818037582E-2,-6.274723790E-2,4.880363974E-1,8.686186176E-1,1.733292531E2,5.846597647E1,9.543427717E0,1.776854129E2
3.369418792E1,5.824808161E-2,-6.239480568E-2,4.879952117E-1,8.686626057E-1,1.733214814E2,5.845774768E1,9.511736796E0,1.776581913E2
3.370415266E1,5.836235956E-2,-6.201986514E-2,4.880175563E-1,8.686692328E-1,1.733083638E2,5.845756102E1,9.480574637E0,1.776257029E2
3.371414646E1,5.847125548E-2,-6.169626558E-2,4.880580599E-1,8.686621974E-1,1.732958639E2,5.846018051E1,9.454316582E0,1.775968626E2
3.372411412E1,5.856814222E-2,-6.140957089E-2,4.880879653E-1,8.686591826E-1,1.732847424E2,5.846172256E1,9.431061613E0,1.775712056E2
3.373406391E1,5.866973871E-2,-6.113714085E-2,4.881399717E-1,8.686423198E-1,1.732730802E2,5.846628027E1,9.409567663E0,1.775461222E2
3.374402974E1,5.877204496E-2,-6.084603670E-2,4.881753992E-1,8.686359342E-1,1.732613365E2,5.846852837E1,9.386194463E0,1.775197313E2
3.375399188E1,5.888942615E-2,-6.063825278E-2,4.882571834E-1,8.685965465E-1,1.732478623E2,5.847739107E1,9.372169100E0,1.774970326E2
3.376395735E1,5.904289457E-2,-6.041736268E-2,4.883962248E-1,8.685233483E-1,1.732302455E2,5.849357688E1,9.359028432E0,1.774705723E2
3.377395605E1,5.918779511E-2,-6.015847272E-2,4.884945471E-1,8.684761600E-1,1.732136120E2,5.850417853E1,9.341480221E0,1.774423845E2
3.378392485E1,5.929107205E-2,-5.998391808E-2,4.885535741E-1,8.684479855E-1,1.732017565E2,5.851033862E1,9.329944293E0,1.774227365E2
3.379388193E1,5.944922384E-2,-5.980466452E-2,4.887140808E-1,8.683592224E-1,1.731836016E2,5.852963977E1,9.321330826E0,1.773983837E2
3.380384959E1,5.960336997E-2,-5.957322809E-2,4.888166645E-1,8.683068221E-1,1.731659064E2,5.854095982E1,9.307089103E0,1.773708563E2
3.381381631E1,5.969614254E-2,-5.942655884E-2,4.888480682E-1,8.682928198E-1,1.731552565E2,5.854370540E1,9.297687840E0,1.773535436E2
3.382378386E1,5.978877627E-2,-5.937745103E-2,4.889374428E-1,8.682394817E-1,1.731446225E2,5.855475011E1,9.298247570E0,1.773423867E2
3.383376834E1,5.987965493E-2,-5.929968649E-2,4.890277665E-1,8.681876627E-1,1.731341898E2,5.856575717E1,9.295838311E0,1.773297965E2
3.384373756E1,5.996633074E-2,-5.916680897E-2,4.890733525E-1,8.681650671E-1,1.731242396E2,5.857051374E1,9.287526906E0,1.773140303E2
3.385370297E1,6.005901367E-2,-5.907634877E-2,4.891396669E-1,8.681274596E-1,1.731135998E2,5.857824998E1,9.283875779E0,1.773002804E2
3.386367183E1,6.011615077E-2,-5.900662502E-2,4.891349162E-1,8.681309235E-1,1.731070405E2,5.857687603E1,9.280083301E0,1.772905226E2
3.387362855E1,6.016890300E-2,-5.895950922E-2,4.891406713E-1,8.681272275E-1,1.731009846E2,5.857705934E1,9.278344962E0,1.772825991E2
3.388359615E1,6.021754404E-2,-5.896450631E-2,4.891458357E-1,8.681206056E-1,1.730954006E2,5.857750183E1,9.281601992E0,1.772780312E2
3.389354552E1,6.025292769E-2,-5.896696379E-2,4.891279056E-1,8.681280861E-1,1.730913386E2,5.857493653E1,9.283785121E0,1.772744080E2
3.390351125E1,6.030699456E-2,-5.895425813E-2,4.891338695E-1,8.681218345E-1,1.730851317E2,5.857534785E1,9.285574023E0,1.772683002E2
3.391349933E1,6.037278258E-2,-5.897482806E-2,4.891684257E-1,8.680963933E-1,1.730775791E2,5.857969061E1,9.291451973E0,1.772632003E2
3.392346730E1,6.040899320E-2,-5.904128448E-2,4.891774356E-1,8.680842798E-1,1.730734221E2,5.858108371E1,9.300187733E0,1.772634037E2
3.393339756E1,6.045794961E-2,-5.919077952E-2,4.892290612E-1,8.680415967E-1,1.730678019E2,5.858856749E1,9.318107206E0,1.772674796E2
3.394336178E1,6.041428870E-2,-5.942848853E-2,4.891655546E-1,8.680641847E-1,1.730728142E2,5.858182331E1,9.339298919E0,1.772846429E2
3.395335766E1,6.031770641E-2,-5.960022320E-2,4.890980927E-1,8.680971394E-1,1.730839019E2,5.857445947E1,9.350880494E0,1.773033685E2
3.396332506E1,6.049992537E-2,-5.968494864E-2,4.894285349E-1,8.678923753E-1,1.730629830E2,5.861784038E1,9.370675447E0,1.772933743E2
3.397328928E1,6.059866306E-2,-5.983541544E-2,4.895367388E-1,8.678140967E-1,1.730516477E2,5.863258143E1,9.391672961E0,1.772931135E2
3.398325631E1,6.049848828E-2,-6.009433574E-2,4.894256159E-1,8.678658711E-1,1.730631480E2,5.861998883E1,9.411656180E0,1.773166643E2
3.399323808E1,6.060935312E-2,-6.032094149E-2,4.897014506E-1,8.676867981E-1,1.730504204E2,5.865742167E1,9.441490730E0,1.773213377E2
3.400320662E1,6.067169723E-2,-6.038993246E-2,4.897602932E-1,8.676444297E-1,1.730432631E2,5.866531732E1,9.452108857E0,1.773196052E2
3.401316615E1,6.074005704E-2,-6.046461433E-2,4.898389381E-1,8.675900476E-1,1.730354152E2,5.867584711E1,9.463698736E0,1.773178079E2
3.402313375E1,6.081352308E-2,-6.059440994E-2,4.899108379E-1,8.675352464E-1,1.730269810E2,5.868579872E1,9.481084154E0,1.773185477E2
3.403308349E1,6.070812709E-2,-6.070304946E-2,4.896875270E-1,8.676611026E-1,1.730390809E2,5.865740481E1,9.485347590E0,1.773328739E2
3.404304933E1,6.070854236E-2,-6.080945016E-2,4.897222530E-1,8.676340234E-1,1.730390332E2,5.866269020E1,9.496150710E0,1.773392447E2
3.405302250E1,6.072429061E-2,-6.089367161E-2,4.897997876E-1,8.675832463E-1,1.730372253E2,5.867343940E1,9.505724599E0,1.773432861E2
3.406298907E1,6.081315535E-2,-6.094514244E-2,4.899425680E-1,8.674927837E-1,1.730270233E2,5.869223570E1,9.516338534E0,1.773388203E2
3.407297178E1,6.085567272E-2,-6.093453874E-2,4.899727330E-1,8.674735097E-1,1.730221421E2,5.869593407E1,9.517766947E0,1.773342650E2
3.408293995E1,6.091246813E-2,-6.092488372E-2,4.900046271E-1,8.674521861E-1,1.730156217E2,5.869978630E1,9.520101969E0,1.773283428E2
3.409292146E1,6.092430999E-2,-6.100829116E-2,4.899783551E-1,8.674603324E-1,1.730142622E2,5.869675479E1,9.529054772E0,1.773315877E2
3.410289094E1,6.096676256E-2,-6.106634990E-2,4.900260172E-1,8.674263411E-1,1.730093884E2,5.870321630E1,9.537420272E0,1.773311272E2
3.411282756E1,6.103215556E-2,-6.108555018E-2,4.900553994E-1,8.674037913E-1,1.730018810E2,5.870686807E1,9.543127355E0,1.773259474E2
3.412279370E1,6.103052323E-2,-6.113741086E-2,4.899856825E-1,8.674396366E-1,1.730020684E2,5.869793813E1,9.548021819E0,1.773282798E2
3.413276688E1,6.105904688E-2,-6.124520004E-2,4.900069334E-1,8.674180212E-1,1.729987937E2,5.870128655E1,9.560507936E0,1.773317524E2
3.414273375E1,6.109897962E-2,-6.135883681E-2,4.900814226E-1,8.673650944E-1,1.729942092E2,5.871168742E1,9.574387998E0,1.773349995E2
3.415271891E1,6.108911586E-2,-6.142434641E-2,4.900548404E-1,8.673761715E-1,1.729953416E2,5.870862983E1,9.580319799E0,1.773394146E2
3.416268761E1,6.110115753E-2,-6.148532080E-2,4.900958672E-1,8.673478223E-1,1.729939591E2,5.871440738E1,9.587240608E0,1.773421165E2
3.417266266E1,6.116140867E-2,-6.145999082E-2,4.901263647E-1,8.673281376E-1,1.729870419E2,5.871795114E1,9.588195241E0,1.773349431E2
3.418263198E1,6.120094058E-2,-6.138421566E-2,4.901178805E-1,8.673355096E-1,1.729825034E2,5.871610785E1,9.582801393E0,1.773265627E2
3.419260277E1,6.123647908E-2,-6.133598443E-2,4.901024803E-1,8.673451155E-1,1.729784233E2,5.871354542E1,9.579922984E0,1.773200709E2
3.420257224E1,6.126756134E-2,-6.131126668E-2,4.901047585E-1,8.673433808E-1,1.729748549E2,5.871351041E1,9.579205710E0,1.773155594E2
3.421257480E1,6.131010932E-2,-6.128280525E-2,4.901167885E-1,8.673355878E-1,1.729699701E2,5.871468206E1,9.578790498E0,1.773097879E2
3.422254756E1,6.137825642E-2,-6.126464926E-2,4.901748974E-1,8.672992116E-1,1.729621462E2,5.872189914E1,9.580997455E0,1.773025325E2
3.423249402E1,6.142450280E-2,-6.120311144E-2,4.901797989E-1,8.672975120E-1,1.729568368E2,5.872189122E1,9.577452312E0,1.772944321E2
3.424246417E1,6.149269700E-2,-6.118186076E-2,4.902475733E-1,8.672558705E-1,1.729490075E2,5.873037450E1,9.579383366E0,1.772871041E2
3.425237146E1,6.156765581E-2,-6.117596002E-2,4.903162811E-1,8.672121252E-1,1.729404015E2,5.873904083E1,9.583239876E0,1.772799757E2
3.426233527E1,6.163105343E-2,-6.112020369E-2,4.903607746E-1,8.671863956E-1,1.729331229E2,5.874423746E1,9.581369067E0,1.772709144E2
3.427232157E1,6.168298386E-2,-6.105466405E-2,4.903812890E-1,8.671757198E-1,1.729271608E2,5.874625011E1,9.577794749E0,1.772621871E2
3.428228761E1,6.172844460E-2,-6.098718096E-2,4.903849373E-1,8.671751704E-1,1.729219414E2,5.874604571E1,9.573607105E0,1.772538141E2
3.429225209E1,6.175974442E-2,-6.088799543E-2,4.903620752E-1,8.671928397E-1,1.729183478E2,5.874219868E1,9.565356481E0,1.772447754E2
3.430221797E1,6.180941411E-2,-6.081528177E-2,4.903741066E-1,8.671875999E-1,1.729126452E2,5.874305459E1,9.560908604E0,1.772357749E2
3.431218724E1,6.185358920E-2,-6.075887368E-2,4.903855769E-1,8.671819179E-1,1.729075734E2,5.874397099E1,9.557783866E0,1.772282474E2
3.432215349E1,6.189151409E-2,-6.063940398E-2,4.903783746E-1,8.671916471E-1,1.729032192E2,5.874204658E1,9.547922892E0,1.772175650E2
3.433213365E1,6.193398882E-2,-6.049791110E-2,4.903996037E-1,8.671864923E-1,1.728983426E2,5.874374286E1,9.536201894E0,1.772054903E2
3.434210131E1,6.199645646E-2,-6.038815478E-2,4.904310775E-1,8.671718794E-1,1.728911706E2,5.874688715E1,9.528826203E0,1.771933137E2
3.435205568E1,6.205837330E-2,-6.029247298E-2,4.904800911E-1,8.671463869E-1,1.728840617E2,5.875245685E1,9.522888479E0,1.771821852E2
3.436202198E1,6.212591328E-2,-6.019972550E-2,4.905160302E-1,8.671276654E-1,1.728763073E2,5.875627564E1,9.517521241E0,1.771705113E2
3.437199386E1,6.213273876E-2,-6.012727091E-2,4.904604614E-1,8.671636350E-1,1.728755236E2,5.874840038E1,9.510460477E0,1.771650982E2
3.438196068E1,6.215407822E-2,-6.009256335E-2,4.904519716E-1,8.671693133E-1,1.728730735E2,5.874693554E1,9.508157928E0,1.771608839E2
3.439192579E1,6.221854809E-2,-5.999141948E-2,4.904893891E-1,8.671505296E-1,1.728656715E2,5.875092117E1,9.501780642E0,1.771490598E2
3.440189245E1,6.226816307E-2,-5.993289864E-2,4.904882070E-1,8.671516836E-1,1.728599750E2,5.875012145E1,9.498711590E0,1.771407248E2
3.441183339E1,6.232309925E-2,-5.993366305E-2,4.905315786E-1,8.671231503E-1,1.728536675E2,5.875557877E1,9.502034642E0,1.771357081E2
3.442179740E1,6.235464025E-2,-5.991361579E-2,4.905180730E-1,8.671299081E-1,1.728500462E2,5.875347938E1,9.501761741E0,1.771312416E2
3.443177422E1,6.237164045E-2,-5.985671876E-2,4.904784014E-1,8.671550550E-1,1.728480943E2,5.874775937E1,9.496885771E0,1.771258623E2
3.444173954E1,6.241671336E-2,-5.979833802E-2,4.904810754E-1,8.671543273E-1,1.728429192E2,5.874750135E1,9.493586806E0,1.771180361E2
3.445170402E1,6.247876585E-2,-5.974675904E-2,4.905141008E-1,8.671347332E-1,1.728357946E2,5.875122423E1,9.492030116E0,1.771092186E2
3.446166928E1,6.254160512E-2,-5.963385695E-2,4.904996428E-1,8.671461533E-1,1.728285797E2,5.874825802E1,9.484211025E0,1.770963202E2
3.447163829E1,6.258028874E-2,-5.956589230E-2,4.904381113E-1,8.671828359E-1,1.728241381E2,5.873944426E1,9.479374896E0,1.770878876E2
3.448160386E1,6.260745386E-2,-5.958448497E-2,4.904080795E-1,8.671965818E-1,1.728210191E2,5.873540745E1,9.482672609E0,1.770858717E2
3.449156584E1,6.263700346E-2,-5.957380978E-2,4.903744466E-1,8.672142002E-1,1.728176263E2,5.873070179E1,9.483157867E0,1.770819161E2
3.450153110E1,6.265499798E-2,-5.960630590E-2,4.903343895E-1,8.672333169E-1,1.728155603E2,5.872546826E1,9.487297922E0,1.770815022E2
3.451150891E1,6.266997309E-2,-5.966400794E-2,4.903115814E-1,8.672411624E-1,1.728138409E2,5.872269768E1,9.493853206E0,1.770830114E2
3.452147537E1,6.269102254E-2,-5.973441717E-2,4.902991896E-1,8.672418000E-1,1.728114240E2,5.872135441E1,9.502060905E0,1.770847432E2
3.453144276E1,6.268770271E-2,-5.978508910E-2,4.903117086E-1,8.672314705E-1,1.728118052E2,5.872334459E1,9.506997013E0,1.770880888E2
3.454140933E1,6.267778467E-2,-5.982541958E-2,4.903094782E-1,8.672306671E-1,1.728129440E2,5.872334928E1,9.510473945E0,1.770913507E2
3.455139037E1,6.267208396E-2,-5.981232256E-2,4.902952363E-1,8.672400344E-1,1.728135985E2,5.872140895E1,9.508790895E0,1.770910257E2
3.456135834E1,6.262955167E-2,-5.982077659E-2,4.902271063E-1,8.672810376E-1,1.728184819E2,5.871264567E1,9.507009063E0,1.770950414E2
3.457131214E1,6.258722679E-2,-5.979467361E-2,4.901469741E-1,8.673311823E-1,1.728233415E2,5.870207656E1,9.501733700E0,1.770969454E2
3.458127870E1,6.257257671E-2,-5.979495407E-2,4.901225000E-1,8.673460504E-1,1.728250236E2,5.869890853E1,9.500853036E0,1.770981686E2
3.459123344E1,6.255075054E-2,-5.982437785E-2,4.900966021E-1,8.673602297E-1,1.728275296E2,5.869576906E1,9.502485610E0,1.771017513E2
3.460119881E1,6.253731961E-2,-5.990211100E-2,4.901017997E-1,8.673528963E-1,1.728290717E2,5.869700895E1,9.509541176E0,1.771075684E2
3.461118417E1,6.257306487E-2,-5.994491126E-2,4.901768338E-1,8.673049583E-1,1.728249676E2,5.870703979E1,9.516101600E0,1.771072185E2
3.462115152E1,6.254109998E-2,-6.000913524E-2,4.901463110E-1,8.673200726E-1,1.728286377E2,5.870355643E1,9.520636704E0,1.771137449E2
3.463112079E1,6.250504772E-2,-6.007891183E-2,4.901107460E-1,8.673379388E-1,1.728327770E2,5.869946100E1,9.525481728E0,1.771209422E2
3.464108829E1,6.250468494E-2,-6.010115902E-2,4.901181601E-1,8.673322340E-1,1.728328187E2,5.870058476E1,9.527717136E0,1.771223218E2
3.465104829E1,6.250476559E-2,-6.005554000E-2,4.901020657E-1,8.673444827E-1,1.728328094E2,5.869816584E1,9.523092899E0,1.771195499E2
3.466101506E1,6.250893600E-2,-5.999875554E-2,4.900886543E-1,8.673556901E-1,1.728323306E2,5.869601247E1,9.517588464E0,1.771157627E2
3.467098407E1,6.277734749E-2,-6.000197147E-2,4.905385662E-1,8.670817050E-1,1.728015124E2,5.875431426E1,9.534568962E0,1.770938583E2
3.468095105E1,6.233334564E-2,-5.997248937E-2,4.894196599E-1,8.677478038E-1,1.728524911E2,5.860793932E1,9.502830026E0,1.771245964E2
3.469090391E1,6.195869988E-2,-5.990551485E-2,4.892010280E-1,8.679025308E-1,1.728955055E2,5.858063533E1,9.474278160E0,1.771562003E2
3.470086943E1,6.271211399E-2,-6.009598784E-2,4.905140661E-1,8.670937746E-1,1.728090024E2,5.875200510E1,9.540228859E0,1.771054974E2
3.471085464E1,6.268011666E-2,-5.991964402E-2,4.902652576E-1,8.672489933E-1,1.728126762E2,5.871802761E1,9.519906731E0,1.770959681E2
3.472082214E1,6.262707336E-2,-6.014044980E-2,4.901095404E-1,8.673255527E-1,1.728187665E2,5.869897338E1,9.538537480E0,1.771121090E2
3.473078516E1,6.268740573E-2,-6.039214921E-2,4.902814604E-1,8.672065308E-1,1.728118393E2,5.872302929E1,9.567758369E0,1.771222022E2
3.479371695E1,9.999118841E-1,-1.248926413E-2,-3.952201590E-3,2.149978498E-3,1.521240716E0,-1.432205109E0,-4.497766822E-1,2.520125060E-1
3.480368299E1,9.998776985E-1,-1.471823693E-2,-5.093813517E-3,1.419352463E-3,1.792205900E0,-1.687538731E0,-5.812527544E-1,1.712261385E-1
3.481360554E1,9.999126126E-1,-1.263718058E-2,-3.557784314E-3,1.552753367E-3,1.514939362E0,-1.448811379E0,-4.054112427E-1,1.830738526E-1
3.482356757E1,9.999104384E-1,-1.311936793E-2,-2.631624008E-3,2.682908114E-4,1.533669791E0,-1.503508397E0,-3.011329358E-1,3.469789172E-2
3.483353278E1,9.999158407E-1,-1.288029088E-2,-8.007836279E-4,-1.329828568E-3,1.486694810E0,-1.475891553E0,-9.371815398E-2,-1.511927470E-1
3.484349512E1,9.999145490E-1,-1.264285221E-2,1.212621917E-3,-3.095567636E-3,1.498060315E0,-1.449229011E0,1.344597381E-1,-3.564556939E-1
3.485348768E1,9.999121412E-1,-1.230229345E-2,2.607732180E-3,-4.190855535E-3,1.519020164E0,-1.411028516E0,2.928911049E-1,-4.838827723E-1
3.486345304E1,9.999111978E-1,-1.191461552E-2,3.558656474E-3,-4.793165641E-3,1.527153630E0,-1.367311035E0,4.012148815E-1,-5.540884543E-1
3.487340674E1,9.999082233E-1,-1.182828038E-2,4.077559235E-3,-5.197132383E-3,1.552519503E0,-1.357895978E0,4.601716312E-1,-6.010500634E-1
3.488337091E1,9.998996405E-1,-1.220069837E-2,4.350953729E-3,-5.737692421E-3,1.623493410E0,-1.401008393E0,4.905166746E-1,-6.635473383E-1
3.489333294E1,9.999004492E-1,-1.173282714E-2,5.033593681E-3,-6.007945968E-3,1.616938982E0,-1.348005284E0,5.686816819E-1,-6.952102404E-1
3.490329690E1,9.998947248E-1,-1.171695220E-2,5.582807164E-3,-6.487262142E-3,1.662778613E0,-1.346878357E0,6.309777693E-1,-7.508700791E-1
3.491326257E1,9.998931306E-1,-1.159570175E-2,5.900769640E-3,-6.666934386E-3,1.675321632E0,-1.333346327E0,6.672623935E-1,-7.718092014E-1
3.492322669E1,9.998952666E-1,-1.145348794E-2,5.942756524E-3,-6.554171731E-3,1.658494737E0,-1.317005540E0,6.723316684E-1,-7.588482325E-1
3.493320861E1,9.998987002E-1,-1.111586273E-2,6.144048622E-3,-6.424767589E-3,1.631081368E0,-1.278378729E0,6.958181268E-1,-7.440515246E-1
3.494317455E1,9.998965567E-1,-1.106967621E-2,6.414777169E-3,-6.571824433E-3,1.648248280E0,-1.273398289E0,7.266864568E-1,-7.612184128E-1
3.495314455E1,9.998937546E-1,-1.092786934E-2,6.832452025E-3,-6.810196847E-3,1.670423293E0,-1.257656363E0,7.743537071E-1,-7.889610248E-1
3.496311085E1,9.998904556E-1,-1.094035424E-2,7.088852940E-3,-7.009538832E-3,1.696159552E0,-1.259454172E0,8.034723941E-1,-8.121401366E-1
3.497307716E1,9.998915034E-1,-1.092665390E-2,7.046527371E-3,-6.923590963E-3,1.688027874E0,-1.257780294E0,7.987417763E-1,-8.022261369E-1
3.498304346E1,9.998977630E-1,-1.071156854E-2,6.845974584E-3,-6.546634389E-3,1.638608918E0,-1.232673876E0,7.763987558E-1,-7.586072815E-1
3.499305127E1,9.999054660E-1,-1.040958930E-2,6.616459263E-3,-6.076343039E-3,1.575669118E0,-1.197535348E0,7.508920299E-1,-7.042024509E-1
3.500302179E1,9.999083195E-1,-1.049136202E-2,6.302310064E-3,-5.793511832E-3,1.551705858E0,-1.206478472E0,7.151788116E-1,-6.714711384E-1
3.501295101E1,9.999105657E-1,-1.047344834E-2,6.129265484E-3,-5.621349739E-3,1.532579114E0,-1.204187038E0,6.955697892E-1,-6.515198226E-1
3.502291731E1,9.999134356E-1,-1.031626060E-2,6.069206246E-3,-5.464496556E-3,1.507788101E0,-1.186024940E0,6.889763165E-1,-6.333644147E-1
3.503290132E1,9.999157793E-1,-1.034033648E-2,5.809241519E-3,-5.269206990E-3,1.487237070E0,-1.188487072E0,6.594049702E-1,-6.106912552E-1
3.504286945E1,9.999188264E-1,-1.037272586E-2,5.436079330E-3,-5.019585823E-3,1.460084562E0,-1.191812213E0,6.169237462E-1,-5.816606515E-1
3.505283549E1,9.999225804E-1,-1.017305133E-2,5.309265042E-3,-4.811847087E-3,1.425922093E0,-1.168728787E0,6.027515838E-1,-5.575832782E-1
3.506280341E1,9.999252682E-1,-9.996603119E-3,5.260258306E-3,-4.674993457E-3,1.400951062E0,-1.148398035E0,5.973916489E-1,-5.417380357E-1
3.507278856E1,9.999264310E-1,-9.854892008E-3,5.339059955E-3,-4.637690876E-3,1.390009550E0,-1.132178863E0,6.065402362E-1,-5.374684613E-1
3.508275820E1,9.999247229E-1,-9.910993964E-3,5.445000281E-3,-4.761576807E-3,1.406052899E0,-1.138743060E0,6.185083144E-1,-5.518200936E-1
3.509269450E1,9.999240545E-1,-9.930897330E-3,5.495841144E-3,-4.801893001E-3,1.412281615E0,-1.141077860E0,6.242769882E-1,-5.565106494E-1
3.510266075E1,9.999249511E-1,-9.839361996E-3,5.545595865E-3,-4.746112674E-3,1.403920922E0,-1.130580992E0,6.300922050E-1,-5.501180534E-1
3.511265679E1,9.999265480E-1,-9.713918794E-3,5.577758676E-3,-4.628924527E-3,1.388903332E0,-1.116148895E0,6.339774422E-1,-5.366462019E-1
3.512262606E1,9.999269640E-1,-9.752793292E-3,5.507998992E-3,-4.539993652E-3,1.384964432E0,-1.120509984E0,6.260627102E-1,-5.264014563E-1
3.513259049E1,9.999271643E-1,-9.739793830E-3,5.527378634E-3,-4.500061805E-3,1.383064236E0,-1.119005586E0,6.283348851E-1,-5.218392291E-1
3.514255929E1,9.999258375E-1,-9.797830320E-3,5.600115708E-3,-4.578278070E-3,1.395604470E0,-1.125745285E0,6.365512371E-1,-5.309209990E-1
3.515248789E1,9.999247154E-1,-9.838807760E-3,5.651440978E-3,-4.671456924E-3,1.406122900E0,-1.130529100E0,6.423053232E-1,-5.416830219E-1
3.516245262E1,9.999245373E-1,-9.731759556E-3,5.787869474E-3,-4.765830931E-3,1.407785703E0,-1.118398982E0,6.578906456E-1,-5.525822790E-1
3.517244179E1,9.999244690E-1,-9.646617773E-3,5.890425887E-3,-4.827216523E-3,1.408422926E0,-1.108740726E0,6.696212401E-1,-5.596750087E-1
3.518240903E1,9.999245445E-1,-9.563228731E-3,5.984316916E-3,-4.861888649E-3,1.407718687E0,-1.099261590E0,6.803884771E-1,-5.636962043E-1
3.519237341E1,9.999234849E-1,-9.490304848E-3,6.170251767E-3,-4.988628586E-3,1.417568053E0,-1.091100613E0,7.015970245E-1,-5.783743735E-1
3.520234033E1,9.999216460E-1,-9.419428971E-3,6.430632757E-3,-5.159768430E-3,1.434501770E0,-1.083257452E0,7.312889621E-1,-5.982203159E-1
3.521229799E1,9.999188850E-1,-9.425430303E-3,6.678314310E-3,-5.365145567E-3,1.459557227E0,-1.084252924E0,7.594438521E-1,-6.220304634E-1
3.522226398E1,9.999159894E-1,-9.447586467E-3,6.900935070E-3,-5.579824748E-3,1.485380899E0,-1.087102346E0,7.847062106E-1,-6.468925579E-1
3.523223971E1,9.999140952E-1,-9.488996680E-3,7.017183769E-3,-5.702650379E-3,1.502032599E0,-1.092023058E0,7.978659097E-1,-6.611284286E-1
3.524220664E1,9.999119022E-1,-9.547637448E-3,7.131488887E-3,-5.845709319E-3,1.521084489E0,-1.098936831E0,8.107678272E-1,-6.776959898E-1
3.525218398E1,9.999102715E-1,-9.516353951E-3,7.295399659E-3,-5.972023382E-3,1.535097741E0,-1.095570093E0,8.294327233E-1,-6.923270410E-1
3.526215195E1,9.999090026E-1,-9.484387433E-3,7.434660737E-3,-6.062894315E-3,1.545914089E0,-1.092082092E0,8.453131652E-1,-7.028676291E-1
3.527209549E1,9.999073196E-1,-9.535291479E-3,7.514955934E-3,-6.160840705E-3,1.560145275E0,-1.098057344E0,8.543706383E-1,-7.142241312E-1
3.528206101E1,9.999057428E-1,-9.534674531E-3,7.628782085E-3,-6.276725237E-3,1.573361135E0,-1.098170348E0,8.672868457E-1,-7.276300057E-1
3.529204533E1,9.999051027E-1,-9.485656731E-3,7.725387251E-3,-6.334535978E-3,1.578694290E0,-1.092675391E0,8.783290711E-1,-7.343191624E-1
3.530201273E1,9.999049137E-1,-9.477486513E-3,7.754090580E-3,-6.341521237E-3,1.580265455E0,-1.091766769E0,8.816164824E-1,-7.351441535E-1
3.531197841E1,9.999046933E-1,-9.518772265E-3,7.732234366E-3,-6.341116678E-3,1.582095509E0,-1.096481509E0,8.790821280E-1,-7.351099768E-1
3.532194565E1,9.999052724E-1,-9.444777087E-3,7.773949068E-3,-6.309372501E-3,1.577282127E0,-1.088004639E0,8.839510414E-1,-7.314529379E-1
3.533192664E1,9.999058830E-1,-9.390264555E-3,7.808109813E-3,-6.251514299E-3,1.572189880E0,-1.081731443E0,8.879679009E-1,-7.248115981E-1
3.534189528E1,9.999051353E-1,-9.398056562E-3,7.873294687E-3,-6.277595696E-3,1.578423099E0,-1.082696154E0,8.954033899E-1,-7.278787435E-1
3.535182294E1,9.999048843E-1,-9.408174064E-3,7.898453836E-3,-6.270803863E-3,1.580509477E0,-1.083868311E0,8.982863128E-1,-7.271370247E-1
3.536178736E1,9.999056047E-1,-9.403503218E-3,7.859634638E-3,-6.211432183E-3,1.574512623E0,-1.083251050E0,8.939058296E-1,-7.202863841E-1
3.537178304E1,9.999069573E-1,-9.344428264E-3,7.817818827E-3,-6.135150921E-3,1.563191210E0,-1.076382125E0,8.892389193E-1,-7.114463220E-1
3.538175070E1,9.999082084E-1,-9.293263278E-3,7.778569081E-3,-6.058375056E-3,1.552645946E0,-1.070421869E0,8.848599703E-1,-7.025599305E-1
3.539171731E1,9.999088355E-1,-9.325978728E-3,7.699073535E-3,-6.005925615E-3,1.547333332E0,-1.074068106E0,8.757841091E-1,-6.964919858E-1
3.540168481E1,9.999090294E-1,-9.389199956E-3,7.615677683E-3,-5.981412483E-3,1.545686593E0,-1.081232844E0,8.662104464E-1,-6.936471227E-1
3.541164789E1,9.999100390E-1,-9.398680808E-3,7.522856469E-3,-5.914835936E-3,1.537085252E0,-1.082196526E0,8.556397685E-1,-6.859243517E-1
3.542161492E1,9.999117423E-1,-9.371533003E-3,7.410174893E-3,-5.811315045E-3,1.522464727E0,-1.078918932E0,8.428581864E-1,-6.739151084E-1
3.543158268E1,9.999135456E-1,-9.347436162E-3,7.277161121E-3,-5.706986810E-3,1.506830206E0,-1.075979260E0,8.277449705E-1,-6.617945906E-1
3.544154981E1,9.999153656E-1,-9.294309558E-3,7.165404974E-3,-5.615544437E-3,1.490884664E0,-1.069740560E0,8.150720926E-1,-6.511509415E-1
3.545151872E1,9.999168903E-1,-9.245116656E-3,7.066489230E-3,-5.550228937E-3,1.477394547E0,-1.063984492E0,8.038391076E-1,-6.435197136E-1
3.546148601E1,9.999174723E-1,-9.203378066E-3,7.038507188E-3,-5.550298997E-3,1.472212357E0,-1.059182754E0,8.006594982E-1,-6.434642936E-1
3.547144090E1,9.999168720E-1,-9.205372738E-3,7.062446791E-3,-5.624231066E-3,1.477556869E0,-1.059486504E0,8.033230669E-1,-6.519638574E-1
3.548140690E1,9.999159393E-1,-9.173324263E-3,7.145761535E-3,-5.736068008E-3,1.485823000E0,-1.055960125E0,8.127727093E-1,-6.648430536E-1
3.549137783E1,9.999152712E-1,-9.112847992E-3,7.242620305E-3,-5.826735505E-3,1.491716129E0,-1.049169914E0,8.238166168E-1,-6.752867123E-1
3.550134434E1,9.999148097E-1,-9.026829506E-3,7.364468123E-3,-5.886789054E-3,1.495773253E0,-1.039446367E0,8.377745580E-1,-6.822257104E-1
3.551130903E1,9.999142331E-1,-8.962517534E-3,7.481238637E-3,-5.935560572E-3,1.500827218E0,-1.032198967E0,8.511485850E-1,-6.878826752E-1
3.552127533E1,9.999138587E-1,-8.915723268E-3,7.569447470E-3,-5.957230292E-3,1.504099413E0,-1.026916884E0,8.612661994E-1,-6.904176624E-1
3.553124695E1,9.999132179E-1,-8.883317865E-3,7.663621217E-3,-5.992682020E-3,1.509683257E0,-1.023300510E0,8.720434897E-1,-6.945498420E-1
3.554121377E1,9.999119503E-1,-8.945238893E-3,7.705541334E-3,-6.057973344E-3,1.520669470E0,-1.030483935E0,8.767367430E-1,-7.021298143E-1
3.555119382E1,9.999108974E-1,-8.984918131E-3,7.744409188E-3,-6.123124463E-3,1.529734507E0,-1.035116658E0,8.810952329E-1,-7.096715243E-1
3.556116200E1,9.999109294E-1,-8.933519604E-3,7.797150612E-3,-6.126162595E-3,1.529459409E0,-1.029267143E0,8.871721226E-1,-7.100292702E-1
3.557110226E1,9.999100963E-1,-8.972838738E-3,7.824913704E-3,-6.169129230E-3,1.536595649E0,-1.033831700E0,8.902811011E-1,-7.150171192E-1
3.558106762E1,9.999087636E-1,-8.982680200E-3,7.905484559E-3,-6.267307777E-3,1.547942698E0,-1.035106809E0,8.994049001E-1,-7.263614158E-1
3.559105492E1,9.999070226E-1,-8.969566841E-3,8.044259921E-3,-6.386142498E-3,1.562642321E0,-1.033815826E0,9.151935841E-1,-7.401131639E-1
3.560102242E1,9.999046758E-1,-9.056651406E-3,8.126415816E-3,-6.525166790E-3,1.582241333E0,-1.043986863E0,9.243980716E-1,-7.562118519E-1
3.561098565E1,9.999034139E-1,-9.083724952E-3,8.195091364E-3,-6.594641361E-3,1.592679691E0,-1.047207505E0,9.321742341E-1,-7.642714746E-1
3.562095278E1,9.999026114E-1,-9.096300374E-3,8.257406192E-3,-6.621205752E-3,1.599282959E0,-1.048722370E0,9.392772927E-1,-7.673936362E-1
3.563092085E1,9.999073874E-1,-8.372614778E-3,8.707658057E-3,-6.268379658E-3,1.559573887E0,-9.657872750E-1,9.917671487E-1,-7.267196207E-1
3.564088804E1,9.998899219E-1,-1.025889986E-2,8.112572668E-3,-7.006084788E-3,1.700286377E0,-1.182203719E0,9.213334864E-1,-8.124190623E-1
3.565085528E1,9.998960181E-1,-9.670619041E-3,8.118191893E-3,-6.966144785E-3,1.652533855E0,-1.114751327E0,9.224997080E-1,-8.073060801E-1
3.566082247E1,9.999062618E-1,-8.397357857E-3,8.646926440E-3,-6.494814734E-3,1.569022886E0,-9.688008025E-1,9.845706130E-1,-7.526345888E-1
3.567078809E1,9.999048102E-1,-8.900404636E-3,8.318224554E-3,-6.477693443E-3,1.581125413E0,-1.026183569E0,9.465439674E-1,-7.508261247E-1
3.568075507E1,9.999052260E-1,-8.760410926E-3,8.401503929E-3,-6.496840115E-3,1.577668085E0,-1.010221787E0,9.561725951E-1,-7.529730110E-1
3.569071221E1,9.999060679E-1,-8.610886382E-3,8.530185925E-3,-6.398739077E-3,1.570644690E0,-9.930892564E-1,9.711281246E-1,-7.417168955E-1
3.570067820E1,9.999999740E-1,-2.105626587E-4,-6.205001268E-5,-6.114441935E-5,2.611216493E-2,-2.412826885E-2,-7.111882860E-3,-7.005137043E-3
3.571065945E1,9.999999961E-1,2.102316240E-5,8.526852245E-5,-1.189668654E-5,1.015557016E-2,2.408960739E-3,9.771081592E-3,-1.363054454E-3
3.572062695E1,9.999999844E-1,-1.674565798E-4,3.990287683E-5,-4.046172264E-5,2.026395383E-2,-1.918929569E-2,4.571756375E-3,-4.637337527E-3
3.573057716E1,9.999999671E-1,-2.349492800E-4,-1.615817281E-5,-1.016598552E-4,2.939379104E-2,-2.692301617E-2,-1.854327161E-3,-1.164892597E-2
3.574054294E1,9.999999919E-1,-3.772095768E-5,8.302212440E-5,-8.905366983E-5,1.460586189E-2,-4.323350602E-3,9.513249700E-3,-1.020515784E-2
3.575051387E1,9.999999707E-1,-1.313984100E-4,8.285274393E-5,-1.858002545E-4,2.775194999E-2,-1.505891263E-2,9.491427239E-3,-2.129238851E-2
3.576048018E1,9.999999028E-1,-2.128870541E-4,9.703613011E-5,-3.737293557E-4,5.052572398E-2,-2.439921394E-2,1.111040327E-2,-4.282859735E-2
3.577045971E1,9.999998781E-1,-1.989720448E-6,2.189396045E-4,-4.425911660E-4,5.658380685E-2,-2.391091695E-4,2.508852744E-2,-5.071726694E-2
3.578042736E1,9.999998414E-1,-9.120982181E-5,1.877086562E-4,-5.230947397E-4,6.453671181E-2,-1.046312650E-2,2.150435733E-2,-5.994420930E-2
3.579039664E1,9.999998015E-1,-7.849080650E-5,1.948604489E-4,-5.941012291E-4,7.220975288E-2,-9.007648723E-3,2.232401518E-2,-6.808074638E-2
3.580036440E1,9.999997744E-1,6.115120901E-6,2.897907500E-4,-6.059372299E-4,7.697073888E-2,6.806194886E-4,3.320799281E-2,-6.943510177E-2
3.581031507E1,9.999997310E-1,-7.879768661E-5,3.448331448E-4,-6.425469810E-4,8.405005289E-2,-9.054939741E-3,3.950915826E-2,-7.363359196E-2
3.582028111E1,9.999996998E-1,-1.194303371E-4,4.038440944E-4,-6.503579652E-4,8.878585207E-2,-1.371580572E-2,4.626821491E-2,-7.453108300E-2
3.583026596E1,9.999996598E-1,-1.280918515E-4,4.788053426E-4,-6.592730395E-4,9.451568289E-2,-1.471441925E-2,5.485736343E-2,-7.555418427E-2
3.584023387E1,9.999996580E-1,-1.873453953E-4,4.774487438E-4,-6.487703026E-4,9.476927429E-2,-2.150369915E-2,5.469765757E-2,-7.435387972E-2
3.585019257E1,9.999996867E-1,-1.548577665E-4,4.981548586E-4,-5.953169997E-4,9.070424276E-2,-1.777937972E-2,5.707376930E-2,-6.822717166E-2
3.586015955E1,9.999996834E-1,-1.795530104E-4,5.216981204E-4,-5.734352252E-4,9.118754648E-2,-2.060954576E-2,5.977039429E-2,-6.572159990E-2
3.587011710E1,9.999996595E-1,-2.423509250E-4,5.168555305E-4,-5.959956456E-4,9.456994798E-2,-2.780667601E-2,5.921071978E-2,-6.831045339E-2
3.588008309E1,9.999996732E-1,-2.216453639E-4,5.218783391E-4,-5.763431652E-4,9.264607106E-2,-2.543316115E-2,5.978820545E-2,-6.605734588E-2
3.589006585E1,9.999996590E-1,-2.364889348E-4,5.138351985E-4,-6.017446785E-4,9.463698046E-2,-2.713507326E-2,5.886485969E-2,-6.896881513E-2
3.590003356E1,9.999996564E-1,-2.621830608E-4,4.869311709E-4,-6.175399811E-4,9.499341031E-2,-3.007842862E-2,5.577963831E-2,-7.077952577E-2
3.590999424E1,9.999996608E-1,-2.374402940E-4,4.826327452E-4,-6.237232121E-4,9.437942361E-2,-2.724315336E-2,5.528865786E-2,-7.148657465E-2
3.591996122E1,9.999997016E-1,-2.277437872E-4,4.400457783E-4,-5.926644914E-4,8.852217127E-2,-2.612740429E-2,5.041005617E-2,-6.792585408E-2
3.592992455E1,9.999997310E-1,-2.429920445E-4,3.732898219E-4,-5.827071067E-4,8.404633459E-2,-2.786976438E-2,4.275962974E-2,-6.678372576E-2
3.593989111E1,9.999997416E-1,-2.205424032E-4,3.525611909E-4,-5.863187649E-4,8.237117758E-2,-2.529598598E-2,4.038571181E-2,-6.719610613E-2
3.594986570E1,9.999997219E-1,-2.406968043E-4,3.302898556E-4,-6.238380759E-4,8.546105937E-2,-2.760543276E-2,3.783121511E-2,-7.149570195E-2
3.595983309E1,9.999996668E-1,-2.572567910E-4,3.364828450E-4,-6.979175147E-4,9.355127196E-2,-2.950636527E-2,3.853750962E-2,-7.998539283E-2
3.596979346E1,9.999996433E-1,-2.419070415E-4,3.443895588E-4,-7.323633338E-4,9.679286604E-2,-2.774940488E-2,3.944382401E-2,-8.393222281E-2
3.597976018E1,9.999996436E-1,-3.013922117E-4,3.027297640E-4,-7.282305923E-4,9.674694218E-2,-3.456226205E-2,3.466511447E-2,-8.345954933E-2
3.598971736E1,9.999996268E-1,-3.617639444E-4,2.727240467E-4,-7.355612842E-4,9.899425080E-2,-4.147807637E-2,3.122137082E-2,-8.430043159E-2
3.599968309E1,9.999996540E-1,-3.484234283E-4,3.158094504E-4,-6.861639616E-4,9.532169442E-2,-3.995121289E-2,3.616169111E-2,-7.864122039E-2
3.600966424E1,9.999996274E-1,-4.016201245E-4,3.469442108E-4,-6.807981539E-4,9.891816053E-2,-4.604934150E-2,3.972553450E-2,-7.802970281E-2
3.601963153E1,9.999996242E-1,-4.001249472E-4,3.899558981E-4,-6.629201391E-4,9.934690822E-2,-4.588056613E-2,4.465524653E-2,-7.598294889E-2
3.602959721E1,9.999996615E-1,-4.200226385E-4,3.592753554E-4,-6.095845413E-4,9.429230085E-2,-4.815614731E-2,4.114057274E-2,-6.987054692E-2
3.603956429E1,9.999996458E-1,-4.799751388E-4,3.048260354E-4,-6.204922144E-4,9.644129368E-2,-5.502277273E-2,3.489635266E-2,-7.111994225E-2
3.604952533E1,9.999996128E-1,-4.883499914E-4,3.008243005E-4,-6.673351762E-4,1.008351945E-1,-5.598378855E-2,3.443456972E-2,-7.648781953E-2
3.605949179E1,9.999995559E-1,-4.782690070E-4,3.428115127E-4,-7.361242771E-4,1.079924489E-1,-5.483450544E-2,3.924294759E-2,-8.437242936E-2
3.606946528E1,9.999994363E-1,-4.841891224E-4,3.982513391E-4,-8.569422128E-4,1.216719346E-1,-5.552308901E-2,4.558867434E-2,-9.822046458E-2
3.607943247E1,9.999992019E-1,-4.673329876E-4,5.237087810E-4,-1.050516718E-3,1.447784981E-1,-5.361545431E-2,5.995631102E-2,-1.204084528E-1
3.608940429E1,9.999989401E-1,-4.454285536E-4,6.243020501E-4,-1.237618948E-3,1.668423902E-1,-5.113088381E-2,7.147651695E-2,-1.418526555E-1
3.609937195E1,9.999986291E-1,-3.487352558E-4,7.280805997E-4,-1.445729022E-3,1.897468941E-1,-4.008272748E-2,8.337403166E-2,-1.656976174E-1
3.610932111E1,9.999981641E-1,-1.616578413E-4,9.090712882E-4,-1.679053442E-3,2.195787421E-1,-1.869953145E-2,1.041406584E-1,-1.924225181E-1
3.611928690E1,9.999976618E-1,-3.936753916E-5,1.066494512E-3,-1.880814615E-3,2.478049089E-1,-4.741044669E-3,1.222025911E-1,-2.155307847E-1
3.612925585E1,9.999971325E-1,1.883227582E-4,1.252069414E-3,-2.032687784E-3,2.744216364E-1,2.128856076E-2,1.435201906E-1,-2.329025464E-1
3.613922190E1,9.999967283E-1,5.355814846E-4,1.422920267E-3,-2.057163472E-3,2.931279280E-1,6.103774553E-2,1.631805934E-1,-2.356470892E-1
3.614920768E1,9.999964883E-1,8.390426706E-4,1.519516142E-3,-2.002597290E-3,3.036856684E-1,9.579865838E-2,1.743159252E-1,-2.293355162E-1
3.615917575E1,9.999958596E-1,1.201129516E-3,1.699664198E-3,-1.987281532E-3,3.297546333E-1,1.372526032E-1,1.950402686E-1,-2.274927213E-1
3.616914851E1,9.999947907E-1,1.646310417E-3,1.956472014E-3,-1.969861493E-3,3.698754102E-1,1.882124453E-1,2.245662061E-1,-2.253615409E-1
3.617911700E1,9.999939460E-1,2.031857779E-3,2.099103647E-3,-1.890306146E-3,3.987389172E-1,2.323803400E-1,2.409789408E-1,-2.161254989E-1
3.618908549E1,9.999937693E-1,2.398443872E-3,2.012798931E-3,-1.630175025E-3,4.045165610E-1,2.744669929E-1,2.310969967E-1,-1.862517762E-1
3.619905398E1,9.999932505E-1,2.782260090E-3,1.944552032E-3,-1.405919570E-3,4.210194993E-1,3.185121484E-1,2.232765503E-1,-1.604868875E-1
3.620902268E1,9.999925510E-1,3.087700321E-3,1.928606967E-3,-1.282399110E-3,4.423002550E-1,3.535432294E-1,2.214547283E-1,-1.462698819E-1
3.621899117E1,9.999914203E-1,3.363531778E-3,2.030509147E-3,-1.312642820E-3,4.746835897E-1,3.851297084E-1,2.331837912E-1,-1.496352820E-1
3.622895382E1,9.999902888E-1,3.619076224E-3,2.121240958E-3,-1.350932794E-3,5.050163385E-1,4.143905387E-1,2.436349350E-1,-1.539258567E-1
3.623892174E1,9.999897633E-1,3.791864510E-3,2.054567024E-3,-1.368843807E-3,5.184980635E-1,4.341967827E-1,2.360290800E-1,-1.559651147E-1
3.624884799E1,9.999948121E-1,3.121184989E-3,-7.339288708E-4,3.086573781E-4,3.691156267E-1,3.576363483E-1,-8.421204237E-2,3.510688872E-2
3.625881169E1,9.999926224E-1,3.225582893E-3,-2.085831952E-3,-9.868118252E-6,4.401755468E-1,3.696299842E-1,-2.390140176E-1,-1.901786004E-3
3.626882330E1,9.999868645E-1,4.841263789E-3,-5.380783018E-4,-1.594839780E-3,5.873430272E-1,5.548679998E-1,-6.077366693E-2,-1.830516992E-1
3.627879184E1,9.999900085E-1,3.253752567E-3,-8.698128825E-4,-2.939296229E-3,5.122521552E-1,3.731450131E-1,-9.857634283E-2,-3.371419285E-1
3.628875039E1,9.999826491E-1,3.901016385E-3,-1.366837865E-3,-4.197055231E-3,6.750391069E-1,4.476793578E-1,-1.547493699E-1,-4.815571920E-1
3.629871788E1,9.999746582E-1,5.010019829E-3,-1.340443914E-3,-4.877068984E-3,8.158061671E-1,5.748522045E-1,-1.507998849E-1,-5.596371694E-1
3.630868314E1,9.999717918E-1,2.798558743E-3,-2.937887614E-3,-6.320803674E-3,8.607095094E-1,3.228173202E-1,-3.346225015E-1,-7.252642072E-1
3.631865044E1,9.999548441E-1,3.607805052E-3,-3.568227179E-3,-8.034997818E-3,1.088996156E0,4.167048691E-1,-4.055517771E-1,-9.222394647E-1
3.632859856E1,9.999346004E-1,5.235007941E-3,-3.200710132E-3,-9.651167961E-3,1.310561770E0,6.034114187E-1,-3.609631478E-1,-1.107881142E0
3.633856393E1,9.999061173E-1,4.120678992E-3,-3.492966312E-3,-1.259268807E-2,1.570232014E0,4.772079208E-1,-3.942837846E-1,-1.444716937E0
3.634853539E1,9.998653360E-1,4.537476948E-3,-3.765403270E-3,-1.531479103E-2,1.880607606E0,5.265164073E-1,-4.234661551E-1,-1.756990632E0
3.635850132E1,9.998326159E-1,5.439167298E-3,-3.868884181E-3,-1.703488546E-2,2.096673226E0,6.307613278E-1,-4.326538247E-1,-1.954573546E0
3.636847554E1,9.997923275E-1,4.102463382E-3,-4.754761273E-3,-1.938721098E-2,2.335418185E0,4.805999118E-1,-5.356360810E-1,-2.224040244E0
3.637844231E1,9.997452950E-1,4.549020145E-3,-4.957515228E-3,-2.154238932E-2,2.586399216E0,5.334174269E-1,-5.567238622E-1,-2.471414401E0
3.638841153E1,9.997063141E-1,5.192386746E-3,-4.617600157E-3,-2.321642811E-2,2.777281105E0,6.071495479E-1,-5.151756818E-1,-2.663439631E0
3.639837851E1,9.996646397E-1,4.793767314E-3,-4.732999098E-3,-2.500453086E-2,2.967806360E0,5.627355312E-1,-5.284517306E-1,-2.868267031E0
3.640833351E1,9.996230796E-1,5.317305015E-3,-4.656451192E-3,-2.652814574E-2,3.146343290E0,6.232814493E-1,-5.172318219E-1,-3.043147555E0
3.641829929E1,9.995868680E-1,5.905350217E-3,-4.491223625E-3,-2.776777115E-2,3.294025888E0,6.907571587E-1,-4.956593364E-1,-3.185436733E0
3.642827231E1,9.995476709E-1,5.654295825E-3,-4.670932504E-3,-2.916616096E-2,3.446761762E0,6.632943910E-1,-5.161165446E-1,-3.345747322E0
3.643823882E1,9.995059691E-1,5.970303026E-3,-4.747666773E-3,-3.048988157E-2,3.602156393E0,7.004427529E-1,-5.229214824E-1,-3.497722754E0
3.644821731E1,9.994611851E-1,6.386347420E-3,-4.578032902E-3,-3.186841256E-2,3.761897330E0,7.481953522E-1,-5.010056579E-1,-3.655853549E0
3.645818502E1,9.994142540E-1,6.290186573E-3,-4.699217117E-3,-3.330915638E-2,3.922324392E0,7.383669144E-1,-5.141727821E-1,-3.821085179E0
3.646813247E1,9.993656724E-1,6.404736019E-3,-4.874232440E-3,-3.469112477E-2,4.081759441E0,7.528939307E-1,-5.327384578E-1,-3.979737004E0
3.647809809E1,9.993155354E-1,6.533208017E-3,-4.941688972E-3,-3.607433317E-2,4.240019763E0,7.686231400E-1,-5.388891256E-1,-4.138464673E0
3.648808257E1,9.992680347E-1,6.358471584E-3,-5.300285650E-3,-3.734797963E-2,4.384694690E0,7.508377316E-1,-5.797205622E-1,-4.284704119E0
3.649805007E1,9.992213640E-1,6.464354684E-3,-5.609358489E-3,-3.851509938E-2,4.522338232E0,7.650072531E-1,-6.137659137E-1,-4.418856536E0
3.650801294E1,9.991845541E-1,6.764035336E-3,-5.869579224E-3,-3.937032713E-2,4.628014507E0,8.010262571E-1,-6.415531739E-1,-4.517339292E0
3.651797997E1,9.991458033E-1,6.654770603E-3,-6.318019518E-3,-4.029218761E-2,4.736717531E0,7.911833114E-1,-6.926641092E-1,-4.623371908E0
3.652795216E1,9.991114753E-1,6.924764496E-3,-6.763877570E-3,-4.101899045E-2,4.830972302E0,8.247052362E-1,-7.418659528E-1,-4.707308921E0
3.653791971E1,9.990842959E-1,7.201343626E-3,-7.287910313E-3,-4.154030278E-2,4.904315012E0,8.592652078E-1,-8.001146691E-1,-4.767788096E0
3.654787090E1,9.990538687E-1,7.301430281E-3,-7.936142847E-3,-4.213162864E-2,4.985142442E0,8.743413017E-1,-8.733375862E-1,-4.836303359E0
3.655783679E1,9.990199397E-1,7.662691906E-3,-8.420007360E-3,-4.277320005E-2,5.073755007E0,9.186488975E-1,-9.263982280E-1,-4.910688450E0
3.656782143E1,9.989833162E-1,7.930170662E-3,-8.834881067E-3,-4.349012799E-2,5.167701033E0,9.520170169E-1,-9.718992988E-1,-4.993600306E0
3.657778919E1,9.989434717E-1,8.117075981E-3,-9.312611556E-3,-4.426430503E-2,5.268008153E0,9.766056918E-1,-1.024901491E0,-5.083096204E0
3.658775226E1,9.989069935E-1,8.499754856E-3,-9.889352241E-3,-4.488622611E-2,5.358195696E0,1.024041522E0,-1.088343913E0,-5.155475687E0
3.659771955E1,9.988653541E-1,8.811619067E-3,-1.053190742E-2,-4.560086319E-2,5.459324099E0,1.063904666E0,-1.159532585E0,-5.238546114E0
3.660767466E1,9.988136388E-1,9.144302458E-3,-1.126323211E-2,-4.648479569E-2,5.582375341E0,1.106941617E0,-1.240527493E0,-5.341230933E0
3.661764070E1,9.987491702E-1,9.568729029E-3,-1.196496535E-2,-4.759594514E-2,5.732076922E0,1.160768243E0,-1.317296347E0,-5.470140601E0
3.662762507E1,9.986694155E-1,9.955719889E-3,-1.271603256E-2,-4.897534732E-2,5.912035300E0,1.211139339E0,-1.399477179E0,-5.629932876E0
3.663759294E1,9.985757557E-1,1.050328928E-2,-1.342278251E-2,-5.055660101E-2,6.116618951E0,1.280167905E0,-1.475260560E0,-5.813155809E0
3.664753731E1,9.984672468E-1,1.100976757E-2,-1.406678528E-2,-5.238384821E-2,6.345403203E0,1.344743392E0,-1.543562017E0,-6.024570589E0
3.665750278E1,9.983461167E-1,1.133669084E-2,-1.473253308E-2,-5.440094877E-2,6.591434400E0,1.389469573E0,-1.614973967E0,-6.257631933E0
3.666746523E1,9.982118859E-1,1.168463454E-2,-1.547850939E-2,-5.654127650E-2,6.853777119E0,1.437633786E0,-1.695075656E0,-6.505099581E0
3.667743044E1,9.980650916E-1,1.215477870E-2,-1.607761096E-2,-5.882044432E-2,7.129644577E0,1.499384475E0,-1.757141959E0,-6.768585686E0
3.668740091E1,9.979038221E-1,1.230483836E-2,-1.669835962E-2,-6.130022572E-2,7.420917308E0,1.525324755E0,-1.823352596E0,-7.054683762E0
3.669736664E1,9.977279818E-1,1.255008166E-2,-1.723279791E-2,-6.390931496E-2,7.726019395E0,1.562102863E0,-1.878673043E0,-7.355744493E0
3.670734549E1,9.975570208E-1,1.299520688E-2,-1.765215865E-2,-6.632884827E-2,8.011539220E0,1.620797744E0,-1.919432744E0,-7.635294167E0
3.671731252E1,9.973843898E-1,1.324578506E-2,-1.800697767E-2,-6.873628486E-2,8.289891417E0,1.656913117E0,-1.954097551E0,-7.913046628E0
3.672728914E1,9.972098952E-1,1.353029782E-2,-1.831670828E-2,-7.109046403E-2,8.562072677E0,1.696610692E0,-1.983257140E0,-8.184731563E0
3.673725710E1,9.970406023E-1,1.390017614E-2,-1.849114423E-2,-7.331371042E-2,8.818129191E0,1.744803993E0,-1.996284945E0,-8.441332794E0
3.674722007E1,9.968802665E-1,1.400637472E-2,-1.871713310E-2,-7.538716490E-2,9.053976121E0,1.763068412E0,-2.017553770E0,-8.680351764E0
3.675718752E1,9.967250672E-1,1.420103561E-2,-1.902455392E-2,-7.730160016E-2,9.276569840E0,1.791947118E0,-2.047555213E0,-8.901486510E0
3.676714455E1,9.965720979E-1,1.448165029E-2,-1.921945949E-2,-7.915142366E-2,9.490868779E0,1.829606157E0,-2.063934794E0,-9.115177939E0
3.677711096E1,9.964171735E-1,1.446986155E-2,-1.950195516E-2,-8.101304394E-2,9.703094686E0,1.834765150E0,-2.092888403E0,-9.329859819E0
3.678710570E1,9.962557688E-1,1.445346122E-2,-1.986473908E-2,-8.289109003E-2,9.919380695E0,1.840319823E0,-2.131011666E0,-9.546638415E0
3.679707497E1,9.961069941E-1,1.505974482E-2,-2.007682740E-2,-8.450432795E-2,1.011465680E1,1.915114946E0,-2.146349754E0,-9.733985366E0
3.680703841E1,9.959701170E-1,1.552028687E-2,-2.028838477E-2,-8.597108916E-2,1.029105261E1,1.972994557E0,-2.163123427E0,-9.904216749E0
3.681700710E1,9.958353406E-1,1.589667784E-2,-2.067019419E-2,-8.736139393E-2,1.046184329E1,2.022876620E0,-2.200166211E0,-1.006592262E1
3.682695148E1,9.957074581E-1,1.627944641E-2,-2.111425593E-2,-8.863309627E-2,1.062136598E1,2.073972098E0,-2.244359646E0,-1.021420592E1
3.683691768E1,9.955840459E-1,1.651955876E-2,-2.168911514E-2,-8.982813635E-2,1.077307916E1,2.110084334E0,-2.304991004E0,-1.035373784E1
3.684690356E1,9.954634693E-1,1.666790459E-2,-2.238772719E-2,-9.095851809E-2,1.091927678E1,2.137025058E0,-2.380760503E0,-1.048599436E1
3.685687174E1,9.953407889E-1,1.673150855E-2,-2.317181059E-2,-9.208603488E-2,1.106604897E1,2.155377793E0,-2.467129048E0,-1.061800153E1
3.686682492E1,9.952121810E-1,1.686115215E-2,-2.400079383E-2,-9.323292467E-2,1.121785746E1,2.182013227E0,-2.557830428E0,-1.075258304E1
3.687679158E1,9.950915258E-1,1.729987784E-2,-2.483127986E-2,-9.421771052E-2,1.135843990E1,2.243745996E0,-2.645649215E0,-1.086938026E1
3.688677226E1,9.949734732E-1,1.754289116E-2,-2.571568843E-2,-9.517740312E-2,1.149433137E1,2.283849756E0,-2.741702840E0,-1.098303427E1
3.689674033E1,9.948483970E-1,1.777097250E-2,-2.665056971E-2,-9.618007430E-2,1.163658214E1,2.323135996E0,-2.843503369E0,-1.110183992E1
3.690668789E1,9.947367057E-1,1.834075307E-2,-2.746233032E-2,-9.699651278E-2,1.176216105E1,2.399709921E0,-2.927804792E0,-1.119991392E1
3.691665387E1,9.946475214E-1,1.898688974E-2,-2.821318775E-2,-9.756957589E-2,1.186148317E1,2.483724933E0,-3.004780029E0,-1.127012016E1
3.692663679E1,9.945524467E-1,1.864881293E-2,-2.926559272E-2,-9.829128937E-2,1.196646072E1,2.459399326E0,-3.126824739E0,-1.135552458E1
3.693660450E1,9.944265139E-1,1.834083424E-2,-3.060803222E-2,-9.921023437E-2,1.210411398E1,2.442706174E0,-3.281156073E0,-1.146464144E1
3.694655830E1,9.943309733E-1,1.958078656E-2,-3.145769046E-2,-9.966404556E-2,1.220751477E1,2.595695638E0,-3.362654774E0,-1.152374255E1
3.695652455E1,9.942590531E-1,1.999336611E-2,-3.230521216E-2,-1.000278654E-1,1.228477993E1,2.653978719E0,-3.453572132E0,-1.156989749E1
3.696649960E1,9.941425545E-1,1.949673678E-2,-3.358808405E-2,-1.008578170E-1,1.240891962E1,2.615344625E0,-3.603408451E0,-1.166819229E1
3.697646674E1,9.940200051E-1,1.972841611E-2,-3.483941534E-2,-1.015934756E-1,1.253818563E1,2.659403566E0,-3.741413973E0,-1.175814122E1
3.698645111E1,9.939138173E-1,1.995337041E-2,-3.595595950E-2,-1.021976307E-1,1.264912925E1,2.700790114E0,-3.864428504E0,-1.183256561E1
3.699642002E1,9.937900742E-1,1.957862441E-2,-3.731581451E-2,-1.029829884E-1,1.277720412E1,2.677541677E0,-4.021778059E0,-1.192651714E1
3.700635731E1,9.936429893E-1,1.972740562E-2,-3.862400018E-2,-1.038875641E-1,1.292779435E1,2.714214563E0,-4.166672356E0,-1.203618314E1
3.701632299E1,9.935211728E-1,2.026943013E-2,-3.986559874E-2,-1.044775740E-1,1.305120407E1,2.793906595E0,-4.300028971E0,-1.211110427E1
3.702628533E1,9.934026441E-1,2.103172163E-2,-4.064647294E-2,-1.051509279E-1,1.317017781E1,2.893592553E0,-4.377852640E0,-1.219505743E1
3.703625064E1,9.933354242E-1,2.177221030E-2,-4.132139320E-2,-1.053719520E-1,1.323717696E1,2.987564857E0,-4.445089588E0,-1.222643361E1
3.704624752E1,9.932940838E-1,2.185702796E-2,-4.197741530E-2,-1.054847387E-1,1.327821457E1,3.005960914E0,-4.518482101E0,-1.224244367E1
3.705621601E1,9.932849019E-1,2.155857602E-2,-4.276645181E-2,-1.053155355E-1,1.328731201E1,2.980953639E0,-4.612571852E0,-1.222471672E1
3.706616637E1,9.932950079E-1,2.105619363E-2,-4.349181774E-2,-1.050244054E-1,1.327729855E1,2.931244223E0,-4.702246323E0,-1.219167541E1
3.707613304E1,9.933866008E-1,2.221609744E-2,-4.402776207E-2,-1.036873304E-1,1.318619920E1,3.064058845E0,-4.753329707E0,-1.204484202E1
3.708608783E1,9.935559791E-1,2.388403651E-2,-4.421091362E-2,-1.015946076E-1,1.301606141E1,3.246905244E0,-4.760972614E0,-1.181182169E1
3.709605330E1,9.937449002E-1,2.436796298E-2,-4.440809751E-2,-9.952485374E-2,1.282364202E1,3.294647636E0,-4.784611654E0,-1.157603453E1
3.710601252E1,9.939377175E-1,2.389578681E-2,-4.466007480E-2,-9.758218497E-2,1.262424333E1,3.234221701E0,-4.825139268E0,-1.135065933E1
3.711597731E1,9.941807912E-1,2.417701737E-2,-4.470061455E-2,-9.498358407E-2,1.236831178E1,3.254219261E0,-4.835091692E0,-1.105232399E1
3.712597914E1,9.944967714E-1,2.452961143E-2,-4.455303859E-2,-9.159419505E-2,1.202751125E1,3.276435237E0,-4.825547894E0,-1.066240451E1
3.713594768E1,9.948538699E-1,2.493582158E-2,-4.435967282E-2,-8.761393646E-2,1.163039404E1,3.301552129E0,-4.812390235E0,-1.020455381E1
3.714591216E1,9.952341652E-1,2.516521953E-2,-4.397725626E-2,-8.331667962E-2,1.119205281E1,3.303161098E0,-4.780688464E0,-9.708714616E0
3.715588028E1,9.956027884E-1,2.440277301E-2,-4.369584348E-2,-7.918500860E-2,1.075017602E1,3.193252132E0,-4.769233605E0,-9.227877149E0
3.716583007E1,9.959344196E-1,2.408990387E-2,-4.343721484E-2,-7.514996228E-2,1.033656293E1,3.135691706E0,-4.755307592E0,-8.760582190E0
3.717579637E1,9.962593935E-1,2.460324021E-2,-4.278849368E-2,-7.092986834E-2,9.914575115E0,3.168781427E0,-4.690121128E0,-8.274539449E0
3.718577512E1,9.965754526E-1,2.371829590E-2,-4.244942968E-2,-6.687941084E-2,9.486220863E0,3.045477820E0,-4.671088140E0,-7.802878378E0
3.719574262E1,9.968424297E-1,2.201353947E-2,-4.248593351E-2,-6.336812955E-2,9.108743680E0,2.833784659E0,-4.698570828E0,-7.390947330E0
3.720569559E1,9.970906685E-1,2.191806543E-2,-4.210058219E-2,-5.964342566E-2,8.743183245E0,2.802460347E0,-4.665688457E0,-6.960607630E0
3.721566164E1,9.973535786E-1,2.117837989E-2,-4.169978896E-2,-5.566366021E-2,8.338596306E0,2.696238920E0,-4.635766163E0,-6.498037896E0
3.722562346E1,9.975716007E-1,1.958358314E-2,-4.151186356E-2,-5.238463378E-2,7.987586933E0,2.496797933E0,-4.632847110E0,-6.112942247E0
3.723558908E1,9.977598219E-1,1.970107856E-2,-4.101554980E-2,-4.904008523E-2,7.671671650E0,2.491762420E0,-4.583682837E0,-5.727408028E0
3.724555710E1,9.979400603E-1,2.028136669E-2,-4.026235739E-2,-4.564257691E-2,7.356469885E0,2.538531321E0,-4.502779128E0,-5.337217501E0
3.725552294E1,9.981005341E-1,2.057541804E-2,-3.954809195E-2,-4.251969455E-2,7.064023648E0,2.554451101E0,-4.427422544E0,-4.977481414E0
3.726548867E1,9.982412280E-1,2.010841543E-2,-3.906458265E-2,-3.980026051E-2,6.797294244E0,2.486410264E0,-4.381156580E0,-4.661514459E0
3.727545445E1,9.983563441E-1,1.899000465E-2,-3.912771148E-2,-3.732307873E-2,6.571016948E0,2.347434625E0,-4.399439080E0,-4.372137469E0
3.728544846E1,9.984428875E-1,1.793083001E-2,-3.948334935E-2,-3.509061013E-2,6.395639785E0,2.217524500E0,-4.449783897E0,-4.111866081E0
3.729541710E1,9.984954999E-1,1.713221920E-2,-3.994274180E-2,-3.343353325E-2,6.286634373E0,2.120328250E0,-4.509231301E0,-3.919028932E0
3.730539278E1,9.985268176E-1,1.817700040E-2,-3.999317936E-2,-3.184865336E-2,6.220842587E0,2.233313442E0,-4.514460484E0,-3.741773113E0
3.731536216E1,9.985522356E-1,1.733987732E-2,-4.047827548E-2,-3.089127066E-2,6.166929442E0,2.134709679E0,-4.575232984E0,-3.629167476E0
3.732530690E1,9.985379019E-1,1.632074606E-2,-4.148188831E-2,-3.057686570E-2,6.197389839E0,2.020025629E0,-4.694589854E0,-3.590696383E0
3.733527377E1,9.985147798E-1,1.738764492E-2,-4.214613842E-2,-2.982628489E-2,6.246213302E0,2.141475921E0,-4.768493468E0,-3.511081764E0
3.734526002E1,9.984971899E-1,1.664735825E-2,-4.306056473E-2,-2.952990004E-2,6.283101599E0,2.058383601E0,-4.876514578E0,-3.475640849E0
3.735522882E1,9.984594637E-1,1.684677910E-2,-4.375364399E-2,-2.967328652E-2,6.361497451E0,2.084548851E0,-4.954964042E0,-3.494754951E0
3.736524559E1,9.984399146E-1,1.765576456E-2,-4.400161979E-2,-2.949353065E-2,6.401743785E0,2.177503151E0,-4.980948127E0,-3.478726983E0
3.737521924E1,9.984207186E-1,1.686817255E-2,-4.464834102E-2,-2.963206202E-2,6.441018713E0,2.090103883E0,-5.057530821E0,-3.492274698E0
3.738517450E1,9.984012627E-1,1.794950844E-2,-4.480752207E-2,-2.941121851E-2,6.480582720E0,2.213806248E0,-5.072483788E0,-3.472770321E0
3.739514627E1,9.984171229E-1,1.886241179E-2,-4.468453200E-2,-2.847368566E-2,6.448348941E0,2.313483232E0,-5.057384664E0,-3.369314833E0
3.740507174E1,9.984445305E-1,1.686187904E-2,-4.502203852E-2,-2.823495516E-2,6.392263850E0,2.083608703E0,-5.103309368E0,-3.332529328E0
3.741503887E1,9.984583514E-1,1.593987053E-2,-4.515166480E-2,-2.807433313E-2,6.363794251E0,1.977300449E0,-5.121560995E0,-3.309641368E0
3.742496815E1,9.984950280E-1,1.705197922E-2,-4.460788978E-2,-2.696377554E-2,6.287620404E0,2.097536698E0,-5.057873688E0,-3.186378451E0
3.743493143E1,9.985535234E-1,1.712996193E-2,-4.404765865E-2,-2.563647758E-2,6.164185345E0,2.097947719E0,-4.996195013E0,-3.032872097E0
3.744493148E1,9.986136374E-1,1.751170149E-2,-4.332353517E-2,-2.423251374E-2,6.034707472E0,2.132545968E0,-4.915027500E0,-2.871686190E0
3.745489846E1,9.986830376E-1,1.692027178E-2,-4.266286718E-2,-2.292977554E-2,5.881688095E0,2.056249127E0,-4.843674391E0,-2.717538289E0
3.746486992E1,9.987436985E-1,1.594843437E-2,-4.225996964E-2,-2.169716881E-2,5.744603314E0,1.937501650E0,-4.802520789E0,-2.570304171E0
3.747483731E1,9.988031297E-1,1.605161570E-2,-4.165018560E-2,-1.999789294E-2,5.607050814E0,1.939613930E0,-4.735653687E0,-2.374239767E0
3.748480309E1,9.988741551E-1,1.604331601E-2,-4.084549799E-2,-1.801886623E-2,5.438105876E0,1.927395788E0,-4.647247194E0,-2.145128623E0
3.749477033E1,9.989466875E-1,1.583447715E-2,-4.006108008E-2,-1.580805811E-2,5.259983359E0,1.891490524E0,-4.561961138E0,-1.888576784E0
3.750473158E1,9.990143715E-1,1.610488329E-2,-3.928113616E-2,-1.295803507E-2,5.088150358E0,1.908167774E0,-4.477492107E0,-1.560866705E0
3.751469825E1,9.990837399E-1,1.501989262E-2,-3.875536378E-2,-1.020320394E-2,4.905803981E0,1.770444101E0,-4.423801145E0,-1.238619948E0
3.752465919E1,9.991443979E-1,1.397668189E-2,-3.817333628E-2,-7.610584164E-3,4.740613270E0,1.638500813E0,-4.362624493E0,-9.352525403E-1
3.753462523E1,9.991964996E-1,1.316781800E-2,-3.755485331E-2,-4.753607455E-3,4.593987014E0,1.532655578E0,-4.296865115E0,-6.026579144E-1
3.754459596E1,9.992302347E-1,1.327973884E-2,-3.688487955E-2,-1.446479270E-3,4.496500641E0,1.531030946E0,-4.225069246E0,-2.223609987E-1
3.755456247E1,9.992531365E-1,1.431557956E-2,-3.582556450E-2,2.182284912E-3,4.429097965E0,1.634684226E0,-4.109343261E0,1.916077665E-1
3.756451476E1,9.992732580E-1,1.407771921E-2,-3.495108726E-2,5.761517891E-3,4.369020164E0,1.593054006E0,-4.014767882E0,6.048543364E-1
3.757447981E1,9.992829516E-1,1.244145400E-2,-3.461316869E-2,8.984510205E-3,4.339781026E0,1.392521643E0,-3.979540844E0,9.818786534E-1
3.758444429E1,9.992719380E-1,1.248774670E-2,-3.379356594E-2,1.255567347E-2,4.372986637E0,1.384652696E0,-3.890594239E0,1.392714850E0
3.759440929E1,9.992502996E-1,1.196966547E-2,-3.297936421E-2,1.636848831E-2,4.437502755E0,1.311735837E0,-3.801563569E0,1.833395412E0
3.760437309E1,9.992217253E-1,1.151474963E-2,-3.205211194E-2,1.990015906E-2,4.521288817E0,1.248073226E0,-3.698869814E0,2.241562942E0
3.761433799E1,9.991625094E-1,1.251234017E-2,-3.078208534E-2,2.387853173E-2,4.690162590E0,1.351112988E0,-3.560942254E0,2.696049102E0
3.762430440E1,9.990857070E-1,1.228062674E-2,-2.989584752E-2,2.798525584E-2,4.900534087E0,1.312610336E0,-3.464172198E0,3.169274884E0
3.763426940E1,9.990144199E-1,1.172635212E-2,-2.892487736E-2,3.155999030E-2,5.088025356E0,1.240032240E0,-3.355606463E0,3.582548910E0
3.764423992E1,9.989337304E-1,1.148901184E-2,-2.762106433E-2,3.516364097E-2,5.292242464E0,1.205822604E0,-3.209738992E0,3.998307161E0
3.765420544E1,9.988487705E-1,1.049088370E-2,-2.660178148E-2,3.851519525E-2,5.499082753E0,1.085020317E0,-3.092633460E0,4.387124266E0
3.766418809E1,9.987548962E-1,1.039837650E-2,-2.535519835E-2,4.168507019E-2,5.718939260E0,1.070450390E0,-2.952851575E0,4.752347122E0
3.767415539E1,9.986382691E-1,1.058900434E-2,-2.419903793E-2,4.498763258E-2,5.980845323E0,1.088395264E0,-2.824962291E0,5.131906827E0
3.768411882E1,9.985099648E-1,1.076470479E-2,-2.322632574E-2,4.819241722E-2,6.256332589E0,1.104751422E0,-2.718041919E0,5.500186896E0
3.769408570E1,9.984026365E-1,1.039980003E-2,-2.235607531E-2,5.083527889E-2,6.477797060E0,1.060763683E0,-2.619219427E0,5.805328816E0
3.770404007E1,9.983033462E-1,1.049751872E-2,-2.146284978E-2,5.309969063E-2,6.676143545E0,1.071387903E0,-2.519975980E0,6.065814024E0
3.771400565E1,9.982172312E-1,1.033684365E-2,-2.079389038E-2,5.498293560E-2,6.843522276E0,1.052406486E0,-2.444425912E0,6.283007629E0
3.772399200E1,9.981487814E-1,1.065423365E-2,-2.001831244E-2,5.643371897E-2,6.973703805E0,1.090159921E0,-2.359248796E0,6.449482966E0
3.773395971E1,9.981008628E-1,1.043325931E-2,-1.952347131E-2,5.748607533E-2,7.063412229E0,1.065605198E0,-2.302324006E0,6.571256656E0
3.774391481E1,9.980678761E-1,9.823408118E-3,-1.944322582E-2,5.818914184E-2,7.124510942E0,9.947017680E-1,-2.289836575E0,6.653458658E0
3.775388122E1,9.980525859E-1,9.380730901E-3,-1.942617853E-2,5.852914874E-2,7.152655123E0,9.433617211E-1,-2.285262918E0,6.693529372E0
3.776385466E1,9.980426756E-1,9.712543875E-3,-1.927620175E-2,5.869337380E-2,7.170837636E0,9.819688262E-1,-2.270484976E0,6.711743381E0
3.777382179E1,9.980896712E-1,8.435851843E-3,-1.952055081E-2,5.800683300E-2,7.084200509E0,8.357724863E-1,-2.289300134E0,6.635633263E0
3.778378976E1,9.981474029E-1,7.972331136E-3,-1.990012596E-2,5.694022278E-2,6.976300579E0,7.826944440E-1,-2.328821412E0,6.513993165E0
3.779375695E1,9.982202384E-1,8.047985590E-3,-2.004417321E-2,5.558611992E-2,6.837746197E0,7.936042781E-1,-2.344722788E0,6.358232678E0
3.780372408E1,9.983226646E-1,7.803755544E-3,-2.028106433E-2,5.366225043E-2,6.638016113E0,7.687113337E-1,-2.368802526E0,6.137757467E0
3.781369127E1,9.984465537E-1,8.068912763E-3,-2.036722481E-2,5.123034482E-2,6.388104137E0,8.043450799E-1,-2.378338461E0,5.857850356E0
3.782364903E1,9.985825105E-1,7.844669535E-3,-2.069469077E-2,4.840620505E-2,6.102093635E0,7.835852296E-1,-2.412301946E0,5.533973400E0
3.783361528E1,9.987573951E-1,7.245969309E-3,-2.105085418E-2,4.458725278E-2,5.713196094E0,7.224174169E-1,-2.447018556E0,5.096855922E0
3.784358768E1,9.989113218E-1,7.665178445E-3,-2.140014701E-2,4.073634653E-2,5.347573935E0,7.782681942E-1,-2.486167947E0,4.653652851E0
3.785355450E1,9.990617816E-1,7.657633008E-3,-2.177996787E-2,3.664082687E-2,4.964249022E0,7.860172689E-1,-2.526429818E0,4.183457112E0
3.786353179E1,9.991905324E-1,7.616966165E-3,-2.246477698E-2,3.248993051E-2,4.611016339E0,7.893339227E-1,-2.601442258E0,3.706852849E0
3.787349966E1,9.993180326E-1,7.602557453E-3,-2.293669133E-2,2.792094293E-2,4.232277359E0,7.980891779E-1,-2.651829844E0,3.182382449E0
3.788346294E1,9.994395053E-1,7.270965790E-3,-2.336759773E-2,2.284214901E-2,3.836839974E0,7.724377098E-1,-2.696255516E0,2.600351005E0
3.789343033E1,9.995389967E-1,6.225170728E-3,-2.409285569E-2,1.739469852E-2,3.479655961E0,6.657938300E-1,-2.773056185E0,1.977888483E0
3.790339387E1,9.995967270E-1,6.538408615E-3,-2.463299078E-2,1.252391102E-2,3.254481405E0,7.144838068E-1,-2.832131143E0,1.417976059E0
3.791336085E1,9.996290797E-1,6.756950984E-3,-2.517034053E-2,7.905732717E-3,3.121198274E0,7.521783826E-1,-2.890586084E0,8.872694064E-1
3.792332601E1,9.996396593E-1,7.721600464E-3,-2.546050290E-2,3.562474253E-3,3.076361190E0,8.752888310E-1,-2.920924642E0,3.860586336E-1
3.793329283E1,9.996331266E-1,7.668321281E-3,-2.596494948E-2,-7.940496334E-4,3.104123813E0,8.819884888E-1,-2.974911201E0,-1.139276594E-1
3.794326064E1,9.996009772E-1,5.612622865E-3,-2.701803150E-2,-6.034139045E-3,3.237284948E0,6.625640574E-1,-3.092423244E0,-7.096138327E-1
3.795322752E1,9.995397579E-1,5.578279894E-3,-2.768677640E-2,-1.107237500E-2,3.476781779E0,6.751044268E-1,-3.165743464E0,-1.287988634E0
3.796319174E1,9.994759001E-1,6.451924549E-3,-2.796757184E-2,-1.497039329E-2,3.710168431E0,7.881754156E-1,-3.193753484E0,-1.738225004E0
3.797315830E1,9.993998151E-1,5.452321932E-3,-2.856995703E-2,-1.881593403E-2,3.970378331E0,6.871458336E-1,-3.261916758E0,-2.176752755E0
3.798312617E1,9.993146228E-1,5.364470569E-3,-2.891284311E-2,-2.248454173E-2,4.242845916E0,6.899567458E-1,-3.298897609E0,-2.597739267E0
3.799309288E1,9.992295295E-1,5.791066494E-3,-2.906817228E-2,-2.572648923E-2,4.498559992E0,7.500652210E-1,-3.313174618E0,-2.971352919E0
3.800305643E1,9.991385204E-1,5.283329180E-3,-2.930096596E-2,-2.890946071E-2,4.756870326E0,7.031824673E-1,-3.339138195E0,-3.335208137E0
3.801302283E1,9.990428069E-1,4.755914453E-3,-2.952783905E-2,-3.192112227E-2,5.014204718E0,6.536166468E-1,-3.364939713E0,-3.679349548E0
3.802298851E1,9.989705384E-1,5.436657967E-3,-2.952372640E-2,-3.400964296E-2,5.200079392E0,7.387047544E-1,-3.360425397E0,-3.921397206E0
3.803295481E1,9.989313272E-1,6.103963046E-3,-2.930746110E-2,-3.521388796E-2,5.298204153E0,8.183883268E-1,-3.332045701E0,-4.061663102E0
3.804292757E1,9.989041363E-1,6.108105867E-3,-2.927870663E-2,-3.599965194E-2,5.365195761E0,8.213658440E-1,-3.328089592E0,-4.151857459E0
3.805289450E1,9.988902196E-1,5.480112383E-3,-2.934229279E-2,-3.643250571E-2,5.399161642E0,7.510730702E-1,-3.337656244E0,-4.199526796E0
3.806286575E1,9.988728380E-1,3.453000337E-3,-2.955670934E-2,-3.698014761E-2,5.441286656E0,5.213976308E-1,-3.370442804E0,-4.255798212E0
3.807283309E1,9.988938274E-1,4.334348144E-3,-2.914591913E-2,-3.664492224E-2,5.390376599E0,6.195716091E-1,-3.319838341E0,-4.219919432E0
3.808279945E1,9.989514098E-1,4.788363336E-3,-2.877866638E-2,-3.528371997E-2,5.248177203E0,6.655921634E-1,-3.276759762E0,-4.064816815E0
3.809276669E1,9.989901219E-1,3.335569343E-3,-2.912146568E-2,-3.405217382E-2,5.150372691E0,4.963171809E-1,-3.322550269E0,-3.918919260E0
3.810273590E1,9.990453311E-1,3.431832953E-3,-2.933045188E-2,-3.219275579E-2,5.007587774E0,5.019468525E-1,-3.347056801E0,-3.705931390E0
3.811270335E1,9.991588434E-1,6.545982338E-3,-2.876269729E-2,-2.848618996E-2,4.700418229E0,8.447818130E-1,-3.273602786E0,-3.290280621E0
3.812267080E1,9.992728280E-1,7.723207595E-3,-2.835550576E-2,-2.429264313E-2,4.370312682E0,9.648806019E-1,-3.227145517E0,-2.812389929E0
3.813263820E1,9.993693549E-1,7.721264364E-3,-2.796780844E-2,-2.047135341E-2,4.069892844E0,9.513562971E-1,-3.186382965E0,-2.373457654E0
3.814260247E1,9.994622073E-1,7.532468923E-3,-2.736562355E-2,-1.642196208E-2,3.758326989E0,9.155876925E-1,-3.121552293E0,-1.907609336E0
3.815256960E1,9.995422640E-1,7.151713535E-3,-2.685813512E-2,-1.194806003E-2,3.467302635E0,8.571841089E-1,-3.067980932E0,-1.392664047E0
3.816253825E1,9.996042673E-1,7.330582459E-3,-2.617635718E-2,-7.236693525E-3,3.223910171E0,8.626073037E-1,-2.993685510E0,-8.521188240E-1
3.817250549E1,9.996459923E-1,6.610894402E-3,-2.564930259E-2,-2.509881910E-3,3.049206357E0,7.656904266E-1,-2.937538465E0,-3.073454880E-1
3.818246835E1,9.996688587E-1,5.401590331E-3,-2.511112656E-2,1.557916789E-3,2.949078212E0,6.150767379E-1,-2.878745629E0,1.631278741E-1
3.819243518E1,9.996798619E-1,3.989555013E-3,-2.443278351E-2,5.224583609E-3,2.899665501E0,4.429293405E-1,-2.802400182E0,5.880451577E-1
3.820240309E1,9.996794403E-1,2.834006552E-3,-2.370758412E-2,8.422323024E-3,2.901574306E0,3.021099515E-1,-2.719574415E0,9.582424973E-1
3.821236997E1,9.996635014E-1,2.345214745E-3,-2.310613297E-2,1.155380877E-2,2.972839185E0,2.383152984E-1,-2.650927515E0,1.318841548E0
3.822233752E1,9.996361624E-1,1.915809355E-3,-2.272785096E-2,1.439851907E-2,3.091253370E0,1.821448161E-1,-2.607533288E0,1.646289721E0
3.823230445E1,9.996028557E-1,1.153721566E-3,-2.266678160E-2,1.670379529E-2,3.229655180E0,8.885891886E-2,-2.599490354E0,1.912680123E0
3.824226976E1,9.995707485E-1,9.986967848E-4,-2.254167027E-2,1.868674502E-2,3.357678197E0,6.619101318E-2,-2.584991772E0,2.140519887E0
3.825223653E1,9.995387379E-1,6.080456817E-4,-2.255607753E-2,2.032646450E-2,3.480632928E0,1.712365333E-2,-2.585837868E0,2.329608519E0
3.826220434E1,9.995177989E-1,2.269545351E-4,-2.254015456E-2,2.135555106E-2,3.558763823E0,-2.919462967E-2,-2.583096310E0,2.448632241E0
3.827217122E1,9.994976744E-1,8.416165015E-4,-2.237613110E-2,2.242764659E-2,3.632272883E0,3.892564844E-2,-2.565848234E0,2.570007458E0
3.828213830E1,9.994845850E-1,1.349428130E-4,-2.239545990E-2,2.299977409E-2,3.679296843E0,-4.361343060E-2,-2.566221503E0,2.637450650E0
3.829210518E1,9.994857944E-1,-1.096939256E-3,-2.248329963E-2,2.283516595E-2,3.674977198E0,-1.846542730E-1,-2.573065972E0,2.621755077E0
3.830207236E1,9.994987332E-1,-1.112990731E-3,-2.218369300E-2,2.255941885E-2,3.628442510E0,-1.850048013E-1,-2.538743149E0,2.590075792E0
3.831203924E1,9.995150351E-1,-2.133699708E-3,-2.209985232E-2,2.183434194E-2,3.568948970E0,-2.999729309E-1,-2.526708688E0,2.509462598E0
3.832200882E1,9.995486917E-1,-2.292355857E-3,-2.182982827E-2,2.050894069E-2,3.442870021E0,-3.141690685E-1,-2.495786913E0,2.357726396E0
3.833197601E1,9.995862882E-1,-1.131360774E-3,-2.125541757E-2,1.934372567E-2,3.296336676E0,-1.768658114E-1,-2.432906997E0,2.221023979E0
3.834193809E1,9.996219728E-1,-1.377760053E-3,-2.094496357E-2,1.775730193E-2,3.150959581E0,-2.006155338E-1,-2.397104443E0,2.039589577E0
3.835190476E1,9.996629168E-1,-2.394380928E-3,-2.088384601E-2,1.523760728E-2,2.975420667E0,-3.110204717E-1,-2.388816976E0,1.753039297E0
3.836187304E1,9.996977868E-1,-3.659801449E-3,-2.089008770E-2,1.243161910E-2,2.817314157E0,-4.494098369E-1,-2.388582479E0,1.434284864E0
3.837183986E1,9.996895770E-1,-8.176163499E-3,-2.191936845E-2,8.569790600E-3,2.855326787E0,-9.591142269E-1,-2.503762474E0,1.003266484E0
3.838180549E1,9.997270364E-1,-6.859192459E-3,-2.181122445E-2,4.803610890E-3,2.677502481E0,-7.985803651E-1,-2.495713435E0,5.679947984E-1
3.839177216E1,9.997712180E-1,-2.414791690E-3,-2.106677657E-2,2.805593292E-3,2.451245599E0,-2.836771385E-1,-2.413459774E0,3.275455711E-1
3.840174408E1,9.997566554E-1,-5.207106298E-3,-2.138800084E-2,-1.438535708E-3,2.528059330E0,-5.935735718E-1,-2.451894600E0,-1.521814223E-1
3.841171127E1,9.996912279E-1,-7.736957847E-3,-2.242968187E-2,-7.382263436E-3,2.847723781E0,-8.682532037E-1,-2.576872269E0,-8.266625119E-1
3.842166752E1,9.996885445E-1,-2.243601361E-3,-2.215498375E-2,-1.126662756E-2,2.860071461E0,-2.286398227E-1,-2.541713605E0,-1.286335761E0
3.843163356E1,9.996456433E-1,1.894320283E-4,-2.241823016E-2,-1.435182620E-2,3.050708972E0,5.862751238E-2,-2.568578361E0,-1.646382459E0
3.844160710E1,9.995455855E-1,-1.968116966E-3,-2.367930438E-2,-1.854830437E-2,3.454698650E0,-1.752946310E-1,-2.717417214E0,-2.122043662E0
3.845157393E1,9.994320034E-1,-1.413785177E-3,-2.455780502E-2,-2.303445249E-2,3.862433828E0,-9.721172898E-2,-2.817385762E0,-2.638195886E0
3.846153966E1,9.993349493E-1,9.827141819E-4,-2.480223101E-2,-2.671222081E-2,4.179449472E0,1.886871894E-1,-2.838388900E0,-3.066977577E0
3.847150637E1,9.992113021E-1,1.045707362E-3,-2.542337732E-2,-3.048495024E-2,4.551468314E0,2.088161380E-1,-2.908602848E0,-3.500292601E0
3.848147700E1,9.990225753E-1,-1.548731860E-3,-2.659031172E-2,-3.527677349E-2,5.066927103E0,-6.990806979E-2,-3.051750406E0,-4.042832765E0
3.849144408E1,9.988037855E-1,-3.145482944E-3,-2.780838753E-2,-4.009735215E-2,5.605514295E0,-2.326032158E-1,-3.198909196E0,-4.591357094E0
3.850141257E1,9.986252194E-1,-2.040481753E-3,-2.844766872E-2,-4.397996968E-2,6.009441185E0,-9.027866501E-2,-3.267435334E0,-5.040837481E0
3.851137981E1,9.983829018E-1,-4.088031657E-3,-2.958887902E-2,-4.836700882E-2,6.517699886E0,-3.042415170E-1,-3.409822937E0,-5.538035476E0
3.852133773E1,9.980993313E-1,-4.673779374E-3,-3.075581840E-2,-5.319737065E-2,7.066260549E0,-3.477399773E-1,-3.548417664E0,-6.091033077E0
3.853130403E1,9.978736549E-1,-2.808951990E-3,-3.137385666E-2,-5.706101829E-2,7.474144477E0,-1.162837683E-1,-3.608286107E0,-6.541853369E0
3.854126690E1,9.975716040E-1,-4.245563451E-3,-3.242672349E-2,-6.149290770E-2,7.987581575E0,-2.573759975E-1,-3.739375993E0,-7.046393341E0
3.855123283E1,9.971698827E-1,-6.143506172E-3,-3.390784384E-2,-6.681871394E-2,8.623276744E0,-4.434182037E-1,-3.924664469E0,-7.651937466E0
3.856123533E1,9.968273864E-1,-5.195558458E-3,-3.502488539E-2,-7.128411710E-2,9.130427368E0,-3.081451642E-1,-4.046626348E0,-8.169744246E0
3.857120497E1,9.964436667E-1,-7.368753114E-3,-3.686628412E-2,-7.540953248E-2,9.667131888E0,-5.242889710E-1,-4.277188115E0,-8.636059115E0
3.858116872E1,9.960052954E-1,-8.571906948E-3,-3.872251161E-2,-8.000338109E-2,1.024600677E1,-6.252897712E-1,-4.502765637E0,-9.160178844E0
3.859113773E1,9.956880368E-1,-5.639390515E-3,-3.946902506E-2,-8.375993486E-2,1.064538388E1,-2.654512118E-1,-4.562262339E0,-9.606530784E0
3.860109716E1,9.952231770E-1,-7.225302779E-3,-4.041118688E-2,-8.857515935E-2,1.120495790E1,-4.152238239E-1,-4.687223491E0,-1.015488830E1
3.861106518E1,9.946471361E-1,-7.355935324E-3,-4.162519525E-2,-9.428842923E-2,1.186191046E1,-3.900578948E-1,-4.829558825E0,-1.081399177E1
3.862103179E1,9.943132864E-1,-1.877127601E-3,-4.192053674E-2,-9.787866742E-2,1.222656129E1,2.572079776E-1,-4.803099779E0,-1.125477845E1
3.863099966E1,9.940245801E-1,3.838736331E-4,-4.232054303E-2,-1.006178833E-1,1.253338371E1,5.335760875E-1,-4.821862461E0,-1.158236247E1
3.864096867E1,9.935993072E-1,-1.613969049E-3,-4.351498228E-2,-1.042317519E-1,1.297218215E1,3.372580540E-1,-4.980078577E0,-1.199188117E1
3.865093664E1,9.931653880E-1,-5.927613840E-4,-4.470755241E-2,-1.078118525E-1,1.340516682E1,4.868052649E-1,-5.102157354E0,-1.241251686E1
3.866090382E1,9.927726450E-1,-7.338862457E-4,-4.580183211E-2,-1.109239785E-1,1.378539563E1,5.007844428E-1,-5.227146922E0,-1.277346277E1
3.867087169E1,9.923198446E-1,-1.291977930E-3,-4.744151844E-2,-1.142320407E-1,1.421120734E1,4.762324497E-1,-5.419635499E0,-1.315606925E1
3.868083247E1,9.920172832E-1,2.490456314E-3,-4.802791829E-2,-1.165711223E-1,1.448879659E1,9.288830395E-1,-5.434537811E0,-1.344817415E1
3.869079966E1,9.917656619E-1,2.657519655E-3,-4.874876111E-2,-1.183949649E-1,1.471568336E1,9.679217074E-1,-5.512644409E0,-1.366187415E1
3.870076351E1,9.911960942E-1,-3.048513045E-3,-5.066826032E-2,-1.222854727E-1,1.521683947E1,3.656292396E-1,-5.807696690E0,-1.408481538E1
3.871073033E1,9.906831962E-1,-6.233478264E-4,-5.244804655E-2,-1.256806212E-1,1.565448785E1,6.883432196E-1,-5.973903763E0,-1.449605383E1
3.872067716E1,9.904515091E-1,4.273836562E-3,-5.315210456E-2,-1.271314134E-1,1.584824490E1,1.266395732E0,-5.981220356E0,-1.469480741E1
3.873064195E1,9.900985049E-1,2.666745774E-3,-5.419971337E-2,-1.294613074E-1,1.613901456E1,1.113038887E0,-6.121410370E0,-1.495852238E1
3.874061908E1,9.896326257E-1,2.888064966E-3,-5.570781898E-2,-1.323463796E-1,1.651497569E1,1.179544372E0,-6.286268793E0,-1.529903936E1
3.875058507E1,9.894035705E-1,6.603559911E-3,-5.647232635E-2,-1.335958233E-1,1.669673855E1,1.623289660E0,-6.314360187E0,-1.546943679E1
3.876054872E1,9.891915464E-1,5.082538855E-3,-5.751243846E-2,-1.347834252E-1,1.686325297E1,1.473906645E0,-6.454349722E0,-1.560134895E1
3.877051450E1,9.888473651E-1,2.701907104E-3,-5.947019597E-2,-1.365169732E-1,1.713013647E1,1.245127008E0,-6.711852144E0,-1.579377012E1
3.878048872E1,9.885627111E-1,3.252788490E-3,-6.127712223E-2,-1.377617501E-1,1.734778259E1,1.345708848E0,-6.906896712E0,-1.594800453E1
3.879045528E1,9.882544311E-1,2.240519169E-3,-6.259980008E-2,-1.393894703E-1,1.758047716E1,1.263337496E0,-7.071303308E0,-1.613483918E1
3.880041940E1,9.878653921E-1,6.538689104E-4,-6.383528557E-2,-1.415860019E-1,1.786983929E1,1.118695280E0,-7.234822281E0,-1.638348949E1
3.881038575E1,9.875353516E-1,9.911712165E-4,-6.497453700E-2,-1.433570945E-1,1.811172386E1,1.189409705E0,-7.356641939E0,-1.659593212E1
3.882034335E1,9.872593398E-1,9.146063723E-4,-6.604775656E-2,-1.447613667E-1,1.831157806E1,1.209475619E0,-7.478129133E0,-1.676266081E1
3.883030882E1,9.868757114E-1,-1.310159843E-3,-6.767274351E-2,-1.466117783E-1,1.858581641E1,9.978138226E-1,-7.698101181E0,-1.696742389E1
3.884028997E1,9.865639692E-1,-8.371139686E-4,-6.930231643E-2,-1.479460134E-1,1.880574703E1,1.090617204E0,-7.873709587E0,-1.713220632E1
3.885025700E1,9.864083566E-1,4.009626121E-4,-7.047856664E-2,-1.484289891E-1,1.891458161E1,1.256354089E0,-7.985487190E0,-1.720236537E1
3.886021591E1,9.863483273E-1,2.303604250E-3,-7.142643571E-2,-1.483574567E-1,1.895640033E1,1.489537948E0,-8.060529271E0,-1.721252378E1
3.887018210E1,9.863035690E-1,2.628912656E-3,-7.221714847E-2,-1.482667939E-1,1.898752127E1,1.539818993E0,-8.144869799E0,-1.720767045E1
3.888015632E1,9.861625611E-1,1.622236190E-3,-7.297246619E-2,-1.488482132E-1,1.908523679E1,1.443069563E0,-8.247097877E0,-1.727054517E1
3.889012330E1,9.860635075E-1,2.079423168E-3,-7.367070671E-2,-1.491544907E-1,1.915358355E1,1.510191624E0,-8.318035771E0,-1.731282195E1
3.890009132E1,9.861754965E-1,5.036972395E-3,-7.409974390E-2,-1.481274686E-1,1.907629350E1,1.846736831E0,-8.317502769E0,-1.721867959E1
3.891005840E1,9.863610940E-1,6.531586443E-3,-7.437628521E-2,-1.466877599E-1,1.894751424E1,2.010054975E0,-8.326134449E0,-1.706393734E1
3.892001570E1,9.863796393E-1,4.742091197E-3,-7.527557805E-2,-1.461721832E-1,1.893459863E1,1.816946084E0,-8.459731198E0,-1.699308894E1
3.892998174E1,9.862463948E-1,3.696063997E-3,-7.643018574E-2,-1.465019270E-1,1.902720173E1,1.720449735E0,-8.608094506E0,-1.702792288E1
3.893995976E1,9.863253636E-1,6.685645378E-3,-7.678673437E-2,-1.456755872E-1,1.897237355E1,2.061068177E0,-8.599431729E0,-1.695813166E1
3.894992705E1,9.865032971E-1,7.498154900E-3,-7.714997421E-2,-1.442321180E-1,1.884825480E1,2.147558963E0,-8.630082512E0,-1.679809817E1
3.895988950E1,9.865593018E-1,6.008803745E-3,-7.814230272E-2,-1.433820732E-1,1.880902049E1,1.986831408E0,-8.769567609E0,-1.669078738E1
3.896985627E1,9.865705280E-1,5.852505932E-3,-7.912257099E-2,-1.427724070E-1,1.880114612E1,1.980278449E0,-8.884832221E0,-1.662274824E1
3.897982596E1,9.865948523E-1,5.905385645E-3,-7.982441378E-2,-1.422103611E-1,1.878407324E1,1.993209253E0,-8.964884338E0,-1.656080680E1
3.898979299E1,9.866254747E-1,6.005784030E-3,-8.035647586E-2,-1.416931190E-1,1.876255790E1,2.009019519E0,-9.024775211E0,-1.650374427E1
3.899976111E1,9.867624253E-1,7.633477159E-3,-8.102670474E-2,-1.402723036E-1,1.866603555E1,2.193578335E0,-9.077290303E0,-1.635539133E1
3.900972830E1,9.868672036E-1,6.210683411E-3,-8.201593330E-2,-1.390249495E-1,1.859185279E1,2.035645936E0,-9.215648694E0,-1.620163388E1
3.901969440E1,9.868053429E-1,3.614104231E-3,-8.339643396E-2,-1.387342360E-1,1.863568537E1,1.758460220E0,-9.415293446E0,-1.615026127E1
3.902966143E1,9.868982893E-1,4.741580725E-3,-8.431130306E-2,-1.374805013E-1,1.856978771E1,1.890764260E0,-9.503602094E0,-1.601835992E1
3.903962976E1,9.871234901E-1,4.668076902E-3,-8.495911760E-2,-1.354524741E-1,1.840915397E1,1.873210551E0,-9.582389169E0,-1.578361379E1
3.904959695E1,9.873535139E-1,4.254788189E-3,-8.569170265E-2,-1.333111681E-1,1.824363264E1,1.816596545E0,-9.676297099E0,-1.553277257E1
3.905956252E1,9.876967452E-1,4.991377518E-3,-8.618654723E-2,-1.303921190E-1,1.799384239E1,1.880077473E0,-9.726814510E0,-1.520096636E1
3.906952950E1,9.880435641E-1,3.664361531E-3,-8.666196050E-2,-1.274605527E-1,1.773789850E1,1.705832377E0,-9.806277449E0,-1.484780362E1
3.907949762E1,9.884038630E-1,2.959282598E-3,-8.697784651E-2,-1.244343218E-1,1.746806776E1,1.599219799E0,-9.857713591E0,-1.448883564E1
3.908946476E1,9.889021130E-1,4.711844408E-3,-8.708824361E-2,-1.202748819E-1,1.708796085E1,1.760474476E0,-9.852366739E0,-1.402078895E1
3.909942731E1,9.894314046E-1,4.692082175E-3,-8.702645446E-2,-1.158873422E-1,1.667475626E1,1.713199371E0,-9.853288188E0,-1.350837129E1
3.910939398E1,9.898777932E-1,3.432337342E-3,-8.736283087E-2,-1.117940493E-1,1.631819981E1,1.531566093E0,-9.915152814E0,-1.301990687E1
3.911936643E1,9.904434008E-1,5.390432813E-3,-8.712404347E-2,-1.067811508E-1,1.585498317E1,1.703327050E0,-9.871070075E0,-1.245385028E1
3.912933367E1,9.910843321E-1,6.173735315E-3,-8.641108121E-2,-1.012267592E-1,1.531326386E1,1.728930019E0,-9.789647222E0,-1.181171095E1
3.913929664E1,9.916657590E-1,4.737189468E-3,-8.581884623E-2,-9.597763807E-2,1.480480666E1,1.504054295E0,-9.746999654E0,-1.118447281E1
3.914926341E1,9.921659346E-1,3.216640524E-3,-8.548629083E-2,-9.104122971E-2,1.435308162E1,1.276021348E0,-9.732442012E0,-1.059420801E1
3.915922981E1,9.926321038E-1,2.373480118E-3,-8.526407249E-2,-8.605760336E-2,1.391894729E1,1.127063208E0,-9.721729645E0,-1.000574472E1
3.916919653E1,9.930744134E-1,1.786679170E-3,-8.512310138E-2,-8.095724135E-2,1.349419164E1,1.007513687E0,-9.716768786E0,-9.406740526E0
3.917916861E1,9.935507698E-1,3.166701751E-3,-8.463889255E-2,-7.538632304E-2,1.302132706E1,1.107454917E0,-9.654620118E0,-8.771612481E0
3.918913585E1,9.940576723E-1,4.890224730E-3,-8.370811327E-2,-6.941456273E-2,1.249859564E1,1.240137639E0,-9.540369281E0,-8.092395912E0
3.919909867E1,9.945057419E-1,4.431423686E-3,-8.282053847E-2,-6.387057323E-2,1.201769553E1,1.126535035E0,-9.448726824E0,-7.442473219E0
3.920906549E1,9.948306454E-1,1.194300651E-3,-8.215972639E-2,-5.966858451E-2,1.165663105E1,7.074350028E-1,-9.400089469E0,-6.922984329E0
3.921902127E1,9.951463209E-1,9.976765596E-4,-8.119838229E-2,-5.558441638E-2,1.129481111E1,6.393699514E-1,-9.293834844E0,-6.445897432E0
3.922898695E1,9.955454913E-1,4.664384381E-3,-7.963976341E-2,-5.024864478E-2,1.082004025E1,1.003359509E0,-9.096703525E0,-5.858750769E0
3.923897033E1,9.958813132E-1,4.014909710E-3,-7.830482703E-2,-4.552630642E-2,1.040390032E1,8.774111801E-1,-8.951541407E0,-5.303543345E0
3.924893778E1,9.960710039E-1,-7.576823861E-4,-7.751959780E-2,-4.280996372E-2,1.016133385E1,2.973736643E-1,-8.887504449E0,-4.945091875E0
3.925889882E1,9.963041503E-1,5.712639910E-4,-7.616209576E-2,-3.971207484E-2,9.855045269E0,4.166350832E-1,-8.726375804E0,-4.596922123E0
3.926886565E1,9.965717645E-1,2.881716545E-3,-7.477287801E-2,-3.529066009E-2,9.491330621E0,6.385959325E-1,-8.559111050E0,-4.104015933E0
3.927883512E1,9.966679493E-1,-4.306272640E-3,-7.475792581E-2,-3.233739976E-2,9.357160792E0,-2.172309279E-1,-8.586140478E0,-3.700370453E0
3.928880216E1,9.967406380E-1,-6.142099984E-3,-7.444679586E-2,-3.046390895E-2,9.254478600E0,-4.466274011E-1,-8.556378313E0,-3.467820950E0
3.929876820E1,9.970235115E-1,2.767636013E-3,-7.243867444E-2,-2.625064111E-2,8.843567849E0,5.397637925E-1,-8.296793251E0,-3.055534663E0
3.930873512E1,9.971273564E-1,-5.032420381E-3,-7.159188556E-2,-2.421387756E-2,8.687854162E0,-3.802818147E-1,-8.222416468E0,-2.754819083E0
3.931870471E1,9.970040359E-1,-1.253714119E-2,-7.220903198E-2,-2.473111771E-2,8.872467461E0,-1.240845664E0,-8.314435684E0,-2.751716509E0
3.932867195E1,9.972810772E-1,-8.260436546E-4,-7.032665902E-2,-2.199844911E-2,8.452097831E0,8.370983720E-2,-8.065625048E0,-2.533201112E0
3.933863695E1,9.974966990E-1,4.828201889E-3,-6.816303575E-2,-1.818857918E-2,8.109886894E0,7.004625679E-1,-7.805412864E0,-2.137043314E0
3.934860393E1,9.974772903E-1,-8.391554481E-3,-6.798571643E-2,-1.861664626E-2,8.141278414E0,-8.217975255E-1,-7.813028865E0,-2.082338212E0
3.935857346E1,9.973538774E-1,-1.300060120E-2,-6.840996370E-2,-2.088790468E-2,8.338125423E0,-1.334777854E0,-7.874343736E0,-2.307707081E0
3.936854070E1,9.975755293E-1,-3.348912859E-3,-6.691452195E-2,-1.882272323E-2,7.981120740E0,-2.406562165E-1,-7.679444506E0,-2.145758796E0
3.937850783E1,9.977064910E-1,-7.198114417E-4,-6.560416293E-2,-1.665333232E-2,7.762487061E0,4.327185435E-2,-7.523416097E0,-1.915385614E0
3.938847507E1,9.977280212E-1,-4.906800113E-3,-6.510175735E-2,-1.662769463E-2,7.725952324E0,-4.407041524E-1,-7.473687792E0,-1.880771756E0
3.939844242E1,9.978214545E-1,-2.102636744E-3,-6.387379893E-2,-1.637258607E-2,7.565363753E0,-1.215749492E-1,-7.327354196E0,-1.872303162E0
3.940840966E1,9.979357850E-1,1.972120233E-3,-6.234249495E-2,-1.528702122E-2,7.364102454E0,3.373522099E-1,-7.144220649E0,-1.776309410E0
3.941837565E1,9.979503426E-1,-3.867486972E-3,-6.181378317E-2,-1.610007680E-2,7.338080497E0,-3.307646240E-1,-7.094066200E0,-1.828058743E0
3.942834268E1,9.978338605E-1,-1.136042691E-2,-6.183437938E-2,-1.936587400E-2,7.543784327E0,-1.170862457E0,-7.113823238E0,-2.150921008E0
3.943831064E1,9.978568489E-1,-9.635253174E-3,-6.124832994E-2,-2.091681552E-2,7.503633611E0,-9.622552605E-1,-7.044327946E0,-2.342457636E0
3.944827783E1,9.979758830E-1,-5.281050602E-3,-6.000737764E-2,-2.038043203E-2,7.292202338E0,-4.671764184E-1,-6.891357598E0,-2.311707667E0
3.945824851E1,9.980138726E-1,-4.137802599E-3,-5.949357806E-2,-2.029045983E-2,7.223423513E0,-3.372813645E-1,-6.829704591E0,-2.309295673E0
3.946821601E1,9.979754182E-1,-5.833411651E-3,-5.951308488E-2,-2.166168908E-2,7.293039959E0,-5.231068818E-1,-6.836581164E0,-2.455645849E0
3.947817846E1,9.979771660E-1,-4.496128358E-3,-5.893308137E-2,-2.341480267E-2,7.289890235E0,-3.585509440E-1,-6.767360574E0,-2.666884682E0
3.948814544E1,9.980142688E-1,3.284701808E-3,-5.799632625E-2,-2.435479607E-2,7.222702799E0,5.411470260E-1,-6.638367486E0,-2.827236424E0
3.949810851E1,9.979884761E-1,5.856722245E-3,-5.731196375E-2,-2.645825545E-2,7.269475143E0,8.491192969E-1,-6.550762189E0,-3.085887033E0
3.950807507E1,9.978329960E-1,-2.660037722E-3,-5.799409159E-2,-3.096646086E-2,7.545290120E0,-9.903304459E-2,-6.655629536E0,-3.549301892E0
3.951805200E1,9.976839700E-1,-1.597288130E-3,-5.826878772E-2,-3.505557125E-2,7.800520325E0,5.181019531E-2,-6.683208040E0,-4.027767148E0
3.952801966E1,9.976793592E-1,9.682062257E-3,-5.694709007E-2,-3.604417936E-2,7.808284196E0,1.350886146E0,-6.484355037E0,-4.214693663E0
3.953798169E1,9.976407047E-1,1.000943436E-2,-5.632304889E-2,-3.795457459E-2,7.873071594E0,1.398129880E0,-6.408740155E0,-4.435736327E0
3.954794872E1,9.974458705E-1,2.920993736E-3,-5.724765973E-2,-4.261347926E-2,8.191841869E0,6.174488432E-1,-6.543293377E0,-4.927969516E0
3.955792653E1,9.972498469E-1,6.770107611E-3,-5.708126008E-2,-4.678288415E-2,8.500522931E0,1.086723727E0,-6.500685750E0,-5.433486375E0
3.956789466E1,9.971347701E-1,1.309736759E-2,-5.622541625E-2,-4.888161016E-2,8.676630732E0,1.823030048E0,-6.364212544E0,-5.714382549E0
3.957784617E1,9.969907818E-1,1.096617232E-2,-5.622625888E-2,-5.222769303E-2,8.892081498E0,1.599439919E0,-6.371156872E0,-6.086459264E0
3.958781257E1,9.966935976E-1,7.877650452E-3,-5.718756914E-2,-5.717864190E-2,9.321058118E0,1.282767963E0,-6.493823243E0,-6.639502607E0
3.959778507E1,9.964559094E-1,1.293696226E-2,-5.710248563E-2,-6.039504746E-2,9.650468151E0,1.884651474E0,-6.444317324E0,-7.043000729E0
3.960775210E1,9.962634548E-1,1.722771687E-2,-5.697328394E-2,-6.258098183E-2,9.909187996E0,2.390906076E0,-6.393981669E0,-7.322269081E0
3.961770169E1,9.960179379E-1,1.587321257E-2,-5.713625663E-2,-6.657144106E-2,1.022976986E1,2.262301117E0,-6.413556940E0,-7.774416610E0
3.962766695E1,9.957008589E-1,1.995769882E-2,-5.716541113E-2,-7.009711591E-2,1.062953315E1,2.754423288E0,-6.375347938E0,-8.207363237E0
3.963763273E1,9.954436680E-1,2.401289182E-2,-5.692200366E-2,-7.263036828E-2,1.094309941E1,3.234163974E0,-6.305928984E0,-8.524334658E0
3.964759804E1,9.951976530E-1,1.685970292E-2,-5.780715049E-2,-7.717328068E-2,1.123487775E1,2.450198302E0,-6.456961319E0,-9.006563068E0
3.965758997E1,9.947062993E-1,1.312623400E-2,-5.939440881E-2,-8.282139988E-2,1.179611746E1,2.074333608E0,-6.660483067E0,-9.639901272E0
3.966755794E1,9.943417523E-1,2.329470906E-2,-5.931944343E-2,-8.498846912E-2,1.219589276E1,3.254944684E0,-6.546413364E0,-9.956835042E0
3.967752273E1,9.941838850E-1,2.683545447E-2,-5.916457343E-2,-8.589420454E-2,1.236502031E1,3.665548184E0,-6.490064001E0,-1.008370545E1
3.968749039E1,9.939259415E-1,2.713713794E-2,-5.994975798E-2,-8.820898576E-2,1.263651117E1,3.723815588E0,-6.568082582E0,-1.035695092E1
3.969743804E1,9.935500117E-1,3.624480769E-2,-5.960842836E-2,-8.939532112E-2,1.302209318E1,4.772679782E0,-6.428755984E0,-1.055095298E1
3.970740367E1,9.933147247E-1,4.083712227E-2,-5.853428903E-2,-9.072995142E-2,1.325774063E1,5.295854047E0,-6.250505333E0,-1.072725621E1
3.971737262E1,9.931752011E-1,3.846823951E-2,-5.803454852E-2,-9.356925589E-2,1.339552881E1,5.036256759E0,-6.204535957E0,-1.103728384E1
3.972733861E1,9.929155761E-1,3.642393527E-2,-5.886383469E-2,-9.657641874E-2,1.364823914E1,4.830667916E0,-6.307144383E0,-1.137716071E1
3.973729981E1,9.927127954E-1,3.484835974E-2,-5.996863313E-2,-9.854268515E-2,1.384242549E1,4.676083464E0,-6.441872275E0,-1.160120269E1
3.974726523E1,9.926052728E-1,3.171430160E-2,-6.120762499E-2,-9.991297319E-2,1.394429922E1,4.341107283E0,-6.613585194E0,-1.174670012E1
3.975723752E1,9.925733876E-1,3.431861919E-2,-6.171450908E-2,-9.905363192E-2,1.397436718E1,4.640127439E0,-6.644785582E0,-1.166741536E1
3.976720367E1,9.927272051E-1,3.648152709E-2,-6.133331044E-2,-9.695369704E-2,1.382871599E1,4.869447945E0,-6.586347994E0,-1.143644521E1
3.977719945E1,9.929371186E-1,3.370186741E-2,-6.090140446E-2,-9.607851780E-2,1.362744785E1,4.539741082E0,-6.572853352E0,-1.131450552E1
3.978716861E1,9.930843344E-1,3.361956059E-2,-6.020124115E-2,-9.502126371E-2,1.348451169E1,4.515037626E0,-6.498700140E0,-1.118764652E1
3.979713294E1,9.932683486E-1,3.738727165E-2,-5.928579857E-2,-9.222458235E-2,1.330369750E1,4.918293700E0,-6.365894187E0,-1.088303827E1
3.980710158E1,9.934927563E-1,3.863843049E-2,-5.915531554E-2,-8.933008211E-2,1.307982547E1,5.041784714E0,-6.352072092E0,-1.055583209E1
3.981706664E1,9.937318237E-1,3.542945641E-2,-5.910389163E-2,-8.802582701E-2,1.283705323E1,4.664715568E0,-6.386191182E0,-1.038459531E1
3.982703492E1,9.938688983E-1,3.520259627E-2,-5.875567683E-2,-8.679378243E-2,1.269576948E1,4.626986777E0,-6.354524516E0,-1.023885220E1
3.983701429E1,9.941169378E-1,3.501962807E-2,-5.813355602E-2,-8.441344281E-2,1.243605092E1,4.584187024E0,-6.296341906E0,-9.959297289E0
3.984698367E1,9.944558285E-1,2.779814183E-2,-5.811908038E-2,-8.310860943E-2,1.207221074E1,3.747069623E0,-6.371418543E0,-9.763067688E0
3.985693773E1,9.946571351E-1,2.133948942E-2,-5.868700484E-2,-8.220489838E-2,1.185081663E1,3.005794608E0,-6.502033399E0,-9.619886658E0
3.986690554E1,9.948095764E-1,1.847684882E-2,-5.876477228E-2,-8.098897595E-2,1.168038216E1,2.670020795E0,-6.541721149E0,-9.461163480E0
3.987684351E1,9.950608066E-1,2.238083759E-2,-5.824613377E-2,-7.720412679E-2,1.139395657E1,3.088365875E0,-6.457206948E0,-9.047333856E0
3.988680830E1,9.953745994E-1,2.557847643E-2,-5.841669537E-2,-7.185150109E-2,1.102579327E1,3.422291119E0,-6.466212728E0,-8.450890189E0
3.989679137E1,9.955941985E-1,2.809262715E-2,-5.831670326E-2,-6.783920997E-2,1.076067888E1,3.684167581E0,-6.448377652E0,-8.003759849E0
3.990675799E1,9.957802647E-1,3.009378521E-2,-5.691606405E-2,-6.539564393E-2,1.053084129E1,3.886757262E0,-6.281639051E0,-7.728111625E0
3.991672960E1,9.960125737E-1,2.951888059E-2,-5.576770271E-2,-6.306783701E-2,1.023666229E1,3.796872525E0,-6.163573048E0,-7.450795573E0
3.992669674E1,9.962428562E-1,2.471758666E-2,-5.526993642E-2,-6.192290742E-2,9.936480913E0,3.234269157E0,-6.146060296E0,-7.287132713E0
3.993664497E1,9.963798370E-1,2.125476033E-2,-5.476962433E-2,-6.144708127E-2,9.753551750E0,2.829695317E0,-6.115358880E0,-7.209146853E0
3.994661018E1,9.965275915E-1,2.240693449E-2,-5.433990253E-2,-5.897341466E-2,9.552318208E0,2.943716369E0,-6.065170115E0,-6.929490085E0
3.995660346E1,9.967300955E-1,2.045471317E-2,-5.456609334E-2,-5.597555560E-2,9.269441564E0,2.702640662E0,-6.112753963E0,-6.572949418E0
3.996657148E1,9.968709023E-1,1.788740123E-2,-5.514174328E-2,-5.373856348E-2,9.067561285E0,2.397617068E0,-6.200954203E0,-6.301231084E0
3.997652976E1,9.970113195E-1,1.819014548E-2,-5.449703821E-2,-5.164901064E-2,8.861670484E0,2.415272843E0,-6.130266865E0,-6.060332118E0
3.998649679E1,9.971603181E-1,2.095227168E-2,-5.317862945E-2,-4.903402575E-2,8.637842826E0,2.708631734E0,-5.969583559E0,-5.771610194E0
3.999645231E1,9.972603418E-1,2.417079753E-2,-5.232759049E-2,-4.636169102E-2,8.484280437E0,3.057610449E0,-5.861680978E0,-5.479999475E0
4.000641815E1,9.973762277E-1,2.250032685E-2,-5.163104164E-2,-4.548220730E-2,8.302821431E0,2.856444777E0,-5.793556849E0,-5.366540151E0
4.001638731E1,9.974291135E-1,1.880163018E-2,-5.143754926E-2,-4.621515747E-2,8.218681785E0,2.434521982E0,-5.789431103E0,-5.428843319E0
4.002635351E1,9.974002094E-1,2.375162865E-2,-5.042741107E-2,-4.567010723E-2,8.264773333E0,2.994463017E0,-5.648375200E0,-5.391141955E0
4.003635799E1,9.974378901E-1,2.428585830E-2,-5.003464295E-2,-4.499318877E-2,8.204635178E0,3.049796621E0,-5.602567721E0,-5.314845264E0
4.004632799E1,9.974774457E-1,1.572824176E-2,-5.105190059E-2,-4.674474588E-2,8.141027619E0,2.082211508E0,-5.760811891E0,-5.470951585E0
4.005627882E1,9.973732826E-1,1.735864711E-2,-5.125834376E-2,-4.814348141E-2,8.307482109E0,2.278866410E0,-5.772339713E0,-5.641981880E0
4.006624690E1,9.973319912E-1,1.870061821E-2,-5.046185149E-2,-4.932329765E-2,8.372552087E0,2.435073517E0,-5.670630996E0,-5.783157698E0
4.007619205E1,9.972339862E-1,1.357152351E-2,-5.090213439E-2,-5.243246368E-2,8.525011116E0,1.866419211E0,-5.744900153E0,-6.113097497E0
4.008615783E1,9.970448328E-1,1.687655835E-2,-5.069910592E-2,-5.519405570E-2,8.811820917E0,2.260598389E0,-5.695154164E0,-6.449509074E0
4.009613627E1,9.968805075E-1,2.472269131E-2,-4.991982534E-2,-5.591112013E-2,9.053626252E0,3.160433221E0,-5.552837529E0,-6.573570974E0
4.010610330E1,9.968204213E-1,1.944881058E-2,-4.971627091E-2,-5.915305500E-2,9.140449582E0,2.571521389E0,-5.555820613E0,-6.916892447E0
4.011605257E1,9.965156849E-1,1.151913174E-2,-5.104391035E-2,-6.494858386E-2,9.568690751E0,1.704125773E0,-5.752749736E0,-7.543663184E0
4.012601783E1,9.962110023E-1,1.920136336E-2,-5.118529266E-2,-6.763883832E-2,9.978540472E0,2.602481340E0,-5.703767954E0,-7.898064280E0
4.013601851E1,9.960531416E-1,2.386312665E-2,-5.050693465E-2,-6.897637224E-2,1.018442105E1,3.139398969E0,-5.585049023E0,-8.075951463E0
4.014598731E1,9.959060482E-1,1.791992581E-2,-5.095019597E-2,-7.248514932E-2,1.037259122E1,2.481199653E0,-5.674988154E0,-8.448648210E0
4.015592393E1,9.955811901E-1,1.757320641E-2,-5.175619948E-2,-7.635818330E-2,1.077656461E1,2.470949866E0,-5.760550888E0,-8.896006093E0
4.016588950E1,9.953400111E-1,2.370777195E-2,-5.140017015E-2,-7.806552566E-2,1.106697325E1,3.180991319E0,-5.659696384E0,-9.126448979E0
4.017586809E1,9.952161377E-1,2.195120062E-2,-5.117201970E-2,-8.027707261E-2,1.121321748E1,2.989964218E0,-5.643017352E0,-9.370716393E0
4.018583497E1,9.949145009E-1,1.505729393E-2,-5.253224383E-2,-8.460955699E-2,1.156161860E1,2.238228474E0,-5.853325850E0,-9.836151038E0
4.019579314E1,9.945022018E-1,1.713927934E-2,-5.389581840E-2,-8.812977093E-2,1.202157021E1,2.511977750E0,-5.979813077E0,-1.025952395E1
4.020575914E1,9.942394838E-1,2.280761411E-2,-5.410342877E-2,-8.966872654E-2,1.230571992E1,3.173084447E0,-5.940364382E0,-1.047160860E1
4.021570502E1,9.940567196E-1,2.529271398E-2,-5.399173488E-2,-9.108462751E-2,1.249959854E1,3.465081199E0,-5.896636237E0,-1.064921264E1
4.022566893E1,9.938644094E-1,3.137293713E-2,-5.359571558E-2,-9.152471698E-2,1.270042100E1,4.159944844E0,-5.784718705E0,-1.073329685E1
4.023564247E1,9.938278216E-1,3.683373008E-2,-5.331598554E-2,-9.003856448E-2,1.273827129E1,4.773988419E0,-5.701218256E0,-1.059132360E1
4.024560736E1,9.939337142E-1,3.278794020E-2,-5.458091974E-2,-8.967522487E-2,1.262841514E1,4.322198286E0,-5.890010017E0,-1.053328721E1
4.025559773E1,9.938218720E-1,2.793124927E-2,-5.617709750E-2,-9.155362219E-2,1.274441555E1,3.794637828E0,-6.116224940E0,-1.072958185E1
4.026556523E1,9.936177415E-1,2.957400489E-2,-5.616198689E-2,-9.324694725E-2,1.295346847E1,3.993160299E0,-6.090068960E0,-1.093504894E1
4.027554575E1,9.935058735E-1,2.700412335E-2,-5.621209525E-2,-9.516857176E-2,1.306662145E1,3.711077769E0,-6.116718404E0,-1.114175859E1
4.028551450E1,9.933211396E-1,2.942775088E-2,-5.615153968E-2,-9.640604611E-2,1.325137127E1,3.995652726E0,-6.077811665E0,-1.129908449E1
4.029545507E1,9.931918279E-1,3.425326694E-2,-5.594839509E-2,-9.626257758E-2,1.337918299E1,4.545216719E0,-6.000685506E0,-1.131026714E1
4.030542096E1,9.932517295E-1,3.286680479E-2,-5.606026065E-2,-9.606259458E-2,1.332012795E1,4.386482344E0,-6.030010443E0,-1.127953945E1
4.031539840E1,9.931985785E-1,2.512526262E-2,-5.811340400E-2,-9.771456920E-2,1.337254071E1,3.534151819E0,-6.345643351E0,-1.143374871E1
4.032536544E1,9.928859654E-1,2.216270160E-2,-6.048556643E-2,-1.001387567E-1,1.367676592E1,3.239122784E0,-6.642377792E0,-1.170634419E1
4.033535377E1,9.926589951E-1,2.749678841E-2,-6.122642203E-2,-1.006149653E-1,1.389349214E1,3.862677827E0,-6.662503278E0,-1.180027776E1
4.034532294E1,9.925736560E-1,3.224463118E-2,-6.078918883E-2,-1.003119919E-1,1.397411434E1,4.399366825E0,-6.557856337E0,-1.179388960E1
4.035530580E1,9.925297680E-1,2.897145588E-2,-6.133835903E-2,-1.014047339E-1,1.401539681E1,4.038371585E0,-6.654650558E0,-1.190198282E1
4.036527637E1,9.923060940E-1,2.437174093E-2,-6.346621266E-2,-1.034730590E-1,1.422393993E1,3.552155810E0,-6.944750105E0,-1.212165471E1
4.037521710E1,9.920938625E-1,2.728511373E-2,-6.492790775E-2,-1.038732757E-1,1.441904033E1,3.907515217E0,-7.074554906E0,-1.219594110E1
4.038518466E1,9.920918877E-1,3.089705211E-2,-6.525763251E-2,-1.026669370E-1,1.442084338E1,4.317192188E0,-7.073293676E0,-1.208342950E1
4.039522278E1,9.921225102E-1,2.628547204E-2,-6.687455699E-2,-1.026147762E-1,1.439285859E1,3.808495690E0,-7.313652291E0,-1.205365014E1
4.040519752E1,9.918978888E-1,2.296521429E-2,-6.860385681E-2,-1.044255139E-1,1.459689175E1,3.463304325E0,-7.544705355E0,-1.224817299E1
4.041508294E1,9.917883650E-1,2.953634339E-2,-6.874085311E-2,-1.037214474E-1,1.469535503E1,4.213493787E0,-7.482632075E0,-1.221625470E1
4.042504861E1,9.918535907E-1,3.535357228E-2,-6.848146665E-2,-1.014241995E-1,1.463679562E1,4.860317820E0,-7.393076353E0,-1.199142241E1
4.043501971E1,9.920196281E-1,3.221602582E-2,-6.871709161E-2,-1.006833967E-1,1.448666552E1,4.497702817E0,-7.460934275E0,-1.188399744E1
4.044498596E1,9.919478825E-1,2.988718337E-2,-6.986181835E-2,-1.013187100E-1,1.455172654E1,4.249711234E0,-7.616527139E0,-1.194707462E1
4.045494403E1,9.919060984E-1,3.511340266E-2,-6.992458750E-2,-9.999946447E-2,1.458948456E1,4.840266701E0,-7.567528136E0,-1.183400006E1
4.046490940E1,9.920803620E-1,3.596881564E-2,-7.014762179E-2,-9.778604620E-2,1.443136231E1,4.924310416E0,-7.593830627E0,-1.158554717E1
4.047488528E1,9.922299485E-1,3.292126711E-2,-7.117230399E-2,-9.659411304E-2,1.429424378E1,4.577637574E0,-7.751598927E0,-1.143080130E1
4.048485169E1,9.923041328E-1,3.677089227E-2,-7.162896052E-2,-9.407285200E-2,1.422575498E1,5.005655770E0,-7.772332862E0,-1.117144090E1
4.049480591E1,9.925314488E-1,3.975195685E-2,-7.147801283E-2,-9.050966160E-2,1.401381808E1,5.318593465E0,-7.740837817E0,-1.078094943E1
4.050477106E1,9.928149464E-1,3.836647726E-2,-7.194171939E-2,-8.758358702E-2,1.374494518E1,5.141613647E0,-7.823914240E0,-1.043470443E1
4.051473268E1,9.930053377E-1,3.943474763E-2,-7.242148222E-2,-8.450105889E-2,1.356139836E1,5.245379397E0,-7.883846294E0,-1.008958094E1
4.052469752E1,9.932790960E-1,3.986215999E-2,-7.240093262E-2,-8.102931990E-2,1.329306141E1,5.266701327E0,-7.895610319E0,-9.691166883E0
4.053466908E1,9.935819898E-1,3.709439667E-2,-7.257114629E-2,-7.843636916E-2,1.298973756E1,4.929153626E0,-7.954789700E0,-9.370418764E0
4.054463455E1,9.938116285E-1,3.393367966E-2,-7.323651417E-2,-7.631097793E-2,1.275498735E1,4.554728676E0,-8.070274114E0,-9.103286349E0
4.055460372E1,9.940126721E-1,3.508495652E-2,-7.338493361E-2,-7.295550031E-2,1.254587840E1,4.661379414E0,-8.092510987E0,-8.725305655E0
4.056456955E1,9.942638187E-1,3.484312247E-2,-7.350404976E-2,-6.944472865E-2,1.227967518E1,4.605891582E0,-8.124554014E0,-8.317995177E0
4.057454117E1,9.944663836E-1,3.286449302E-2,-7.408144718E-2,-6.684666143E-2,1.206070297E1,4.361583869E0,-8.218543035E0,-8.004619348E0
4.058450757E1,9.945928611E-1,3.497477331E-2,-7.426401885E-2,-6.361337421E-2,1.192194939E1,4.579566903E0,-8.237412532E0,-7.649161162E0
4.059446507E1,9.947832044E-1,3.609151653E-2,-7.422343532E-2,-5.995548553E-2,1.171004375E1,4.677598795E0,-8.241435286E0,-7.235258581E0
4.060443054E1,9.949998045E-1,3.511384507E-2,-7.429000237E-2,-5.677501574E-2,1.146416020E1,4.538859575E0,-8.270684974E0,-6.859884098E0
4.061440044E1,9.951917927E-1,3.571482166E-2,-7.404799403E-2,-5.324135515E-2,1.124173614E1,4.576945938E0,-8.255110929E0,-6.455114873E0
4.062436637E1,9.954213523E-1,3.492379852E-2,-7.395811948E-2,-4.946570728E-2,1.096988526E1,4.453583043E0,-8.266865138E0,-6.011755177E0
4.063434992E1,9.956485134E-1,3.304908208E-2,-7.374373996E-2,-4.640750750E-2,1.069409561E1,4.210322974E0,-8.266536123E0,-5.641680998E0
4.064431762E1,9.957959538E-1,3.785165038E-2,-7.213112149E-2,-4.189000189E-2,1.051123226E1,4.717551642E0,-8.075885822E0,-5.150875977E0
4.065428716E1,9.961088089E-1,3.713388319E-2,-7.092522051E-2,-3.685008394E-2,1.011229742E1,4.587269865E0,-7.964626595E0,-4.556791926E0
4.066425502E1,9.965427272E-1,1.118191994E-2,-7.284632508E-2,-3.835323160E-2,9.531464844E0,1.614192894E0,-8.298553859E0,-4.525138345E0
4.067420596E1,9.964381408E-1,5.638317756E-3,-7.399609346E-2,-4.004771019E-2,9.674643981E0,9.942321410E-1,-8.453891414E0,-4.676540223E0
4.068417216E1,9.962786440E-1,2.977918908E-2,-7.224063727E-2,-3.637792924E-2,9.889014358E0,3.741311080E0,-8.150686520E0,-4.448972909E0
4.069415059E1,9.962318691E-1,4.004179048E-2,-7.056813207E-2,-3.064077071E-2,9.951008257E0,4.871460441E0,-7.940844792E0,-3.861665141E0
4.070411799E1,9.967519919E-1,2.370796063E-2,-7.113128254E-2,-2.938945047E-2,9.238336861E0,2.978294045E0,-8.071396365E0,-3.587953032E0
4.071407570E1,9.967516733E-1,1.351133353E-2,-7.302956626E-2,-3.114848554E-2,9.238790302E0,1.823430342E0,-8.322395414E0,-3.712494746E0
4.072404210E1,9.966805687E-1,2.637118798E-2,-7.144773429E-2,-2.876848513E-2,9.339415076E0,3.281940418E0,-8.100149699E0,-3.539128207E0
4.073400674E1,9.967890513E-1,3.019313804E-2,-6.974211970E-2,-2.521900602E-2,9.185453070E0,3.687872879E0,-7.903987534E0,-3.153439921E0
4.074397299E1,9.970646596E-1,1.548592032E-2,-7.022631519E-2,-2.627766151E-2,8.782196543E0,2.000700474E0,-8.003088841E0,-3.159335124E0
4.075397070E1,9.969986607E-1,1.035081898E-2,-7.113162447E-2,-2.875453120E-2,8.880427104E0,1.431434331E0,-8.119664086E0,-3.405633034E0
4.076394007E1,9.969645088E-1,1.970765436E-2,-7.032794485E-2,-2.696955300E-2,8.930834400E0,2.493870396E0,-7.999584329E0,-3.273543711E0
4.077388554E1,9.970130173E-1,2.077374917E-2,-6.969276196E-2,-2.600795239E-2,8.859151743E0,2.606882937E0,-7.925687943E0,-3.169166095E0
4.078385247E1,9.970536855E-1,1.628788512E-2,-6.980126570E-2,-2.732098543E-2,8.798605836E0,2.100133151E0,-7.949556863E0,-3.285163125E0
4.079380585E1,9.970139953E-1,1.996105325E-2,-6.939175143E-2,-2.737579743E-2,8.857700525E0,2.522914902E0,-7.890261900E0,-3.319659862E0
4.080377143E1,9.970243651E-1,2.234358386E-2,-6.870383717E-2,-2.688796193E-2,8.842299101E0,2.791404692E0,-7.804723647E0,-3.280032291E0
4.081375367E1,9.970729039E-1,1.712402953E-2,-6.903884239E-2,-2.803622929E-2,8.769848846E0,2.199514763E0,-7.857705245E0,-3.372377103E0
4.082372090E1,9.970099092E-1,1.304129084E-2,-7.007869340E-2,-2.983525356E-2,8.863761997E0,1.746758244E0,-7.987677528E0,-3.550064456E0
4.083366799E1,9.969635809E-1,1.490048536E-2,-7.003034513E-2,-3.061608555E-2,8.932199973E0,1.967380882E0,-7.973959558E0,-3.655061452E0
4.084363320E1,9.969860262E-1,1.523618085E-2,-6.930992959E-2,-3.135053575E-2,8.899108560E0,2.009091953E0,-7.888557983E0,-3.740720478E0
4.085360846E1,9.969704722E-1,1.039079722E-2,-6.961210772E-2,-3.310684776E-2,8.922053040E0,1.465384455E0,-7.938750445E0,-3.905583850E0
4.086357471E1,9.968977139E-1,9.607565399E-3,-7.025247290E-2,-3.416478943E-2,9.028609955E0,1.386240042E0,-8.013856124E0,-4.022751803E0
4.087356085E1,9.968715478E-1,1.114856843E-2,-7.044584821E-2,-3.406184148E-2,9.066625430E0,1.564026823E0,-8.029991722E0,-4.023711665E0
4.088352908E1,9.968481608E-1,9.385742624E-3,-7.071373629E-2,-3.471627478E-2,9.100469325E0,1.367106061E0,-8.066944676E0,-4.085562609E0
4.089348960E1,9.968068365E-1,8.459109680E-3,-7.091813038E-2,-3.570984292E-2,9.159965412E0,1.269190194E0,-8.092938121E0,-4.193188734E0
4.090345700E1,9.968129833E-1,1.087271940E-2,-7.078844941E-2,-3.513766690E-2,9.151140047E0,1.542433441E0,-8.068771413E0,-4.146475951E0
4.091342632E1,9.968238791E-1,9.893241542E-3,-7.100164676E-2,-3.468492591E-2,9.135475490E0,1.426655986E0,-8.097959933E0,-4.086648105E0
4.092339393E1,9.968202906E-1,9.220299378E-3,-7.129098322E-2,-3.437862739E-2,9.140637485E0,1.347742403E0,-8.134343552E0,-4.046336767E0
4.093333361E1,9.968508501E-1,9.309088303E-3,-7.121353754E-2,-3.362076055E-2,9.096583869E0,1.351438243E0,-8.126122567E0,-3.959362874E0
4.094329841E1,9.968770007E-1,7.980546434E-3,-7.145269229E-2,-3.266602524E-2,9.058716375E0,1.191258351E0,-8.159988473E0,-3.838609861E0
4.095331143E1,9.968888159E-1,7.502671472E-3,-7.170302843E-2,-3.186023032E-2,9.041555236E0,1.130455715E0,-8.191484062E0,-3.742011666E0
4.096328111E1,9.969300086E-1,9.293506940E-3,-7.166554843E-2,-3.013698478E-2,8.981468988E0,1.322764196E0,-8.182748787E0,-3.557645077E0
4.097321424E1,9.969881957E-1,1.289286572E-2,-7.131332932E-2,-2.761739746E-2,8.895903415E0,1.716168652E0,-8.133783612E0,-3.295498243E0
4.098318018E1,9.970546016E-1,1.608210221E-2,-7.077005967E-2,-2.480092769E-2,8.797237204E0,2.059387829E0,-8.066683419E0,-2.995011100E0
4.099314695E1,9.970986874E-1,2.164354731E-2,-6.986007134E-2,-2.110296111E-2,8.731119840E0,2.668546047E0,-7.955346050E0,-2.610486999E0
4.100311299E1,9.970404384E-1,3.120273101E-2,-6.846872874E-2,-1.577298253E-2,8.818373449E0,3.725727678E0,-7.790301299E0,-2.066431436E0
4.101311533E1,9.968996835E-1,4.132229713E-2,-6.636636756E-2,-8.887861384E-3,9.025741908E0,4.835836955E0,-7.561290568E0,-1.341358443E0
4.102308502E1,9.971147898E-1,3.846174623E-2,-6.531658821E-2,-4.066112954E-3,8.706845282E0,4.467473926E0,-7.466326986E0,-7.589303247E-1
4.103302414E1,9.974118440E-1,2.938664074E-2,-6.555604473E-2,-2.905812957E-3,8.246251229E0,3.411795514E0,-7.504379046E0,-5.576624244E-1
4.104299070E1,9.973690392E-1,3.233178986E-2,-6.488005365E-2,-4.834568576E-4,8.314192615E0,3.732792274E0,-7.434196926E0,-2.981391455E-1
4.105297976E1,9.973423748E-1,3.477005337E-2,-6.393468973E-2,3.403872847E-3,8.356236549E0,3.984669721E0,-7.340531807E0,1.353897370E-1
4.106294861E1,9.974053918E-1,3.169574187E-2,-6.432722838E-2,6.314434879E-3,8.256528181E0,3.608479358E0,-7.395686025E0,4.921632658E-1
4.107291564E1,9.973571330E-1,3.300602391E-2,-6.405831914E-2,9.267330470E-3,8.332992213E0,3.737751721E0,-7.376554829E0,8.237144872E-1
4.108288434E1,9.972685813E-1,3.553631866E-2,-6.334788154E-2,1.340122077E-2,8.471506886E0,3.999519169E0,-7.313722358E0,1.284063158E0
4.109282309E1,9.974141963E-1,2.970121606E-2,-6.348706693E-2,1.587926734E-2,8.242501419E0,3.308043688E0,-7.330296054E0,1.612233622E0
4.110278872E1,9.974723822E-1,2.569126379E-2,-6.387394248E-2,1.757626807E-2,8.149197608E0,2.832476283E0,-7.372990291E0,1.836452134E0
4.111278627E1,9.973440145E-1,2.976809511E-2,-6.299089410E-2,2.123498215E-2,8.353657091E0,3.277104074E0,-7.291152016E0,2.230609433E0
4.112275512E1,9.972683275E-1,3.049950527E-2,-6.258443719E-2,2.467491365E-2,8.471900631E0,3.337086907E0,-7.257689339E0,2.623005492E0
4.113267924E1,9.973580871E-1,2.765397627E-2,-6.213082692E-2,2.553162804E-2,8.331487242E0,3.003819174E0,-7.200706521E0,2.743772462E0
4.114264356E1,9.973530748E-1,3.003043768E-2,-6.076149362E-2,2.632599106E-2,8.339390270E0,3.275377557E0,-7.052715171E0,2.822142541E0
4.115260835E1,9.972718455E-1,3.316399336E-2,-5.979988920E-2,2.780267857E-2,8.466441071E0,3.628546180E0,-6.956606102E0,2.973214873E0
4.116257273E1,9.973654828E-1,2.985576099E-2,-6.010579383E-2,2.753217652E-2,8.319812427E0,3.248382231E0,-6.980923827E0,2.964295948E0
4.117256179E1,9.974547342E-1,2.825225014E-2,-6.013113296E-2,2.588649046E-2,8.177609239E0,3.075074305E0,-6.973996650E0,2.785851336E0
4.118252867E1,9.974657825E-1,3.058661290E-2,-5.927173697E-2,2.476556061E-2,8.159834028E0,3.353915673E0,-6.878139066E0,2.642938129E0
4.119249507E1,9.975322838E-1,3.018706622E-2,-5.894146922E-2,2.332352715E-2,8.052015046E0,3.318537740E0,-6.834403335E0,2.480590457E0
4.120246190E1,9.976427093E-1,2.764373934E-2,-5.931768563E-2,2.064607444E-2,7.869724802E0,3.043160207E0,-6.863084458E0,2.188596548E0
4.121244695E1,9.976432084E-1,2.972073570E-2,-5.892367550E-2,1.878049872E-2,7.868891402E0,3.296011429E0,-6.816271083E0,1.960573086E0
4.122241559E1,9.976845505E-1,2.991302083E-2,-5.869628934E-2,1.689658518E-2,7.799542369E0,3.331384869E0,-6.784285180E0,1.742996402E0
4.123237262E1,9.977488547E-1,2.881766811E-2,-5.883570180E-2,1.432219394E-2,7.690434889E0,3.222556206E0,-6.790075663E0,1.453567215E0
4.124234007E1,9.977522356E-1,3.072797256E-2,-5.833154267E-2,1.198746346E-2,7.684655579E0,3.459022988E0,-6.726931364E0,1.173338456E0
4.125229903E1,9.977641030E-1,3.157349125E-2,-5.806334520E-2,9.927605442E-3,7.664334930E0,3.570516993E0,-6.689800805E0,9.313819180E-1
4.126226559E1,9.978189386E-1,2.958837520E-2,-5.855419638E-2,7.300675487E-3,7.569732563E0,3.359292646E0,-6.735438111E0,6.406735438E-1
4.127224632E1,9.978266861E-1,2.990475860E-2,-5.852234357E-2,4.769204860E-3,7.556271355E0,3.412876530E0,-6.723354474E0,3.471661559E-1
4.128221434E1,9.978172932E-1,2.998811589E-2,-5.875156135E-2,3.101018358E-3,7.572588403E0,3.433806931E0,-6.743955707E0,1.537458948E-1
4.129216700E1,9.978681533E-1,2.660192273E-2,-5.958879177E-2,8.138358830E-4,7.483810824E0,3.059471048E0,-6.832478265E0,-8.922159655E-2
4.130213341E1,9.978475553E-1,2.716885864E-2,-5.967350273E-2,-1.087452047E-3,7.519891187E0,3.137922932E0,-6.836183762E0,-3.123495990E-1
4.131210278E1,9.977851910E-1,2.963165937E-2,-5.953499976E-2,-1.503756019E-3,7.628092654E0,3.424518473E0,-6.818072295E0,-3.767565284E-1
4.132206950E1,9.978001233E-1,2.785374411E-2,-6.011587080E-2,-2.272660391E-3,7.602325240E0,3.225374002E0,-6.882905692E0,-4.550168539E-1
4.133210481E1,9.977789435E-1,2.886876051E-2,-5.996997715E-2,-2.715940406E-3,7.638847509E0,3.345298057E0,-6.864213634E0,-5.126012775E-1
4.134207846E1,9.977063776E-1,3.211489993E-2,-5.956456869E-2,-1.636885782E-3,7.762678998E0,3.711668972E0,-6.820011070E0,-4.092456683E-1
4.135196716E1,9.977371807E-1,3.133919785E-2,-5.948048435E-2,-6.670150118E-4,7.710357076E0,3.615549468E0,-6.814195157E0,-2.919315138E-1
4.136193221E1,9.978076690E-1,2.835580078E-2,-5.979685236E-2,-3.752110558E-4,7.589271118E0,3.269901733E0,-6.852296076E0,-2.389089976E-1
4.137190512E1,9.977702028E-1,3.068052772E-2,-5.925497791E-2,1.474868058E-3,7.653869301E0,3.524850062E0,-6.796089793E0,-3.997477873E-2
4.138187096E1,9.977704569E-1,3.092764956E-2,-5.899717210E-2,4.114553864E-3,7.653433039E0,3.535249003E0,-6.775870303E0,2.631923856E-1
4.139185247E1,9.977834936E-1,3.001996892E-2,-5.901685472E-2,6.626625251E-3,7.631016074E0,3.413517458E0,-6.786496890E0,5.585746579E-1
4.140181986E1,9.977052031E-1,3.233620173E-2,-5.860347433E-2,1.021422986E-2,7.764667022E0,3.656192388E0,-6.753528904E0,9.573127820E-1
4.141177059E1,9.976309285E-1,3.328305329E-2,-5.849600060E-2,1.424734469E-2,7.889372996E0,3.738018044E0,-6.757259996E0,1.415633046E0
4.142173632E1,9.976590270E-1,2.944792865E-2,-5.924445727E-2,1.730259126E-2,7.842428882E0,3.274244303E0,-6.847699611E0,1.791237229E0
4.143171070E1,9.975566485E-1,3.083638443E-2,-5.914461659E-2,2.077894871E-2,8.012149896E0,3.410475256E0,-6.850649635E0,2.182386659E0
4.144167726E1,9.974150194E-1,3.389241346E-2,-5.839505947E-2,2.458862258E-2,8.241188838E0,3.738025064E0,-6.785631687E0,2.602691352E0
4.145164398E1,9.975139885E-1,2.809109333E-2,-5.874691330E-2,2.693572586E-2,8.081820533E0,3.052692473E0,-6.817949902E0,2.911661438E0
4.146161054E1,9.975942813E-1,2.044687782E-2,-6.007613497E-2,2.790041539E-2,7.950183544E0,2.161723782E0,-6.950059621E0,3.072740277E0
4.147157210E1,9.974571218E-1,2.235822178E-2,-6.028088784E-2,3.075084821E-2,8.173771235E0,2.361326586E0,-6.986199458E0,3.387492642E0
4.148153814E1,9.972929193E-1,2.483699173E-2,-6.020000903E-2,3.414550884E-2,8.433663029E0,2.623286406E0,-6.994278548E0,3.761532566E0
4.149150127E1,9.971738816E-1,2.414145415E-2,-6.118572020E-2,3.630079511E-2,8.617179453E0,2.524292816E0,-7.110210330E0,4.012858078E0
4.150146705E1,9.969979953E-1,2.720789453E-2,-6.149710997E-2,3.837751142E-2,8.881412031E0,2.861507633E0,-7.164201447E0,4.229633539E0
4.151143127E1,9.967637864E-1,3.130715317E-2,-6.173227892E-2,4.087715749E-2,9.221538987E0,3.314855566E0,-7.216821001E0,4.487653933E0
4.152139684E1,9.966337345E-1,3.281686918E-2,-6.213090962E-2,4.223745216E-2,9.405106367E0,3.477262774E0,-7.274071319E0,4.632403984E0
4.153136882E1,9.965184667E-1,3.579204931E-2,-6.190292782E-2,4.287076172E-2,9.564868035E0,3.816512489E0,-7.264134485E0,4.684404309E0
4.154133507E1,9.964393706E-1,3.693944635E-2,-6.215021680E-2,4.337520728E-2,9.672972683E0,3.944019412E0,-7.299870002E0,4.733359855E0
4.155130700E1,9.963819678E-1,3.621433939E-2,-6.314987310E-2,4.385874322E-2,9.750679162E0,3.852539359E0,-7.412932063E0,4.791174630E0
4.156127382E1,9.962313752E-1,3.810142575E-2,-6.370278134E-2,4.486963331E-2,9.951660688E0,4.060114158E0,-7.489506626E0,4.891794649E0
4.157122846E1,9.960888965E-1,3.947170071E-2,-6.412668277E-2,4.622406005E-2,1.013815510E1,4.205973900E0,-7.550548875E0,5.036211257E0
4.158119398E1,9.960003756E-1,3.914954062E-2,-6.480575878E-2,4.744237506E-2,1.025231849E1,4.156377697E0,-7.631875468E0,5.176855790E0
4.159117877E1,9.959160704E-1,3.782087671E-2,-6.588176964E-2,4.878887657E-2,1.035987854E1,3.987569286E0,-7.753756963E0,5.338897878E0
4.160114622E1,9.959228192E-1,3.337172292E-2,-6.743849605E-2,4.976058257E-2,1.035130917E1,3.458988459E0,-7.911784356E0,5.481456611E0
4.161111012E1,9.958732923E-1,3.036450018E-2,-6.860601864E-2,5.106463652E-2,1.041403291E1,3.095570161E0,-8.033201152E0,5.653265272E0
4.162107726E1,9.956395781E-1,3.190503750E-2,-6.897371103E-2,5.409737722E-2,1.070507750E1,3.246592089E0,-8.094018210E0,5.990373734E0
4.163103705E1,9.953890251E-1,3.314109144E-2,-6.909108439E-2,5.769557087E-2,1.100857295E1,3.359027157E0,-8.127083847E0,6.395930488E0
4.164100341E1,9.951796136E-1,3.282160494E-2,-6.918644312E-2,6.126593758E-2,1.125597615E1,3.292247525E0,-8.147825525E0,6.811124251E0
4.165097617E1,9.948698807E-1,3.351662442E-2,-6.912348049E-2,6.582173444E-2,1.161227191E1,3.335284997E0,-8.160699065E0,7.332482671E0
4.166094315E1,9.944936658E-1,3.314424775E-2,-6.939673580E-2,7.118918921E-2,1.203090765E1,3.245981620E0,-8.206907146E0,7.955946271E0
4.167091174E1,9.941983931E-1,2.803160183E-2,-7.045691483E-2,7.628635316E-2,1.234957374E1,2.605820011E0,-8.300981986E0,8.586460411E0
4.168087893E1,9.939484521E-1,2.032954483E-2,-7.163222720E-2,8.075895167E-2,1.261305011E1,1.670648213E0,-8.376720318E0,9.167878011E0
4.169083190E1,9.934757383E-1,1.898835355E-2,-7.117539846E-2,8.706010881E-2,1.309693636E1,1.467244577E0,-8.321547083E0,9.909538577E0
4.170079762E1,9.926883233E-1,2.150052400E-2,-7.021806207E-2,9.579688912E-2,1.386567732E1,1.692714161E0,-8.252086842E0,1.090211529E1
4.171077018E1,9.917466903E-1,2.346971170E-2,-6.948797754E-2,1.051622356E-1,1.473264913E1,1.849113992E0,-8.207888103E0,1.197306804E1
4.172073658E1,9.906821151E-1,2.564691532E-2,-6.855753894E-2,1.148522812E-1,1.565539756E1,2.030156553E0,-8.147889226E0,1.308123602E1
4.173071231E1,9.894759643E-1,2.640464653E-2,-6.798247081E-2,1.249739746E-1,1.663950476E1,2.041190761E0,-8.113461347E0,1.425226632E1
4.174067966E1,9.884427040E-1,2.267237710E-2,-6.784527570E-2,1.336562859E-1,1.743873207E1,1.544360966E0,-8.058432734E0,1.529275693E1
4.175063762E1,9.875508262E-1,1.648807319E-2,-6.786103438E-2,1.409481787E-1,1.810045420E1,7.773520731E-1,-7.971492082E0,1.619119910E1
4.176060398E1,9.864881259E-1,1.476907787E-2,-6.678266221E-2,1.488728582E-1,1.885886921E1,5.352527617E-1,-7.825588837E0,1.712711083E1
4.177058637E1,9.849857747E-1,1.976618685E-2,-6.444481173E-2,1.589313929E-1,1.988217877E1,1.066922450E0,-7.656708495E0,1.826040840E1
4.178055434E1,9.832905030E-1,2.299881688E-2,-6.289844387E-2,1.692767759E-1,2.097760541E1,1.383492239E0,-7.555194516E0,1.944447970E1
4.179051789E1,9.817374959E-1,2.583881645E-2,-6.049470477E-2,1.785055611E-1,2.193365232E1,1.683492849E0,-7.354300079E0,2.050237798E1
4.180048538E1,9.804237963E-1,2.412583102E-2,-5.943444203E-2,1.861576510E-1,2.271134772E1,1.454292276E0,-7.211034365E0,2.141043138E1
4.181043752E1,9.794710965E-1,1.673721545E-2,-5.952251815E-2,1.918679404E-1,2.325928073E1,5.742534098E-1,-7.066649451E0,2.213112013E1
4.182040346E1,9.783683225E-1,1.488674611E-2,-5.849003515E-2,1.978704780E-1,2.387804274E1,3.452856423E-1,-6.911776727E0,2.284631188E1
4.183037314E1,9.769023340E-1,1.392353139E-2,-5.870905291E-2,2.049907612E-1,2.467693228E1,1.808949069E-1,-6.916020081E0,2.369079407E1
4.184033945E1,9.754780396E-1,1.375591148E-2,-5.865039303E-2,2.116919944E-1,2.542943526E1,1.157490512E-1,-6.906437132E0,2.448123023E1
4.185031773E1,9.740265773E-1,1.885446519E-2,-5.713857408E-2,2.182931954E-1,2.617440002E1,6.800414191E-1,-6.865589035E0,2.522334248E1
4.186028523E1,9.727766168E-1,2.116153159E-2,-5.588266025E-2,2.239084003E-1,2.679963481E1,9.316517467E-1,-6.788183500E0,2.586926800E1
4.187024335E1,9.718708764E-1,2.013005116E-2,-5.478661085E-2,2.281670614E-1,2.724388539E1,8.148935259E-1,-6.642677915E0,2.637693719E1
4.188020986E1,9.709900489E-1,2.419229927E-2,-5.176763786E-2,2.321920955E-1,2.766920354E1,1.322821119E0,-6.417141813E0,2.682293974E1
4.189018596E1,9.699143916E-1,2.907779676E-2,-4.954258765E-2,2.365715257E-1,2.818006015E1,1.900618939E0,-6.307366014E0,2.730997755E1
4.190015346E1,9.694205692E-1,2.007509879E-2,-5.147621907E-2,2.391044735E-1,2.841157360E1,8.246540743E-1,-6.280977399E0,2.766530922E1
4.191010684E1,9.690703035E-1,1.577523191E-2,-5.048042346E-2,2.410510645E-1,2.857467108E1,3.594111772E-1,-6.052715137E0,2.791805582E1
4.192007288E1,9.679361234E-1,2.700683747E-2,-4.576689500E-2,2.455110652E-1,2.909664753E1,1.717129903E0,-5.846277077E0,2.837745559E1
4.193004273E1,9.666910650E-1,3.088767444E-2,-4.421914056E-2,2.501979298E-1,2.965930158E1,2.165357095E0,-5.793795418E0,2.891203539E1
4.194000914E1,9.659582112E-1,2.980877205E-2,-4.254522141E-2,2.534286399E-1,2.998565831E1,2.074299857E0,-5.583863505E0,2.930041287E1
4.194998820E1,9.649365052E-1,3.455705694E-2,-3.919950049E-2,2.572289833E-1,3.043494024E1,2.678328392E0,-5.360860575E0,2.972772925E1
4.195995590E1,9.634127935E-1,3.510338129E-2,-3.854304197E-2,2.629029780E-1,3.109319562E1,2.726984871E0,-5.320295264E0,3.040056538E1
4.196991976E1,9.622128204E-1,2.529160739E-2,-4.044446584E-2,2.680877990E-1,3.160217707E1,1.552899902E0,-5.243756741E0,3.106625022E1
4.197988705E1,9.609641675E-1,1.984671642E-2,-3.878898921E-2,2.732204074E-1,3.212346051E1,9.746605162E-1,-4.898722806E0,3.170122786E1
4.198984455E1,9.589776435E-1,2.329683545E-2,-3.420729953E-2,2.804442857E-1,3.293622876E1,1.465503933E0,-4.512408746E0,3.254441547E1
4.199981085E1,9.564148666E-1,2.455282232E-2,-3.170259494E-2,2.892450645E-1,3.395681685E1,1.644972757E0,-4.292329733E0,3.359175062E1
4.200979174E1,9.537032954E-1,2.601577274E-2,-2.867393436E-2,2.982465581E-1,3.500520335E1,1.868133395E0,-4.026111084E0,3.466583496E1
4.201975950E1,9.503301188E-1,3.070894956E-2,-2.505044527E-2,3.087103834E-1,3.626839996E1,2.464248856E0,-3.817159482E0,3.591017121E1
4.202972539E1,9.470944398E-1,3.161177978E-2,-2.195623545E-2,3.186388885E-1,3.744138004E1,2.635053701E0,-3.539390794E0,3.710839724E1
4.203969294E1,9.442348306E-1,2.203921266E-2,-2.220391237E-2,3.277832274E-1,3.844928819E1,1.553327660E0,-3.232025973E0,3.824420863E1
4.204964408E1,9.414885716E-1,1.437428030E-2,-1.950758068E-2,3.361727291E-1,3.939387153E1,8.001986874E-1,-2.659296109E0,3.928117389E1
4.205960997E1,9.383766957E-1,9.717685401E-3,-1.652423838E-2,3.450821540E-1,4.043858693E1,3.917987856E-1,-2.161636235E0,4.037397350E1
4.206959023E1,9.344641281E-1,1.791714712E-4,-1.758287447E-2,3.556228392E-1,4.171651425E1,-6.977373293E-1,-1.890448580E0,4.168149734E1
4.207955757E1,9.302753610E-1,4.170057926E-4,-1.417514603E-2,3.665878394E-1,4.304444104E1,-5.512189023E-1,-1.528793645E0,4.302256283E1
4.208952408E1,9.260254322E-1,8.136706796E-3,-9.211802603E-3,3.772609649E-1,4.435301428E1,4.653198211E-1,-1.329384262E0,4.432637454E1
4.209949132E1,9.220837529E-1,8.856845293E-3,-8.078799374E-3,3.868046561E-1,4.553472214E1,5.778983482E-1,-1.246304247E0,4.550881124E1
4.210944820E1,9.195485607E-1,4.898450038E-3,-6.856473768E-3,3.928860376E-1,4.627965287E1,2.075022932E-1,-9.430615790E-1,4.626842394E1
4.211941440E1,9.175450116E-1,9.514148989E-4,-5.463522712E-3,3.975932550E-1,4.686044442E1,-1.488969240E-1,-6.178099205E-1,4.685718074E1
4.212939012E1,9.154601706E-1,4.017485359E-4,-3.074779426E-3,4.023966455E-1,4.745767576E1,-9.963873441E-2,-3.410838315E-1,4.745671896E1
4.213935726E1,9.133699074E-1,3.334904118E-3,5.045984916E-6,4.071170479E-1,4.804943454E1,3.492848594E-1,-1.550525918E-1,4.804753233E1
4.214934591E1,9.115068735E-1,7.601787915E-3,3.765223474E-3,4.111973436E-1,4.857114404E1,9.714774000E-1,3.508702992E-2,4.856230211E1
4.215931518E1,9.099415207E-1,1.464013503E-2,8.694275058E-3,4.143869025E-1,4.900545725E1,1.939784049E0,2.113762593E-1,4.897256924E1
4.216927382E1,9.091085536E-1,1.957843084E-2,1.274107086E-2,4.159038205E-1,4.923510104E1,2.647838470E0,3.942292782E-1,4.917590966E1
4.217924205E1,9.088537974E-1,1.856982002E-2,1.411566519E-2,4.164621048E-1,4.930513538E1,2.608669642E0,5.839056184E-1,4.925043331E1
4.218921356E1,9.087669988E-1,1.526345170E-2,1.422266510E-2,4.167820591E-1,4.932897567E1,2.269549746E0,7.521497000E-1,4.928952016E1
4.219918210E1,9.083924371E-1,1.026330298E-2,1.294434672E-2,4.177921598E-1,4.943172992E1,1.688498677E0,8.561017498E-1,4.941035846E1
4.220914747E1,9.077473125E-1,5.021947352E-3,1.223900050E-2,4.193087211E-1,4.960824052E1,1.110708210E0,1.031858056E0,4.959653793E1
4.221911570E1,9.066926566E-1,2.336617339E-3,1.248847336E-2,4.216005274E-1,4.989554176E1,8.463260551E-1,1.184742043E0,4.988440475E1
4.222907403E1,9.052531984E-1,5.175697717E-4,1.225774631E-2,4.246953338E-1,5.028518752E1,6.503992598E-1,1.246459664E0,5.027388225E1
4.223904122E1,9.040462119E-1,-2.100506631E-3,1.223950918E-2,4.272542909E-1,5.060974272E1,3.817510066E-1,1.370936046E0,5.059561607E1
4.224901424E1,9.031162685E-1,-4.874640939E-3,1.348574109E-2,4.291565894E-1,5.085848172E1,1.587887718E-1,1.635578485E0,5.083595952E1
4.225898200E1,9.021844711E-1,-6.106663905E-3,1.631879001E-2,4.309983594E-1,5.110658281E1,1.747470379E-1,1.989081140E0,5.107321443E1
4.226895012E1,9.008631302E-1,-7.128386131E-3,1.840390131E-2,4.336543592E-1,5.145649040E1,1.788135230E-1,2.254672526E0,5.141366183E1
4.227891794E1,8.989686924E-1,-8.784764295E-3,1.933797039E-2,4.374976125E-1,5.195432832E1,6.458335314E-2,2.433228618E0,5.190260719E1
4.228887877E1,8.964853881E-1,-7.649186879E-3,2.117900832E-2,4.425007214E-1,5.260026956E1,2.884124432E-1,2.564434560E0,5.254788932E1
4.229884580E1,8.934441339E-1,-4.163817527E-3,2.354367400E-2,4.485375544E-1,5.338144444E1,7.846639362E-1,2.625361628E0,5.333421242E1
4.230879794E1,8.897019842E-1,-2.014729143E-3,2.482696597E-2,4.558617574E-1,5.432835556E1,1.092726052E0,2.637343682E0,5.428416059E1
4.231876346E1,8.858326301E-1,5.855428381E-4,2.776679372E-2,4.631729847E-1,5.529168035E1,1.535181619E0,2.788600559E0,5.524456891E1
4.232873091E1,8.815677293E-1,7.348018094E-3,3.250709652E-2,4.708796385E-1,5.633588043E1,2.500312757E0,2.888607112E0,5.627987139E1
4.233869664E1,8.773363412E-1,7.099738464E-3,3.238207215E-2,4.787295056E-1,5.735460317E1,2.494110986E0,2.867259197E0,5.730170922E1
4.234865690E1,8.742089936E-1,-8.926146994E-3,2.604847434E-2,4.847684358E-1,5.809700384E1,5.536303549E-1,3.106830319E0,5.803371058E1
4.235862205E1,8.702451299E-1,-1.914251780E-2,2.533738896E-2,4.915943395E-1,5.902572464E1,-4.825863243E-1,3.607444032E0,5.890830036E1
4.236859950E1,8.652691671E-1,-1.923415474E-2,2.878655255E-2,5.001106379E-1,6.017309032E1,-2.580192159E-1,3.959690884E0,6.004542199E1
4.237856590E1,8.589257306E-1,-1.725982728E-2,2.986001345E-2,5.109374396E-1,6.160764574E1,4.958587672E-2,3.952673084E0,6.149484570E1
4.238853341E1,8.515919479E-1,-1.380990254E-2,3.087468133E-2,5.231129848E-1,6.322951424E1,5.042601007E-1,3.843621076E0,6.313978360E1
4.239849992E1,8.437172727E-1,-4.291425735E-3,3.719188075E-2,5.354806358E-1,6.493047677E1,1.871827418E0,3.862070558E0,6.486712132E1
4.240845820E1,8.357994544E-1,4.995176046E-3,4.529609354E-2,5.471403698E-1,6.660165033E1,3.328465851E0,4.028391061E0,6.653710731E1
4.241842387E1,8.300107095E-1,9.654725207E-3,5.486249016E-2,5.549586611E-1,6.780032371E1,4.425883040E0,4.609084211E0,6.771286444E1
4.242840184E1,8.260713443E-1,1.156071790E-2,6.256328596E-2,5.599627837E-1,6.860548006E1,5.136735801E0,5.187558806E0,6.849660068E1
4.243836872E1,8.231343970E-1,6.570744046E-3,6.319698568E-2,5.642807198E-1,6.920039785E1,4.733719299E0,5.544783084E0,6.909272840E1
4.244835210E1,8.177199369E-1,3.534792795E-3,6.251824766E-2,5.722002086E-1,7.028560455E1,4.456512099E0,5.635505809E0,7.018432994E1
4.245832070E1,8.084437987E-1,8.494634301E-3,6.146923673E-2,5.852930877E-1,7.211167238E1,4.935530033E0,5.131687503E0,7.202850562E1
4.246825815E1,7.985786004E-1,1.126831686E-2,6.058770271E-2,5.987272954E-1,7.401083548E1,5.213308607E0,4.776825741E0,7.393841059E1
4.247822356E1,7.890956624E-1,1.439525304E-2,6.427230304E-2,6.107289770E-1,7.579784025E1,5.830283201E0,4.809944335E0,7.572200017E1
4.248820684E1,7.797687981E-1,1.728064151E-2,6.849733287E-2,6.220692215E-1,7.752117670E1,6.464093516E0,4.894694079E0,7.743957771E1
4.249817403E1,7.716004287E-1,1.756956729E-2,7.245181237E-2,6.317236925E-1,7.900435144E1,6.841992807E0,5.141140886E0,7.892319211E1
4.250814372E1,7.619813212E-1,2.182137759E-2,7.470232602E-2,6.429057910E-1,8.072164099E1,7.457256306E0,4.921188459E0,8.063150290E1
4.251811117E1,7.529351441E-1,2.586519906E-2,7.761163399E-2,6.529901182E-1,8.230945431E1,8.093898515E0,4.766409189E0,8.220496479E1
4.252805684E1,7.456274447E-1,3.043047235E-2,8.656860853E-2,6.600148301E-1,8.357395996E1,9.223598907E0,5.101865939E0,8.344106562E1
4.253802210E1,7.382838191E-1,3.925105282E-2,9.602084274E-2,6.664655693E-1,8.482914447E1,1.075994804E1,5.132675429E0,8.463025860E1
4.254802231E1,7.317023233E-1,4.669204814E-2,1.008785418E-1,6.724991320E-1,8.594140739E1,1.181479286E1,4.865984942E0,8.567529669E1
4.255799106E1,7.249943522E-1,5.298848262E-2,1.026285554E-1,6.790013178E-1,8.706324399E1,1.252372497E1,4.407626751E0,8.673134750E1
4.256794518E1,7.209439560E-1,5.171985328E-2,9.926466709E-2,6.838942864E-1,8.773505944E1,1.217513353E1,4.151082922E0,8.742149101E1
4.257791247E1,7.189263939E-1,4.359837357E-2,9.566047810E-2,6.870903106E-1,8.806817496E1,1.122898198E1,4.452560454E0,8.784370801E1
4.258786398E1,7.166366612E-1,4.310687958E-2,1.028069115E-1,6.884797976E-1,8.844501892E1,1.177896982E1,5.048212246E0,8.822510786E1
4.259782960E1,7.148419307E-1,4.539780951E-2,1.091533320E-1,6.892210118E-1,8.873950739E1,1.249258043E1,5.363639978E0,8.849668631E1
4.260781252E1,7.130913151E-1,4.360627370E-2,1.114761807E-1,6.907766139E-1,8.902601380E1,1.254829792E1,5.666676530E0,8.880222390E1
4.261777992E1,7.100087759E-1,4.440863248E-2,1.140793334E-1,6.934704876E-1,8.952874127E1,1.285039893E1,5.762348890E0,8.929919892E1
4.262772611E1,7.058228463E-1,4.625376182E-2,1.160464384E-1,6.972861130E-1,9.020788211E1,1.319450491E1,5.699567773E0,8.996253807E1
4.263769137E1,7.005935873E-1,4.732338643E-2,1.197588151E-1,7.018453880E-1,9.105070597E1,1.362859702E1,5.818476377E0,9.079815668E1
4.264765778E1,6.941917999E-1,4.858875495E-2,1.245500336E-1,7.072652734E-1,9.207430190E1,1.418023934E1,5.980670724E0,9.181348511E1
4.265762314E1,6.861830691E-1,4.920861196E-2,1.284769069E-1,7.143003518E-1,9.334256000E1,1.462534789E1,6.085815233E0,9.308202965E1
4.266761976E1,6.761757377E-1,5.095132673E-2,1.338570204E-1,7.226843240E-1,9.490896066E1,1.530175918E1,6.164207336E0,9.463731693E1
4.267758825E1,6.644611689E-1,5.482947543E-2,1.406533907E-1,7.319164620E-1,9.671799798E1,1.628147358E1,6.122598115E0,9.640794754E1
4.268754153E1,6.518870775E-1,5.936226394E-2,1.481020542E-1,7.413400983E-1,9.863193802E1,1.737570686E1,6.031567007E0,9.826982058E1
4.269750846E1,6.393382330E-1,6.399363001E-2,1.547508269E-1,7.504689339E-1,1.005150182E2,1.840547225E1,5.844316599E0,1.000910883E2
4.270747658E1,6.277424792E-1,6.382430582E-2,1.572785888E-1,7.596902548E-1,1.022324751E2,1.870646450E1,5.767243362E0,1.018159269E2
4.271744361E1,6.157347137E-1,6.137625853E-2,1.605486166E-1,7.689784516E-1,1.039893494E2,1.891923283E1,5.930191508E0,1.036191840E2
4.272742481E1,6.028322171E-1,6.193964299E-2,1.651161489E-1,7.781346002E-1,1.058539786E2,1.947562672E1,5.893512609E0,1.054813348E2
4.273739325E1,5.895913147E-1,6.293332200E-2,1.669056862E-1,7.877588276E-1,1.077439760E2,1.980330595E1,5.604422945E0,1.073536482E2
4.274736356E1,5.769508072E-1,6.492676814E-2,1.702984434E-1,7.961851048E-1,1.095272736E2,2.034105913E1,5.343135404E0,1.091017335E2
4.275733221E1,5.649143875E-1,7.082985552E-2,1.741105756E-1,8.034552718E-1,1.112073071E2,2.116459832E1,4.755156543E0,1.106662942E2
4.276728778E1,5.538189893E-1,7.298332583E-2,1.689510946E-1,8.120427876E-1,1.127411837E2,2.085898035E1,3.933894662E0,1.121358378E2
4.277725507E1,5.414912619E-1,7.158819427E-2,1.677927149E-1,8.206753003E-1,1.144295734E2,2.071167057E1,3.681796269E0,1.138384266E2
4.278721106E1,5.278967299E-1,7.488158069E-2,1.744664936E-1,8.278159422E-1,1.162730896E2,2.162811776E1,3.452684641E0,1.156085371E2
4.279717726E1,5.139258692E-1,8.140165674E-2,1.808004708E-1,8.346047933E-1,1.181486288E2,2.270239887E1,2.863669341E0,1.173278366E2
4.280715611E1,4.992361255E-1,9.081506591E-2,1.831696609E-1,8.420004692E-1,1.201010493E2,2.353526422E1,1.716676091E0,1.190288280E2
4.281712351E1,4.857998147E-1,9.950939707E-2,1.818215450E-1,8.491391793E-1,1.218702252E2,2.392113431E1,4.390670229E-1,1.205445232E2
4.282707674E1,4.745867987E-1,1.019203213E-1,1.774856216E-1,8.560832160E-1,1.233351001E2,2.361771313E1,-3.460621310E-1,1.219223108E2
4.283704273E1,4.638098329E-1,9.960657078E-2,1.769449353E-1,8.623511233E-1,1.247335527E2,2.342735340E1,-4.385504565E-1,1.233624886E2
4.284702398E1,4.510258140E-1,9.853379996E-2,1.839048897E-1,8.677821137E-1,1.263809636E2,2.408344383E1,-2.933575792E-1,1.250115204E2
4.285699148E1,4.378600864E-1,9.915359561E-2,1.896162011E-1,8.732083402E-1,1.280651485E2,2.470776995E1,-4.075346178E-1,1.266488631E2
4.286696867E1,4.236054602E-1,9.768541891E-2,1.907964466E-1,8.801208377E-1,1.298751491E2,2.474813894E1,-5.904498931E-1,1.284670874E2
4.287693710E1,4.070395238E-1,1.019690212E-1,2.003620940E-1,8.853113441E-1,1.319620050E2,2.596634253E1,-9.991790236E-1,1.303865273E2
4.288687544E1,3.926779348E-1,1.098432663E-1,2.122256629E-1,8.880871378E-1,1.337575374E2,2.760692270E1,-1.629030411E0,1.318934044E2
4.289684085E1,3.820469909E-1,1.150885385E-1,2.163389276E-1,8.910623959E-1,1.350789285E2,2.828494619E1,-2.280909408E0,1.330103055E2
4.290685242E1,3.725319288E-1,1.154153538E-1,2.239563218E-1,8.931645000E-1,1.362562942E2,2.910603555E1,-2.252764750E0,1.341338298E2
4.291682252E1,3.654679973E-1,1.170628418E-1,2.396926075E-1,8.917829825E-1,1.371272262E2,3.088807841E1,-1.924889837E0,1.348988352E2
4.292676856E1,3.606240934E-1,1.184244644E-1,2.495684545E-1,8.908655881E-1,1.377229426E2,3.202790355E1,-1.776440297E0,1.354137153E2
4.293673622E1,3.555639254E-1,1.203632349E-1,2.525651752E-1,8.917947179E-1,1.383439800E2,3.243865012E1,-2.009916368E0,1.359403398E2
4.294670070E1,3.499606096E-1,1.215985280E-1,2.581462497E-1,8.922454166E-1,1.390301883E2,3.310185798E1,-2.080833956E0,1.365488873E2
4.295666799E1,3.449455442E-1,1.244814010E-1,2.714095397E-1,8.898616826E-1,1.396430568E2,3.469776503E1,-1.965598407E0,1.370092921E2
4.296661585E1,3.424434282E-1,1.256162007E-1,2.802804145E-1,8.879166390E-1,1.399483780E2,3.573568818E1,-1.782934614E0,1.372448602E2
4.297658122E1,3.388556415E-1,1.232481124E-1,2.870225743E-1,8.874710130E-1,1.403856622E2,3.638081556E1,-1.388975268E0,1.377476886E2
4.298654872E1,3.339131004E-1,1.230363348E-1,2.991091434E-1,8.853800439E-1,1.409870846E2,3.772830409E1,-1.037964562E0,1.383183118E2
4.299651429E1,3.305061145E-1,1.236679038E-1,3.128178113E-1,8.818259322E-1,1.414010051E2,3.930796035E1,-6.492169211E-1,1.386763921E2
4.300649216E1,3.277798964E-1,1.240346423E-1,3.253993327E-1,8.782317583E-1,1.417318410E2,4.075840828E1,-2.603302804E-1,1.389694166E2
4.301645893E1,3.254750247E-1,1.249240996E-1,3.379006316E-1,8.742328871E-1,1.420112866E2,4.223150460E1,8.771530214E-2,1.391934930E2
4.302644148E1,3.239611077E-1,1.273032044E-1,3.481202635E-1,8.704340164E-1,1.421947082E2,4.351301641E1,2.255610793E-1,1.392611554E2
4.303640986E1,3.227597033E-1,1.268335668E-1,3.539879168E-1,8.685804367E-1,1.423401952E2,4.417328660E1,4.684417749E-1,1.394205109E2
4.304634825E1,3.208728249E-1,1.215099275E-1,3.532095652E-1,8.703556576E-1,1.425685643E2,4.385962890E1,8.684651657E-1,1.398749552E2
4.305631361E1,3.146582086E-1,1.178428581E-1,3.539063754E-1,8.728422252E-1,1.433196372E2,4.379413942E1,9.742268672E-1,1.407432842E2
4.306628387E1,3.069244209E-1,1.162911462E-1,3.600257868E-1,8.733013237E-1,1.442520416E2,4.445262055E1,1.024903605E0,1.416904517E2
4.307624971E1,2.989172336E-1,1.170741289E-1,3.642256082E-1,8.742321443E-1,1.452148375E2,4.498216043E1,7.475414199E-1,1.425563667E2
4.308624658E1,2.894530718E-1,1.194196545E-1,3.645429569E-1,8.769631109E-1,1.463495699E2,4.511422869E1,9.069318153E-2,1.435053827E2
4.309621554E1,2.790152321E-1,1.221621666E-1,3.669396738E-1,8.789665415E-1,1.475971210E2,4.550087809E1,-5.723598453E-1,1.445374049E2
4.310616533E1,2.695053617E-1,1.243986141E-1,3.703521468E-1,8.801881232E-1,1.487303298E2,4.598403049E1,-1.109578451E0,1.454809870E2
4.311613236E1,2.598746148E-1,1.252593284E-1,3.726259056E-1,8.820006914E-1,1.498747553E2,4.627661649E1,-1.563543839E0,1.464974269E2
4.312608867E1,2.502478183E-1,1.248926277E-1,3.744032342E-1,8.840814890E-1,1.510156454E2,4.646216506E1,-1.916519348E0,1.475679281E2
4.313605460E1,2.403327831E-1,1.235100479E-1,3.762502790E-1,8.862398936E-1,1.521876354E2,4.661794817E1,-2.181692125E0,1.487145033E2
4.314602799E1,2.305375927E-1,1.221716490E-1,3.790725675E-1,8.878234594E-1,1.533425517E2,4.689295545E1,-2.415890923E0,1.498395145E2
4.315599466E1,2.202765395E-1,1.220229987E-1,3.795348771E-1,8.902482300E-1,1.545494480E2,4.692277211E1,-2.869211403E0,1.509590822E2
4.316597637E1,2.090653878E-1,1.226362882E-1,3.797996615E-1,8.927509292E-1,1.558648256E2,4.694801477E1,-3.449076664E0,1.521416345E2
4.317594455E1,1.980470713E-1,1.248479077E-1,3.797710556E-1,8.949660903E-1,1.571544395E2,4.698449587E1,-4.188854762E0,1.532228493E2
4.318590627E1,1.872968170E-1,1.260324802E-1,3.795135882E-1,8.972207937E-1,1.584098572E2,4.695421224E1,-4.818210040E0,1.543236941E2
4.319587377E1,1.763226454E-1,1.266526809E-1,3.815607478E-1,8.984880739E-1,1.596887258E2,4.718065574E1,-5.338304359E0,1.554617743E2
4.320583460E1,1.666040643E-1,1.281570595E-1,3.841252735E-1,8.990364999E-1,1.608191390E2,4.749912679E1,-5.879814026E0,1.564138140E2
4.321580143E1,1.570508185E-1,1.293727503E-1,3.855066547E-1,8.999901950E-1,1.619284872E2,4.766101857E1,-6.417943153E0,1.573656731E2
4.322576830E1,1.479495673E-1,1.306203011E-1,3.893832733E-1,8.996832381E-1,1.629837607E2,4.812973546E1,-6.881461457E0,1.582468801E2
4.323573512E1,1.405639152E-1,1.315044946E-1,3.947760299E-1,8.983875777E-1,1.638390422E2,4.878320640E1,-7.198166190E0,1.589475433E2
4.324568809E1,1.348769219E-1,1.314651918E-1,3.987779713E-1,8.974972139E-1,1.644969941E2,4.924769814E1,-7.377571511E0,1.595218346E2
4.325565351E1,1.300968646E-1,1.304816722E-1,4.012792012E-1,8.972314873E-1,1.650496204E2,4.950458713E1,-7.454232902E0,1.600588065E2
4.326563924E1,1.250464316E-1,1.287455815E-1,4.008333562E-1,8.983989013E-1,1.656331257E2,4.937293054E1,-7.532249505E0,1.606858087E2
4.327560669E1,1.179569028E-1,1.273886377E-1,4.013954236E-1,8.992997376E-1,1.664515915E2,4.936647056E1,-7.725453560E0,1.615000616E2
4.328557372E1,1.106322387E-1,1.273172599E-1,4.042742840E-1,8.989511257E-1,1.672964747E2,4.968213934E1,-8.016163136E0,1.622522637E2
4.329554111E1,1.033433366E-1,1.285227154E-1,4.059913824E-1,8.988732190E-1,1.681365450E2,4.988539266E1,-8.461119934E0,1.629422146E2
4.330551190E1,9.519156919E-2,1.295493024E-1,4.065584250E-1,8.993696628E-1,1.690753082E2,4.993195074E1,-8.952962238E0,1.637413095E2
4.331547966E1,8.630871503E-2,1.293772609E-1,4.087885958E-1,8.992798308E-1,1.700974294E2,5.014964704E1,-9.330474399E0,1.646623514E2
4.332542231E1,7.741841450E-2,1.285885331E-1,4.116621131E-1,8.988913632E-1,1.711196171E2,5.043220618E1,-9.638647424E0,1.656076602E2
4.333538752E1,6.809756675E-2,1.285220634E-1,4.142391584E-1,8.984713241E-1,1.721905499E2,5.069125577E1,-1.005127440E1,1.665608681E2
4.334537997E1,5.857046646E-2,1.294852346E-1,4.162723990E-1,8.980647885E-1,1.732844756E2,5.090214261E1,-1.059174454E1,1.674850423E2
4.335534789E1,4.841690912E-2,1.309658849E-1,4.179785806E-1,8.976623230E-1,1.744496609E2,5.107507248E1,-1.122438455E1,1.684492416E2
4.336532752E1,3.789578306E-2,1.323470109E-1,4.202613040E-1,8.968994451E-1,1.756564231E2,5.131215041E1,-1.186179453E1,1.694479579E2
4.337529664E1,2.727130454E-2,1.334442502E-1,4.226833810E-1,8.959841893E-1,1.768745512E2,5.155593304E1,-1.247852197E1,1.704684675E2
4.338525049E1,1.626844435E-2,1.344673484E-1,4.231683532E-1,8.958696416E-1,1.781356914E2,5.154104188E1,-1.313003529E1,1.715589931E2
4.339521804E1,4.277629172E-3,1.355802001E-1,4.240996863E-1,8.953988873E-1,1.795098183E2,5.157032435E1,-1.383746612E1,1.727426849E2
4.340524814E1,7.292265894E-3,-1.366075740E-1,-4.272448807E-1,-8.937264713E-1,1.791643605E2,5.188319358E1,-1.450182116E1,1.738513876E2
4.341522205E1,1.815570647E-2,-1.377224394E-1,-4.285980585E-1,-8.927522636E-1,1.779193950E2,5.196772347E1,-1.515712893E1,1.749097639E2
4.342515804E1,3.011184045E-2,-1.376239523E-1,-4.295220837E-1,-8.919998343E-1,1.765489156E2,5.195577630E1,-1.574690659E1,1.761571082E2
4.343512809E1,4.085417975E-2,-1.373141599E-1,-4.350401096E-1,-8.889408645E-1,1.753171526E2,5.255254901E1,-1.624079372E1,1.772035834E2
4.344504387E1,4.889349452E-2,-1.382498437E-1,-4.385702122E-1,-8.866524550E-1,1.743949835E2,5.294167813E1,-1.674098430E1,1.779316823E2
4.345500840E1,5.661848635E-2,-1.388714807E-1,-4.391455165E-1,-8.858105182E-1,1.735085280E2,5.293690634E1,-1.720282472E1,1.787005587E2
4.346498445E1,6.383015444E-2,-1.378539259E-1,-4.430234594E-1,-8.835452569E-1,1.726806271E2,5.334609994E1,-1.746702573E1,1.794382962E2
4.347495012E1,6.804480152E-2,-1.361301492E-1,-4.477926568E-1,-8.810903608E-1,1.721966105E2,5.390026831E1,-1.750721230E1,1.798793064E2
4.348490877E1,7.162008741E-2,-1.341019639E-1,-4.473494494E-1,-8.813431207E-1,1.717859100E2,5.376474210E1,-1.748511974E1,-1.796237785E2
4.349487372E1,7.683188491E-2,-1.316739976E-1,-4.483272791E-1,-8.807732232E-1,1.711870293E2,5.379375613E1,-1.750815391E1,-1.789619679E2
4.350486601E1,8.048855956E-2,-1.305472071E-1,-4.530189294E-1,-8.782100364E-1,1.707667026E2,5.435852163E1,-1.759107555E1,-1.786119446E2
4.351483372E1,8.247392675E-2,-1.311276631E-1,-4.550589093E-1,-8.768836733E-1,1.705384372E2,5.461628530E1,-1.775987278E1,-1.784777911E2
4.352479835E1,8.551176731E-2,-1.302278966E-1,-4.574733692E-1,-8.754693307E-1,1.701890917E2,5.488951354E1,-1.783397084E1,-1.781594814E2
4.353476575E1,8.727174346E-2,-1.279784537E-1,-4.635432158E-1,-8.724292781E-1,1.699866565E2,5.565039073E1,-1.771080729E1,-1.779768681E2
4.354469106E1,8.753640745E-2,-1.252544982E-1,-4.680194964E-1,-8.704059048E-1,1.699562117E2,5.620991747E1,-1.745652202E1,-1.778888666E2
4.355465419E1,8.795938784E-2,-1.214486771E-1,-4.722873947E-1,-8.685954074E-1,1.699075540E2,5.672571212E1,-1.710140402E1,-1.777163494E2
4.356463861E1,8.721587171E-2,-1.177284135E-1,-4.774299200E-1,-8.663683303E-1,1.699930834E2,5.737584253E1,-1.669466134E1,-1.776839682E2
4.357460393E1,8.577744653E-2,-1.150536329E-1,-4.801151343E-1,-8.653868205E-1,1.701585349E2,5.771694437E1,-1.634962416E1,-1.777314072E2
4.358456122E1,8.467735176E-2,-1.120350850E-1,-4.830396016E-1,-8.642630555E-1,1.702850568E2,5.808262542E1,-1.598946468E1,-1.777266596E2
4.359452570E1,8.236135830E-2,-1.090908379E-1,-4.863583814E-1,-8.630013445E-1,1.705513807E2,5.851510874E1,-1.556939810E1,-1.778558170E2
4.360449747E1,7.959679139E-2,-1.059508295E-1,-4.875803558E-1,-8.629624379E-1,1.708692206E2,5.866560666E1,-1.509871385E1,-1.779783685E2
4.361446268E1,7.679216920E-2,-1.016051849E-1,-4.903524306E-1,-8.621681060E-1,1.711915939E2,5.901060167E1,-1.450780900E1,-1.780601568E2
4.362443367E1,7.252831483E-2,-9.656925118E-2,-4.930084164E-1,-8.616012562E-1,1.716815634E2,5.934445067E1,-1.376395792E1,-1.782440691E2
4.363439945E1,6.905001963E-2,-9.130131056E-2,-4.917829286E-1,-8.631603076E-1,1.720811494E2,5.914681293E1,-1.303407991E1,-1.782705993E2
4.364437872E1,6.705692739E-2,-8.604816240E-2,-4.914780204E-1,-8.640303454E-1,1.723100717E2,5.906481644E1,-1.239267479E1,-1.781637283E2
4.365434585E1,6.434832157E-2,-8.148236997E-2,-4.941443222E-1,-8.631577525E-1,1.726211272E2,5.939627435E1,-1.178612472E1,-1.782111916E2
4.366430356E1,6.088703882E-2,-7.765237858E-2,-4.958300183E-1,-8.627951492E-1,1.730185411E2,5.960926955E1,-1.120824052E1,-1.783607196E2
4.367426976E1,5.787356004E-2,-7.397544457E-2,-4.979043907E-1,-8.621307919E-1,1.733644709E2,5.987296105E1,-1.067186115E1,-1.784766952E2
4.368423429E1,5.435236811E-2,-7.032686008E-2,-5.012207156E-1,-8.607425556E-1,1.737686067E2,6.030672982E1,-1.011076571E1,-1.786573149E2
4.369420028E1,5.089268851E-2,-6.640948980E-2,-5.029164787E-1,-8.602759612E-1,1.741656071E2,6.052051921E1,-9.523407010E0,-1.787934414E2
4.370417309E1,4.895642217E-2,-6.224972778E-2,-5.028074625E-1,-8.607629730E-1,1.743877639E2,6.048298722E1,-8.997758808E0,-1.787422217E2
4.371413976E1,4.813273264E-2,-5.852761566E-2,-5.044480863E-1,-8.601103920E-1,1.744822632E2,6.067929802E1,-8.582964288E0,-1.786236436E2
4.372412143E1,4.671686233E-2,-5.569637456E-2,-5.065775377E-1,-8.591243489E-1,1.746446927E2,6.095171239E1,-8.223312923E0,-1.786196219E2
4.373408960E1,4.624507512E-2,-5.272995248E-2,-5.057019497E-1,-8.598525939E-1,1.746988141E2,6.081715447E1,-7.900455591E0,-1.784844847E2
4.374404622E1,4.674109549E-2,-4.943044962E-2,-5.062201403E-1,-8.597168547E-1,1.746419128E2,6.086452087E1,-7.603384927E0,-1.782469450E2
4.375401320E1,4.610253586E-2,-4.683346130E-2,-5.085739536E-1,-8.585066784E-1,1.747151653E2,6.116805779E1,-7.313988801E0,-1.781787934E2
4.376398424E1,4.503058171E-2,-4.448470214E-2,-5.091511401E-1,-8.583463604E-1,1.748381299E2,6.123750698E1,-7.020317995E0,-1.781520882E2
4.377395164E1,4.433282819E-2,-4.152161627E-2,-5.100975373E-1,-8.579691475E-1,1.749181665E2,6.135272677E1,-6.688804120E0,-1.780548193E2
4.378390361E1,4.250970897E-2,-3.915872374E-2,-5.119138133E-1,-8.570902909E-1,1.751272779E2,6.159226917E1,-6.352656179E0,-1.781100401E2
4.379386945E1,4.028315887E-2,-3.767377132E-2,-5.115435271E-1,-8.574853783E-1,1.753826407E2,6.154403138E1,-6.074561804E0,-1.782399781E2
4.380384768E1,3.856527679E-2,-3.632394920E-2,-5.101132687E-1,-8.584740784E-1,1.755796486E2,6.135271092E1,-5.837743799E0,-1.783205396E2
4.381381471E1,3.663446197E-2,-3.529682724E-2,-5.088989558E-1,-8.593217692E-1,1.758010603E2,6.119245419E1,-5.621085199E0,-1.784432437E2
4.382378627E1,3.453125435E-2,-3.421691333E-2,-5.069392041E-1,-8.606099225E-1,1.760422229E2,6.093310028E1,-5.388317803E0,-1.785758288E2
4.383375377E1,3.218895581E-2,-3.244442744E-2,-5.058114670E-1,-8.614325221E-1,1.763107801E2,6.078305433E1,-5.075044425E0,-1.786978535E2
4.384371731E1,2.912011937E-2,-2.998788016E-2,-5.058301755E-1,-8.616197416E-1,1.766626083E2,6.078538502E1,-4.653864263E0,-1.788592213E2
4.385368445E1,2.536997202E-2,-2.726644644E-2,-5.064730017E-1,-8.614511036E-1,1.770925034E2,6.087146483E1,-4.167692785E0,-1.790755953E2
4.386364981E1,2.112178643E-2,-2.441610790E-2,-5.079780835E-1,-8.607647707E-1,1.775794416E2,6.107265352E1,-3.640264205E0,-1.793365317E2
4.387361674E1,1.610910393E-2,-2.164813195E-2,-5.105060068E-1,-8.594506805E-1,1.781539528E2,6.141125801E1,-3.075888108E0,-1.796794274E2
4.388358914E1,1.031999013E-2,-1.946873849E-2,-5.127939988E-1,-8.582288627E-1,1.788173952E2,6.171970042E1,-2.521904423E0,1.798707829E2
4.389355658E1,4.114511208E-3,-1.736159018E-2,-5.147478626E-1,-8.571559274E-1,1.795285104E2,6.198270922E1,-1.948377652E0,1.793796816E2
4.390352065E1,2.537384167E-3,1.493087583E-2,5.164936226E-1,8.561570933E-1,1.797092369E2,6.221561541E1,-1.314782232E0,1.788669933E2
4.391348778E1,9.133675586E-3,1.218399836E-2,5.171080629E-1,8.557846560E-1,1.789533433E2,6.229418807E1,-6.536193977E-1,1.783820017E2
4.392345111E1,1.517867852E-2,9.606903622E-3,5.164623591E-1,8.561214556E-1,1.782605848E2,6.220244988E1,-4.417048934E-2,1.779419054E2
4.393341783E1,2.054223407E-2,6.636731554E-3,5.159946778E-1,8.563197200E-1,1.776458678E2,6.213217257E1,5.634006963E-1,1.775910050E2
4.394338893E1,2.589865752E-2,3.898115297E-3,5.168660702E-1,8.556655478E-1,1.770319006E2,6.224040947E1,1.151797729E0,1.772280630E2
4.395335611E1,3.143682344E-2,1.654013145E-3,5.179770668E-1,8.548150377E-1,1.763970118E2,6.238040413E1,1.704190886E0,1.768194043E2
4.396331778E1,3.683975253E-2,-4.938328604E-4,5.187768497E-1,8.541154307E-1,1.757775199E2,6.247772430E1,2.238932639E0,1.764186238E2
4.397328434E1,4.205849890E-2,-2.353287832E-3,5.199120868E-1,8.531805007E-1,1.751790290E2,6.261958119E1,2.736856979E0,1.760205237E2
4.398325325E1,4.719250777E-2,-4.156173889E-3,5.206970395E-1,8.524260592E-1,1.745901276E2,6.271351034E1,3.223537123E0,1.756270283E2
4.399322007E1,5.172065922E-2,-6.132426976E-3,5.209900879E-1,8.519722384E-1,1.740706035E2,6.274107033E1,3.689028457E0,1.753016974E2
4.400318882E1,5.593080221E-2,-7.831503232E-3,5.214650402E-1,8.514015650E-1,1.735874559E2,6.279333323E1,4.109764180E0,1.749919383E2
4.401315580E1,5.939899695E-2,-9.983670707E-3,5.194327942E-1,8.523858621E-1,1.731893674E2,6.250878784E1,4.515423473E0,1.747689061E2
4.402312299E1,6.055939418E-2,-1.260529421E-2,5.155901118E-1,8.545996156E-1,1.730561558E2,6.198676265E1,4.818098446E0,1.747886015E2
4.403308997E1,6.147126744E-2,-1.543637221E-2,5.166459775E-1,8.538500662E-1,1.729514678E2,6.212334548E1,5.156615080E0,1.748717160E2
4.404305434E1,6.318953190E-2,-1.788398469E-2,5.190748906E-1,8.522021498E-1,1.727541856E2,6.244349270E1,5.513583727E0,1.748623636E2
4.405302106E1,6.445375053E-2,-1.981452771E-2,5.192968160E-1,8.519295249E-1,1.726090208E2,6.246915362E1,5.779620207E0,1.748538338E2
4.406298992E1,6.560917330E-2,-2.108426049E-2,5.206166696E-1,8.510048024E-1,1.724763383E2,6.264328194E1,5.981081280E0,1.748246079E2
4.407295684E1,6.766162488E-2,-2.255992658E-2,5.233534078E-1,8.491255294E-1,1.722406207E2,6.300610021E1,6.265414355E0,1.747304517E2
4.408292523E1,6.994995800E-2,-2.416078557E-2,5.238998553E-1,8.485588968E-1,1.719777740E2,6.307279117E1,6.563092879E0,1.746054414E2
4.409289226E1,7.123761862E-2,-2.585337412E-2,5.220009494E-1,8.495715471E-1,1.718298499E2,6.281264168E1,6.794046544E0,1.745649650E2
4.410286200E1,7.170249531E-2,-2.736712016E-2,5.202268486E-1,8.505726418E-1,1.717764424E2,6.257265376E1,6.958971867E0,1.745949496E2
4.411282934E1,7.169731289E-2,-2.834423873E-2,5.184115453E-1,8.516487358E-1,1.717770378E2,6.232883484E1,7.043109294E0,1.746385206E2
4.412279414E1,7.098865676E-2,-2.916392321E-2,5.170059145E-1,8.525344337E-1,1.718584513E2,6.214313753E1,7.072755821E0,1.747453988E2
4.413276117E1,7.047455693E-2,-3.018518322E-2,5.171240075E-1,8.524699129E-1,1.719175107E2,6.216235324E1,7.143341441E0,1.748575852E2
4.414273143E1,7.009895991E-2,-3.148753238E-2,5.171608932E-1,8.524313941E-1,1.719606577E2,6.217076319E1,7.249297353E0,1.749720653E2
4.415269877E1,6.970513783E-2,-3.296958290E-2,5.176894711E-1,8.520867396E-1,1.720058970E2,6.224619572E1,7.374666906E0,1.751032889E2
4.416266627E1,6.984661230E-2,-3.452865287E-2,5.197106151E-1,8.507820516E-1,1.719896456E2,6.252153827E1,7.547770590E0,1.751996612E2
4.417263361E1,7.017273469E-2,-3.572131733E-2,5.212623661E-1,8.497560358E-1,1.719521828E2,6.273268350E1,7.693029398E0,1.752525433E2
4.418260429E1,7.058864566E-2,-3.665797304E-2,5.236885100E-1,8.481885290E-1,1.719044045E2,6.306177132E1,7.823312109E0,1.752898813E2
4.419257200E1,7.173800886E-2,-3.733651260E-2,5.268414063E-1,8.461074255E-1,1.717723624E2,6.348657968E1,7.976707099E0,1.752471971E2
4.420252023E1,7.293202072E-2,-3.803742228E-2,5.285852943E-1,8.448855908E-1,1.716351793E2,6.372062384E1,8.127484624E0,1.751890224E2
4.421248596E1,7.400712648E-2,-3.867567004E-2,5.308172544E-1,8.433624252E-1,1.715116474E2,6.402192207E1,8.268012162E0,1.751440973E2
4.422246585E1,7.568870450E-2,-3.918169306E-2,5.339948176E-1,8.411810445E-1,1.713184107E2,6.445002308E1,8.438778498E0,1.750419766E2
4.423243304E1,7.709335432E-2,-3.975027794E-2,5.341812970E-1,8.409083613E-1,1.711569780E2,6.447116035E1,8.581514950E0,1.749412973E2
4.424240262E1,7.745197280E-2,-3.995109121E-2,5.324594218E-1,8.419572830E-1,1.711157601E2,6.423483937E1,8.612687562E0,1.749008158E2
4.425237002E1,7.719541594E-2,-4.021752645E-2,5.309653373E-1,8.429111631E-1,1.711452476E2,6.403285122E1,8.613933148E0,1.749268807E2
4.426233403E1,7.691531596E-2,-4.041201917E-2,5.304811649E-1,8.432322554E-1,1.711774404E2,6.396868132E1,8.612884545E0,1.749612306E2
4.427230106E1,7.698367428E-2,-4.012412890E-2,5.303681793E-1,8.433108339E-1,1.711695838E2,6.395204601E1,8.588310125E0,1.749358529E2
4.428226637E1,7.740096752E-2,-4.009811753E-2,5.305223129E-1,8.431769131E-1,1.711216224E2,6.397110503E1,8.612177887E0,1.748949064E2
4.429223320E1,7.815366097E-2,-4.054276369E-2,5.307263931E-1,8.429577601E-1,1.710351080E2,6.399693457E1,8.702740224E0,1.748502185E2
4.430219090E1,7.921992945E-2,-4.107618953E-2,5.310849595E-1,8.426065008E-1,1.709125426E2,6.404269010E1,8.822108846E0,1.747818212E2
4.431215679E1,8.059468009E-2,-4.188567048E-2,5.316987214E-1,8.420490234E-1,1.707545025E2,6.412276746E1,8.988936942E0,1.747027912E2
4.432214200E1,8.233913787E-2,-4.290743856E-2,5.322622556E-1,8.414725838E-1,1.705539356E2,6.419497169E1,9.198938358E0,1.746001034E2
4.433210986E1,8.422386160E-2,-4.412498314E-2,5.319932105E-1,8.413932202E-1,1.703372093E2,6.415325172E1,9.431362608E0,1.744864499E2
4.434206398E1,8.615217590E-2,-4.551698157E-2,5.312642556E-1,8.415843972E-1,1.701154345E2,6.404889396E1,9.680384330E0,1.743735936E2
4.435203044E1,8.834204252E-2,-4.700122415E-2,5.309028146E-1,8.415038739E-1,1.698635336E2,6.399368366E1,9.956794277E0,1.742444395E2
4.436200554E1,9.089656532E-2,-4.816706676E-2,5.313768756E-1,8.408664366E-1,1.695696242E2,6.404952959E1,1.023027747E1,1.740698156E2
4.437197289E1,9.361036094E-2,-4.939948163E-2,5.322503061E-1,8.399442857E-1,1.692573142E2,6.415936556E1,1.052321542E1,1.738887248E2
4.438193387E1,9.617220685E-2,-5.089914608E-2,5.325868977E-1,8.393517618E-1,1.689624175E2,6.419735397E1,1.082936282E1,1.737323881E2
4.439190054E1,9.817529584E-2,-5.220164948E-2,5.317067198E-1,8.395978580E-1,1.687317889E2,6.407041560E1,1.107289452E1,1.736029483E2
4.440187226E1,9.970705673E-2,-5.309868933E-2,5.310171212E-1,8.397975047E-1,1.685553965E2,6.397051876E1,1.124919851E1,1.734972663E2
4.441183945E1,1.017135746E-1,-5.411557079E-2,5.324715712E-1,8.385701399E-1,1.683242915E2,6.416286499E1,1.148308192E1,1.733810826E2
4.442181544E1,1.039491187E-1,-5.544017482E-2,5.331590856E-1,8.377722585E-1,1.680667516E2,6.424984747E1,1.175547561E1,1.732510407E2
4.443178351E1,1.053201344E-1,-5.671476593E-2,5.314056760E-1,8.386293056E-1,1.679087776E2,6.400572858E1,1.195016088E1,1.731684991E2
4.444174903E1,1.063081703E-1,-5.784513538E-2,5.303901944E-1,8.390701728E-1,1.677949178E2,6.386499919E1,1.211308604E1,1.731249675E2
4.445171684E1,1.077756940E-1,-5.882326985E-2,5.305075568E-1,8.387406959E-1,1.676257802E2,6.387635051E1,1.229977684E1,1.730409221E2
4.446167252E1,1.086548905E-1,-5.972150815E-2,5.281241398E-1,8.400668718E-1,1.675244366E2,6.354693602E1,1.242178502E1,1.729729531E2
4.447163903E1,1.087821175E-1,-6.058988243E-2,5.260602549E-1,8.412823101E-1,1.675097705E2,6.326672348E1,1.249757480E1,1.729820597E2
4.448160497E1,1.097415318E-1,-6.142476109E-2,5.262286962E-1,8.409917682E-1,1.673991675E2,6.328749656E1,1.263936681E1,1.729396257E2
4.449157143E1,1.108775916E-1,-6.237192489E-2,5.254194259E-1,8.412789843E-1,1.672681853E2,6.317325753E1,1.279473334E1,1.728714181E2
4.450152799E1,1.113633224E-1,-6.317361126E-2,5.238707177E-1,8.421204049E-1,1.672121778E2,6.296126538E1,1.288997395E1,1.728475009E2
4.451149346E1,1.116704037E-1,-6.370986299E-2,5.230369507E-1,8.425574891E-1,1.671767680E2,6.284742416E1,1.295430759E1,1.728362150E2
4.452147314E1,1.116127072E-1,-6.379816060E-2,5.217360568E-1,8.433646218E-1,1.671834211E2,6.266985409E1,1.294848908E1,1.728271058E2
4.453144002E1,1.109261180E-1,-6.409928182E-2,5.214607817E-1,8.436025910E-1,1.672625901E2,6.263861009E1,1.293443322E1,1.729095212E2
4.454142262E1,1.102044782E-1,-6.464314414E-2,5.219931960E-1,8.433263545E-1,1.673457941E2,6.271967704E1,1.294893231E1,1.730225142E2
4.455139106E1,1.084502589E-1,-6.499796427E-2,5.208737248E-1,8.442181997E-1,1.675480250E2,6.258071844E1,1.286900133E1,1.732017743E2
4.456136643E1,1.059716662E-1,-6.490394917E-2,5.214840015E-1,8.441634436E-1,1.678336974E2,6.268135735E1,1.271514968E1,1.734529998E2
4.457133559E1,1.035315870E-1,-6.417826341E-2,5.236589467E-1,8.431747556E-1,1.681148568E2,6.299224419E1,1.251278542E1,1.736853840E2
4.458129424E1,9.964096349E-2,-6.296638381E-2,5.229366164E-1,8.441825680E-1,1.685630081E2,6.291255312E1,1.215294826E1,1.739888272E2
4.459126236E1,9.417199932E-2,-6.111624647E-2,5.241164293E-1,8.442146691E-1,1.691926696E2,6.309890801E1,1.164835978E1,1.744372948E2
4.460122846E1,8.938029693E-2,-5.896146586E-2,5.287611510E-1,8.419895209E-1,1.697440859E2,6.375208223E1,1.117530485E1,1.748441340E2
4.461119632E1,8.403261774E-2,-5.726871802E-2,5.305759407E-1,8.415152905E-1,1.703592022E2,6.402200950E1,1.069357195E1,1.752916265E2
4.462116127E1,7.720563654E-2,-5.521356173E-2,5.313680366E-1,8.418068436E-1,1.711440729E2,6.415573319E1,1.007909591E1,1.758467314E2
4.463112882E1,7.056105971E-2,-5.259636646E-2,5.347467336E-1,8.404169739E-1,1.719075735E2,6.463713378E1,9.431617135E0,1.763762416E2
4.464110268E1,6.453537094E-2,-4.969843575E-2,5.371237826E-1,8.395613697E-1,1.725996483E2,6.497446161E1,8.787877080E0,1.768111381E2
4.465107085E1,5.780753558E-2,-4.705565356E-2,5.372922706E-1,8.400958697E-1,1.733720494E2,6.501147060E1,8.116226368E0,1.773041805E2
4.466103637E1,5.079197083E-2,-4.423246681E-2,5.371670372E-1,8.407825157E-1,1.741771634E2,6.500636757E1,7.408765887E0,1.778102788E2
4.467100429E1,4.401127405E-2,-4.144271550E-2,5.370383221E-1,8.413889408E-1,1.749550499E2,6.499812108E1,6.719593536E0,1.782950312E2
4.468096476E1,3.771740035E-2,-3.858191650E-2,5.368717550E-1,8.419367863E-1,1.756768789E2,6.498098865E1,6.054008752E0,1.787274645E2
4.469093195E1,3.184809481E-2,-3.588847200E-2,5.368381123E-1,8.423197478E-1,1.763498599E2,6.498012791E1,5.431387293E0,1.791297496E2
4.470087106E1,2.653272771E-2,-3.349244818E-2,5.367267680E-1,8.426735114E-1,1.769592165E2,6.496739055E1,4.871887374E0,1.794960172E2
4.471083538E1,2.151407378E-2,-3.140415755E-2,5.365255340E-1,8.430250737E-1,1.775344785E2,6.494207421E1,4.360675120E0,1.798520037E2
4.472081955E1,1.705853499E-2,-2.933391641E-2,5.369653912E-1,8.429215245E-1,1.780451411E2,6.500197763E1,3.886031960E0,-1.798423844E2
4.473078585E1,1.347335948E-2,-2.749302535E-2,5.380211163E-1,8.423751424E-1,1.784560200E2,6.514439445E1,3.486696788E0,-1.796048177E2
4.474074471E1,1.078548859E-2,-2.547880103E-2,5.393489749E-1,8.416277011E-1,1.787640501E2,6.532137815E1,3.125408110E0,-1.794646723E2
4.475071023E1,8.794508359E-3,-2.404740434E-2,5.407828843E-1,8.407724133E-1,1.789922106E2,6.551414805E1,2.863036876E0,-1.793562963E2
4.476068700E1,7.618425497E-3,-2.374088702E-2,5.419829578E-1,8.400195256E-1,1.791269843E2,6.567831501E1,2.759499293E0,-1.792579945E2
4.477065367E1,6.893736120E-3,-2.446369671E-2,5.424802770E-1,8.396839602E-1,1.792100298E2,6.575005671E1,2.783548585E0,-1.791415222E2
4.478061341E1,6.539361729E-3,-2.547737991E-2,5.426054281E-1,8.395757794E-1,1.792506390E2,6.577184073E1,2.858925993E0,-1.790437738E2
4.479057934E1,6.296478354E-3,-2.656115155E-2,5.419474550E-1,8.399689373E-1,1.792784720E2,6.568706360E1,2.948929303E0,-1.789550990E2
4.480056247E1,6.311105248E-3,-2.741562261E-2,5.415810828E-1,8.401776505E-1,1.792767958E2,6.564090097E1,3.032588060E0,-1.789045848E2
4.481053018E1,6.867461411E-3,-2.807995903E-2,5.416220357E-1,8.401249457E-1,1.792130407E2,6.564873259E1,3.131081458E0,-1.789166658E2
4.482048684E1,7.821300220E-3,-2.834904174E-2,5.406211207E-1,8.407520223E-1,1.791037359E2,6.551193713E1,3.217459242E0,-1.789956531E2
4.483045335E1,8.239554124E-3,-2.976042366E-2,5.394546581E-1,8.414482151E-1,1.790558060E2,6.535898080E1,3.380891005E0,-1.789529022E2
4.484041768E1,9.141476862E-3,-3.146341707E-2,5.403948332E-1,8.407734005E-1,1.789524493E2,6.549420011E1,3.599810695E0,-1.789302054E2
4.485038398E1,1.019711273E-2,-3.332088706E-2,5.402998066E-1,8.407507695E-1,1.788314767E2,6.548917044E1,3.844458346E0,-1.789168956E2
4.486035570E1,1.092428412E-2,-3.460240175E-2,5.399772199E-1,8.408971018E-1,1.787481444E2,6.545086308E1,4.013518984E0,-1.789088321E2
4.487032257E1,1.199785230E-2,-3.592873833E-2,5.405530437E-1,8.404567712E-1,1.786251144E2,6.553488830E1,4.207230517E0,-1.789270230E2
4.488028809E1,1.321762986E-2,-3.759157513E-2,5.405834764E-1,8.403461625E-1,1.784853271E2,6.554635916E1,4.443175293E0,-1.789409103E2
4.489025481E1,1.433438638E-2,-3.939768648E-2,5.404973603E-1,8.403005124E-1,1.783573441E2,6.554331971E1,4.686701729E0,-1.789365083E2
4.490021929E1,1.560224749E-2,-4.089972202E-2,5.407986810E-1,8.400122435E-1,1.782120416E2,6.559119676E1,4.909831352E0,-1.789633908E2
4.491018575E1,1.688447913E-2,-4.207165243E-2,5.405059562E-1,8.401179689E-1,1.780650893E2,6.555581557E1,5.102780036E0,-1.790157172E2
4.492016356E1,1.779951729E-2,-4.350169090E-2,5.399083512E-1,8.404104666E-1,1.779602178E2,6.548155781E1,5.298169099E0,-1.790185192E2
4.493013122E1,1.843523423E-2,-4.498856477E-2,5.391001254E-1,8.408372173E-1,1.778873581E2,6.537990962E1,5.481997613E0,-1.789923990E2
4.494008361E1,1.870822021E-2,-4.614282639E-2,5.384109117E-1,8.412101594E-1,1.778560708E2,6.529339288E1,5.611177354E0,-1.789514172E2
4.495004966E1,1.900307577E-2,-4.708591098E-2,5.386399941E-1,8.410046116E-1,1.778222768E2,6.533083463E1,5.720200744E0,-1.789196097E2
4.496002127E1,1.931048788E-2,-4.795940079E-2,5.391321078E-1,8.406328397E-1,1.777870435E2,6.540379632E1,5.822921839E0,-1.788914483E2
4.496998783E1,1.930636131E-2,-4.860224476E-2,5.394783015E-1,8.403738742E-1,1.777875165E2,6.545608096E1,5.884235011E0,-1.788484792E2
4.497995554E1,1.945725549E-2,-4.925796053E-2,5.408263017E-1,8.394652940E-1,1.777702221E2,6.564516255E1,5.954962685E0,-1.788124912E2
4.498992226E1,1.975429392E-2,-5.012729683E-2,5.415149607E-1,8.389627938E-1,1.777361774E2,6.574551078E1,6.056225976E0,-1.787816972E2
4.499988330E1,1.965375071E-2,-5.104912180E-2,5.415236254E-1,8.389039757E-1,1.777477011E2,6.575451430E1,6.138751752E0,-1.787140557E2
4.500984940E1,1.953367256E-2,-5.193923495E-2,5.419479584E-1,8.385780595E-1,1.777614636E2,6.582042649E1,6.216328681E0,-1.786434008E2
4.501982809E1,1.948543017E-2,-5.266589491E-2,5.421849939E-1,8.383806140E-1,1.777669929E2,6.585922776E1,6.282893603E0,-1.785912663E2
4.502979549E1,1.930917282E-2,-5.307845613E-2,5.420283780E-1,8.384599399E-1,1.777871943E2,6.584185105E1,6.311888983E0,-1.785494843E2
4.503975903E1,1.935592632E-2,-5.332736304E-2,5.424748231E-1,8.381542858E-1,1.777818357E2,6.590506594E1,6.337989301E0,-1.785349439E2
4.504972601E1,1.972740691E-2,-5.354382216E-2,5.426168935E-1,8.380398531E-1,1.777392590E2,6.592527658E1,6.381759986E0,-1.785560504E2
4.505970268E1,2.010653381E-2,-5.384811225E-2,5.424212842E-1,8.381379711E-1,1.776958057E2,6.589992009E1,6.435043199E0,-1.785749464E2
4.506967059E1,2.055254191E-2,-5.420697590E-2,5.423059917E-1,8.381786255E-1,1.776446863E2,6.588584536E1,6.497611263E0,-1.785962567E2
4.507962632E1,2.126515692E-2,-5.463543153E-2,5.425871701E-1,8.379510281E-1,1.775630088E2,6.592590973E1,6.582863243E0,-1.786357956E2
4.508959304E1,2.224533943E-2,-5.521737081E-2,5.428409108E-1,8.377230643E-1,1.774506616E2,6.596271068E1,6.699674266E0,-1.786916202E2
4.509955111E1,2.347867718E-2,-5.596665534E-2,5.431434438E-1,8.374435412E-1,1.773092945E2,6.600687137E1,6.848381777E0,-1.787608244E2
4.510951695E1,2.497955118E-2,-5.696862849E-2,5.434865536E-1,8.371098873E-1,1.771372565E2,6.605799399E1,7.038144710E0,-1.788394100E2
4.511949726E1,2.679152526E-2,-5.814117138E-2,5.441555630E-1,8.365384280E-1,1.769295500E2,6.615443236E1,7.263468923E0,-1.789341987E2
4.512946455E1,2.883842039E-2,-5.934480414E-2,5.448936158E-1,8.359051903E-1,1.766949022E2,6.625989732E1,7.506634925E0,-1.790486669E2
4.513943414E1,3.091451209E-2,-6.042195674E-2,5.455527430E-1,8.353237006E-1,1.764568933E2,6.635323520E1,7.739814345E0,-1.791742955E2
4.514940164E1,3.312946018E-2,-6.138763331E-2,5.463999057E-1,8.346143663E-1,1.762029487E2,6.647091317E1,7.971116042E0,-1.793182380E2
4.515936424E1,3.535030821E-2,-6.234971945E-2,5.468134204E-1,8.341810064E-1,1.759483089E2,6.652866204E1,8.203068960E0,-1.794668308E2
4.516933122E1,3.723678433E-2,-6.342170438E-2,5.466480344E-1,8.341265106E-1,1.757319921E2,6.650876386E1,8.424977627E0,-1.795819051E2
4.517930012E1,3.901918072E-2,-6.466001851E-2,5.471851758E-1,8.335976061E-1,1.755275959E2,6.658795740E1,8.656037144E0,-1.796691037E2
4.518926731E1,4.085674320E-2,-6.590834259E-2,5.477399826E-1,8.330472546E-1,1.753168586E2,6.666955809E1,8.891700279E0,-1.797604851E2
4.519923169E1,4.224999467E-2,-6.706444401E-2,5.473617425E-1,8.331340956E-1,1.751570657E2,6.662303900E1,9.090793926E0,-1.798249279E2
4.520919856E1,4.307855228E-2,-6.819072913E-2,5.467564021E-1,8.333976839E-1,1.750620334E2,6.654730126E1,9.251414950E0,-1.798395295E2
4.521916466E1,4.396909437E-2,-6.930610386E-2,5.474541428E-1,8.328009031E-1,1.749598880E2,6.665170367E1,9.414666450E0,-1.798461612E2
4.522913148E1,4.507885474E-2,-7.039350360E-2,5.481299870E-1,8.322056049E-1,1.748325926E2,6.675201133E1,9.589141470E0,-1.798756594E2
4.523907695E1,4.590343397E-2,-7.147650393E-2,5.481892445E-1,8.320291679E-1,1.747380049E2,6.676824428E1,9.745297216E0,-1.798849334E2
4.524904158E1,4.665695003E-2,-7.256118684E-2,5.487869500E-1,8.314991802E-1,1.746515657E2,6.685970914E1,9.897061972E0,-1.798807207E2
4.525904205E1,4.737141990E-2,-7.337194073E-2,5.493370192E-1,8.310242754E-1,1.745696028E2,6.694186362E1,1.002009002E1,-1.798907174E2
4.526901033E1,4.770188110E-2,-7.392623366E-2,5.494597346E-1,8.308751065E-1,1.745316919E2,6.696364984E1,1.009422302E1,-1.798853313E2
4.527897315E1,4.795076266E-2,-7.431751296E-2,5.502212581E-1,8.303217441E-1,1.745031395E2,6.707283829E1,1.014744774E1,-1.798746801E2
4.528894085E1,4.823235773E-2,-7.458220421E-2,5.505937313E-1,8.300347448E-1,1.744708337E2,6.712636359E1,1.019067215E1,-1.798800833E2
4.529891268E1,4.820163305E-2,-7.475769701E-2,5.500623954E-1,8.303729587E-1,1.744743586E2,6.705461770E1,1.020562436E1,-1.798723809E2
4.530888080E1,4.789035460E-2,-7.493651668E-2,5.491646246E-1,8.309688607E-1,1.745100697E2,6.693336001E1,1.020317049E1,-1.798419899E2
4.531883653E1,4.728361479E-2,-7.506410049E-2,5.480518378E-1,8.317264115E-1,1.745796758E2,6.678318282E1,1.017721476E1,-1.797890419E2
4.532880335E1,4.667104342E-2,-7.515669026E-2,5.478728736E-1,8.318705428E-1,1.746499489E2,6.676239250E1,1.014738481E1,-1.797261914E2
4.533877080E1,4.631650563E-2,-7.500243274E-2,5.479535944E-1,8.318511133E-1,1.746906200E2,6.677352267E1,1.011010209E1,-1.797009213E2
4.534873768E1,4.581566827E-2,-7.478427468E-2,5.475301849E-1,8.321772248E-1,1.747480727E2,6.671463396E1,1.005761958E1,-1.796718191E2
4.535870320E1,4.562043567E-2,-7.475652950E-2,5.481799506E-1,8.317625736E-1,1.747704681E2,6.680544363E1,1.004233460E1,-1.796468407E2
4.536866997E1,4.556500556E-2,-7.461596728E-2,5.474515400E-1,8.322578321E-1,1.747768265E2,6.670297584E1,1.002563111E1,-1.796594114E2
4.537865320E1,4.473841066E-2,-7.436441776E-2,5.447893949E-1,8.340700949E-1,1.748716440E2,6.633510206E1,9.950441663E0,-1.796279397E2
4.538862158E1,4.376859575E-2,-7.421189070E-2,5.431034587E-1,8.352338226E-1,1.749828856E2,6.610482637E1,9.875643505E0,-1.795640791E2
4.539856164E1,4.328063106E-2,-7.403709052E-2,5.421281141E-1,8.359081314E-1,1.750388553E2,6.597042971E1,9.828736506E0,-1.795395741E2
4.540852716E1,4.268212580E-2,-7.391254409E-2,5.402395824E-1,8.371716464E-1,1.751075024E2,6.571130336E1,9.780383935E0,-1.795118188E2
4.541850861E1,4.205259469E-2,-7.388253239E-2,5.392117091E-1,8.378685359E-1,1.751797062E2,6.557235237E1,9.738878725E0,-1.794647240E2
4.542847575E1,4.182976936E-2,-7.395262531E-2,5.387546853E-1,8.381674467E-1,1.752052626E2,6.551128021E1,9.732084919E0,-1.794440165E2
4.543844992E1,4.154171980E-2,-7.395851119E-2,5.375528912E-1,8.389525096E-1,1.752382993E2,6.534732792E1,9.715562109E0,-1.794297308E2
4.544841773E1,4.120996289E-2,-7.395255762E-2,5.368142319E-1,8.394422187E-1,1.752763485E2,6.524728671E1,9.694920204E0,-1.794064770E2
4.545837330E1,4.123116799E-2,-7.396354755E-2,5.365192859E-1,8.396287514E-1,1.752739165E2,6.520675832E1,9.697506150E0,-1.794112864E2
4.546833986E1,4.118901154E-2,-7.412765359E-2,5.354387613E-1,8.403058308E-1,1.752787513E2,6.506034347E1,9.711556162E0,-1.794094646E2
4.547831028E1,4.116483580E-2,-7.456029706E-2,5.347290945E-1,8.407205325E-1,1.752815240E2,6.496790539E1,9.752517986E0,-1.793882313E2
4.548827721E1,4.147804899E-2,-7.515320062E-2,5.342722619E-1,8.409427555E-1,1.752456018E2,6.491038212E1,9.829696876E0,-1.793869065E2
4.549825585E1,4.180629882E-2,-7.574219814E-2,5.331606782E-1,8.415788995E-1,1.752079545E2,6.476293151E1,9.907905482E0,-1.793951535E2
4.550822398E1,4.219868468E-2,-7.641534790E-2,5.321919480E-1,8.421114511E-1,1.751629506E2,6.463581818E1,9.998132540E0,-1.794028788E2
4.551818091E1,4.288325854E-2,-7.725528164E-2,5.315312993E-1,8.424174295E-1,1.750844332E2,6.455144165E1,1.012230524E1,-1.794251909E2
4.552814788E1,4.369616836E-2,-7.820721318E-2,5.306387802E-1,8.428503791E-1,1.749911931E2,6.443596253E1,1.026538203E1,-1.794560916E2
4.553811028E1,4.469642660E-2,-7.923427806E-2,5.301270684E-1,8.430239913E-1,1.748764599E2,6.437260615E1,1.042698506E1,-1.794961710E2
4.554807679E1,4.597467041E-2,-8.016649725E-2,5.297941674E-1,8.430763919E-1,1.747298332E2,6.433111809E1,1.059625989E1,-1.795673012E2
4.555804377E1,4.729039881E-2,-8.100869498E-2,5.291496094E-1,8.433278724E-1,1.745788976E2,6.424555703E1,1.075916425E1,-1.796518904E2
4.556801028E1,4.865610388E-2,-8.178325267E-2,5.286753153E-1,8.434728769E-1,1.744222189E2,6.418215720E1,1.091838208E1,-1.797436372E2
4.557798268E1,5.022225164E-2,-8.266879767E-2,5.283801229E-1,8.434797218E-1,1.742425318E2,6.414340988E1,1.110057345E1,-1.798459603E2
4.558794981E1,5.178788577E-2,-8.367968937E-2,5.278724017E-1,8.436032551E-1,1.740628895E2,6.407693387E1,1.129494971E1,-1.799434692E2
4.559789507E1,5.333755716E-2,-8.475934729E-2,5.276829606E-1,8.435174279E-1,1.738850644E2,6.405497136E1,1.149501136E1,1.799690005E2
4.560785997E1,5.493790591E-2,-8.580459149E-2,5.276001734E-1,8.433608099E-1,1.737014086E2,6.404684785E1,1.169483123E1,1.798757286E2
4.561785622E1,5.637621924E-2,-8.675709120E-2,5.272487802E-1,8.433881982E-1,1.735363342E2,6.400160336E1,1.187565508E1,1.797887002E2
4.562782429E1,5.766375475E-2,-8.764670389E-2,5.270511918E-1,8.433326674E-1,1.733885530E2,6.397757033E1,1.204115075E1,1.797146408E2
4.563778627E1,5.884757019E-2,-8.855213642E-2,5.269477436E-1,8.432209427E-1,1.732526670E2,6.396729789E1,1.220190070E1,1.796530661E2
4.564775372E1,5.978939794E-2,-8.937588394E-2,5.268183241E-1,8.431486421E-1,1.731445511E2,6.395396367E1,1.233989269E1,1.796097937E2
4.565769695E1,6.059055295E-2,-9.007270553E-2,5.269597791E-1,8.429288724E-1,1.730525787E2,6.397717713E1,1.245702851E1,1.795764840E2
4.566766195E1,6.131805036E-2,-9.069192341E-2,5.271308451E-1,8.427028799E-1,1.729690584E2,6.400396999E1,1.256211861E1,1.795460734E2
4.567765658E1,6.194955781E-2,-9.119441711E-2,5.272040748E-1,8.425566414E-1,1.728965551E2,6.401642536E1,1.264989641E1,1.795163735E2
4.568762455E1,6.253682472E-2,-9.160022288E-2,5.273992954E-1,8.423470353E-1,1.728291285E2,6.404471391E1,1.272560303E1,1.794868742E2
4.569759872E1,6.313669511E-2,-9.183383164E-2,5.276301019E-1,8.421322821E-1,1.727602523E2,6.407555549E1,1.278528869E1,1.794459373E2
4.570756731E1,6.365018658E-2,-9.227582913E-2,5.277397792E-1,8.419765736E-1,1.727012920E2,6.409304881E1,1.286000551E1,1.794247104E2
4.571751419E1,6.408037157E-2,-9.287174708E-2,5.279485582E-1,8.417475064E-1,1.726518955E2,6.412684569E1,1.294475190E1,1.794229106E2
4.572748059E1,6.435343781E-2,-9.337141546E-2,5.280512951E-1,8.416069412E-1,1.726205397E2,6.414585105E1,1.301039897E1,1.794289431E2
4.573743762E1,6.446596293E-2,-9.371013958E-2,5.280783547E-1,8.415437010E-1,1.726076185E2,6.415338027E1,1.305042628E1,1.794395291E2
4.574740304E1,6.447827473E-2,-9.389809456E-2,5.281304454E-1,8.414891162E-1,1.726062047E2,6.416302737E1,1.306958975E1,1.794509329E2
4.575738611E1,6.439530551E-2,-9.401274939E-2,5.281011206E-1,8.415010719E-1,1.726157321E2,6.416110848E1,1.307569503E1,1.794658421E2
4.576735330E1,6.425767088E-2,-9.413526842E-2,5.280610814E-1,8.415230224E-1,1.726315366E2,6.415819825E1,1.307921353E1,1.794864633E2
4.577730549E1,6.407030219E-2,-9.422697358E-2,5.280519139E-1,8.415327979E-1,1.726530518E2,6.415947433E1,1.307669170E1,1.795105403E2
4.578727117E1,6.384655901E-2,-9.431143980E-2,5.280051907E-1,8.415696571E-1,1.726787435E2,6.415572252E1,1.307121271E1,1.795371539E2
4.579725794E1,6.348508026E-2,-9.438274288E-2,5.278315165E-1,8.416979462E-1,1.727202501E2,6.413522743E1,1.305594667E1,1.795745110E2
4.580722575E1,6.298107068E-2,-9.435192343E-2,5.276267101E-1,8.418676583E-1,1.727781211E2,6.411002408E1,1.302196983E1,1.796190228E2
4.581720184E1,6.234101790E-2,-9.419621236E-2,5.274060197E-1,8.420709955E-1,1.728516102E2,6.408185291E1,1.296747228E1,1.796688738E2
4.582717049E1,6.157511122E-2,-9.399427863E-2,5.272239393E-1,8.422639130E-1,1.729395456E2,6.405922467E1,1.290079982E1,1.797288539E2
4.583714184E1,6.067642089E-2,-9.374274755E-2,5.270717184E-1,8.424524158E-1,1.730427209E2,6.404091770E1,1.282119776E1,1.797992906E2
4.584711070E1,5.968014984E-2,-9.341751399E-2,5.269311614E-1,8.426476126E-1,1.731570924E2,6.402384072E1,1.272846036E1,1.798749162E2
4.585705315E1,5.855798851E-2,-9.309598944E-2,5.267705327E-1,8.428623284E-1,1.732859079E2,6.400485787E1,1.262842935E1,1.799628798E2
4.586701934E1,5.730923732E-2,-9.277628307E-2,5.266113826E-1,8.430828336E-1,1.734292450E2,6.398689676E1,1.252089119E1,-1.799365411E2
4.587700132E1,5.600967969E-2,-9.240431340E-2,5.264827891E-1,8.432913088E-1,1.735784030E2,6.397269965E1,1.240518869E1,-1.798337648E2
4.588696914E1,5.471762122E-2,-9.202265034E-2,5.263870177E-1,8.434776353E-1,1.737266894E2,6.396276522E1,1.228903418E1,-1.797318481E2
4.589694127E1,5.343572596E-2,-9.165517463E-2,5.262755660E-1,8.436693552E-1,1.738737991E2,6.395073336E1,1.217493317E1,-1.796302837E2
4.590690950E1,5.222506549E-2,-9.133520881E-2,5.262107365E-1,8.438202907E-1,1.740127245E2,6.394522850E1,1.206983695E1,-1.795320872E2
4.591686315E1,5.109375292E-2,-9.104295895E-2,5.262241565E-1,8.439127592E-1,1.741425368E2,6.395027664E1,1.197226418E1,-1.794388534E2
4.592682992E1,5.003049423E-2,-9.078941374E-2,5.261452614E-1,8.440529580E-1,1.742645333E2,6.394269140E1,1.188270224E1,-1.793512433E2
4.593677450E1,4.899025960E-2,-9.054739521E-2,5.260222392E-1,8.442166354E-1,1.743838818E2,6.392901750E1,1.179573387E1,-1.792658093E2
4.594673898E1,4.802283050E-2,-9.026305729E-2,5.259969200E-1,8.443184402E-1,1.744948716E2,6.392767553E1,1.170900822E1,-1.791887984E2
4.595671966E1,4.717795259E-2,-8.988692626E-2,5.259920101E-1,8.444092530E-1,1.745917974E2,6.392708869E1,1.162077866E1,-1.791292943E2
4.596668575E1,4.643400139E-2,-8.952119749E-2,5.260221536E-1,8.444705635E-1,1.746771414E2,6.393080362E1,1.153968754E1,-1.790785853E2
4.597664528E1,4.577583872E-2,-8.910703906E-2,5.260304235E-1,8.445451449E-1,1.747526416E2,6.393032366E1,1.145912499E1,-1.790396436E2
4.598661070E1,4.516226337E-2,-8.861129269E-2,5.260042462E-1,8.446466372E-1,1.748230250E2,6.392374696E1,1.137336053E1,-1.790106481E2
4.599659658E1,4.454484580E-2,-8.803322692E-2,5.259935024E-1,8.447465555E-1,1.748938471E2,6.391820958E1,1.127931621E1,-1.789861933E2
4.600656408E1,4.388530242E-2,-8.744808351E-2,5.259527131E-1,8.448672419E-1,1.749694992E2,6.390872598E1,1.118206217E1,-1.789584376E2
4.601651794E1,4.320524147E-2,-8.681555170E-2,5.259251646E-1,8.449846675E-1,1.750475024E2,6.390056155E1,1.107892857E1,-1.789314298E2
4.602648408E1,4.254155439E-2,-8.624020728E-2,5.259101843E-1,8.450865760E-1,1.751236253E2,6.389479055E1,1.098237106E1,-1.789022909E2
4.603644143E1,4.185921370E-2,-8.566389130E-2,5.258821016E-1,8.451967340E-1,1.752018855E2,6.388733020E1,1.088461168E1,-1.788715452E2
4.604640664E1,4.127242203E-2,-8.513241584E-2,5.260048568E-1,8.452029044E-1,1.752691851E2,6.390054842E1,1.079685052E1,-1.788454299E2
4.605639637E1,4.072755355E-2,-8.470359180E-2,5.260939045E-1,8.452169968E-1,1.753316750E2,6.391025098E1,1.072170659E1,-1.788174961E2
4.606636408E1,4.016909559E-2,-8.441793061E-2,5.261277897E-1,8.452512086E-1,1.753957219E2,6.391433138E1,1.065978391E1,-1.787800405E2
4.607633377E1,3.963585750E-2,-8.427309350E-2,5.262290185E-1,8.452278182E-1,1.754568752E2,6.392928502E1,1.061303707E1,-1.787354508E2
4.608630169E1,3.911254827E-2,-8.432558585E-2,5.262932104E-1,8.452069929E-1,1.755168886E2,6.394165904E1,1.058619341E1,-1.786800381E2
4.609625789E1,3.860719665E-2,-8.438073136E-2,5.263091326E-1,8.452148091E-1,1.755748414E2,6.394736112E1,1.056077169E1,-1.786268398E2
4.610622460E1,3.815792522E-2,-8.445276687E-2,5.263930987E-1,8.451757265E-1,1.756263621E2,6.396227042E1,1.054029558E1,-1.785772362E2
4.611620997E1,3.786036206E-2,-8.458523535E-2,5.265248735E-1,8.450937750E-1,1.756604849E2,6.398366578E1,1.053486180E1,-1.785381475E2
4.612617856E1,3.768099520E-2,-8.479161848E-2,5.266285145E-1,8.450165275E-1,1.756810536E2,6.400153692E1,1.054387492E1,-1.785063962E2
4.613613309E1,3.757765596E-2,-8.506171073E-2,5.267008518E-1,8.449488966E-1,1.756929038E2,6.401555880E1,1.056378122E1,-1.784785170E2
4.614610023E1,3.752326001E-2,-8.531035451E-2,5.267496442E-1,8.448958283E-1,1.756991415E2,6.402582197E1,1.058461767E1,-1.784570639E2
4.615605398E1,3.753702560E-2,-8.549735996E-2,5.268536214E-1,8.448114788E-1,1.756975629E2,6.404244943E1,1.060349671E1,-1.784454310E2
4.616601981E1,3.762115419E-2,-8.563356652E-2,5.269175305E-1,8.447540808E-1,1.756879157E2,6.405253585E1,1.062178686E1,-1.784443676E2
4.617601934E1,3.769405095E-2,-8.574370178E-2,5.269430049E-1,8.447237689E-1,1.756795564E2,6.405708206E1,1.063692157E1,-1.784443162E2
4.618598856E1,3.771599887E-2,-8.584001325E-2,5.270321326E-1,8.446574020E-1,1.756770396E2,6.407043907E1,1.064748369E1,-1.784393208E2
4.619594070E1,3.781718514E-2,-8.587915077E-2,5.271583829E-1,8.445701104E-1,1.756654362E2,6.408767303E1,1.065723900E1,-1.784451844E2
4.620590820E1,3.791707226E-2,-8.590128867E-2,5.272500728E-1,8.445061426E-1,1.756539818E2,6.409995931E1,1.066532377E1,-1.784524208E2
4.621587945E1,3.791331050E-2,-8.593997550E-2,5.273053711E-1,8.444678485E-1,1.756544131E2,6.410806547E1,1.066876290E1,-1.784489296E2
4.622584731E1,3.795060401E-2,-8.586677975E-2,5.273864276E-1,8.444230005E-1,1.756501365E2,6.411797346E1,1.066375802E1,-1.784561206E2
4.623580059E1,3.795155368E-2,-8.584917545E-2,5.273120005E-1,8.444712267E-1,1.756500276E2,6.410754649E1,1.066223643E1,-1.784582636E2
4.624576695E1,3.788925419E-2,-8.590302092E-2,5.272827100E-1,8.444868378E-1,1.756571718E2,6.410460438E1,1.066373491E1,-1.784491696E2
4.625570940E1,3.781845205E-2,-8.603550573E-2,5.272515078E-1,8.444960059E-1,1.756652909E2,6.410250117E1,1.067238222E1,-1.784343554E2
4.626567330E1,3.771312533E-2,-8.608748863E-2,5.271439072E-1,8.445625883E-1,1.756773691E2,6.408905999E1,1.067122076E1,-1.784221617E2
4.627568023E1,3.766791731E-2,-8.615455906E-2,5.271731394E-1,8.445395201E-1,1.756825532E2,6.409421224E1,1.067494382E1,-1.784131689E2
4.628564851E1,3.766931634E-2,-8.625193238E-2,5.271321203E-1,8.445551222E-1,1.756823928E2,6.408989789E1,1.068459618E1,-1.784077492E2
4.629561101E1,3.772086791E-2,-8.632129487E-2,5.270623667E-1,8.445892681E-1,1.756764812E2,6.408099542E1,1.069463340E1,-1.784093629E2
4.630557867E1,3.785748500E-2,-8.641291751E-2,5.270591961E-1,8.445757647E-1,1.756608149E2,6.408102763E1,1.071190517E1,-1.784170724E2
4.631555018E1,3.798053742E-2,-8.662750347E-2,5.270286948E-1,8.445672912E-1,1.756467040E2,6.407905158E1,1.074038576E1,-1.784161238E2
4.632551820E1,3.806225606E-2,-8.686889028E-2,5.268172782E-1,8.446707145E-1,1.756373329E2,6.405291524E1,1.076929773E1,-1.784117829E2
4.633545872E1,3.807169267E-2,-8.702091940E-2,5.265926371E-1,8.447947090E-1,1.756362508E2,6.402417698E1,1.078511809E1,-1.784061153E2
4.634542393E1,3.777635559E-2,-8.729794002E-2,5.263759531E-1,8.449144173E-1,1.756701183E2,6.399995867E1,1.079454000E1,-1.783626594E2
4.635540247E1,3.792231799E-2,-8.685843192E-2,5.270111706E-1,8.445571245E-1,1.756533802E2,6.408009952E1,1.075937493E1,-1.783962177E2
4.636536903E1,3.813361054E-2,-8.675015503E-2,5.268778099E-1,8.446419430E-1,1.756291504E2,6.405919337E1,1.076196207E1,-1.784254127E2
4.637535200E1,3.804597965E-2,-8.645756734E-2,5.265694052E-1,8.448681873E-1,1.756391994E2,6.401354801E1,1.072866513E1,-1.784390521E2
4.638532023E1,3.828282708E-2,-8.621679662E-2,5.269261501E-1,8.446596483E-1,1.756120389E2,6.405780102E1,1.071898202E1,-1.784727198E2
4.639529986E1,3.847504696E-2,-8.586504487E-2,5.266858597E-1,8.448365937E-1,1.755899959E2,6.401914885E1,1.069683818E1,-1.785165956E2
4.640526924E1,3.867594770E-2,-8.551431893E-2,5.267183854E-1,8.448427160E-1,1.755669572E2,6.401781987E1,1.067483164E1,-1.785577521E2
4.641525262E1,3.886635683E-2,-8.506979619E-2,5.267208632E-1,8.448773096E-1,1.755451215E2,6.401123411E1,1.064308976E1,-1.786041053E2
4.642522341E1,3.905625146E-2,-8.468300215E-2,5.266811510E-1,8.449321650E-1,1.755233447E2,6.399967750E1,1.061701063E1,-1.786473365E2
4.643520960E1,3.913088744E-2,-8.436876135E-2,5.266204673E-1,8.449979699E-1,1.755147855E2,6.398687013E1,1.059100976E1,-1.786750018E2
4.644518195E1,3.926301284E-2,-8.401643065E-2,5.268332436E-1,8.448943062E-1,1.754996334E2,6.401067381E1,1.056437364E1,-1.787072096E2
4.645511992E1,3.928046942E-2,-8.368435266E-2,5.266692655E-1,8.450286732E-1,1.754976314E2,6.398386985E1,1.053330174E1,-1.787316714E2
4.646508877E1,3.918982342E-2,-8.326138263E-2,5.266601008E-1,8.450803737E-1,1.755080267E2,6.397769462E1,1.048654119E1,-1.787492266E2
4.647502992E1,3.917279455E-2,-8.282852449E-2,5.267885459E-1,8.450436413E-1,1.755099796E2,6.398983399E1,1.044310128E1,-1.787728865E2
4.648499596E1,3.914927744E-2,-8.235601764E-2,5.267903262E-1,8.450898016E-1,1.755126765E2,6.398422198E1,1.039558664E1,-1.787999570E2
4.649494648E1,3.914757111E-2,-8.189911228E-2,5.268211879E-1,8.451150449E-1,1.755128722E2,6.398270260E1,1.035088152E1,-1.788278247E2
4.650491096E1,3.915724080E-2,-8.138293827E-2,5.268689078E-1,8.451347123E-1,1.755117633E2,6.398272579E1,1.030106816E1,-1.788602777E2
4.651488351E1,3.919880046E-2,-8.091563187E-2,5.269039062E-1,8.451558367E-1,1.755069972E2,6.398149065E1,1.025798239E1,-1.788929681E2
4.652484882E1,3.924590539E-2,-8.036735724E-2,5.269856503E-1,8.451549983E-1,1.755015952E2,6.398566267E1,1.020728085E1,-1.789306548E2
4.653482091E1,3.934154210E-2,-7.980007305E-2,5.270960395E-1,8.451354664E-1,1.754906276E2,6.399331548E1,1.015765344E1,-1.789739258E2
4.654478684E1,3.939728014E-2,-7.924451616E-2,5.270838726E-1,8.451927308E-1,1.754842355E2,6.398463616E1,1.010689032E1,-1.790140372E2
4.655473127E1,3.943586697E-2,-7.875549033E-2,5.271572945E-1,8.451908494E-1,1.754798104E2,6.398859605E1,1.006147099E1,-1.790472932E2
4.656469507E1,3.945020996E-2,-7.832634146E-2,5.272147447E-1,8.451942251E-1,1.754781655E2,6.399125609E1,1.002043509E1,-1.790746457E2
4.657467216E1,3.943188017E-2,-7.774138997E-2,5.272966582E-1,8.451979871E-1,1.754802676E2,6.399562573E1,9.962194275E0,-1.791081700E2
4.658463726E1,3.939364777E-2,-7.706089626E-2,5.273155502E-1,8.452502998E-1,1.754846521E2,6.399043561E1,9.893495078E0,-1.791464118E2
4.659461252E1,3.941449770E-2,-7.639010054E-2,5.274160233E-1,8.452475308E-1,1.754822610E2,6.399627621E1,9.829263178E0,-1.791888642E2
4.660457861E1,3.947302493E-2,-7.582746036E-2,5.274682386E-1,8.452628785E-1,1.754755491E2,6.399664920E1,9.777923925E0,-1.792288618E2
4.661453325E1,3.954182084E-2,-7.529164589E-2,5.274650021E-1,8.453095788E-1,1.754676595E2,6.398976154E1,9.729876912E0,-1.792688393E2
4.662449820E1,3.967086181E-2,-7.474801956E-2,5.275420996E-1,8.453036670E-1,1.754528609E2,6.399350528E1,9.684670570E0,-1.793142581E2
4.663447893E1,3.983181859E-2,-7.416343456E-2,5.275887868E-1,8.453184508E-1,1.754344020E2,6.399253997E1,9.637444038E0,-1.793656831E2
4.664444544E1,4.001856767E-2,-7.360659084E-2,5.276109530E-1,8.453444660E-1,1.754129850E2,6.398847260E1,9.594512819E0,-1.794181871E2
4.665441294E1,4.020831150E-2,-7.309424279E-2,5.276236899E-1,8.453719686E-1,1.753912245E2,6.398365312E1,9.556107847E0,-1.794683269E2
4.666437950E1,4.043625572E-2,-7.263311351E-2,5.276647633E-1,8.453752052E-1,1.753650827E2,6.398312006E1,9.525005965E0,-1.795187063E2
4.667433262E1,4.066389031E-2,-7.223449193E-2,5.276211982E-1,8.454256309E-1,1.753389763E2,6.397175288E1,9.500025388E0,-1.795661433E2
4.668429789E1,4.090129232E-2,-7.191236370E-2,5.276165416E-1,8.454445465E-1,1.753117494E2,6.396649794E1,9.483073569E0,-1.796093585E2
4.669426966E1,4.114562395E-2,-7.165307956E-2,5.276435581E-1,8.454378448E-1,1.752837274E2,6.396622062E1,9.472656453E0,-1.796490057E2
4.670423554E1,4.140619763E-2,-7.140064601E-2,5.276414170E-1,8.454478161E-1,1.752538424E2,6.396197215E1,9.463908121E0,-1.796901474E2
4.671421867E1,4.164968783E-2,-7.121168763E-2,5.275904630E-1,8.454835909E-1,1.752259164E2,6.395182741E1,9.460323797E0,-1.797262431E2
4.672418632E1,4.192862063E-2,-7.105274891E-2,5.277070628E-1,8.454104054E-1,1.751939251E2,6.396469572E1,9.461772580E0,-1.797620621E2
4.673413216E1,4.229746708E-2,-7.096426714E-2,5.278552783E-1,8.453069279E-1,1.751516209E2,6.398217421E1,9.475570074E0,-1.798019740E2
4.674409757E1,4.258864245E-2,-7.088060958E-2,5.277101004E-1,8.453899672E-1,1.751182246E2,6.396004326E1,9.485176288E0,-1.798373011E2
4.675408960E1,4.291626945E-2,-7.091147565E-2,5.278704101E-1,8.452707179E-1,1.750806469E2,6.398061533E1,9.508112102E0,-1.798656632E2
4.676405773E1,4.321392234E-2,-7.093065517E-2,5.278243832E-1,8.452826862E-1,1.750465067E2,6.397304653E1,9.528119510E0,-1.798941527E2
4.677402486E1,4.357124529E-2,-7.099609410E-2,5.278974402E-1,8.452132239E-1,1.750055219E2,6.398191134E1,9.556259475E0,-1.799242740E2
4.678399283E1,4.389866517E-2,-7.109689978E-2,5.278854181E-1,8.451953167E-1,1.749679664E2,6.397967119E1,9.586037562E0,-1.799502521E2
4.679393580E1,4.425388688E-2,-7.123729326E-2,5.279073182E-1,8.451512911E-1,1.749272214E2,6.398232756E1,9.621369617E0,-1.799761203E2
4.680390127E1,4.458498841E-2,-7.133795100E-2,5.277940025E-1,8.451961704E-1,1.748892425E2,6.396622401E1,9.651358687E0,1.799963596E2
4.681388809E1,4.488367322E-2,-7.139947510E-2,5.277208052E-1,8.452208721E-1,1.748549814E2,6.395535201E1,9.675551019E0,1.799700519E2
4.682385570E1,4.514191908E-2,-7.148922610E-2,5.276383801E-1,8.452509909E-1,1.748253586E2,6.394371286E1,9.700030048E0,1.799493376E2
4.683382252E1,4.538440706E-2,-7.150084833E-2,5.275308169E-1,8.453041592E-1,1.747975430E2,6.392790964E1,9.715921077E0,1.799250446E2
4.684379002E1,4.557078385E-2,-7.154843713E-2,5.272099510E-1,8.454902675E-1,1.747761637E2,6.388363953E1,9.731876876E0,1.799059876E2
4.685373830E1,4.557769952E-2,-7.161997569E-2,5.270230602E-1,8.456003467E-1,1.747753704E2,6.385882965E1,9.739259413E0,1.799075513E2
4.686370382E1,4.561812275E-2,-7.166237044E-2,5.270785678E-1,8.455599771E-1,1.747707334E2,6.386663787E1,9.745862545E0,1.799068496E2
4.687368940E1,4.563842062E-2,-7.169933567E-2,5.269676318E-1,8.456248901E-1,1.747684050E2,6.385177216E1,9.750693134E0,1.799058487E2
4.688365695E1,4.559668400E-2,-7.175874835E-2,5.268429333E-1,8.456997979E-1,1.747731927E2,6.383557976E1,9.753941353E0,1.799121542E2
4.689360716E1,4.555251973E-2,-7.180569459E-2,5.268276023E-1,8.457077436E-1,1.747782588E2,6.383420005E1,9.755837408E0,1.799192022E2
4.690357299E1,4.548417863E-2,-7.184497923E-2,5.267337746E-1,8.457665276E-1,1.747860982E2,6.382215194E1,9.755508938E0,1.799272342E2
4.691355429E1,4.538441944E-2,-7.187616599E-2,5.267269638E-1,8.457734785E-1,1.747975416E2,6.382205832E1,9.752488261E0,1.799388615E2
4.692352164E1,4.530461556E-2,-7.188549008E-2,5.267764543E-1,8.457461412E-1,1.748066959E2,6.382931949E1,9.748549949E0,1.799478387E2
4.693350726E1,4.518917478E-2,-7.187597912E-2,5.267087990E-1,8.457952608E-1,1.748199380E2,6.382057960E1,9.740599224E0,1.799577856E2
4.694347648E1,4.504545813E-2,-7.184529800E-2,5.266364422E-1,8.458505882E-1,1.748364235E2,6.381112349E1,9.728864404E0,1.799691465E2
4.695344403E1,4.488294484E-2,-7.176608717E-2,5.266120051E-1,8.458811654E-1,1.748550650E2,6.380779877E1,9.711252286E0,1.799799160E2
4.696341309E1,4.472980629E-2,-7.163857497E-2,5.266036915E-1,8.459052613E-1,1.748726310E2,6.380612475E1,9.689495353E0,1.799869753E2
4.697334294E1,4.455403509E-2,-7.150973257E-2,5.265491330E-1,8.459594001E-1,1.748927930E2,6.379824314E1,9.666233431E0,1.799956389E2
4.698330799E1,4.435526300E-2,-7.140888877E-2,5.265238449E-1,8.459941028E-1,1.749155932E2,6.379476164E1,9.644308994E0,-1.799913764E2
4.699331309E1,4.407769379E-2,-7.126173490E-2,5.264432051E-1,8.460711990E-1,1.749474314E2,6.378364994E1,9.613078448E0,-1.799741532E2
4.700328221E1,4.376539358E-2,-7.105422751E-2,5.262725794E-1,8.462110016E-1,1.749832529E2,6.375981932E1,9.573854298E0,-1.799582650E2
4.701324955E1,4.342976073E-2,-7.081155876E-2,5.260641980E-1,8.463781889E-1,1.750217502E2,6.373060302E1,9.529790910E0,-1.799426666E2
4.702321846E1,4.317794148E-2,-7.054350956E-2,5.259560513E-1,8.464806617E-1,1.750506337E2,6.371437922E1,9.488336777E0,-1.799356946E2
4.703314783E1,4.291496838E-2,-7.028937857E-2,5.258083571E-1,8.466069220E-1,1.750807961E2,6.369297122E1,9.447572116E0,-1.799272057E2
4.704311278E1,4.259857268E-2,-7.012623595E-2,5.256033954E-1,8.467636881E-1,1.751170856E2,6.366495864E1,9.412465979E0,-1.799085086E2
4.705311252E1,4.210806950E-2,-6.996570247E-2,5.252151856E-1,8.470423365E-1,1.751733436E2,6.361288122E1,9.367099233E0,-1.798745996E2
4.706308096E1,4.204636961E-2,-6.952800302E-2,5.254167374E-1,8.469564402E-1,1.751804202E2,6.363621232E1,9.320570385E0,-1.798931962E2
4.707305075E1,4.169933978E-2,-6.921336051E-2,5.251070340E-1,8.471914062E-1,1.752202218E2,6.359258189E1,9.268843518E0,-1.798819069E2
4.708301934E1,4.126291409E-2,-6.897515694E-2,5.247950776E-1,8.474254694E-1,1.752702755E2,6.354986788E1,9.219187616E0,-1.798571406E2
4.709295856E1,4.110860631E-2,-6.856797541E-2,5.248714429E-1,8.474187180E-1,1.752879729E2,6.355695632E1,9.170042727E0,-1.798661457E2
4.710292419E1,4.085099853E-2,-6.821292399E-2,5.246570531E-1,8.475925728E-1,1.753175174E2,6.352551484E1,9.119787291E0,-1.798649786E2
4.711289924E1,4.054684773E-2,-6.784329594E-2,5.243900460E-1,8.478020524E-1,1.753523994E2,6.348701995E1,9.065303839E0,-1.798606754E2
4.712286575E1,4.042364282E-2,-6.761184276E-2,5.244101366E-1,8.478139987E-1,1.753665293E2,6.348807684E1,9.035225644E0,-1.798625486E2
4.713283070E1,4.009028238E-2,-6.743209563E-2,5.240497856E-1,8.480669219E-1,1.754047605E2,6.343891533E1,8.997563721E0,-1.798447043E2
4.714279705E1,3.972753386E-2,-6.732080283E-2,5.237356882E-1,8.482868392E-1,1.754463616E2,6.339686452E1,8.964829771E0,-1.798192625E2
4.715275096E1,3.940382951E-2,-6.721757747E-2,5.235759673E-1,8.484087117E-1,1.754834845E2,6.337569420E1,8.935225338E0,-1.797954980E2
4.716271611E1,3.906101965E-2,-6.701514959E-2,5.234256437E-1,8.485333240E-1,1.755227978E2,6.335492739E1,8.894772901E0,-1.797758127E2
4.717269726E1,3.861557540E-2,-6.680927863E-2,5.231920916E-1,8.487139641E-1,1.755738805E2,6.332330845E1,8.847825112E0,-1.797471222E2
4.718266403E1,3.819063369E-2,-6.656916094E-2,5.230586830E-1,8.488342809E-1,1.756226112E2,6.330486503E1,8.798748862E0,-1.797214654E2
4.719263632E1,3.775134679E-2,-6.636560573E-2,5.229154232E-1,8.489581276E-1,1.756729861E2,6.328550325E1,8.752398683E0,-1.796922561E2
4.720260361E1,3.722901021E-2,-6.622508651E-2,5.226934080E-1,8.491288712E-1,1.757328836E2,6.325644253E1,8.707254805E0,-1.796518452E2
4.721255512E1,3.673952926E-2,-6.606526598E-2,5.225589217E-1,8.492454068E-1,1.757890124E2,6.323891968E1,8.662184992E0,-1.796149181E2
4.722252080E1,3.620286188E-2,-6.597113903E-2,5.223688978E-1,8.493926631E-1,1.758505509E2,6.321470570E1,8.620743251E0,-1.795699076E2
4.723249544E1,3.565312521E-2,-6.586432868E-2,5.221984606E-1,8.495289946E-1,1.759135867E2,6.319308126E1,8.577284440E0,-1.795241727E2
4.724246200E1,3.511457260E-2,-6.565339335E-2,5.220354554E-1,8.496679245E-1,1.759753390E2,6.317140301E1,8.524324011E0,-1.794857929E2
4.725243507E1,3.454859535E-2,-6.548465613E-2,5.218728309E-1,8.498040379E-1,1.760402346E2,6.315030099E1,8.473861096E0,-1.794421282E2
4.726240231E1,3.401058838E-2,-6.536962936E-2,5.218103095E-1,8.498729860E-1,1.761019219E2,6.314315171E1,8.430285276E0,-1.793969244E2
4.727235971E1,3.349172316E-2,-6.524563846E-2,5.217573332E-1,8.499356425E-1,1.761614134E2,6.313711214E1,8.386984107E0,-1.793540492E2
4.728232596E1,3.305230257E-2,-6.505430662E-2,5.218049966E-1,8.499382495E-1,1.762117952E2,6.314369798E1,8.341796035E0,-1.793220795E2
4.729229304E1,3.251270073E-2,-6.478902031E-2,5.216179609E-1,8.500941183E-1,1.762736622E2,6.311820243E1,8.283541426E0,-1.792870886E2
4.730225934E1,3.196521529E-2,-6.460757466E-2,5.215438006E-1,8.501741883E-1,1.763364321E2,6.310883479E1,8.232937721E0,-1.792450982E2
4.731224195E1,3.218585073E-2,-6.432529008E-2,5.226912307E-1,8.494823161E-1,1.763111361E2,6.326067877E1,8.217597237E0,-1.792727694E2
4.732220986E1,3.206002837E-2,-6.405842683E-2,5.228164198E-1,8.494301994E-1,1.763255617E2,6.327565627E1,8.183815494E0,-1.792754841E2
4.733219080E1,3.163971962E-2,-6.392925744E-2,5.227836301E-1,8.494758704E-1,1.763737500E2,6.327180942E1,8.145892910E0,-1.792424487E2
4.734216002E1,3.182198420E-2,-6.366841233E-2,5.237085986E-1,8.489187230E-1,1.763528535E2,6.339398569E1,8.130574163E0,-1.792673178E2
4.735211372E1,3.168018767E-2,-6.353895629E-2,5.239981541E-1,8.487550302E-1,1.763691104E2,6.343265420E1,8.109115430E0,-1.792585408E2
4.736208137E1,3.177097218E-2,-6.312182930E-2,5.246191677E-1,8.483990623E-1,1.763587020E2,6.351260115E1,8.073326665E0,-1.792869786E2
4.737203705E1,3.193526278E-2,-6.252913873E-2,5.251827703E-1,8.480880282E-1,1.763398661E2,6.358286142E1,8.024939467E0,-1.793339526E2
4.738200346E1,3.209138049E-2,-6.226311410E-2,5.256737532E-1,8.477974718E-1,1.763219672E2,6.364640358E1,8.008049018E0,-1.793608543E2
4.739203966E1,3.245631481E-2,-6.233975342E-2,5.263617693E-1,8.473509489E-1,1.762801270E2,6.373905071E1,8.037131114E0,-1.793853121E2
4.740201315E1,3.275336506E-2,-6.297883802E-2,5.267075116E-1,8.470773756E-1,1.762460694E2,6.379076258E1,8.117220669E0,-1.793718294E2
4.741191096E1,3.267141270E-2,-6.368547913E-2,5.262812501E-1,8.472926203E-1,1.762554655E2,6.373985232E1,8.181490468E0,-1.793245569E2
4.742187679E1,3.248634173E-2,-6.462543486E-2,5.258559107E-1,8.474926265E-1,1.762766844E2,6.369186940E1,8.262320617E0,-1.792529106E2
4.747292932E1,9.999174504E-1,-1.271976863E-2,-1.813626564E-3,-1.034203681E-4,1.472408060E0,-1.457603122E0,-2.079603393E-1,-9.206681202E-3
4.748289635E1,9.999468212E-1,-1.030823406E-2,-2.447033439E-4,1.874163459E-4,1.181785502E0,-1.181262872E0,-2.781806454E-2,2.176424482E-2
4.749286343E1,9.999615231E-1,-8.725851661E-3,2.652105010E-4,8.611280668E-4,1.005238666E0,-9.998952034E-1,3.125076664E-2,9.840908755E-2
4.750280052E1,9.999597671E-1,-8.822985928E-3,-5.909804809E-4,1.506600733E-3,1.027921049E0,-1.011154226E0,-6.619543159E-2,1.732346651E-1
4.751276526E1,9.999601292E-1,-8.076413311E-3,-1.892415599E-3,3.306115490E-3,1.023285350E0,-9.262156270E-1,-2.137869309E-1,3.805946809E-1
4.752275932E1,9.999497888E-1,-7.828252320E-3,-3.585538008E-3,5.126618618E-3,1.148337772E0,-8.991724925E-1,-4.062563224E-1,5.906794463E-1
4.753272703E1,9.999384705E-1,-7.980591256E-3,-4.710772609E-3,6.097049464E-3,1.271193225E0,-9.178225478E-1,-5.342135002E-1,7.029836485E-1
4.754266624E1,9.999307893E-1,-7.839481836E-3,-5.402155633E-3,6.912003483E-3,1.348207263E0,-9.026440500E-1,-6.128009565E-1,7.969266747E-1
4.755263109E1,9.999235699E-1,-7.751155168E-3,-5.943051277E-3,7.579850826E-3,1.416780823E0,-8.934091871E-1,-6.742544707E-1,8.738936460E-1
4.756259869E1,9.999130636E-1,-8.214320126E-3,-6.620827034E-3,7.909161245E-3,1.511024801E0,-9.473351053E-1,-7.512016271E-1,9.125934726E-1
4.757256380E1,9.999079176E-1,-8.180861374E-3,-6.954578581E-3,8.298416939E-3,1.555103658E0,-9.441169030E-1,-7.891081501E-1,9.574959647E-1
4.758254765E1,9.999065992E-1,-8.166424741E-3,-7.018045661E-3,8.417212426E-3,1.566196895E0,-9.426186820E-1,-7.962824574E-1,9.711592003E-1
4.759251463E1,9.999068057E-1,-8.470518371E-3,-6.947864467E-3,8.146011901E-3,1.564464768E0,-9.771848630E-1,-7.882103587E-1,9.402523224E-1
4.760247510E1,9.999068516E-1,-8.937231793E-3,-6.861340548E-3,7.702982026E-3,1.564078685E0,-1.030242975E0,-7.783135438E-1,8.897592615E-1
4.761244140E1,9.999090650E-1,-9.150141389E-3,-6.648780997E-3,7.343734016E-3,1.545384463E0,-1.054179553E0,-7.541465548E-1,8.485293608E-1
4.762242046E1,9.999105345E-1,-9.395419229E-3,-6.449545708E-3,7.003740642E-3,1.532846176E0,-1.081868070E0,-7.314767697E-1,8.095344717E-1
4.763238807E1,9.999134331E-1,-9.499101106E-3,-6.173243998E-3,6.692118058E-3,1.507810257E0,-1.093304543E0,-7.000733528E-1,7.735947845E-1
4.764236119E1,9.999164251E-1,-9.616886310E-3,-5.858346607E-3,6.351230283E-3,1.481523801E0,-1.106328679E0,-6.642767027E-1,7.342619788E-1
4.765232937E1,9.999211453E-1,-9.606224441E-3,-5.434125964E-3,5.991157842E-3,1.439078083E0,-1.104568423E0,-6.160727142E-1,6.925207181E-1
4.766231249E1,9.999229431E-1,-9.644030878E-3,-5.233026840E-3,5.806541992E-3,1.422578163E0,-1.108649927E0,-5.932081420E-1,6.711638939E-1
4.767228213E1,9.999223378E-1,-9.547849515E-3,-5.316554594E-3,5.990917767E-3,1.428154378E0,-1.097795739E0,-6.026413961E-1,6.923272915E-1
4.768220598E1,9.999199795E-1,-9.704782176E-3,-5.464857676E-3,5.998923148E-3,1.449676446E0,-1.115889585E0,-6.195172023E-1,6.935058123E-1
4.769217098E1,9.999180724E-1,-9.913755433E-3,-5.547178402E-3,5.898705199E-3,1.466849874E0,-1.139833034E0,-6.289192507E-1,6.822454447E-1
4.770215213E1,9.999179319E-1,-9.970849687E-3,-5.540871888E-3,5.831834595E-3,1.468106965E0,-1.146329670E0,-6.282343186E-1,6.746111752E-1
4.771211880E1,9.999195069E-1,-9.857393433E-3,-5.457021803E-3,5.833740125E-3,1.453951749E0,-1.133271122E0,-6.187006835E-1,6.746626004E-1
4.772208869E1,9.999197641E-1,-9.780765139E-3,-5.459634935E-3,5.915607630E-3,1.451626664E0,-1.124541979E0,-6.189597477E-1,6.839995896E-1
4.773205562E1,9.999176473E-1,-9.808300978E-3,-5.631405612E-3,6.064916617E-3,1.470651093E0,-1.127912571E0,-6.384549642E-1,7.013214787E-1
4.774202848E1,9.999165617E-1,-9.921073012E-3,-5.670503398E-3,6.023889747E-3,1.480311966E0,-1.140837835E0,-6.429027112E-1,6.967369848E-1
4.775199598E1,9.999165522E-1,-1.003703465E-2,-5.612122972E-3,5.886482233E-3,1.480396757E0,-1.153998255E0,-6.362909410E-1,6.809977494E-1
4.776196645E1,9.999174384E-1,-1.007252212E-2,-5.513670977E-3,5.767155265E-3,1.472514633E0,-1.157922256E0,-6.251237908E-1,6.672315659E-1
4.777193427E1,9.999183511E-1,-1.003728285E-2,-5.450621456E-3,5.730162722E-3,1.464352682E0,-1.153818100E0,-6.179654301E-1,6.628972500E-1
4.778186322E1,9.999185939E-1,-9.992659116E-3,-5.455704707E-3,5.760862494E-3,1.462173577E0,-1.148726624E0,-6.185422133E-1,6.663935178E-1
4.779182713E1,9.999193825E-1,-9.960938729E-3,-5.399664550E-3,5.731645021E-3,1.455074113E0,-1.145035537E0,-6.121754178E-1,6.629612131E-1
4.780182197E1,9.999219106E-1,-9.914632879E-3,-5.182301364E-3,5.569242970E-3,1.432077219E0,-1.139486812E0,-5.874845115E-1,6.440736046E-1
4.781178900E1,9.999249498E-1,-9.853530099E-3,-4.914718281E-3,5.371055136E-3,1.403932526E0,-1.132198729E0,-5.570871135E-1,6.210222662E-1
4.782173942E1,9.999278582E-1,-9.806877813E-3,-4.654062673E-3,5.142305593E-3,1.376460708E0,-1.126567152E0,-5.275064272E-1,5.944883336E-1
4.783170473E1,9.999306733E-1,-9.660769468E-3,-4.465592863E-3,5.037517689E-3,1.349336794E0,-1.109656339E0,-5.061136073E-1,5.821933197E-1
4.784169244E1,9.999320010E-1,-9.582997037E-3,-4.411801326E-3,4.969468718E-3,1.336353809E0,-1.100677857E0,-5.000700381E-1,5.742966687E-1
4.785166005E1,9.999335093E-1,-9.550889729E-3,-4.333902576E-3,4.793198214E-3,1.321449120E0,-1.096866341E0,-4.913557321E-1,5.539957841E-1
4.786161505E1,9.999358239E-1,-9.424053758E-3,-4.220199359E-3,4.661032391E-3,1.298244920E0,-1.082203869E0,-4.785402238E-1,5.386648788E-1
4.787158135E1,9.999390868E-1,-9.239758271E-3,-4.041731274E-3,4.484850117E-3,1.264810282E0,-1.060905531E0,-4.583764139E-1,5.181976876E-1
4.788156031E1,9.999430337E-1,-9.053118161E-3,-3.776840052E-3,4.207833361E-3,1.223146982E0,-1.039258987E0,-4.284080747E-1,4.860922710E-1
4.789152786E1,9.999465434E-1,-8.778049320E-3,-3.628426758E-3,4.085423257E-3,1.184868541E0,-1.007613194E0,-4.116589063E-1,4.717973027E-1
4.790149697E1,9.999484226E-1,-8.590094227E-3,-3.630165871E-3,4.022984368E-3,1.163856396E0,-9.860491919E-1,-4.120084281E-1,4.645667369E-1
4.791146468E1,9.999490611E-1,-8.446866049E-3,-3.761488379E-3,4.046822270E-3,1.156628929E0,-9.697077987E-1,-4.270997372E-1,4.673671122E-1
4.792144296E1,9.999493345E-1,-8.284173612E-3,-3.935982678E-3,4.148355906E-3,1.153520841E0,-9.511919550E-1,-4.470740572E-1,4.790990680E-1
4.793141171E1,9.999494167E-1,-8.154358981E-3,-4.103520109E-3,4.222748826E-3,1.152585273E0,-9.364317956E-1,-4.662643034E-1,4.877233481E-1
4.794133447E1,9.999498749E-1,-7.971237876E-3,-4.247943003E-3,4.319961669E-3,1.147353225E0,-9.155651229E-1,-4.828137146E-1,4.989105736E-1
4.795129854E1,9.999503301E-1,-7.771311225E-3,-4.402378451E-3,4.423031716E-3,1.142131909E0,-8.927839383E-1,-5.005178910E-1,5.107636139E-1
4.796128932E1,9.999506774E-1,-7.619851220E-3,-4.564404856E-3,4.443739557E-3,1.138131240E0,-8.755218370E-1,-5.191434312E-1,5.132033605E-1
4.797125609E1,9.999508970E-1,-7.476928385E-3,-4.755800130E-3,4.436388409E-3,1.135595122E0,-8.592390576E-1,-5.411547712E-1,5.124521261E-1
4.798124630E1,9.999516075E-1,-7.303649338E-3,-4.917797349E-3,4.388019817E-3,1.127349549E0,-8.394389810E-1,-5.598472085E-1,5.069523980E-1
4.799121546E1,9.999524537E-1,-7.176601897E-3,-5.038917323E-3,4.265681250E-3,1.117448995E0,-8.248718481E-1,-5.738915314E-1,4.929625283E-1
4.800116302E1,9.999533887E-1,-7.104518999E-3,-5.114561632E-3,4.072780717E-3,1.106407290E0,-8.165368314E-1,-5.827525966E-1,4.708780503E-1
4.801112999E1,9.999541366E-1,-7.106774713E-3,-5.161072076E-3,3.818612439E-3,1.097494741E0,-8.166681283E-1,-5.882887197E-1,4.417914039E-1
4.802108020E1,9.999547522E-1,-7.132363906E-3,-5.194287369E-3,3.555602741E-3,1.090104128E0,-8.194598104E-1,-5.922990795E-1,4.116945019E-1
4.803104546E1,9.999549477E-1,-7.180682654E-3,-5.246675625E-3,3.318534798E-3,1.087746079E0,-8.248772270E-1,-5.984778941E-1,3.846000170E-1
4.804102359E1,9.999546385E-1,-7.263775143E-3,-5.321369941E-3,3.105095164E-3,1.091473423E0,-8.342993260E-1,-6.071832020E-1,3.602534921E-1
4.805099015E1,9.999534492E-1,-7.402621771E-3,-5.459144529E-3,2.915202677E-3,1.105688983E0,-8.501436123E-1,-6.230821405E-1,3.386949406E-1
4.806093453E1,9.999537340E-1,-7.407319449E-3,-5.487969886E-3,2.746566409E-3,1.102300969E0,-8.505863540E-1,-6.265270853E-1,3.193977933E-1
4.807089885E1,9.999537353E-1,-7.476876968E-3,-5.480420500E-3,2.566805230E-3,1.102285274E0,-8.584426465E-1,-6.257941114E-1,2.988353372E-1
4.808088911E1,9.999529278E-1,-7.598535092E-3,-5.535970168E-3,2.399477542E-3,1.111863823E0,-8.722959714E-1,-6.322691309E-1,2.797854007E-1
4.809085604E1,9.999521300E-1,-7.655218813E-3,-5.630612083E-3,2.330563114E-3,1.121246330E0,-8.787750092E-1,-6.431588124E-1,2.720075402E-1
4.810080994E1,9.999500021E-1,-7.811262270E-3,-5.824374498E-3,2.248162939E-3,1.145896833E0,-8.966575085E-1,-6.653933997E-1,2.628396868E-1
4.811077552E1,9.999479827E-1,-7.918315926E-3,-6.061169986E-3,2.143473218E-3,1.168809152E0,-9.089182604E-1,-6.925947282E-1,2.511300496E-1
4.812077348E1,9.999493072E-1,-7.743340416E-3,-6.091110494E-3,2.078958447E-3,1.153831976E0,-8.888288098E-1,-6.961268866E-1,2.436425027E-1
4.813074234E1,9.999483913E-1,-7.849254576E-3,-6.171509802E-3,1.875212869E-3,1.164209101E0,-9.008434575E-1,-7.054975835E-1,2.204407469E-1
4.814071124E1,9.999475705E-1,-7.974594619E-3,-6.216263064E-3,1.618718537E-3,1.173430997E0,-9.150356957E-1,-7.108329441E-1,1.911773761E-1
4.815068015E1,9.999475166E-1,-8.036379805E-3,-6.201079991E-3,1.388267636E-3,1.174033742E0,-9.219498764E-1,-7.092937888E-1,1.647988410E-1
4.816064807E1,9.999454336E-1,-8.337167639E-3,-6.210876445E-3,1.022935675E-3,1.197104610E0,-9.561628817E-1,-7.107161239E-1,1.231566462E-1
4.817061682E1,9.999442974E-1,-8.571107799E-3,-6.128835716E-3,6.128428738E-4,1.209504159E0,-9.826741664E-1,-7.016893393E-1,7.624804802E-2
4.818057692E1,9.999442249E-1,-8.714760681E-3,-5.961652218E-3,2.425272952E-4,1.210291495E0,-9.988695373E-1,-6.828908900E-1,3.374596213E-2
4.819054479E1,9.999431229E-1,-8.904680404E-3,-5.870008077E-3,-2.486862241E-5,1.222189002E0,-1.020450712E0,-6.726559463E-1,3.140407635E-3
4.820053239E1,9.999439019E-1,-8.876664552E-3,-5.778539965E-3,-7.967404938E-5,1.213790455E0,-1.017202383E0,-6.622305451E-1,-3.251800698E-3
4.821050223E1,9.999440787E-1,-8.932255002E-3,-5.659820315E-3,-1.438536871E-4,1.211876082E0,-1.023530522E0,-6.486924665E-1,-1.069101022E-2
4.822048171E1,9.999436636E-1,-9.040365951E-3,-5.559897472E-3,-1.703275690E-4,1.216366160E0,-1.035903255E0,-6.372710165E-1,-1.375807950E-2
4.823045249E1,9.999430876E-1,-9.143062729E-3,-5.496310619E-3,-1.289580219E-4,1.222568828E0,-1.047698667E0,-6.299427603E-1,-9.018622332E-3
4.824041411E1,9.999416501E-1,-9.291391716E-3,-5.510449570E-3,-3.741937649E-5,1.237912168E0,-1.064755253E0,-6.314667866E-1,1.579460094E-3
4.825038395E1,9.999402255E-1,-9.408608308E-3,-5.568606350E-3,1.184924240E-4,1.252932240E0,-1.078288748E0,-6.379625701E-1,1.958241099E-2
4.826030812E1,9.999387269E-1,-9.526253868E-3,-5.630743633E-3,2.961845796E-4,1.268542107E0,-1.091887750E0,-6.448864483E-1,4.008739457E-2
4.827027338E1,9.999374628E-1,-9.647763395E-3,-5.639629987E-3,4.309246438E-4,1.281560333E0,-1.105900496E0,-6.457508388E-1,5.561568522E-2
4.828023765E1,9.999366965E-1,-9.761544403E-3,-5.573215145E-3,5.045056835E-4,1.289388506E0,-1.118982491E0,-6.380518362E-1,6.404656373E-2
4.829020276E1,9.999363810E-1,-9.816094099E-3,-5.521991055E-3,6.211529822E-4,1.292597439E0,-1.125303823E0,-6.320474277E-1,7.739045744E-2
4.830016552E1,9.999366269E-1,-9.786023526E-3,-5.507295563E-3,8.034693336E-4,1.290096784E0,-1.121971245E0,-6.301612879E-1,9.824681656E-2
4.831013041E1,9.999366374E-1,-9.754117472E-3,-5.532814025E-3,9.830069933E-4,1.289989986E0,-1.118431199E0,-6.328877365E-1,1.188287459E-1
4.832009848E1,9.999367988E-1,-9.713601834E-3,-5.553017865E-3,1.099256617E-3,1.288346324E0,-1.113864498E0,-6.350781829E-1,1.321468495E-1
4.833006369E1,9.999371740E-1,-9.687230264E-3,-5.528424966E-3,1.114491121E-3,1.284516002E0,-1.110848338E0,-6.322466973E-1,1.338484877E-1
4.834002869E1,9.999375604E-1,-9.654203904E-3,-5.515984965E-3,1.116048539E-3,1.280560061E0,-1.107062615E0,-6.308239205E-1,1.339922804E-1
4.834999385E1,9.999383979E-1,-9.585923663E-3,-5.481688404E-3,1.123231917E-3,1.271943335E0,-1.099237058E0,-6.268952005E-1,1.347346044E-1
4.835998124E1,9.999391043E-1,-9.554586423E-3,-5.415620870E-3,1.081030856E-3,1.264629056E0,-1.095609930E0,-6.193751172E-1,1.298065907E-1
4.836994864E1,9.999396313E-1,-9.562940030E-3,-5.325108639E-3,9.629001647E-4,1.259145065E0,-1.096482515E0,-6.091319607E-1,1.161756405E-1
4.837990802E1,9.999403176E-1,-9.547804264E-3,-5.239584239E-3,8.645276443E-4,1.251967018E0,-1.094678054E0,-5.994413504E-1,1.048000694E-1
4.838987458E1,9.999408971E-1,-9.523502091E-3,-5.185759172E-3,7.830144518E-4,1.245874082E0,-1.091838380E0,-5.933651993E-1,9.538598892E-2
4.839984531E1,9.999411413E-1,-9.532868323E-3,-5.134888842E-3,6.865012891E-4,1.243297636E0,-1.092849633E0,-5.876406623E-1,8.427636758E-2
4.840981229E1,9.999419079E-1,-9.512554111E-3,-5.036031766E-3,5.749128184E-4,1.235174362E0,-1.090447867E0,-5.764362429E-1,7.136952816E-2
4.841978494E1,9.999423341E-1,-9.554578103E-3,-4.887320469E-3,3.906827565E-4,1.230635085E0,-1.095148576E0,-5.595945246E-1,5.011976145E-2
4.842975244E1,9.999429580E-1,-9.580505797E-3,-4.716927198E-3,2.128046705E-4,1.223959720E0,-1.098013516E0,-5.402635885E-1,2.956399896E-2
4.843970822E1,9.999434858E-1,-9.572651550E-3,-4.623244127E-3,1.234910915E-4,1.218284257E0,-1.097062396E0,-5.296268914E-1,1.922250340E-2
4.844967458E1,9.999435153E-1,-9.567590990E-3,-4.626863457E-3,1.401133907E-4,1.217966230E0,-1.096491369E0,-5.300234927E-1,2.112854141E-2
4.845965765E1,9.999440059E-1,-9.499369613E-3,-4.657647684E-3,2.311417213E-4,1.212665204E0,-1.088722689E0,-5.334533223E-1,3.155684753E-2
4.846962567E1,9.999444734E-1,-9.469923121E-3,-4.616907474E-3,2.341950165E-4,1.207591908E0,-1.085348029E0,-5.287826128E-1,3.184678431E-2
4.847958744E1,9.999441446E-1,-9.508525866E-3,-4.609076576E-3,2.281411785E-4,1.211162088E0,-1.089768394E0,-5.278906565E-1,3.116495248E-2
4.848955484E1,9.999439103E-1,-9.509010985E-3,-4.655748158E-3,2.808850696E-4,1.213699201E0,-1.089854037E0,-5.331811437E-1,3.726001571E-2
4.849951395E1,9.999430528E-1,-9.539294728E-3,-4.771505127E-3,3.545564125E-4,1.222941816E0,-1.093370334E0,-5.463637809E-1,4.584478797E-2
4.850948046E1,9.999423364E-1,-9.556688259E-3,-4.881590282E-3,4.045381953E-4,1.230610371E0,-1.095397797E0,-5.589226329E-1,5.170236309E-2
4.851945302E1,9.999427274E-1,-9.512320194E-3,-4.889197527E-3,3.917549003E-4,1.226431295E0,-1.090306498E0,-5.598105610E-1,5.022101706E-2
4.852942015E1,9.999431161E-1,-9.489492295E-3,-4.859757854E-3,3.111724884E-4,1.222262023E0,-1.087643774E0,-5.565259282E-1,4.094222413E-2
4.853938338E1,9.999422791E-1,-9.562882818E-3,-4.893362007E-3,2.114920394E-4,1.231221596E0,-1.096000265E0,-5.604827955E-1,2.959749268E-2
4.854935010E1,9.999420009E-1,-9.571857284E-3,-4.934159170E-3,1.687869628E-4,1.234185419E0,-1.097006262E0,-5.652042305E-1,2.475369705E-2
4.855931322E1,9.999419901E-1,-9.570093323E-3,-4.941309818E-3,1.151136787E-4,1.234300396E0,-1.096773985E0,-5.660825185E-1,1.861009619E-2
4.856927958E1,9.999415178E-1,-9.631934765E-3,-4.917992495E-3,-9.502745930E-6,1.239314296E0,-1.103790178E0,-5.635470440E-1,4.339516393E-3
4.857923593E1,9.999412950E-1,-9.663590818E-3,-4.899551056E-3,-1.265672495E-4,1.241673453E0,-1.107351989E0,-5.615633813E-1,-9.077527105E-3
4.858920130E1,9.999419201E-1,-9.622382080E-3,-4.850036594E-3,-2.082711981E-4,1.235044871E0,-1.102583928E0,-5.559793496E-1,-1.851774469E-2
4.859915838E1,9.999414443E-1,-9.656497105E-3,-4.877623119E-3,-2.623209388E-4,1.240093141E0,-1.106463109E0,-5.592008586E-1,-2.466183174E-2
4.860912286E1,9.999401242E-1,-9.741936140E-3,-4.976458438E-3,-2.785290659E-4,1.253994112E0,-1.116243925E0,-5.705463494E-1,-2.636103895E-2
4.861911291E1,9.999397392E-1,-9.767306258E-3,-5.003669063E-3,-2.847018371E-4,1.258019478E0,-1.119147419E0,-5.736719243E-1,-2.702345607E-2
4.862907994E1,9.999386297E-1,-9.863050544E-3,-5.035254467E-3,-3.212264096E-4,1.269547061E0,-1.130098270E0,-5.773350761E-1,-3.111820025E-2
4.863903359E1,9.999373723E-1,-9.976644702E-3,-5.055889054E-3,-3.948843040E-4,1.282486986E0,-1.143073237E0,-5.797872670E-1,-3.946950710E-2
4.864899932E1,9.999367394E-1,-1.001503410E-2,-5.105922455E-3,-3.820236676E-4,1.288951967E0,-1.147478866E0,-5.855072165E-1,-3.791614830E-2
4.865897109E1,9.999350056E-1,-1.011437683E-2,-5.250665063E-3,-3.383596797E-4,1.306495658E0,-1.158886283E0,-6.020460347E-1,-3.268681200E-2
4.866893739E1,9.999331186E-1,-1.022727599E-2,-5.390111891E-3,-3.285115776E-4,1.325326383E0,-1.171828067E0,-6.180170011E-1,-3.132696721E-2
4.867888765E1,9.999318004E-1,-1.029263644E-2,-5.509748241E-3,-3.144053004E-4,1.338323167E0,-1.179325257E0,-6.317112051E-1,-2.952906404E-2
4.868885229E1,9.999313285E-1,-1.028828687E-2,-5.605255957E-3,-2.655756850E-4,1.342945406E0,-1.178856596E0,-6.425974824E-1,-2.382381977E-2
4.869883786E1,9.999314951E-1,-1.024425630E-2,-5.657744427E-3,-2.243218902E-4,1.341315793E0,-1.173836759E0,-6.485625235E-1,-1.906319964E-2
4.870880463E1,9.999314550E-1,-1.023465049E-2,-5.682371981E-3,-2.190164718E-4,1.341708395E0,-1.172739217E0,-6.513781260E-1,-1.843259840E-2
4.871877713E1,9.999307732E-1,-1.027188474E-2,-5.734401629E-3,-2.319767224E-4,1.348364266E0,-1.176997604E0,-6.573560072E-1,-1.983224019E-2
4.872874447E1,9.999297774E-1,-1.032642905E-2,-5.808987944E-3,-2.465425336E-4,1.358027636E0,-1.183238408E0,-6.659209718E-1,-2.137725278E-2
4.873869619E1,9.999292952E-1,-1.032902658E-2,-5.888019433E-3,-2.167072599E-4,1.362681994E0,-1.183555638E0,-6.749417294E-1,-1.786313345E-2
4.874866197E1,9.999287838E-1,-1.033600875E-2,-5.963685684E-3,-1.696333761E-4,1.367601945E0,-1.184387711E0,-6.835565040E-1,-1.237454466E-2
4.875864031E1,9.999281989E-1,-1.034163978E-2,-6.052836377E-3,-1.031224671E-4,1.373205927E0,-1.185079356E0,-6.936933097E-1,-4.643453867E-3
4.876860729E1,9.999281341E-1,-1.031511734E-2,-6.109252010E-3,-4.475937526E-5,1.373825654E0,-1.182081187E0,-7.000887284E-1,2.092769148E-3
4.877856963E1,9.999280987E-1,-1.028316507E-2,-6.168718762E-3,2.842310132E-5,1.374163877E0,-1.178472038E0,-7.068167091E-1,1.052660995E-2
4.878853614E1,9.999281731E-1,-1.023393592E-2,-6.237193352E-3,1.127154651E-4,1.373453378E0,-1.172892124E0,-7.145647129E-1,2.023138498E-2
4.879848999E1,9.999277044E-1,-1.021691989E-2,-6.337611129E-3,1.875531855E-4,1.377926746E0,-1.170999859E0,-7.259840798E-1,2.891268289E-2
4.880845526E1,9.999262229E-1,-1.027773453E-2,-6.470368640E-3,2.266102024E-4,1.391974317E0,-1.178004292E0,-7.411487085E-1,3.358893508E-2
4.881845182E1,9.999248424E-1,-1.034436725E-2,-6.577103706E-3,2.128506630E-4,1.404936742E0,-1.185635607E0,-7.533933247E-1,3.218818907E-2
4.882842020E1,9.999239416E-1,-1.039580067E-2,-6.633889158E-3,1.726197089E-4,1.413330999E0,-1.191502297E0,-7.599465272E-1,2.768445307E-2
4.883837682E1,9.999237033E-1,-1.039523775E-2,-6.670715206E-3,1.679930888E-4,1.415543887E0,-1.191435853E0,-7.641718745E-1,2.719774052E-2
4.884834400E1,9.999236393E-1,-1.036376472E-2,-6.728126281E-3,2.007270124E-4,1.416137343E0,-1.187856577E0,-7.707124655E-1,3.099299278E-2
4.885830447E1,9.999237748E-1,-1.031290087E-2,-6.784358985E-3,2.472844549E-4,1.414880257E0,-1.182066122E0,-7.771026047E-1,3.635545884E-2
4.886827098E1,9.999239230E-1,-1.024341894E-2,-6.864866543E-3,3.067915856E-4,1.413503775E0,-1.174154113E0,-7.862604758E-1,4.321516914E-2
4.887823885E1,9.999239351E-1,-1.019094324E-2,-6.938948143E-3,3.458537943E-4,1.413391329E0,-1.168175540E0,-7.947059975E-1,4.773678461E-2
4.888820552E1,9.999241758E-1,-1.009964034E-2,-7.032176577E-3,4.341657743E-4,1.411154029E0,-1.157788780E0,-8.052910143E-1,5.789226217E-2
4.889817531E1,9.999241831E-1,-1.001233504E-2,-7.146420154E-3,5.566343734E-4,1.411085502E0,-1.147891768E0,-8.182465094E-1,7.198742001E-2
4.890814223E1,9.999240794E-1,-9.968914899E-3,-7.216610797E-3,6.136887980E-4,1.412049970E0,-1.142968904E0,-8.262274841E-1,7.857033145E-2
4.891811203E1,9.999238057E-1,-9.998703081E-3,-7.217823433E-3,5.583350312E-4,1.414593309E0,-1.146337187E0,-8.264275535E-1,7.225308553E-2
4.892807921E1,9.999236995E-1,-1.000779238E-2,-7.223367638E-3,5.120409487E-4,1.415578692E0,-1.147341082E0,-8.271153169E-1,6.696190563E-2
4.893804276E1,9.999239266E-1,-9.980310189E-3,-7.232125811E-3,4.802996272E-4,1.413470224E0,-1.144165899E0,-8.281570636E-1,6.331181043E-2
4.894800958E1,9.999239673E-1,-9.949910547E-3,-7.268451350E-3,4.781080123E-4,1.413092817E0,-1.140682988E0,-8.323239904E-1,6.307695706E-2
4.895797255E1,9.999234824E-1,-9.915170064E-3,-7.377102922E-3,5.451017120E-4,1.417591550E0,-1.136766766E0,-8.447002977E-1,7.084881876E-2
4.896793895E1,9.999232385E-1,-9.857143304E-3,-7.477649768E-3,6.622563248E-4,1.419848885E0,-1.130225635E0,-8.560935750E-1,8.433894916E-2
4.897792197E1,9.999227736E-1,-9.832368049E-3,-7.563675509E-3,7.497619561E-4,1.424141865E0,-1.127470710E0,-8.658546281E-1,9.444262454E-2
4.898789005E1,9.999227142E-1,-9.775870038E-3,-7.635321698E-3,8.366100896E-4,1.424689959E0,-1.121079543E0,-8.739724903E-1,1.044265846E-1
4.899784312E1,9.999221062E-1,-9.752764936E-3,-7.735806043E-3,9.068472600E-4,1.430282525E0,-1.118505951E0,-8.854107865E-1,1.125678771E-1
4.900780968E1,9.999211287E-1,-9.730658120E-3,-7.878200880E-3,9.922474483E-4,1.439228952E0,-1.116067871E0,-9.016349240E-1,1.224940722E-1
4.901777401E1,9.999204351E-1,-9.669507287E-3,-8.022181396E-3,1.126379780E-3,1.445543961E0,-1.109202845E0,-9.179923277E-1,1.379701163E-1
4.902774036E1,9.999196985E-1,-9.630459804E-3,-8.142647851E-3,1.244227266E-3,1.452219914E0,-1.104856275E0,-9.316717500E-1,1.515726852E-1
4.903769083E1,9.999194523E-1,-9.634200291E-3,-8.165847691E-3,1.260951426E-3,1.454444229E0,-1.105304526E0,-9.343111652E-1,1.535184253E-1
4.904765552E1,9.999196922E-1,-9.634280143E-3,-8.138613738E-3,1.246110383E-3,1.452276917E0,-1.105295186E0,-9.312068208E-1,1.517875763E-1
4.905764291E1,9.999206399E-1,-9.547988444E-3,-8.114465184E-3,1.305851714E-3,1.443682086E0,-1.095456831E0,-9.283872904E-1,1.585269103E-1
4.906760989E1,9.999211398E-1,-9.434546144E-3,-8.162249494E-3,1.442627499E-3,1.439127847E0,-1.082591582E0,-9.337328123E-1,1.741476564E-1
4.907758984E1,9.999202039E-1,-9.412566576E-3,-8.281119048E-3,1.553226513E-3,1.447642675E0,-1.080200137E0,-9.472384583E-1,1.869303426E-1
4.908755812E1,9.999185235E-1,-9.495442983E-3,-8.389632486E-3,1.548218515E-3,1.462806035E0,-1.089715925E0,-9.596629932E-1,1.865535542E-1
4.909749895E1,9.999179822E-1,-9.514494085E-3,-8.436482571E-3,1.526087173E-3,1.467656851E0,-1.091887592E0,-9.650521664E-1,1.840869281E-1
4.910746447E1,9.999188270E-1,-9.444142256E-3,-8.418160075E-3,1.510661966E-3,1.460078713E0,-1.083806096E0,-9.629822535E-1,1.822313959E-1
4.911745630E1,9.999196242E-1,-9.391117406E-3,-8.391408850E-3,1.461592086E-3,1.452891251E0,-1.077676527E0,-9.599793668E-1,1.765280645E-1
4.912743187E1,9.999191336E-1,-9.423058496E-3,-8.424749850E-3,1.398475038E-3,1.457318543E0,-1.081282910E0,-9.638625348E-1,1.693617562E-1
4.913739739E1,9.999184726E-1,-9.450795641E-3,-8.478295103E-3,1.359829332E-3,1.463262977E0,-1.084434395E0,-9.700355171E-1,1.650179727E-1
4.914734588E1,9.999177255E-1,-9.461385884E-3,-8.551706437E-3,1.375774144E-3,1.469952388E0,-1.085677207E0,-9.784286941E-1,1.669354265E-1
4.915730973E1,9.999171308E-1,-9.466647193E-3,-8.610807389E-3,1.402885750E-3,1.475255211E0,-1.086317882E0,-9.851707701E-1,1.701119248E-1
4.916727557E1,9.999159805E-1,-9.540768733E-3,-8.665203579E-3,1.385643113E-3,1.485459535E0,-1.094806095E0,-9.914103192E-1,1.682686893E-1
4.917723958E1,9.999156484E-1,-9.548345537E-3,-8.694635273E-3,1.388687046E-3,1.488391836E0,-1.095683010E0,-9.947783011E-1,1.686573743E-1
4.918722427E1,9.999163970E-1,-9.469278190E-3,-8.687869033E-3,1.432729344E-3,1.481772680E0,-1.086663645E0,-9.939684276E-1,1.736185549E-1
4.919719036E1,9.999165161E-1,-9.419277113E-3,-8.718064456E-3,1.494437365E-3,1.480716569E0,-1.081000406E0,-9.973705150E-1,1.806732974E-1
4.920714666E1,9.999153304E-1,-9.448466026E-3,-8.808942815E-3,1.568788886E-3,1.491195245E0,-1.084438816E0,-1.007698422E0,1.893219377E-1
4.921711177E1,9.999136713E-1,-9.516097234E-3,-8.912055862E-3,1.633718580E-3,1.505734043E0,-1.092277745E0,-1.019430487E0,1.969440375E-1
4.922707921E1,9.999124472E-1,-9.582183264E-3,-8.975942412E-3,1.646882638E-3,1.516372489E0,-1.099879242E0,-1.026723791E0,1.985905279E-1
4.923704458E1,9.999131077E-1,-9.522869593E-3,-8.956416265E-3,1.695453302E-3,1.510641302E0,-1.093126778E0,-1.024444959E0,2.040744102E-1
4.924700447E1,9.999127938E-1,-9.512561900E-3,-8.989685407E-3,1.761120582E-3,1.513367832E0,-1.092020374E0,-1.028187689E0,2.116257996E-1
4.925696926E1,9.999116234E-1,-9.574550955E-3,-9.050587043E-3,1.777727974E-3,1.523489854E0,-1.099156260E0,-1.035135075E0,2.136599467E-1
4.926693598E1,9.999106457E-1,-9.605864096E-3,-9.116110449E-3,1.823306748E-3,1.531893237E0,-1.102807919E0,-1.042586495E0,2.189882479E-1
4.927690093E1,9.999096775E-1,-9.633443176E-3,-9.183859143E-3,1.868239583E-3,1.540170631E0,-1.106032189E0,-1.050294132E0,2.242415626E-1
4.928688510E1,9.999089404E-1,-9.653504894E-3,-9.234673117E-3,1.908276447E-3,1.546442359E0,-1.108386204E0,-1.056068070E0,2.289074418E-1
4.929685197E1,9.999079449E-1,-9.698093144E-3,-9.288337191E-3,1.943063977E-3,1.554872824E0,-1.113546869E0,-1.062168532E0,2.330012236E-1
4.930680776E1,9.999062813E-1,-9.813837035E-3,-9.346560940E-3,1.938809794E-3,1.568859694E0,-1.126822707E0,-1.068818249E0,2.327025250E-1
4.931677354E1,9.999054192E-1,-9.876363724E-3,-9.371092988E-3,1.947498581E-3,1.576059420E0,-1.134004549E0,-1.071604986E0,2.337930446E-1
4.932675151E1,9.999037149E-1,-9.972105557E-3,-9.446577288E-3,1.969837129E-3,1.590196157E0,-1.145021129E0,-1.080206811E0,2.365424672E-1
4.933671848E1,9.999018457E-1,-1.001906059E-2,-9.570570941E-3,2.078856793E-3,1.605557765E0,-1.150554122E0,-1.094278788E0,2.492302684E-1
4.934668416E1,9.999000717E-1,-1.001223406E-2,-9.728371156E-3,2.227218524E-3,1.620001474E0,-1.149979585E0,-1.112192337E0,2.664076196E-1
4.935665098E1,9.998991895E-1,-1.000861045E-2,-9.812890343E-3,2.268435461E-3,1.627137394E0,-1.149634934E0,-1.121831047E0,2.712247770E-1
4.936660916E1,9.998995325E-1,-9.941645798E-3,-9.837815989E-3,2.303476661E-3,1.624366807E0,-1.142006617E0,-1.124665446E0,2.751940573E-1
4.937657510E1,9.998997620E-1,-9.882648495E-3,-9.863800305E-3,2.346181544E-3,1.622509903E0,-1.135300622E0,-1.127610770E0,2.800514391E-1
4.938654557E1,9.998987825E-1,-9.936180864E-3,-9.915043768E-3,2.321406693E-3,1.630418319E0,-1.141423585E0,-1.133496098E0,2.773313315E-1
4.939651197E1,9.998975421E-1,-9.993754777E-3,-9.987920935E-3,2.295999784E-3,1.640378512E0,-1.148015221E0,-1.141860371E0,2.745689790E-1
4.940648760E1,9.998957855E-1,-1.006149754E-2,-1.009763205E-2,2.285234681E-3,1.654381020E0,-1.155799756E0,-1.154426129E0,2.735400680E-1
4.941645494E1,9.998947935E-1,-1.009362486E-2,-1.016875926E-2,2.262085868E-3,1.662236251E0,-1.159476235E0,-1.162594734E0,2.710071107E-1
4.942640963E1,9.998957629E-1,-1.002650160E-2,-1.014360117E-2,2.244995147E-3,1.654560333E0,-1.151755693E0,-1.159749710E0,2.689412739E-1
4.943637567E1,9.998973236E-1,-9.907062601E-3,-1.010161859E-2,2.269268580E-3,1.642126325E0,-1.138082030E0,-1.154943359E0,2.715365270E-1
4.944635828E1,9.999031313E-1,-9.419746217E-3,-9.915539697E-3,2.584291904E-3,1.595008396E0,-1.082531403E0,-1.133411461E0,3.068739250E-1
4.945632598E1,9.998960021E-1,-9.898651089E-3,-1.013009542E-2,2.717124448E-3,1.652660237E0,-1.137644957E0,-1.157699438E0,3.228853504E-1
4.946628385E1,9.998818931E-1,-1.095433400E-2,-1.056324054E-2,2.149486453E-3,1.761203205E0,-1.258108374E0,-1.207706473E0,2.596022326E-1
4.947625057E1,9.998855021E-1,-1.064468310E-2,-1.052428941E-2,2.216478220E-3,1.734085713E0,-1.222686612E0,-1.203241448E0,2.668578527E-1
4.948620739E1,9.998849563E-1,-1.059675957E-2,-1.062905701E-2,2.192263166E-3,1.738213938E0,-1.217195008E0,-1.215289151E0,2.641531631E-1
4.949617312E1,9.998847086E-1,-1.063384174E-2,-1.066531648E-2,1.934431792E-3,1.740084483E0,-1.221141321E0,-1.219749270E0,2.346940402E-1
4.950614828E1,9.998914002E-1,-1.006633134E-2,-1.057738790E-2,1.993903199E-3,1.688830542E0,-1.156144232E0,-1.209737619E0,2.407152164E-1
4.951611489E1,9.998978097E-1,-9.556836971E-3,-1.042072747E-2,2.108440120E-3,1.638235080E0,-1.097843333E0,-1.191782295E0,2.530523948E-1
4.952608807E1,9.999009194E-1,-9.253387254E-3,-1.035466697E-2,2.303714986E-3,1.613115824E0,-1.063276565E0,-1.184081382E0,2.749995893E-1
4.953605536E1,9.998987052E-1,-9.458498176E-3,-1.040925535E-2,2.182570432E-3,1.631041197E0,-1.086657319E0,-1.190412005E0,2.614183596E-1
4.961019946E1,9.993225515E-1,-3.747146466E-4,-2.355027450E-2,2.827865314E-2,4.218230324E0,-1.193568475E-1,-2.696615639E0,3.244635850E0
4.962018160E1,9.992088626E-1,2.718329638E-3,-2.410863894E-2,3.151242652E-2,4.558502612E0,2.244565887E-1,-2.771357450E0,3.607290291E0
4.963013712E1,9.990541820E-1,6.940784615E-3,-2.433769383E-2,3.535878417E-2,4.984316961E0,6.968495010E-1,-2.815512273E0,4.036836763E0
4.964010217E1,9.989504044E-1,9.753059824E-3,-2.419430332E-2,3.765106876E-2,5.250692821E0,1.013332685E0,-2.812762163E0,4.292105574E0
4.965006165E1,9.988871744E-1,1.260708956E-2,-2.319730873E-2,3.908144033E-2,5.406565420E0,1.340796238E0,-2.712730657E0,4.449358734E0
4.966005430E1,9.988127226E-1,1.569537234E-2,-2.200152102E-2,4.053064959E-2,5.584531012E0,1.696219274E0,-2.591975935E0,4.609064818E0
4.967002858E1,9.987880048E-1,1.727114134E-2,-2.105164890E-2,4.100069674E-2,5.642374928E0,1.879934542E0,-2.491348100E0,4.660513401E0
4.967998811E1,9.986202226E-1,1.996596156E-2,-2.131806691E-2,4.364116573E-2,6.020354743E0,2.180833057E0,-2.540179925E0,4.956277704E0
4.968992832E1,9.983194725E-1,2.561408379E-2,-2.083586362E-2,4.762369402E-2,6.644331170E0,2.820392561E0,-2.524201158E0,5.400169266E0
4.969988071E1,9.983061419E-1,2.510205968E-2,-2.146172382E-2,4.789705704E-2,6.670639356E0,2.757705954E0,-2.593827652E0,5.431253819E0
4.970988946E1,9.982010910E-1,2.649707764E-2,-2.193574505E-2,4.910509042E-2,6.874440386E0,2.911833715E0,-2.659183772E0,5.565030904E0
4.971986545E1,9.981523029E-1,2.766936240E-2,-2.176952782E-2,4.952246124E-2,6.967065639E0,3.045963336E0,-2.647957026E0,5.610288216E0
4.972980592E1,9.981350085E-1,2.692894959E-2,-2.311435500E-2,4.966953807E-2,6.999605603E0,2.953342385E0,-2.798154078E0,5.625498226E0
4.973976701E1,9.981085166E-1,2.730422403E-2,-2.354251571E-2,4.979576658E-2,7.049160036E0,2.993639805E0,-2.849648143E0,5.637774209E0
4.974975269E1,9.976952686E-1,3.095082042E-2,-2.609188276E-2,5.445559172E-2,7.781462622E0,3.382875096E0,-3.177785342E0,6.154503081E0
4.975972399E1,9.978670222E-1,2.965719822E-2,-2.584097420E-2,5.209703053E-2,7.485796482E0,3.243527097E0,-3.133453088E0,5.888475461E0
4.976968503E1,9.980578144E-1,2.642529733E-2,-2.716434072E-2,4.944088796E-2,7.143043711E0,2.874184462E0,-3.258227064E0,5.590134891E0
4.977965201E1,9.979119443E-1,2.993120036E-2,-2.700759011E-2,5.046250735E-2,7.406521004E0,3.273613567E0,-3.263223034E0,5.696472077E0
4.978960430E1,9.980758859E-1,2.723452909E-2,-2.829266284E-2,4.798261898E-2,7.109723355E0,2.965781965E0,-3.387581910E0,5.417044529E0
4.979956509E1,9.981637680E-1,2.614049717E-2,-2.934797181E-2,4.609189967E-2,6.945409869E0,2.841424908E0,-3.497092840E0,5.200943829E0
4.980952347E1,9.981028843E-1,2.790905041E-2,-2.979914500E-2,4.608392598E-2,7.059650789E0,3.041999602E0,-3.557921436E0,5.192608665E0
4.981948321E1,9.982290750E-1,2.629597229E-2,-3.068196445E-2,4.365607252E-2,6.820745100E0,2.861441118E0,-3.643671908E0,4.917266096E0
4.982948826E1,9.983951157E-1,2.474747375E-2,-3.088804856E-2,4.050535598E-2,6.493032615E0,2.694391167E0,-3.651166961E0,4.560590093E0
4.983946696E1,9.983621212E-1,2.621319178E-2,-3.128543100E-2,4.008946589E-2,6.559455608E0,2.862329190E0,-3.702171224E0,4.506453991E0
4.984941738E1,9.984646055E-1,2.556418492E-2,-3.142879210E-2,3.777744189E-2,6.350869737E0,2.795851198E0,-3.709201665E0,4.243017614E0
4.985938420E1,9.985811571E-1,2.421972500E-2,-3.191242556E-2,3.508097383E-2,6.105006721E0,2.649771891E0,-3.751749409E0,3.937239900E0
4.986933217E1,9.985850440E-1,2.537256203E-2,-3.195007963E-2,3.410770330E-2,6.096636713E0,2.785576153E0,-3.757890157E0,3.821071711E0
4.987929102E1,9.986663237E-1,2.451117068E-2,-3.233953360E-2,3.192069804E-2,5.918901600E0,2.693625537E0,-3.793323751E0,3.572264793E0
4.988927425E1,9.987720779E-1,2.369387807E-2,-3.223590339E-2,2.921956753E-2,5.679335015E0,2.610402793E0,-3.771484105E0,3.265515853E0
4.989924332E1,9.987968195E-1,2.441380479E-2,-3.205574563E-2,2.795190067E-2,5.621815392E0,2.698345581E0,-3.749773128E0,3.117727900E0
4.990921654E1,9.988658100E-1,2.405030514E-2,-3.186328086E-2,2.595010073E-2,5.458226896E0,2.664662123E0,-3.721254947E0,2.889791067E0
4.991918727E1,9.989146501E-1,2.363794499E-2,-3.194690626E-2,2.429330353E-2,5.339391964E0,2.623292475E0,-3.725300176E0,2.700956436E0
4.992914003E1,9.988987312E-1,2.474158997E-2,-3.189410867E-2,2.391536002E-2,5.378413221E0,2.751505600E0,-3.721190528E0,2.653596083E0
4.993910321E1,9.989311256E-1,2.470808877E-2,-3.182426100E-2,2.265685448E-2,5.298703932E0,2.752510832E0,-3.709634171E0,2.509462424E0
4.994907451E1,9.989917381E-1,2.415112721E-2,-3.163501226E-2,2.077152581E-2,5.146249094E0,2.695981974E0,-3.681468496E0,2.295641327E0
4.995904102E1,9.990066979E-1,2.481414717E-2,-3.128011697E-2,1.978458650E-2,5.107921924E0,2.776434779E0,-3.639581455E0,2.180873988E0
4.996901889E1,9.990187084E-1,2.497745829E-2,-3.131899286E-2,1.889094015E-2,5.076941941E0,2.798360982E0,-3.641892097E0,2.077626652E0
4.997898654E1,9.990206555E-1,2.539702662E-2,-3.133167112E-2,1.819470546E-2,5.071901611E0,2.849035551E0,-3.642233188E0,1.996168583E0
4.998893956E1,9.990442255E-1,2.577316192E-2,-3.086727301E-2,1.713450021E-2,5.010487057E0,2.896862863E0,-3.586695127E0,1.874434637E0
4.999890576E1,9.992364871E-1,2.239300675E-2,-2.945634238E-2,1.254272290E-2,4.478199515E0,2.527037312E0,-3.407063802E0,1.363144059E0
5.000887149E1,9.991486038E-1,2.508497284E-2,-2.940545172E-2,1.442674824E-2,4.728945367E0,2.829624880E0,-3.410230901E0,1.570226042E0
5.001883758E1,9.991111691E-1,2.698682031E-2,-2.840767084E-2,1.554308456E-2,4.831804598E0,3.045604871E0,-3.302280280E0,1.694734315E0
5.002881420E1,9.992224580E-1,2.423588613E-2,-2.808249124E-2,1.335944821E-2,4.519159685E0,2.737532082E0,-3.254366119E0,1.454199182E0
5.003878139E1,9.992157042E-1,2.697716308E-2,-2.566422260E-2,1.347430532E-2,4.538746943E0,3.054884659E0,-2.981596127E0,1.465637100E0
5.004874232E1,9.992986612E-1,2.597352782E-2,-2.419316351E-2,1.192696528E-2,4.291972766E0,2.946025270E0,-2.807009517E0,1.295428303E0
5.005870884E1,9.994034241E-1,2.356612406E-2,-2.344155693E-2,9.376944121E-3,3.958421782E0,2.677649604E0,-2.710935645E0,1.011759000E0
5.006868514E1,9.993533419E-1,2.641304519E-2,-2.201350522E-2,1.051925564E-2,4.121244736E0,3.002573716E0,-2.553614735E0,1.139216135E0
5.007865264E1,9.993454127E-1,2.661341815E-2,-2.176920762E-2,1.125050110E-2,4.146437474E0,3.023957095E0,-2.528065090E0,1.223262989E0
5.008860967E1,9.993608111E-1,2.573942842E-2,-2.208186428E-2,1.130674229E-2,4.097371941E0,2.923216347E0,-2.562981996E0,1.231024174E0
5.009857608E1,9.992734721E-1,2.877246014E-2,-2.120542323E-2,1.322888797E-2,4.368376531E0,3.267350857E0,-2.472581176E0,1.446401647E0
5.010854253E1,9.992527896E-1,2.967679908E-2,-2.058181455E-2,1.376731558E-2,4.430126479E0,3.370608590E0,-2.404264100E0,1.507947903E0
5.011850894E1,9.992690121E-1,2.866448421E-2,-2.136648076E-2,1.353744027E-2,4.381765958E0,3.253985836E0,-2.491880610E0,1.481525647E0
5.012847378E1,9.991930980E-1,2.972564490E-2,-2.253056204E-2,1.489673739E-2,4.603702361E0,3.370594673E0,-2.631396783E0,1.630856527E0
5.013844003E1,9.991747407E-1,2.941406825E-2,-2.376173843E-2,1.483340786E-2,4.655782889E0,3.333209585E0,-2.771726046E0,1.620400579E0
5.014840118E1,9.991436881E-1,2.959167098E-2,-2.503219852E-2,1.447800379E-2,4.742579434E0,3.352775120E0,-2.916375762E0,1.574991207E0
5.015836686E1,9.990690604E-1,3.143859468E-2,-2.566898809E-2,1.461951881E-2,4.944951900E0,3.563394714E0,-2.992739960E0,1.583599960E0
5.016834274E1,9.990762484E-1,3.116402042E-2,-2.654458701E-2,1.307052219E-2,4.925821358E0,3.535447713E0,-3.087145860E0,1.403771094E0
5.017830951E1,9.991393988E-1,2.984411797E-2,-2.709349252E-2,9.784328246E-3,4.754444194E0,3.393629875E0,-3.137042028E0,1.029177402E0
5.018827894E1,9.991695633E-1,2.989816963E-2,-2.688048964E-2,6.612306814E-3,4.670366524E0,3.409870407E0,-3.101888538E0,6.659813740E-1
5.019824592E1,9.991862332E-1,3.085767509E-2,-2.575744244E-2,3.351031961E-3,4.623246645E0,3.530208313E0,-2.962352571E0,2.930012350E-1
5.020818748E1,9.992119339E-1,3.074362141E-2,-2.510658039E-2,-2.466189251E-5,4.549644749E0,3.526920112E0,-2.875855434E0,-9.138841801E-2
5.021815191E1,9.992561489E-1,2.927896765E-2,-2.475737028E-2,-4.118691796E-3,4.420155672E0,3.370340256E0,-2.822197719E0,-5.553625163E-1
5.022813566E1,9.992579951E-1,2.859369056E-2,-2.481225964E-2,-7.086034672E-3,4.414666228E0,3.300127867E0,-2.819085022E0,-8.938148873E-1
5.023810201E1,9.992533142E-1,2.822054877E-2,-2.445020953E-2,-9.929850479E-3,4.428570855E0,3.264818777E0,-2.768661422E0,-1.217608240E0
5.024807566E1,9.992464986E-1,2.744105134E-2,-2.413628720E-2,-1.307147336E-2,4.448739102E0,3.183528986E0,-2.723652993E0,-1.574625491E0
5.025804279E1,9.992251320E-1,2.692983149E-2,-2.375785946E-2,-1.610850032E-2,4.511381187E0,3.132357732E0,-2.671598877E0,-1.920229113E0
5.026802915E1,9.991958206E-1,2.663814214E-2,-2.361269900E-2,-1.845432040E-2,4.595927918E0,3.104819069E0,-2.648250933E0,-2.187954513E0
5.027799821E1,9.991636826E-1,2.653247719E-2,-2.338408672E-2,-2.052187813E-2,4.686875958E0,3.097580984E0,-2.615891960E0,-2.424012467E0
5.028794154E1,9.991279008E-1,2.712248761E-2,-2.344149394E-2,-2.140805753E-2,4.786104143E0,3.167722595E0,-2.618229420E0,-2.527356633E0
5.029790795E1,9.991045845E-1,2.704436797E-2,-2.368375425E-2,-2.230944207E-2,4.849671755E0,3.161795243E0,-2.643327570E0,-2.631305556E0
5.030787508E1,9.990841032E-1,2.621675290E-2,-2.421113787E-2,-2.361053774E-2,4.904831138E0,3.071856728E0,-2.701921081E0,-2.780005852E0
5.031784154E1,9.990575442E-1,2.539120702E-2,-2.467279054E-2,-2.511102076E-2,4.975448475E0,2.982658874E0,-2.752624208E0,-2.951296142E0
5.032786764E1,9.990236089E-1,2.589502293E-2,-2.449742638E-2,-2.609890357E-2,5.064246973E0,3.042594904E0,-2.728043391E0,-3.065421010E0
5.033784014E1,9.989933317E-1,2.761037323E-2,-2.427298553E-2,-2.570627819E-2,5.142179915E0,3.237542525E0,-2.698344078E0,-3.024310677E0
5.034774363E1,9.989771078E-1,2.868541942E-2,-2.412392472E-2,-2.529666151E-2,5.183458054E0,3.359269291E0,-2.679394116E0,-2.979715737E0
5.035770915E1,9.989732232E-1,2.907117928E-2,-2.397749630E-2,-2.514846955E-2,5.193292874E0,3.402659026E0,-2.661977668E0,-2.963236861E0
5.036767149E1,9.989813152E-1,2.858642762E-2,-2.393969624E-2,-2.541729535E-2,5.172784726E0,3.347657724E0,-2.658185008E0,-2.992640433E0
5.037763665E1,9.989887379E-1,2.744618654E-2,-2.451668707E-2,-2.582906259E-2,5.153901329E0,3.219822151E0,-2.726358063E0,-3.038769275E0
5.038761805E1,9.989749389E-1,2.775882186E-2,-2.473634638E-2,-2.581922430E-2,5.188951348E0,3.256355056E0,-2.750598239E0,-3.039241846E0
5.039758488E1,9.989464803E-1,2.981533182E-2,-2.393781896E-2,-2.537629419E-2,5.260500810E0,3.488490615E0,-2.654431287E0,-2.991197764E0
5.040753774E1,9.989298070E-1,3.079299524E-2,-2.317589271E-2,-2.557166515E-2,5.301971770E0,3.598718100E0,-2.563542106E0,-3.013343074E0
5.041750316E1,9.989247740E-1,2.945269926E-2,-2.304548118E-2,-2.739963889E-2,5.314426781E0,3.449245970E0,-2.546341646E0,-3.219040569E0
5.042747712E1,9.988866308E-1,2.941735980E-2,-2.246226415E-2,-2.925003485E-2,5.407886141E0,3.447807452E0,-2.473286801E0,-3.429034213E0
5.043744337E1,9.988391859E-1,2.962211521E-2,-2.139470675E-2,-3.138594568E-2,5.521931174E0,3.472477932E0,-2.342921932E0,-3.670589251E0
5.044740243E1,9.987693205E-1,2.934636059E-2,-2.069675064E-2,-3.420935696E-2,5.685709450E0,3.444578815E0,-2.254294951E0,-3.991192503E0
5.045736795E1,9.986557938E-1,3.128433703E-2,-1.920601012E-2,-3.659269093E-2,5.942227031E0,3.665520638E0,-2.067154775E0,-4.263133234E0
5.046734436E1,9.985310302E-1,3.332148337E-2,-1.734769502E-2,-3.904507617E-2,6.211939815E0,3.895368229E0,-1.836205368E0,-4.540985138E0
5.047731092E1,9.984127277E-1,3.340818909E-2,-1.665419254E-2,-4.217292951E-2,6.457297707E0,3.907541493E0,-1.744219605E0,-4.896974100E0
5.048727982E1,9.982726559E-1,3.382453345E-2,-1.635193039E-2,-4.516879265E-2,6.736271662E0,3.958829317E0,-1.695729544E0,-5.239994983E0
5.049724665E1,9.981362982E-1,3.528518195E-2,-1.610312466E-2,-4.711237144E-2,6.997184281E0,4.128067906E0,-1.651578403E0,-5.464275733E0
5.050720436E1,9.980480091E-1,3.519793391E-2,-1.695756055E-2,-4.872081868E-2,7.161058036E0,4.125658811E0,-1.743159233E0,-5.652267944E0
5.051717024E1,9.979677049E-1,3.431555485E-2,-1.839993823E-2,-5.044150101E-2,7.306924060E0,4.036205307E0,-1.906194436E0,-5.854191432E0
5.052715134E1,9.978950581E-1,3.549297780E-2,-1.916441564E-2,-5.077821113E-2,7.436419697E0,4.176349444E0,-1.985329985E0,-5.898399046E0
5.053711873E1,9.978683749E-1,3.678962757E-2,-1.974473013E-2,-5.015351659E-2,7.483421556E0,4.327140937E0,-2.046755491E0,-5.831937644E0
5.054708415E1,9.978821554E-1,3.682962753E-2,-2.075075353E-2,-4.943873733E-2,7.459184521E0,4.336214456E0,-2.164690713E0,-5.754609390E0
5.055705139E1,9.978993486E-1,3.636690074E-2,-2.139636090E-2,-4.915825905E-2,7.428834434E0,4.286390559E0,-2.242405132E0,-5.724348886E0
5.056700170E1,9.979212076E-1,3.605155573E-2,-2.178139588E-2,-4.877621989E-2,7.390068314E0,4.251652555E0,-2.289880554E0,-5.681543406E0
5.057696717E1,9.979402439E-1,3.596408777E-2,-2.202123220E-2,-4.834169430E-2,7.356141968E0,4.242027264E0,-2.319658413E0,-5.632569595E0
5.058694149E1,9.979453436E-1,3.603654800E-2,-2.177344837E-2,-4.829467214E-2,7.347026696E0,4.248783583E0,-2.291105356E0,-5.626231867E0
5.059690785E1,9.979417079E-1,3.525301585E-2,-2.163486002E-2,-4.900515619E-2,7.353526289E0,4.159809639E0,-2.276702528E0,-5.705337161E0
5.060687680E1,9.978981669E-1,3.510823999E-2,-2.134381438E-2,-5.011089253E-2,7.430924275E0,4.143989090E0,-2.239649037E0,-5.830588771E0
5.061684347E1,9.978404311E-1,3.640799033E-2,-2.079750577E-2,-5.056081562E-2,7.532330154E0,4.290612405E0,-2.167646773E0,-5.882630444E0
5.062680269E1,9.978078907E-1,3.683594569E-2,-2.110412982E-2,-5.076555948E-2,7.588887126E0,4.341954471E0,-2.199307967E0,-5.908445686E0
5.063676858E1,9.977688565E-1,3.680738497E-2,-2.180782597E-2,-5.125372308E-2,7.656180403E0,4.344077723E0,-2.277838393E0,-5.967611948E0
5.064674186E1,9.977250555E-1,3.691250721E-2,-2.265388701E-2,-5.166218923E-2,7.730995029E0,4.362299248E0,-2.372192350E0,-6.018616602E0
5.065670842E1,9.976738168E-1,3.786196959E-2,-2.340316722E-2,-5.163059430E-2,7.817606482E0,4.475677919E0,-2.452308010E0,-6.020784289E0
5.066668045E1,9.976560402E-1,3.812511581E-2,-2.471003937E-2,-5.116947198E-2,7.847432134E0,4.512779006E0,-2.602269408E0,-5.974771961E0
5.067664764E1,9.976558253E-1,3.682774043E-2,-2.700368071E-2,-5.096442923E-2,7.847792109E0,4.377715652E0,-2.873266767E0,-5.958574883E0
5.068660332E1,9.976429331E-1,3.759279440E-2,-2.875361305E-2,-4.968490214E-2,7.869351036E0,4.472342347E0,-3.074596921E0,-5.822297567E0
5.069656930E1,9.976595958E-1,3.929788400E-2,-3.006755094E-2,-4.719056670E-2,7.841475646E0,4.667814373E0,-3.226620083E0,-5.547831056E0
5.070655066E1,9.976992921E-1,3.939273746E-2,-3.133315622E-2,-4.541550596E-2,7.774664772E0,4.680085568E0,-3.379204200E0,-5.350764663E0
5.071651816E1,9.977364448E-1,3.965474078E-2,-3.200656902E-2,-4.387559535E-2,7.711611269E0,4.708616606E0,-3.462112043E0,-5.178317872E0
5.072648399E1,9.977965296E-1,3.931007573E-2,-3.270687106E-2,-4.227367932E-2,7.608534436E0,4.667229305E0,-3.551520610E0,-4.996779910E0
5.073645134E1,9.978479607E-1,3.823202806E-2,-3.354460821E-2,-4.138258831E-2,7.519182753E0,4.544718963E0,-3.656838920E0,-4.894756863E0
5.074640665E1,9.978682296E-1,3.862459603E-2,-3.368437964E-2,-4.040420144E-2,7.483676757E0,4.586897532E0,-3.675406108E0,-4.784587455E0
5.075637274E1,9.979022525E-1,3.761260228E-2,-3.359918470E-2,-4.058917841E-2,7.423696044E0,4.471015100E0,-3.669671761E0,-4.801687981E0
5.076635243E1,9.978996205E-1,3.447435741E-2,-3.416655898E-2,-4.290119236E-2,7.428353357E0,4.122468266E0,-3.740151664E0,-5.058089174E0
5.077631988E1,9.978137265E-1,3.547969868E-2,-3.369069782E-2,-4.442853949E-2,7.578775271E0,4.240888972E0,-3.674114668E0,-5.235005787E0
5.078628326E1,9.977419912E-1,3.675701333E-2,-3.279320565E-2,-4.565574073E-2,7.702153974E0,4.386837407E0,-3.559324272E0,-5.376317151E0
5.079625029E1,9.976537270E-1,3.371883813E-2,-3.330290866E-2,-4.940644844E-2,7.851304921E0,4.054837069E0,-3.618782504E0,-5.798391486E0
5.080620326E1,9.974824153E-1,3.347090758E-2,-3.364517378E-2,-5.269280580E-2,8.133001028E0,4.040501767E0,-3.646104486E0,-6.176427730E0
5.081616884E1,9.973329768E-1,3.466089132E-2,-3.330528496E-2,-5.492098034E-2,8.371004902E0,4.182776225E0,-3.590537783E0,-6.435104993E0
5.082615191E1,9.971672088E-1,3.199562257E-2,-3.445907556E-2,-5.870613259E-2,8.627351368E0,3.899095518E0,-3.724914847E0,-6.865397698E0
5.083611925E1,9.969609267E-1,3.172801233E-2,-3.553379902E-2,-6.164083894E-2,8.936105009E0,3.887401343E0,-3.838257436E0,-7.206351855E0
5.084607196E1,9.968286659E-1,3.284828550E-2,-3.644482479E-2,-6.265281908E-2,9.128585050E0,4.026629741E0,-3.930272749E0,-7.331080363E0
5.085603785E1,9.967002378E-1,3.147766882E-2,-3.800586675E-2,-6.444646186E-2,9.311688576E0,3.888834135E0,-4.111845925E0,-7.538824832E0
5.086601222E1,9.965767106E-1,3.174104925E-2,-3.942679910E-2,-6.536737145E-2,9.484477402E0,3.934128865E0,-4.268702083E0,-7.652205445E0
5.087597894E1,9.965103657E-1,3.224399574E-2,-3.983892423E-2,-6.588077095E-2,9.575996125E0,3.997291580E0,-4.309914731E0,-7.715283085E0
5.088597217E1,9.964248588E-1,3.065954244E-2,-4.061811356E-2,-6.743635574E-2,9.692676073E0,3.828798200E0,-4.405265687E0,-7.890873858E0
5.089594154E1,9.963432267E-1,3.103826702E-2,-4.049856002E-2,-6.853223498E-2,9.802775949E0,3.876050938E0,-4.384350118E0,-8.018072382E0
5.090590665E1,9.963097552E-1,3.108607182E-2,-4.018859449E-2,-6.917661962E-2,9.847565069E0,3.881755284E0,-4.346024400E0,-8.091016132E0
5.091587555E1,9.962444104E-1,2.975704945E-2,-4.031267805E-2,-7.061501779E-2,9.934424249E0,3.736788560E0,-4.365575901E0,-8.251306674E0
5.092583508E1,9.961830160E-1,2.920816256E-2,-4.014547799E-2,-7.179570020E-2,1.001534782E1,3.677612646E0,-4.346640783E0,-8.384062369E0
5.093580305E1,9.961318054E-1,2.825223689E-2,-4.002734592E-2,-7.294552002E-2,1.008235245E1,3.572066607E0,-4.337035125E0,-8.511752123E0
5.094576706E1,9.960834748E-1,2.765070006E-2,-3.982649252E-2,-7.393916736E-2,1.014518412E1,3.505690263E0,-4.315706508E0,-8.622680900E0
5.095573467E1,9.961046191E-1,2.849848639E-2,-3.938524751E-2,-7.356783561E-2,1.011774367E1,3.597284075E0,-4.259308705E0,-8.581697361E0
5.096570628E1,9.961573237E-1,2.808839919E-2,-3.879866630E-2,-7.332320069E-2,1.004901966E1,3.544076092E0,-4.196661663E0,-8.549341589E0
5.097567425E1,9.962145720E-1,2.705077885E-2,-3.837749164E-2,-7.315702256E-2,9.973835773E0,3.420812598E0,-4.157966458E0,-8.524169831E0
5.098563482E1,9.963319525E-1,2.756754205E-2,-3.748229537E-2,-7.181746772E-2,9.817885080E0,3.466679142E0,-4.055914480E0,-8.368502450E0
5.099560206E1,9.965125665E-1,2.713150166E-2,-3.685189763E-2,-6.977481023E-2,9.572974256E0,3.403114421E0,-3.994491572E0,-8.129222586E0
5.100557014E1,9.967002588E-1,2.564719353E-2,-3.677539415E-2,-6.766377083E-2,9.311658863E0,3.223967890E0,-4.004643364E0,-7.880192720E0
5.101553743E1,9.969315808E-1,2.616140653E-2,-3.605602292E-2,-6.436588623E-2,8.979167790E0,3.264052294E0,-3.929155999E0,-7.500227447E0
5.102550727E1,9.972063340E-1,2.664364365E-2,-3.492125828E-2,-6.041646569E-2,8.567537658E0,3.295466302E0,-3.808847053E0,-7.043743175E0
5.103547477E1,9.974722743E-1,2.623250355E-2,-3.397586339E-2,-5.662648190E-2,8.149371594E0,3.227379430E0,-3.715889664E0,-6.603104948E0
5.104541769E1,9.977454591E-1,2.649360722E-2,-3.267177899E-2,-5.229380847E-2,7.696234815E0,3.232899581E0,-3.579035340E0,-6.101511993E0
5.105538269E1,9.980226147E-1,2.587797196E-2,-3.151700904E-2,-4.783167732E-2,7.207503666E0,3.139588073E0,-3.464712973E0,-5.582746227E0
5.106536373E1,9.982769323E-1,2.449344714E-2,-3.077696976E-2,-4.354326252E-2,6.727925629E0,2.962005617E0,-3.400485298E0,-5.083078896E0
5.107533040E1,9.984989229E-1,2.428532501E-2,-2.975311637E-2,-3.904966150E-2,6.279476931E0,2.917944236E0,-3.297487134E0,-4.563214087E0
5.108528623E1,9.987067096E-1,2.436283786E-2,-2.888862919E-2,-3.401187166E-2,5.828576057E0,2.906570662E0,-3.212841707E0,-3.982544141E0
5.109525175E1,9.988904705E-1,2.268863069E-2,-2.857241117E-2,-2.977702759E-2,5.398551180E0,2.699728615E0,-3.194761514E0,-3.490275486E0
5.110521670E1,9.990285233E-1,2.204970216E-2,-2.804400534E-2,-2.587187707E-2,5.051484033E0,2.612239227E0,-3.146695246E0,-3.038681321E0
5.111518217E1,9.991424317E-1,2.300533565E-2,-2.722298172E-2,-2.107284703E-2,4.746057712E0,2.704559771E0,-3.062754513E0,-2.488801700E0
5.112515904E1,9.992429438E-1,2.186672069E-2,-2.729011431E-2,-1.704803506E-2,4.459222014E0,2.561718834E0,-3.083619706E0,-2.023814439E0
5.113512561E1,9.993091379E-1,2.076601048E-2,-2.757201273E-2,-1.377692822E-2,4.259791118E0,2.425827417E0,-3.126104199E0,-1.645914896E0
5.114508082E1,9.993328412E-1,2.160504665E-2,-2.791030864E-2,-9.386644675E-3,4.186068959E0,2.508775561E0,-3.174536943E0,-1.145846338E0
5.115504623E1,9.993434614E-1,2.263442135E-2,-2.776161812E-2,-5.442577318E-3,4.152613540E0,2.614222210E0,-3.166653907E0,-6.963500269E-1
5.116501982E1,9.993521864E-1,2.302993362E-2,-2.756246851E-2,-2.267183656E-3,4.124925610E0,2.649437891E0,-3.151986597E0,-3.328756010E-1
5.117498608E1,9.993905171E-1,2.098063898E-2,-2.788645407E-2,-8.676602196E-4,4.001017542E0,2.409962595E0,-3.193171314E0,-1.666696709E-1
5.118495587E1,9.993873508E-1,2.074024620E-2,-2.819101518E-2,1.784748848E-4,4.011397744E0,2.379087888E0,-3.230608962E0,-4.663531009E-2
5.119492243E1,9.993384604E-1,2.255381813E-2,-2.843802648E-2,2.290297226E-3,4.168400958E0,2.580361306E0,-3.264286837E0,1.890848113E-1
5.120488410E1,9.993278052E-1,2.149025972E-2,-2.952303321E-2,3.239905272E-3,4.201840166E0,2.455033844E0,-3.390773806E0,2.988372494E-1
5.121485014E1,9.993406686E-1,1.893754605E-2,-3.089142246E-2,2.305957428E-3,4.161437425E0,2.165146066E0,-3.544827441E0,1.974101734E-1
5.122480977E1,9.993330397E-1,1.870873732E-2,-3.133172586E-2,1.334895806E-3,4.185446278E0,2.142350371E0,-3.593173318E0,8.586365108E-2
5.123477519E1,9.993113857E-1,1.979579360E-2,-3.136713256E-2,9.919812450E-4,4.252855040E0,2.268362059E0,-3.596545129E0,4.252398386E-2
5.124475925E1,9.992939122E-1,2.017401498E-2,-3.169327537E-2,4.717321649E-4,4.306481132E0,2.313702751E0,-3.632741450E0,-1.928802169E-2
5.125472654E1,9.992790359E-1,2.042553820E-2,-3.199938808E-2,-4.948937333E-4,4.351615704E0,2.346175496E0,-3.665557718E0,-1.318371670E-1
5.126469305E1,9.992565944E-1,2.187809680E-2,-3.172185643E-2,-1.153816511E-3,4.418831632E0,2.515233363E0,-3.631893724E0,-2.120738779E-1
5.127466029E1,9.992880453E-1,1.797908509E-2,-3.299126537E-2,-3.425105256E-3,4.324337320E0,2.076689175E0,-3.773499755E0,-4.611838268E-1
5.128461154E1,9.992677940E-1,1.579395004E-2,-3.416249478E-2,-6.881203743E-3,4.385415733E0,1.840048144E0,-3.902429709E0,-8.517858648E-1
5.129457712E1,9.992028065E-1,2.074560088E-2,-3.329974939E-2,-7.382287788E-3,4.575919229E0,2.409546136E0,-3.798059465E0,-9.265111777E-1
5.130456332E1,9.992139818E-1,1.950636815E-2,-3.311802256E-2,-9.701380680E-3,4.543728591E0,2.275855469E0,-3.773104205E0,-1.187508880E0
5.131453097E1,9.991763517E-1,1.473101138E-2,-3.447231828E-2,-1.553302446E-2,4.651235741E0,1.752398673E0,-3.923828996E0,-1.841310809E0
5.132449597E1,9.990715374E-1,1.852601930E-2,-3.364615306E-2,-1.951374176E-2,4.938367856E0,2.201605838E0,-3.813373890E0,-2.311204640E0
5.133446337E1,9.989778142E-1,2.278158680E-2,-3.277519178E-2,-2.121586243E-2,5.181667555E0,2.694194448E0,-3.699104813E0,-2.520297539E0
5.134442118E1,9.988871331E-1,2.185774256E-2,-3.350652491E-2,-2.498093758E-2,5.406665810E0,2.604388252E0,-3.775453525E0,-2.951049326E0
5.135438758E1,9.987380135E-1,2.406564847E-2,-3.364043242E-2,-2.848765070E-2,5.757589031E0,2.871484271E0,-3.774212689E0,-3.362313029E0
5.136436951E1,9.986113812E-1,2.658434527E-2,-3.315102020E-2,-3.113826883E-2,6.039617224E0,3.168620944E0,-3.701267901E0,-3.674394183E0
5.137433743E1,9.984880342E-1,2.492495983E-2,-3.346428625E-2,-3.578454339E-2,6.302216949E0,2.996804689E0,-3.729352068E0,-4.202645941E0
5.138428930E1,9.983054641E-1,2.422358502E-2,-3.404204301E-2,-4.050379779E-2,6.671974267E0,2.936804740E0,-3.784640912E0,-4.743774117E0
5.139425561E1,9.981355764E-1,2.317363476E-2,-3.475778327E-2,-4.450000347E-2,6.998539567E0,2.835380603E0,-3.860272619E0,-5.201040748E0
5.140421925E1,9.979083960E-1,1.930302144E-2,-3.647246848E-2,-4.975927606E-2,7.412813643E0,2.422112558E0,-4.064036565E0,-5.795165741E0
5.141418529E1,9.976440037E-1,1.984867532E-2,-3.744856487E-2,-5.394512888E-2,7.867563010E0,2.508039454E0,-4.162141126E0,-6.281376853E0
5.142415852E1,9.974254789E-1,2.050507291E-2,-3.790016215E-2,-5.731957585E-2,8.224491847E0,2.600477113E0,-4.200936061E0,-6.673451312E0
5.143412529E1,9.971154550E-1,1.726346993E-2,-3.947529093E-2,-6.248554525E-2,8.705841054E0,2.262424517E0,-4.391172405E0,-7.258402307E0
5.144409295E1,9.967840909E-1,1.654495819E-2,-4.048516645E-2,-6.714679354E-2,9.192549304E0,2.208685764E0,-4.501664542E0,-7.794458052E0
5.145405977E1,9.965132015E-1,1.627120802E-2,-4.103825507E-2,-7.079935421E-2,9.572102060E0,2.198479330E0,-4.559041384E0,-8.215262425E0
5.146402446E1,9.962134452E-1,1.516200161E-2,-4.193848971E-2,-7.463275638E-2,9.975321058E0,2.096935801E0,-4.663075850E0,-8.654171208E0
5.147399102E1,9.960290029E-1,1.606796074E-2,-4.357116267E-2,-7.595788134E-2,1.021553766E1,2.221663500E0,-4.838953530E0,-8.815835583E0
5.148396436E1,9.958930098E-1,1.616309711E-2,-4.394210494E-2,-7.749166852E-2,1.038910671E1,2.243442582E0,-4.877074866E0,-8.994132886E0
5.149393165E1,9.957952770E-1,1.717393663E-2,-4.389714481E-2,-7.854847487E-2,1.051207893E1,2.363999942E0,-4.860336030E0,-9.120663340E0
5.150389654E1,9.958462959E-1,1.973195337E-2,-4.326847506E-2,-7.764434299E-2,1.044806450E1,2.646795303E0,-4.767543976E0,-9.026661121E0
5.151386352E1,9.959036874E-1,1.706590935E-2,-4.357625681E-2,-7.736736990E-2,1.037558354E1,2.342891616E0,-4.827425522E0,-8.983041417E0
5.152382394E1,9.958358181E-1,1.278695001E-2,-4.463733800E-2,-7.845396995E-2,1.046124312E1,1.867866884E0,-4.985092563E0,-9.090464505E0
5.153379029E1,9.959000743E-1,1.303966410E-2,-4.407924400E-2,-7.791039338E-2,1.038016152E1,1.888944047E0,-4.920027948E0,-9.027566114E0
5.154375686E1,9.960597383E-1,1.231727413E-2,-4.371520093E-2,-7.617259204E-2,1.017590087E1,1.794290512E0,-4.888067776E0,-8.822832793E0
5.155372321E1,9.961706362E-1,1.117696931E-2,-4.383393997E-2,-7.481794288E-2,1.003158655E1,1.658016894E0,-4.913960801E0,-8.661482283E0
5.156370227E1,9.963270911E-1,1.147802114E-2,-4.339815017E-2,-7.291901767E-2,9.824392863E0,1.679373401E0,-4.864729670E0,-8.443123143E0
5.157366993E1,9.964959486E-1,1.125430420E-2,-4.283198089E-2,-7.095482040E-2,9.595768442E0,1.639373187E0,-4.805108853E0,-8.214454729E0
5.158362248E1,9.966440017E-1,1.093970254E-2,-4.253143772E-2,-6.908063093E-2,9.390744483E0,1.591803605E0,-4.776318261E0,-7.996420735E0
5.159358858E1,9.968494333E-1,1.270644395E-2,-4.193312767E-2,-6.611630936E-2,9.098630993E0,1.775415520E0,-4.699040744E0,-7.662051772E0
5.160356321E1,9.970821470E-1,1.338039604E-2,-4.149856810E-2,-6.265800785E-2,8.755984540E0,1.833116319E0,-4.650542514E0,-7.266075541E0
5.161353014E1,9.972726869E-1,1.249162749E-2,-4.128507040E-2,-5.988898238E-2,8.465134854E0,1.716737074E0,-4.637352099E0,-6.942802420E0
5.162350040E1,9.974708148E-1,1.222391405E-2,-4.082880259E-2,-5.688196966E-2,8.151725005E0,1.668937141E0,-4.592039684E0,-6.594571325E0
5.163346769E1,9.976745329E-1,1.106191634E-2,-4.052464940E-2,-5.367413893E-2,7.816402637E0,1.518911431E0,-4.569789772E0,-6.219610333E0
5.164343316E1,9.978240362E-1,9.183547173E-3,-4.078382573E-2,-5.098563325E-2,7.560878182E0,1.292647160E0,-4.614645197E0,-5.902261957E0
5.165340019E1,9.979795515E-1,1.043747379E-2,-4.037925204E-2,-4.793109541E-2,7.285588978E0,1.420063195E0,-4.565273868E0,-5.556000333E0
5.166336920E1,9.981546452E-1,1.143113890E-2,-3.943057013E-2,-4.474218816E-2,6.962646875E0,1.514411674E0,-4.455954601E0,-5.192041598E0
5.167333649E1,9.982340109E-1,6.983294622E-3,-4.011136334E-2,-4.325704202E-2,6.811230441E0,1.000857862E0,-4.558498624E0,-5.002393072E0
5.168330014E1,9.982592584E-1,5.174774691E-3,-4.081970542E-2,-4.225430660E-2,6.762352461E0,7.922339674E-1,-4.649496279E0,-4.879699221E0
5.169326701E1,9.983916616E-1,8.406576740E-3,-4.008431553E-2,-3.920034578E-2,6.500018050E0,1.145524196E0,-4.552964155E0,-4.542494729E0
5.170322295E1,9.985080124E-1,8.698024482E-3,-3.989022505E-2,-3.626104656E-2,6.260431169E0,1.164708298E0,-4.532847912E0,-4.205688218E0
5.171318873E1,9.985577526E-1,6.724542354E-3,-4.036815207E-2,-3.475064720E-2,6.155165198E0,9.332594861E-1,-4.597331378E0,-4.023736246E0
5.172317243E1,9.985973629E-1,5.442664108E-3,-4.070671691E-2,-3.341627612E-2,6.070033255E0,7.812708818E-1,-4.642339927E0,-3.864840089E0
5.173314003E1,9.986544189E-1,5.671652633E-3,-4.084036173E-2,-3.145232658E-2,5.945265822E0,7.989094985E-1,-4.658352316E0,-3.640330333E0
5.174310738E1,9.987170177E-1,6.347909887E-3,-4.084038697E-2,-2.925893782E-2,5.805296509E0,8.663083083E-1,-4.657804516E0,-3.391407398E0
5.175307488E1,9.987813623E-1,6.901068113E-3,-4.063919295E-2,-2.714077343E-2,5.657818937E0,9.192779435E-1,-4.634823494E0,-3.150334767E0
5.176302087E1,9.988171224E-1,5.832990017E-3,-4.092564794E-2,-2.560124044E-2,5.574171720E0,7.903350732E-1,-4.672250775E0,-2.968760168E0
5.177298623E1,9.988570633E-1,6.014152192E-3,-4.081854449E-2,-2.412972064E-2,5.479236934E0,8.039337434E-1,-4.660623076E0,-2.800403768E0
5.178297717E1,9.989113506E-1,6.795867794E-3,-4.056702992E-2,-2.200558738E-2,5.347503149E0,8.831158637E-1,-4.631483858E0,-2.559707839E0
5.179294508E1,9.989423066E-1,5.503622519E-3,-4.072283908E-2,-2.063077043E-2,5.270912646E0,7.286968426E-1,-4.653661707E0,-2.395888593E0
5.180289410E1,9.989546967E-1,4.758326125E-3,-4.098516464E-2,-1.967456493E-2,5.239943687E0,6.392468026E-1,-4.686139563E0,-2.282762856E0
5.181286009E1,9.989997200E-1,6.697318426E-3,-4.051904447E-2,-1.768932742E-2,5.125834929E0,8.516328170E-1,-4.629957493E0,-2.063293970E0
5.182282514E1,9.990341190E-1,5.917468554E-3,-4.025519263E-2,-1.659313669E-2,5.036912528E0,7.564403207E-1,-4.602145119E0,-1.933493155E0
5.183279102E1,9.990550402E-1,5.603450032E-3,-3.996954979E-2,-1.612647151E-2,4.982054765E0,7.176640240E-1,-4.570335182E0,-1.878183440E0
5.184275592E1,9.990821267E-1,5.642728808E-3,-3.961666338E-2,-1.528344631E-2,4.910121313E0,7.176593778E-1,-4.530405217E0,-1.781214219E0
5.185272170E1,9.990868991E-1,5.232878228E-3,-3.982410044E-2,-1.456111544E-2,4.897337859E0,6.676701079E-1,-4.555405191E0,-1.696544113E0
5.186267826E1,9.990991891E-1,5.575637816E-3,-3.956847747E-2,-1.428489631E-2,4.864263103E0,7.053332191E-1,-4.525706781E0,-1.666164245E0
5.187264311E1,9.991215333E-1,6.907879078E-3,-3.895150335E-2,-1.382835258E-2,4.803547405E0,8.552257201E-1,-4.453128094E0,-1.619156649E0
5.188262545E1,9.991397071E-1,6.973331162E-3,-3.847315967E-2,-1.382151608E-2,4.753592309E0,8.619029039E-1,-4.398180129E0,-1.618189586E0
5.189259201E1,9.991559955E-1,8.764821148E-3,-3.776208559E-2,-1.358305952E-2,4.708369778E0,1.065383335E0,-4.313996517E0,-1.597851119E0
5.190254436E1,9.991881802E-1,9.633072354E-3,-3.676390539E-2,-1.336412170E-2,4.617711901E0,1.162472486E0,-4.198417093E0,-1.575179712E0
5.191250951E1,9.991732761E-1,4.803671764E-3,-3.725765246E-2,-1.554208597E-2,4.659912930E0,6.180813071E-1,-4.261254872E0,-1.805316811E0
5.192251441E1,9.991428508E-1,4.743159899E-3,-3.733429929E-2,-1.723995814E-2,4.744897720E0,6.185443017E-1,-4.269107205E0,-2.000107037E0
5.193248358E1,9.991447180E-1,7.485593190E-3,-3.681084792E-2,-1.728467089E-2,4.739726136E0,9.325121301E-1,-4.203548088E0,-2.016398486E0
5.194243540E1,9.991209223E-1,7.184421667E-3,-3.696085890E-2,-1.842990911E-2,4.805217712E0,9.030945284E-1,-4.220321574E0,-2.146806523E0
5.195240279E1,9.990879056E-1,8.112870954E-3,-3.682940255E-2,-2.002831231E-2,4.894637500E0,1.016128931E0,-4.201634454E0,-2.334138370E0
5.196234696E1,9.990585448E-1,7.810687663E-3,-3.658750660E-2,-2.196296094E-2,4.972806286E0,9.889489972E-1,-4.172702126E0,-2.554764000E0
5.197231201E1,9.989676424E-1,5.209452097E-3,-3.766472710E-2,-2.485717892E-2,5.207389598E0,7.056328239E-1,-4.300803020E0,-2.877274549E0
5.198230165E1,9.989047976E-1,7.226084904E-3,-3.770735001E-2,-2.674219127E-2,5.363576323E0,9.453945499E-1,-4.298097938E0,-3.102533928E0
5.199226915E1,9.988609517E-1,9.069938826E-3,-3.742988435E-2,-2.816982509E-2,5.469906711E0,1.162268060E0,-4.258906100E0,-3.274067069E0
5.200222066E1,9.987970529E-1,1.038210776E-2,-3.701466368E-2,-3.043967058E-2,5.621269780E0,1.321053946E0,-4.204022720E0,-3.539739197E0
5.201218654E1,9.987421608E-1,1.318055204E-2,-3.639079950E-2,-3.187599503E-2,5.748118687E0,1.645885206E0,-4.120238540E0,-3.715288022E0
5.202216863E1,9.986992650E-1,1.255709182E-2,-3.626736119E-2,-3.356748619E-2,5.845331319E0,1.580826342E0,-4.105739105E0,-3.906778824E0
5.203213618E1,9.985742293E-1,6.416993204E-3,-3.745591903E-2,-3.748846374E-2,6.119896581E0,8.977098342E-1,-4.262376464E0,-4.333383324E0
5.204210686E1,9.984466239E-1,5.569504628E-3,-3.811850382E-2,-4.025294352E-2,6.387959687E0,8.154193848E-1,-4.339731656E0,-4.648219666E0
5.205207467E1,9.984127508E-1,7.175050509E-3,-3.775800182E-2,-4.116832614E-2,6.457250753E0,1.001878194E0,-4.290039487E0,-4.759893807E0
5.206205212E1,9.983701295E-1,6.231814453E-3,-3.749807599E-2,-4.256927579E-2,6.543395571E0,8.983908478E-1,-4.263493716E0,-4.916527123E0
5.207202092E1,9.982830145E-1,4.346428952E-3,-3.762368674E-2,-4.468321617E-2,6.716037386E0,6.918053670E-1,-4.285694544E0,-5.151590536E0
5.208196087E1,9.982529653E-1,4.037763661E-3,-3.719544405E-2,-4.572977885E-2,6.774568506E0,6.586135238E-1,-4.237540812E0,-5.270116736E0
5.209192675E1,9.982143446E-1,1.588461979E-3,-3.746167589E-2,-4.649969822E-2,6.849062073E0,3.823823489E-1,-4.280643479E0,-5.348439523E0
5.210191706E1,9.982355442E-1,2.688178625E-3,-3.716734586E-2,-4.622943280E-2,6.808272032E0,5.057847718E-1,-4.241180627E0,-5.321805883E0
5.211188540E1,9.983499019E-1,5.756959757E-3,-3.604810197E-2,-4.432680007E-2,6.583885200E0,8.439042543E-1,-4.098243320E0,-5.114727956E0
5.212183566E1,9.984390858E-1,5.362811154E-3,-3.538499534E-2,-4.287813245E-2,6.403444424E0,7.894092586E-1,-4.025453389E0,-4.945874325E0
5.213180212E1,9.984833995E-1,3.803731199E-3,-3.519791642E-2,-4.216087326E-2,6.311871175E0,6.067637981E-1,-4.012168386E0,-4.856999227E0
5.214176904E1,9.985801451E-1,4.999762082E-3,-3.467409594E-2,-4.012982941E-2,6.107183985E0,7.333273249E-1,-3.947848586E0,-4.627876168E0
5.215173555E1,9.986876576E-1,5.442890707E-3,-3.414878504E-2,-3.777827285E-2,5.871359953E0,7.725241420E-1,-3.887446372E0,-4.358911885E0
5.216170545E1,9.987880008E-1,7.611553930E-3,-3.309956344E-2,-3.562320335E-2,5.642384360E0,1.008501763E0,-3.759960396E0,-4.118443749E0
5.217167227E1,9.988959165E-1,9.899503731E-3,-3.190061973E-2,-3.303480474E-2,5.385283309E0,1.256509829E0,-3.616431867E0,-3.827982567E0
5.218163206E1,9.989548780E-1,6.190600246E-3,-3.223762756E-2,-3.180508771E-2,5.239489292E0,8.278689268E-1,-3.670246500E0,-3.673700890E0
5.219159816E1,9.989736829E-1,4.376063809E-3,-3.273295623E-2,-3.099975004E-2,5.192130000E0,6.185481087E-1,-3.734168694E0,-3.574982289E0
5.220158170E1,9.990755966E-1,9.628020457E-3,-3.156432957E-2,-2.754898432E-2,4.927559155E0,1.204360911E0,-3.585607598E0,-3.196700046E0
5.221154956E1,9.991793649E-1,1.057792543E-2,-3.089661721E-2,-2.396045414E-2,4.642718833E0,1.298525869E0,-3.510739066E0,-2.787191352E0
5.222152910E1,9.992290294E-1,6.621453049E-3,-3.138834661E-2,-2.263349121E-2,4.500020060E0,8.412577765E-1,-3.579220539E0,-2.621449776E0
5.223149816E1,9.992658518E-1,7.251213384E-3,-3.120902570E-2,-2.100414398E-2,4.391228851E0,9.072217589E-1,-3.558499742E0,-2.436493585E0
5.224145748E1,9.993242008E-1,8.416847975E-3,-3.073883989E-2,-1.831453197E-2,4.213091803E0,1.030341465E0,-3.504551621E0,-2.131396537E0
5.225142550E1,9.993528191E-1,7.429268432E-3,-3.095880696E-2,-1.674219997E-2,4.122910497E0,9.119473307E-1,-3.533307901E0,-1.947706080E0
5.226137472E1,9.993771494E-1,9.052104292E-3,-3.061573494E-2,-1.503494224E-2,4.044660952E0,1.091489068E0,-3.492686707E0,-1.757100480E0
5.227134087E1,9.993980442E-1,6.780980310E-3,-3.092649151E-2,-1.418166440E-2,3.976231874E0,8.284372509E-1,-3.533000307E0,-1.651519021E0
5.228128649E1,9.993903240E-1,5.653991895E-3,-3.133269048E-2,-1.432742606E-2,4.001651242E0,7.003318648E-1,-3.581321668E0,-1.664585957E0
5.229125050E1,9.994046923E-1,8.498104245E-3,-3.067658786E-2,-1.330376780E-2,3.954211836E0,1.021960614E0,-3.502410840E0,-1.556563557E0
5.230127321E1,9.994056437E-1,7.340665509E-3,-3.116976307E-2,-1.276400249E-2,3.951050305E0,8.880189575E-1,-3.561224570E0,-1.491044121E0
5.231124321E1,9.993822140E-1,7.042304331E-3,-3.188868723E-2,-1.298876443E-2,4.028181521E0,8.557150125E-1,-3.643891008E0,-1.516459518E0
5.232118842E1,9.993699754E-1,8.018950909E-3,-3.194333751E-2,-1.322769597E-2,4.067889931E0,9.687537508E-1,-3.648440812E0,-1.547504296E0
5.233115587E1,9.993466303E-1,7.087907121E-3,-3.227834435E-2,-1.463497998E-2,4.142578836E0,8.676448709E-1,-3.687066591E0,-1.705948943E0
5.234111779E1,9.993047502E-1,8.208482705E-3,-3.252431095E-2,-1.627286932E-2,4.273298530E0,1.002772525E0,-3.711709240E0,-1.898358678E0
5.235108472E1,9.992589574E-1,8.426238785E-3,-3.281796582E-2,-1.826241048E-2,4.411802176E0,1.035804710E0,-3.742902876E0,-2.127882345E0
5.236106373E1,9.991772123E-1,6.249900809E-3,-3.357613356E-2,-2.187419421E-2,4.648804660E0,8.015762463E-1,-3.831564981E0,-2.535073958E0
5.237103180E1,9.990917739E-1,8.512292097E-3,-3.350207551E-2,-2.491543990E-2,4.884245559E0,1.072640906E0,-3.814081184E0,-2.892818506E0
5.238097691E1,9.990194518E-1,1.195760163E-2,-3.306087003E-2,-2.690965733E-2,5.075018195E0,1.474163349E0,-3.750587127E0,-3.134169342E0
5.239094269E1,9.989207513E-1,1.077251037E-2,-3.367753442E-2,-3.011825701E-2,5.324360696E0,1.352468850E0,-3.820647893E0,-3.499092547E0
5.240088503E1,9.987754665E-1,1.013934952E-2,-3.419076159E-2,-3.428925426E-2,5.671491571E0,1.297885329E0,-3.876291187E0,-3.976454212E0
5.241084837E1,9.986520109E-1,1.218918458E-2,-3.368583177E-2,-3.756127898E-2,5.950584361E0,1.543474570E0,-3.805240588E0,-4.359260779E0
5.242083785E1,9.985176699E-1,9.883109989E-3,-3.446474347E-2,-4.095080655E-2,6.240131709E0,1.295682887E0,-3.900148015E0,-4.741068688E0
5.243080389E1,9.983192413E-1,6.496833208E-3,-3.573418440E-2,-4.516139518E-2,6.644788368E0,9.305328541E-1,-4.057722722E0,-5.213260635E0
5.244078811E1,9.982413964E-1,1.138352283E-2,-3.473754086E-2,-4.666725960E-2,6.796968665E0,1.491576841E0,-3.915800888E0,-5.404190086E0
5.245075597E1,9.982350426E-1,1.455001414E-2,-3.318120117E-2,-4.705427350E-2,6.809239868E0,1.847491365E0,-3.719733142E0,-5.457558059E0
5.246072493E1,9.981714824E-1,9.132896967E-3,-3.322310761E-2,-4.966394161E-2,6.930800536E0,1.236458529E0,-3.750828931E0,-5.737283957E0
5.247069290E1,9.979654865E-1,6.246245690E-3,-3.358426100E-2,-5.383279352E-2,7.310912345E0,9.235604655E-1,-3.804907336E0,-6.206052654E0
5.248065430E1,9.978628479E-1,9.773815257E-3,-3.322407198E-2,-5.541092248E-2,7.493120502E0,1.331518265E0,-3.739656235E0,-6.400165863E0
5.249062160E1,9.979024366E-1,1.273150882E-2,-3.215870138E-2,-5.472160150E-2,7.423370188E0,1.661028406E0,-3.599919414E0,-6.329729478E0
5.250060045E1,9.979232039E-1,8.819532005E-3,-3.284294473E-2,-5.470681791E-2,7.386517729E0,1.217067733E0,-3.702996399E0,-6.315048584E0
5.251056889E1,9.978338002E-1,4.179760648E-3,-3.388542818E-2,-5.623179241E-2,7.543889305E0,6.978674729E-1,-3.850537455E0,-6.474313423E0
5.252053066E1,9.978824437E-1,7.231903848E-3,-3.334467296E-2,-5.537563538E-2,7.458676650E0,1.040860811E0,-3.769755460E0,-6.386785357E0
5.253049842E1,9.979913956E-1,8.722094875E-3,-3.254018518E-2,-5.364919084E-2,7.264195926E0,1.200068521E0,-3.670229134E0,-6.192645319E0
5.254044712E1,9.979967344E-1,5.313958867E-3,-3.274440864E-2,-5.387099053E-2,7.254532274E0,8.115834974E-1,-3.714513660E0,-6.205872204E0
5.255041290E1,9.980235667E-1,6.085132783E-3,-3.241762894E-2,-5.348858535E-2,7.205767751E0,8.965030154E-1,-3.672661292E0,-6.164351882E0
5.256044347E1,9.981218971E-1,6.595896862E-3,-3.173619929E-2,-5.198063483E-2,7.024174882E0,9.453535100E-1,-3.592936046E0,-5.992014892E0
5.257041587E1,9.981829880E-1,5.062207942E-3,-3.206842207E-2,-5.076133116E-2,6.908953989E0,7.671399156E-1,-3.641097689E0,-5.846777015E0
5.258036842E1,9.982583253E-1,5.695133632E-3,-3.198327027E-2,-4.924380063E-2,6.764165179E0,8.336576741E-1,-3.628918097E0,-5.674600468E0
5.259033873E1,9.983042945E-1,3.952920319E-3,-3.199664346E-2,-4.846777089E-2,6.674277034E0,6.311991390E-1,-3.640823076E0,-5.579127855E0
5.260026243E1,9.983247863E-1,2.763627100E-3,-3.225229262E-2,-4.795594982E-2,6.633815453E0,4.944192643E-1,-3.676985502E0,-5.516210658E0
5.261022800E1,9.983602016E-1,2.588540617E-3,-3.211128350E-2,-4.731884152E-2,6.563299420E0,4.712242944E-1,-3.662105069E0,-5.442249014E0
5.262018311E1,9.983811024E-1,2.353024513E-3,-3.193161463E-2,-4.701073957E-2,6.521326178E0,4.421146485E-1,-3.642947982E0,-5.405846580E0
5.263014764E1,9.983696818E-1,1.909264668E-3,-3.189868752E-2,-4.729489316E-2,6.544294519E0,3.921016067E-1,-3.641464560E0,-5.436854763E0
5.264011378E1,9.983808331E-1,3.963818970E-3,-3.182114235E-2,-4.698313619E-2,6.521868652E0,6.260683583E-1,-3.621600555E0,-5.408420162E0
5.265007847E1,9.983542905E-1,3.660560378E-3,-3.222701351E-2,-4.729408585E-2,6.575121665E0,5.946632327E-1,-3.669535907E0,-5.443430877E0
5.266004904E1,9.982312167E-1,2.769426284E-3,-3.321953059E-2,-4.922632562E-2,6.816618353E0,5.052902010E-1,-3.787079401E0,-5.663047909E0
5.267001436E1,9.980846982E-1,3.006786792E-3,-3.383521255E-2,-5.170176843E-2,7.093418391E0,5.455947284E-1,-3.854897384E0,-5.949015577E0
5.268000061E1,9.979848124E-1,5.983329079E-3,-3.422183410E-2,-5.309783423E-2,7.276094360E0,8.945690926E-1,-3.880190011E0,-6.121409953E0
5.268996800E1,9.978869818E-1,7.980584034E-3,-3.458929758E-2,-5.441931961E-2,7.450677203E0,1.130977638E0,-3.908530108E0,-6.281607312E0
5.269991227E1,9.977266612E-1,7.258450189E-3,-3.517671158E-2,-5.702125374E-2,7.728265196E0,1.062335892E0,-3.977556759E0,-6.578816539E0
5.270987732E1,9.975471076E-1,7.945738124E-3,-3.586298480E-2,-5.958590132E-2,8.027784129E0,1.156118434E0,-4.048629482E0,-6.877572807E0
5.271983519E1,9.974061766E-1,8.941117979E-3,-3.616742878E-2,-6.158646327E-2,8.255278880E0,1.280505174E0,-4.074064180E0,-7.112216796E0
5.272979951E1,9.972313366E-1,8.114349233E-3,-3.706102167E-2,-6.395544834E-2,8.529095167E0,1.202157405E0,-4.179359242E0,-7.382916681E0
5.273977514E1,9.970780892E-1,9.540596282E-3,-3.761454709E-2,-6.579822947E-2,8.762073873E0,1.377572300E0,-4.229620417E0,-7.601941055E0
5.274974055E1,9.970021621E-1,1.131803333E-2,-3.784071879E-2,-6.653323074E-2,8.875242952E0,1.586110920E0,-4.240808375E0,-7.694479311E0
5.275970550E1,9.968996144E-1,1.069445756E-2,-3.850963239E-2,-6.777754458E-2,9.025842486E0,1.525302792E0,-4.320228784E0,-7.836454467E0
5.276967087E1,9.967915087E-1,1.225947872E-2,-3.866696586E-2,-6.900187768E-2,9.181935691E0,1.711190351E0,-4.323858202E0,-7.984453064E0
5.277965477E1,9.967585620E-1,1.443884366E-2,-3.848102960E-2,-6.915995373E-2,9.228983417E0,1.960033930E0,-4.284870731E0,-8.011528788E0
5.278962201E1,9.966982884E-1,1.385934159E-2,-3.897555775E-2,-6.986663312E-2,9.314440186E0,1.900773030E0,-4.344726563E0,-8.091638533E0
5.279958394E1,9.966402427E-1,1.582644970E-2,-3.903185894E-2,-7.024431722E-2,9.396005178E0,2.128242610E0,-4.334433897E0,-8.143755709E0
5.280955066E1,9.966598694E-1,1.858196959E-2,-3.858511335E-2,-6.953419487E-2,9.368505381E0,2.437146418E0,-4.262629205E0,-8.072515225E0
5.281952165E1,9.966954639E-1,1.862799201E-2,-3.876614892E-2,-6.890817026E-2,9.318425692E0,2.441224453E0,-4.284493583E0,-8.001219961E0
5.282948878E1,9.967067919E-1,1.960767079E-2,-3.886451023E-2,-6.841534988E-2,9.302431303E0,2.552154312E0,-4.289162697E0,-7.948993957E0
5.283943321E1,9.967760908E-1,2.190830464E-2,-3.841254444E-2,-6.694719824E-2,9.203982206E0,2.805835475E0,-4.223314470E0,-7.788332403E0
5.284939805E1,9.968654692E-1,2.160442832E-2,-3.814429529E-2,-6.585968140E-2,9.075433964E0,2.764284561E0,-4.198020445E0,-7.661041525E0
5.285937608E1,9.969400839E-1,2.122304571E-2,-3.821343544E-2,-6.480574594E-2,8.966711285E0,2.716672036E0,-4.211723539E0,-7.538431940E0
5.286934222E1,9.970480694E-1,2.425901229E-2,-3.768599343E-2,-6.234110563E-2,8.806991686E0,3.050272880E0,-4.136039407E0,-7.265769291E0
5.287932722E1,9.972200237E-1,2.377346540E-2,-3.725201331E-2,-5.999445138E-2,8.546510595E0,2.981729251E0,-4.096950416E0,-6.992397650E0
5.288929524E1,9.972980542E-1,2.326653980E-2,-3.707728337E-2,-5.899605305E-2,8.425657043E0,2.918271052E0,-4.083427511E0,-6.874932876E0
5.289925279E1,9.973525615E-1,3.047404559E-2,-3.568685573E-2,-5.554861826E-2,8.340199295E0,3.721156418E0,-3.887588646E0,-6.502047680E0
5.290921972E1,9.975382450E-1,3.268210348E-2,-3.448671044E-2,-5.157515522E-2,8.042279687E0,3.951284940E0,-3.751683913E0,-6.048852867E0
5.291917571E1,9.977919138E-1,2.602740300E-2,-3.502397364E-2,-5.007187186E-2,7.616502430E0,3.185753540E0,-3.858164359E0,-5.853020374E0
5.292914154E1,9.978414875E-1,2.008762571E-2,-3.660219713E-2,-5.068660943E-2,7.530487027E0,2.516658885E0,-4.072002302E0,-5.905304550E0
5.293912811E1,9.978282012E-1,2.659982870E-2,-3.611084664E-2,-4.824247948E-2,7.553636038E0,3.250722764E0,-3.985175131E0,-5.649029487E0
5.294909602E1,9.978811405E-1,3.283921164E-2,-3.519416972E-2,-4.377426300E-2,7.460972227E0,3.943727196E0,-3.862607878E0,-5.156627917E0
5.295904092E1,9.979834548E-1,3.206809249E-2,-3.542045915E-2,-4.178579256E-2,7.278545722E0,3.848726532E0,-3.900160364E0,-4.926266073E0
5.296900649E1,9.978818453E-1,3.803967773E-2,-3.431455510E-2,-4.009135808E-2,7.459730697E0,4.521811495E0,-3.751750654E0,-4.749583012E0
5.297898634E1,9.976205478E-1,4.869218553E-2,-3.263859312E-2,-3.629098906E-2,7.906645546E0,5.722523455E0,-3.530949121E0,-4.343255119E0
5.298895332E1,9.976712775E-1,5.026180105E-2,-3.157454213E-2,-3.359794242E-2,7.821873944E0,5.888547950E0,-3.418267729E0,-4.033431630E0
5.299891472E1,9.979835258E-1,4.279488877E-2,-3.234248478E-2,-3.393292437E-2,7.278417502E0,5.035853737E0,-3.534538956E0,-4.050261541E0
5.300888113E1,9.979713900E-1,4.189005263E-2,-3.307414571E-2,-3.470488748E-2,7.300294113E0,4.937981671E0,-3.618141655E0,-4.139427272E0
5.301884795E1,9.979726964E-1,4.291606426E-2,-3.287036945E-2,-3.358939443E-2,7.297942146E0,5.050840885E0,-3.596204908E0,-4.014089017E0
5.302881441E1,9.981037792E-1,3.851069877E-2,-3.400598548E-2,-3.390228690E-2,7.057985046E0,4.551223218E0,-3.742459491E0,-4.039570670E0
5.303877462E1,9.980773041E-1,3.822011229E-2,-3.466459821E-2,-3.434070015E-2,7.107101784E0,4.522407987E0,-3.817053719E0,-4.091956010E0
5.304874045E1,9.980428236E-1,3.944317641E-2,-3.446963151E-2,-3.415556495E-2,7.170566537E0,4.661246962E0,-3.790584468E0,-4.074415935E0
5.305871910E1,9.980617408E-1,3.830847973E-2,-3.485472176E-2,-3.450174446E-2,7.135817422E0,4.534008699E0,-3.837727637E0,-4.111692113E0
5.306868623E1,9.980005615E-1,3.910209729E-2,-3.499042586E-2,-3.523599434E-2,7.247597022E0,4.628542042E0,-3.846595007E0,-4.199670250E0
5.307864758E1,9.978935285E-1,4.212753133E-2,-3.465507994E-2,-3.511128421E-2,7.439122032E0,4.973867698E0,-3.796092793E0,-4.195221236E0
5.308861410E1,9.978606298E-1,4.307043827E-2,-3.437138762E-2,-3.518108181E-2,7.497009337E0,5.081092602E0,-3.759304783E0,-4.205285576E0
5.309858118E1,9.978701815E-1,4.197837026E-2,-3.435136674E-2,-3.623397321E-2,7.480248567E0,4.959585209E0,-3.756384618E0,-4.321880426E0
5.310854774E1,9.978685691E-1,4.152854678E-2,-3.416506403E-2,-3.696548519E-2,7.483080696E0,4.909812245E0,-3.733412585E0,-4.403157309E0
5.311850842E1,9.980579668E-1,3.398391846E-2,-3.488517387E-2,-3.883829022E-2,7.142763287E0,4.054449689E0,-3.841413556E0,-4.592974909E0
5.312847436E1,9.981151080E-1,2.399056876E-2,-3.729341447E-2,-4.242505284E-2,7.036863166E0,2.934220444E0,-4.152458149E0,-4.974200861E0
5.313844956E1,9.979989925E-1,2.424655003E-2,-3.785713775E-2,-4.446293939E-2,7.250441183E0,2.975135145E0,-4.209676246E0,-5.211288837E0
5.314841644E1,9.979194655E-1,3.115379832E-2,-3.732810694E-2,-4.234139518E-2,7.393165312E0,3.756043471E0,-4.120981493E0,-4.994350419E0
5.315838243E1,9.979486911E-1,3.179764461E-2,-3.675149885E-2,-4.167309828E-2,7.341037262E0,3.824171448E0,-4.054309197E0,-4.917830542E0
5.316834920E1,9.979870565E-1,2.805003210E-2,-3.642275199E-2,-4.368539736E-2,7.272040665E0,3.400550223E0,-4.028238328E0,-5.132498659E0
5.317832035E1,9.979048156E-1,3.197619093E-2,-3.523301205E-2,-4.384218281E-2,7.419157724E0,3.845185839E0,-3.871244878E0,-5.161256830E0
5.318828759E1,9.978815770E-1,3.584775746E-2,-3.377593281E-2,-4.250274144E-2,7.460203435E0,4.276480396E0,-3.690193380E0,-5.015673786E0
5.319824910E1,9.980464841E-1,3.070541206E-2,-3.357021823E-2,-4.281861296E-2,7.163855582E0,3.686610789E0,-3.691240856E0,-5.032078331E0
5.320821576E1,9.980672390E-1,2.521936170E-2,-3.491766875E-2,-4.479426944E-2,7.125685869E0,3.072036980E0,-3.867019651E0,-5.243269819E0
5.321818660E1,9.979244579E-1,3.260263531E-2,-3.424006617E-2,-4.372027406E-2,7.384286602E0,3.911200609E0,-3.754827630E0,-5.145440172E0
5.322815363E1,9.979424990E-1,3.639093271E-2,-3.298867676E-2,-4.120941625E-2,7.352112586E0,4.329965064E0,-3.602973067E0,-4.865552244E0
5.323812467E1,9.981978771E-1,2.783214842E-2,-3.331842728E-2,-4.142767171E-2,6.880580271E0,3.350572784E0,-3.681536317E0,-4.860817460E0
5.324809212E1,9.981754495E-1,2.625238382E-2,-3.401946434E-2,-4.241769000E-2,6.923275692E0,3.176656060E0,-3.766337387E0,-4.971139048E0
5.325805227E1,9.980962096E-1,3.271617595E-2,-3.272771805E-2,-4.077382398E-2,7.072062967E0,3.905468062E0,-3.592673251E0,-4.801178396E0
5.326801899E1,9.982256178E-1,2.901317539E-2,-3.258453008E-2,-4.052283345E-2,6.827401615E0,3.479053532E0,-3.594920097E0,-4.758488798E0
5.327798628E1,9.982363295E-1,2.331550051E-2,-3.388687023E-2,-4.280534946E-2,6.806756302E0,2.840557411E0,-3.764643296E0,-5.004162276E0
5.328795305E1,9.980959758E-1,2.829603579E-2,-3.411446117E-2,-4.289476538E-2,7.072497223E0,3.413381419E0,-3.765410169E0,-5.033961481E0
5.329794196E1,9.980694598E-1,3.060330194E-2,-3.403523941E-2,-4.198087464E-2,7.121589650E0,3.674212686E0,-3.748072457E0,-4.937380062E0
5.330791092E1,9.980951699E-1,2.686430219E-2,-3.500234201E-2,-4.311817683E-2,7.073994410E0,3.254685417E0,-3.873546821E0,-5.057422483E0
5.331787894E1,9.979579987E-1,3.010743824E-2,-3.520215866E-2,-4.397934697E-2,7.324357940E0,3.631154215E0,-3.876859396E0,-5.169645731E0
5.332784779E1,9.979584334E-1,3.001837931E-2,-3.533195737E-2,-4.392624285E-2,7.323578006E0,3.621435010E0,-3.892371757E0,-5.163719296E0
5.333780503E1,9.980057669E-1,2.202235860E-2,-3.706550567E-2,-4.610480716E-2,7.238153451E0,2.722447170E0,-4.126140303E0,-5.388106630E0
5.334777274E1,9.978575742E-1,2.158040244E-2,-3.817918741E-2,-4.854788856E-2,7.502363247E0,2.688405976E0,-4.249478695E0,-5.670489973E0
5.335774212E1,9.977596493E-1,2.466928844E-2,-3.824220399E-2,-4.903715231E-2,7.671967344E0,3.045206022E0,-4.237655730E0,-5.740024304E0
5.336770998E1,9.977061800E-1,2.559078631E-2,-3.859433478E-2,-4.937577738E-2,7.763013575E0,3.154481639E0,-4.271602489E0,-5.784105697E0
5.337767821E1,9.976196552E-1,2.845352601E-2,-3.819956676E-2,-4.986194454E-2,7.908129022E0,3.482562732E0,-4.208134043E0,-5.850615746E0
5.338764608E1,9.976178633E-1,2.628652433E-2,-3.825674382E-2,-5.102978552E-2,7.911106221E0,3.239265403E0,-4.223568299E0,-5.975918848E0
5.339760170E1,9.975640629E-1,1.964746528E-2,-3.963008105E-2,-5.393861463E-2,7.999979197E0,2.499098758E0,-4.413133607E0,-6.286283162E0
5.340756837E1,9.974157083E-1,2.268341372E-2,-3.985025106E-2,-5.531116584E-2,8.240090190E0,2.854839007E0,-4.415298098E0,-6.458189276E0
5.341754649E1,9.973707426E-1,2.772270837E-2,-3.897061271E-2,-5.444579551E-2,8.311499491E0,3.423173682E0,-4.284992315E0,-6.377375751E0
5.342751425E1,9.974356033E-1,2.419693611E-2,-3.935335758E-2,-5.466295622E-2,8.208297379E0,3.022266097E0,-4.350610322E0,-6.388567777E0
5.343747524E1,9.973896773E-1,2.199069803E-2,-4.018650221E-2,-5.581474526E-2,8.281504442E0,2.779892550E0,-4.456856263E0,-6.514151550E0
5.344744227E1,9.973422052E-1,2.592636139E-2,-3.964992653E-2,-5.535551306E-2,8.356503219E0,3.225638080E0,-4.371252359E0,-6.476798200E0
5.345739456E1,9.973971233E-1,2.548807434E-2,-3.923054988E-2,-5.486620563E-2,8.269679393E0,3.170418830E0,-4.327653685E0,-6.417085989E0
5.346736014E1,9.974092139E-1,1.877239444E-2,-4.055312177E-2,-5.637288018E-2,8.250442013E0,2.415773658E0,-4.518420946E0,-6.565071651E0
5.347732483E1,9.972736855E-1,1.903129178E-2,-4.169774187E-2,-5.782996130E-2,8.463584195E0,2.460033537E0,-4.644148992E0,-6.737278272E0
5.348729029E1,9.972044647E-1,2.515486670E-2,-4.146573831E-2,-5.684259655E-2,8.570404912E0,3.156238404E0,-4.579363411E0,-6.651111402E0
5.349726394E1,9.972120334E-1,2.850510024E-2,-4.078611559E-2,-5.560676638E-2,8.558789796E0,3.530259123E0,-4.483652686E0,-6.521513738E0
5.350723024E1,9.972076473E-1,3.192177058E-2,-3.983957390E-2,-5.450428407E-2,8.565522670E0,3.910910030E0,-4.357355236E0,-6.405836456E0
5.351719311E1,9.972622162E-1,3.395955411E-2,-3.885296691E-2,-5.296477894E-2,8.481376350E0,4.131500501E0,-4.237784335E0,-6.233191682E0
5.352715904E1,9.973761899E-1,3.081765370E-2,-3.909758424E-2,-5.255841489E-2,8.302881342E0,3.770916325E0,-4.286889360E0,-6.174201870E0
5.353712243E1,9.973662698E-1,3.235814473E-2,-3.925676632E-2,-5.169507434E-2,8.318569222E0,3.944961251E0,-4.298995009E0,-6.082278170E0
5.354708811E1,9.973953054E-1,3.432354074E-2,-3.908246136E-2,-4.997059622E-2,8.272567909E0,4.161962288E0,-4.274274667E0,-5.891747864E0
5.355705930E1,9.974736333E-1,3.030420033E-2,-3.961293762E-2,-5.058479554E-2,8.147179727E0,3.706739394E0,-4.356375458E0,-5.947332336E0
5.356702555E1,9.973800843E-1,2.969471234E-2,-4.050692077E-2,-5.206131756E-2,8.296714478E0,3.648997360E0,-4.456931311E0,-6.118078770E0
5.357699477E1,9.972016576E-1,3.641636308E-2,-3.984087602E-2,-5.172433778E-2,8.574708746E0,4.414491807E0,-4.340958192E0,-6.105875950E0
5.358696128E1,9.971814531E-1,3.810478194E-2,-3.963018319E-2,-5.105510461E-2,8.605622990E0,4.603991575E0,-4.309615762E0,-6.035225992E0
5.359692488E1,9.972756489E-1,3.346670862E-2,-4.035942102E-2,-5.188811635E-2,8.460534667E0,4.080087925E0,-4.417633878E0,-6.114248258E0
5.360689113E1,9.972182986E-1,3.191718770E-2,-4.196901638E-2,-5.268358133E-2,8.549163156E0,3.916336279E0,-4.608196506E0,-6.205949235E0
5.361686118E1,9.971632030E-1,3.217405010E-2,-4.321861440E-2,-5.255976156E-2,8.633452007E0,3.953421369E0,-4.750097487E0,-6.198492862E0
5.362682774E1,9.971034731E-1,3.131392386E-2,-4.472091829E-2,-5.295414654E-2,8.723912398E0,3.866492030E0,-4.925845889E0,-6.246384773E0
5.363678529E1,9.969716812E-1,3.653009531E-2,-4.418253365E-2,-5.254448412E-2,8.920271731E0,4.459738865E0,-4.833390517E0,-6.222176220E0
5.364675097E1,9.969786282E-1,3.704093353E-2,-4.442570094E-2,-5.184535832E-2,8.910028983E0,4.516594809E0,-4.861197530E0,-6.145498977E0
5.365672675E1,9.970282911E-1,3.291741828E-2,-4.563151191E-2,-5.261934526E-2,8.836461076E0,4.054928206E0,-5.021389350E0,-6.219973677E0
5.366669347E1,9.969630573E-1,3.321566401E-2,-4.630218643E-2,-5.308003077E-2,8.932970504E0,4.095963729E0,-5.094400967E0,-6.277588915E0
5.367665915E1,9.969499357E-1,3.466892988E-2,-4.633542419E-2,-5.236334180E-2,8.952257671E0,4.259397866E0,-5.092127231E0,-6.202716485E0
5.368662571E1,9.969796231E-1,3.340018108E-2,-4.683679241E-2,-5.217637328E-2,8.908561213E0,4.116048324E0,-5.158156486E0,-6.177101481E0
5.369659800E1,9.969704471E-1,3.144317739E-2,-4.813843034E-2,-5.238268603E-2,8.922090056E0,3.900957349E0,-5.318439035E0,-6.196574574E0
5.370656514E1,9.969148471E-1,3.156615128E-2,-4.894808212E-2,-5.261607219E-2,9.003631114E0,3.921693595E0,-5.409441490E0,-6.227748771E0
5.371652821E1,9.968115453E-1,3.693804883E-2,-4.850843162E-2,-5.147092063E-2,9.153205433E0,4.529689441E0,-5.330755194E0,-6.122730031E0
5.372649493E1,9.967680689E-1,4.052994270E-2,-4.812921835E-2,-4.994315723E-2,9.215432262E0,4.931756972E0,-5.272861703E0,-5.964055325E0
5.373645571E1,9.968883815E-1,3.639259069E-2,-4.906472973E-2,-4.981753227E-2,9.042186861E0,4.461728800E0,-5.405169649E0,-5.932445316E0
5.374642180E1,9.968475175E-1,3.537430601E-2,-5.003190688E-2,-5.040331038E-2,9.101398473E0,4.354149321E0,-5.519378011E0,-5.999113110E0
5.375640363E1,9.967400114E-1,4.107372541E-2,-4.930650142E-2,-4.889956695E-2,9.255368596E0,4.996199340E0,-5.409567242E0,-5.853483066E0
5.376637134E1,9.968916387E-1,3.857028349E-2,-4.938280879E-2,-4.775701037E-2,9.037450452E0,4.702763498E0,-5.438347703E0,-5.708899417E0
5.377632701E1,9.969689504E-1,3.304469931E-2,-5.097188056E-2,-4.860892169E-2,8.924294821E0,4.082345521E0,-5.648322706E0,-5.784156664E0
5.378629347E1,9.968269891E-1,3.843664651E-2,-5.095580022E-2,-4.756137498E-2,9.130999278E0,4.696059753E0,-5.620100211E0,-5.693967372E0
5.379625873E1,9.967713921E-1,4.404849987E-2,-5.012714470E-2,-4.465188666E-2,9.210690668E0,5.319951642E0,-5.508700826E0,-5.385997226E0
5.380622508E1,9.969174756E-1,4.299877847E-2,-4.986984656E-2,-4.265735852E-2,8.999792753E0,5.186767745E0,-5.495283601E0,-5.149392585E0
5.381620165E1,9.970034607E-1,4.192453476E-2,-5.017959456E-2,-4.133329203E-2,8.873319574E0,5.057659473E0,-5.542996481E0,-4.992960738E0
5.382616899E1,9.970378468E-1,4.300765421E-2,-4.995637746E-2,-3.962617963E-2,8.822235514E0,5.171535146E0,-5.520871182E0,-4.801440366E0
5.383612029E1,9.971259884E-1,4.298743925E-2,-4.951493828E-2,-3.794883595E-2,8.689923449E0,5.157657615E0,-5.479098003E0,-4.606010022E0
5.384608602E1,9.972402029E-1,4.171180021E-2,-4.916472441E-2,-3.680941843E-2,8.515421165E0,5.002955323E0,-5.450589155E0,-4.466100568E0
5.385607232E1,9.973805685E-1,3.896486939E-2,-4.924526081E-2,-3.589769888E-2,8.295947467E0,4.682482487E0,-5.476359200E0,-4.346669215E0
5.386604014E1,9.974842861E-1,3.530858821E-2,-5.001236954E-2,-3.573745082E-2,8.129977351E0,4.264832274E0,-5.580802142E0,-4.311747969E0
5.387599800E1,9.974643438E-1,3.640276515E-2,-5.007656780E-2,-3.510069530E-2,8.162150867E0,4.387394962E0,-5.586226824E0,-4.244960299E0
5.388596477E1,9.974339297E-1,3.953964700E-2,-4.946182109E-2,-3.340210388E-2,8.210976662E0,4.735855337E0,-5.510512409E0,-4.064057235E0
5.389593462E1,9.974715569E-1,4.079464878E-2,-4.892471629E-2,-3.150653846E-2,8.150528477E0,4.867394059E0,-5.453128775E0,-3.850273569E0
5.390590165E1,9.975818178E-1,3.845493459E-2,-4.922692786E-2,-3.047038617E-2,7.970759297E0,4.593897028E0,-5.501528265E0,-3.719865251E0
5.391587279E1,9.976304302E-1,3.732234461E-2,-4.931857756E-2,-3.013710657E-2,7.890202905E0,4.462175049E0,-5.517734742E0,-3.675742572E0
5.392584024E1,9.976401418E-1,3.931284831E-2,-4.829852789E-2,-2.891192855E-2,7.874011088E0,4.680251351E0,-5.399284443E0,-3.540778873E0
5.393579003E1,9.977372823E-1,3.804712735E-2,-4.806521392E-2,-2.761280263E-2,7.710183954E0,4.526752460E0,-5.382931872E0,-3.383471708E0
5.394575571E1,9.977365520E-1,4.018075352E-2,-4.734097557E-2,-2.580914260E-2,7.711428491E0,4.759773881E0,-5.301323142E0,-3.184042458E0
5.395573920E1,9.977270166E-1,4.288333584E-2,-4.656585601E-2,-2.309633912E-2,7.727660837E0,5.053604692E0,-5.217636787E0,-2.882612653E0
5.396570665E1,9.979653997E-1,3.845140126E-2,-4.600837457E-2,-2.167441342E-2,7.311068270E0,4.534695420E0,-5.172967669E0,-2.693331425E0
5.397566441E1,9.982387025E-1,2.903815862E-2,-4.671777914E-2,-2.221997577E-2,6.802174227E0,3.457366262E0,-5.277556156E0,-2.709684297E0
5.398563087E1,9.983313513E-1,1.884001827E-2,-4.880752892E-2,-2.444160179E-2,6.620800405E0,2.303379167E0,-5.539456901E0,-2.916371462E0
5.399565295E1,9.982605419E-1,2.204446144E-2,-4.908431679E-2,-2.409693083E-2,6.759858210E0,2.670792107E0,-5.562728053E0,-2.895355550E0
5.400562503E1,9.982035533E-1,2.854408591E-2,-4.806773514E-2,-2.154980737E-2,6.869732593E0,3.401018101E0,-5.435925420E0,-2.634989871E0
5.401553071E1,9.983373398E-1,2.452213235E-2,-4.767940832E-2,-2.116352970E-2,6.608905883E0,2.935307648E0,-5.403108017E0,-2.567372631E0
5.402549602E1,9.983782865E-1,1.996627232E-2,-4.848968530E-2,-2.215615910E-2,6.526996772E0,2.419241265E0,-5.505272218E0,-2.658948832E0
5.403546227E1,9.983562902E-1,2.189866025E-2,-4.819652729E-2,-2.196044731E-2,6.571124617E0,2.639498397E0,-5.467021528E0,-2.646263727E0
5.404542769E1,9.984064845E-1,2.069487348E-2,-4.777983519E-2,-2.175548860E-2,6.469987791E0,2.498766220E0,-5.422941899E0,-2.614938163E0
5.405541191E1,9.984444093E-1,1.686816366E-2,-4.809288387E-2,-2.261196829E-2,6.392512846E0,2.064392932E0,-5.467049942E0,-2.693309764E0
5.406537920E1,9.984243032E-1,1.427414738E-2,-4.876501834E-2,-2.381454354E-2,6.433702803E0,1.774795851E0,-5.548971380E0,-2.818750943E0
5.407532920E1,9.983877938E-1,1.923837608E-2,-4.779758229E-2,-2.381363374E-2,6.507831216E0,2.342571852E0,-5.423968294E0,-2.843709201E0
5.408529472E1,9.983853085E-1,2.296630640E-2,-4.642033693E-2,-2.333402907E-2,6.512846820E0,2.764312040E0,-5.256752206E0,-2.804642902E0
5.409526618E1,9.984256516E-1,2.268701684E-2,-4.559593749E-2,-2.350591525E-2,6.430948749E0,2.730570121E0,-5.162557125E0,-2.820452195E0
5.410523227E1,9.984363057E-1,2.309524525E-2,-4.494032580E-2,-2.391485262E-2,6.409145887E0,2.777553670E0,-5.085111367E0,-2.867569168E0
5.411518602E1,9.984280988E-1,2.548217242E-2,-4.410543704E-2,-2.338163348E-2,6.425947163E0,3.046575116E0,-4.984174630E0,-2.815691698E0
5.412515087E1,9.985335723E-1,1.911268218E-2,-4.439557597E-2,-2.438120536E-2,6.206561136E0,2.320555377E0,-5.032969542E0,-2.899428018E0
5.413514290E1,9.985288076E-1,9.683176330E-3,-4.569961606E-2,-2.753182822E-2,6.216638586E0,1.257443224E0,-5.205695460E0,-3.215928217E0
5.414511050E1,9.984917372E-1,1.110508568E-2,-4.553631148E-2,-2.858972203E-2,6.294492792E0,1.425784580E0,-5.180882144E0,-3.344702808E0
5.415506358E1,9.985297103E-1,1.442553027E-2,-4.494409813E-2,-2.665238717E-2,6.214730600E0,1.795293973E0,-5.105337518E0,-3.137953908E0
5.416502967E1,9.985801676E-1,1.088386595E-2,-4.522104790E-2,-2.596626884E-2,6.107135590E0,1.385710897E0,-5.149136142E0,-3.041386101E0
5.417500613E1,9.985788623E-1,9.083733760E-3,-4.538803210E-2,-2.641340698E-2,6.109942886E0,1.181715294E0,-5.173225720E0,-3.083741030E0
5.418497332E1,9.986092533E-1,1.197862967E-2,-4.456514517E-2,-2.549548149E-2,6.044244128E0,1.507013246E0,-5.071309865E0,-2.991741446E0
5.419493378E1,9.986576640E-1,1.202906009E-2,-4.394583445E-2,-2.463605858E-2,5.938090735E0,1.506550375E0,-5.001452174E0,-2.892106064E0
5.420490024E1,9.986675421E-1,9.843070559E-3,-4.409204116E-2,-2.494285751E-2,5.916196663E0,1.257387124E0,-5.024145632E0,-2.916625964E0
5.421487123E1,9.986669137E-1,1.157501993E-2,-4.376278646E-2,-2.480388910E-2,5.917591968E0,1.454669411E0,-4.981534610E0,-2.908806195E0
5.422483816E1,9.986877049E-1,1.294261422E-2,-4.332534585E-2,-2.404727197E-2,5.871254279E0,1.606706573E0,-4.928614891E0,-2.827854305E0
5.423480430E1,9.987057138E-1,1.209091048E-2,-4.305326323E-2,-2.423063244E-2,5.830819964E0,1.508953396E0,-4.899552375E0,-2.844239900E0
5.424477113E1,9.987174522E-1,1.174321820E-2,-4.241447738E-2,-2.503117316E-2,5.804313159E0,1.470984079E0,-4.826128552E0,-2.933435438E0
5.425473358E1,9.987117092E-1,1.080953177E-2,-4.231318315E-2,-2.583932063E-2,5.817296729E0,1.367330346E0,-4.816149936E0,-3.021630161E0
5.426469993E1,9.986732596E-1,1.090377289E-2,-4.240339435E-2,-2.710683379E-2,5.903487259E0,1.384576385E0,-4.824453823E0,-3.167907233E0
5.427467295E1,9.986220645E-1,1.333183897E-2,-4.213683892E-2,-2.829701557E-2,6.016334106E0,1.668291397E0,-4.784200366E0,-3.315901365E0
5.428463998E1,9.985742072E-1,1.750067432E-2,-4.134773535E-2,-2.887289041E-2,6.119943913E0,2.147027871E0,-4.678641137E0,-3.400110410E0
5.429460915E1,9.985197747E-1,1.961095637E-2,-4.079884543E-2,-3.015168433E-2,6.235698637E0,2.393310080E0,-4.605482371E0,-3.555453253E0
5.430457639E1,9.983891019E-1,2.644402795E-2,-3.954676126E-2,-3.091873512E-2,6.505189800E0,3.176630936E0,-4.435160938E0,-3.670650376E0
5.431454186E1,9.981809473E-1,3.642695266E-2,-3.736487369E-2,-3.019502788E-2,6.912833836E0,4.311283082E0,-4.151501423E0,-3.621678296E0
5.432450889E1,9.979868752E-1,4.476987487E-2,-3.539838339E-2,-2.765519335E-2,7.272368241E0,5.251654196E0,-3.909344534E0,-3.353989470E0
5.433447186E1,9.981335552E-1,4.266976264E-2,-3.468665548E-2,-2.656187545E-2,7.002333168E0,5.003625424E0,-3.840377317E0,-3.216597777E0
5.434443852E1,9.984397201E-1,3.069668324E-2,-3.604471447E-2,-2.960772908E-2,6.402143056E0,3.645822505E0,-4.023132973E0,-3.525197289E0
5.435440524E1,9.983358673E-1,3.023162343E-2,-3.668131497E-2,-3.265005636E-2,6.611832626E0,3.607312955E0,-4.086729220E0,-3.875068410E0
5.436437191E1,9.981409040E-1,3.799123388E-2,-3.551646906E-2,-3.178022023E-2,6.988530157E0,4.489847913E0,-3.927040820E0,-3.801301407E0
5.437434842E1,9.981785284E-1,3.855506879E-2,-3.473135285E-2,-3.077117553E-2,6.917429974E0,4.547474086E0,-3.839594051E0,-3.683941268E0
5.438431608E1,9.982650269E-1,3.570000158E-2,-3.505108837E-2,-3.104621043E-2,6.751135285E0,4.222036071E0,-3.885560300E0,-3.705948526E0
5.439426811E1,9.982011139E-1,3.835980224E-2,-3.440550317E-2,-3.064837935E-2,6.874396628E0,4.523285836E0,-3.803559669E0,-3.667541228E0
5.440423415E1,9.983025002E-1,3.641538714E-2,-3.397721328E-2,-3.019249399E-2,6.677808309E0,4.296650647E0,-3.763608456E0,-3.605866569E0
5.441420722E1,9.984129123E-1,3.201138663E-2,-3.438346647E-2,-3.105969771E-2,6.456921968E0,3.796005695E0,-3.822702981E0,-3.690413259E0
5.442417399E1,9.983405124E-1,3.532027961E-2,-3.358876022E-2,-3.066748077E-2,6.602595804E0,4.171197627E0,-3.721092619E0,-3.654526694E0
5.443413878E1,9.983671237E-1,3.639812251E-2,-3.276183665E-2,-2.940960712E-2,6.549428089E0,4.287099623E0,-3.627858333E0,-3.510462905E0
5.444410529E1,9.984594983E-1,3.325696598E-2,-3.284620223E-2,-2.989534064E-2,6.361426005E0,3.928645618E0,-3.646630506E0,-3.555126375E0
5.445407477E1,9.983584498E-1,3.707587085E-2,-3.200880771E-2,-2.968538042E-2,6.566805332E0,4.363014833E0,-3.538045378E0,-3.541100811E0
5.446404160E1,9.982946115E-1,4.076412183E-2,-3.102468366E-2,-2.799328447E-2,6.693311347E0,4.776809801E0,-3.420372188E0,-3.355137163E0
5.447401446E1,9.984530116E-1,3.677639909E-2,-3.100917489E-2,-2.788388829E-2,6.374808774E0,4.318655877E0,-3.432435284E0,-3.328836779E0
5.448398186E1,9.985053677E-1,3.353632912E-2,-3.170397652E-2,-2.927803091E-2,6.265978624E0,3.954184236E0,-3.517271906E0,-3.480530745E0
5.449394774E1,9.984156120E-1,3.668225748E-2,-3.108562051E-2,-2.922947083E-2,6.451426597E0,4.312752357E0,-3.435699074E0,-3.483213259E0
5.450391498E1,9.984705446E-1,3.545986015E-2,-3.101712527E-2,-2.893281635E-2,6.338571674E0,4.171185454E0,-3.433353353E0,-3.444674467E0
5.451388076E1,9.984830054E-1,3.399980445E-2,-3.125519304E-2,-2.998023012E-2,6.312691488E0,4.008131462E0,-3.461447586E0,-3.560826555E0
5.452384790E1,9.984238846E-1,3.564215721E-2,-3.075927552E-2,-3.054914472E-2,6.434557543E0,4.196647326E0,-3.396415134E0,-3.629584533E0
5.453383217E1,9.984316879E-1,3.482568068E-2,-3.087263624E-2,-3.111618243E-2,6.418604881E0,4.105325803E0,-3.410031785E0,-3.692352362E0
5.454380097E1,9.984114979E-1,3.342531125E-2,-3.149657188E-2,-3.263733056E-2,6.459799317E0,3.952388923E0,-3.480639001E0,-3.864715158E0
5.455374811E1,9.982817327E-1,3.641659667E-2,-3.104656496E-2,-3.381603927E-2,6.718544504E0,4.297813189E0,-3.412462857E0,-4.008302745E0
5.456371467E1,9.982185908E-1,3.750711393E-2,-3.079390428E-2,-3.470730142E-2,6.840911299E0,4.424879605E0,-3.375215256E0,-4.113091274E0
5.457368373E1,9.982443392E-1,3.427934216E-2,-3.151316447E-2,-3.660719003E-2,6.791277684E0,4.064243591E0,-3.463113411E0,-4.323286386E0
5.458365061E1,9.981924287E-1,3.211715782E-2,-3.249303139E-2,-3.904569472E-2,6.890976656E0,3.829384427E0,-3.575314599E0,-4.599687217E0
5.459361436E1,9.980492836E-1,3.592945579E-2,-3.224060681E-2,-3.958844452E-2,7.158718992E0,4.267458166E0,-3.526526633E0,-4.674418833E0
5.460358087E1,9.980784201E-1,3.382075040E-2,-3.272895858E-2,-4.030433573E-2,7.105038251E0,4.030508554E0,-3.589400583E0,-4.751258491E0
5.461354415E1,9.980638543E-1,3.028226135E-2,-3.398012643E-2,-4.238960352E-2,7.131924637E0,3.638627964E0,-3.741860164E0,-4.982888091E0
5.462351035E1,9.979577311E-1,3.230079304E-2,-3.425014737E-2,-4.317352372E-2,7.324838096E0,3.874570031E0,-3.759657386E0,-5.081572136E0
5.463347436E1,9.979745091E-1,3.042975829E-2,-3.470255304E-2,-4.377946808E-2,7.294677681E0,3.664653898E0,-3.818732933E0,-5.145929030E0
5.464344029E1,9.979550779E-1,2.623635902E-2,-3.576309792E-2,-4.602517592E-2,7.329596176E0,3.198206585E0,-3.954534620E0,-5.391603673E0
5.465341082E1,9.978163721E-1,3.023602094E-2,-3.572330795E-2,-4.660596327E-2,7.574186591E0,3.659081336E0,-3.926242754E0,-5.473912843E0
5.466337722E1,9.977621873E-1,3.331231959E-2,-3.526132904E-2,-4.601679819E-2,7.667618905E0,4.007048843E0,-3.858864680E0,-5.416264215E0
5.467334576E1,9.978060684E-1,3.084821966E-2,-3.566102509E-2,-4.647287877E-2,7.592041945E0,3.728430139E0,-3.916256673E0,-5.460771360E0
5.468331243E1,9.977371137E-1,3.223934352E-2,-3.582053587E-2,-4.688460092E-2,7.710471197E0,3.890554155E0,-3.925303955E0,-5.514179672E0
5.469326873E1,9.976947951E-1,3.585372184E-2,-3.500534514E-2,-4.576278195E-2,7.782262102E0,4.296176943E0,-3.816874706E0,-5.395682750E0
5.470323430E1,9.977357817E-1,3.608814585E-2,-3.478957962E-2,-4.484016847E-2,7.712741018E0,4.318339788E0,-3.794907793E0,-5.289632056E0
5.471321582E1,9.977153414E-1,3.861173570E-2,-3.416511261E-2,-4.365749111E-2,7.747489626E0,4.599989320E0,-3.715526579E0,-5.160322030E0
5.472318300E1,9.977697867E-1,3.954015150E-2,-3.360533088E-2,-4.198465198E-2,7.654583740E0,4.697342436E0,-3.654545368E0,-4.968939638E0
5.473313571E1,9.978996082E-1,3.620819377E-2,-3.415505407E-2,-4.145806343E-2,7.428375215E0,4.315945584E0,-3.736291832E0,-4.898846454E0
5.474310139E1,9.978285767E-1,3.975414949E-2,-3.384256176E-2,-4.015495201E-2,7.552982742E0,4.716409379E0,-3.689274300E0,-4.760928007E0
5.475308160E1,9.977314106E-1,4.594667362E-2,-3.274209188E-2,-3.672725094E-2,7.720185134E0,5.409366685E0,-3.552358463E0,-4.384168241E0
5.476304878E1,9.980508321E-1,4.049637205E-2,-3.232502076E-2,-3.478035979E-2,7.155876210E0,4.774944123E0,-3.537802344E0,-4.139253724E0
5.477301649E1,9.983662233E-1,2.670562331E-2,-3.473678057E-2,-3.667492298E-2,6.551234179E0,3.210200971E0,-3.864734468E0,-4.315959186E0
5.478298373E1,9.982438165E-1,2.953134107E-2,-3.532581680E-2,-3.727290366E-2,6.792288887E0,3.539498888E0,-3.917850662E0,-4.397787589E0
5.479292649E1,9.980777277E-1,3.916008440E-2,-3.374311506E-2,-3.418683134E-2,7.106318580E0,4.625676863E0,-3.708421541E0,-4.073363530E0
5.480289123E1,9.982886775E-1,3.532728914E-2,-3.352205062E-2,-3.237238387E-2,6.704949583E0,4.178067259E0,-3.706304342E0,-3.849900215E0
5.481286779E1,9.983689780E-1,3.046644124E-2,-3.470272973E-2,-3.356933505E-2,6.545707287E0,3.629633776E0,-3.855866607E0,-3.973815469E0
5.482283373E1,9.981726261E-1,3.794011941E-2,-3.388090185E-2,-3.261963180E-2,6.928631986E0,4.480394797E0,-3.736200259E0,-3.889652600E0
5.483279170E1,9.980821536E-1,4.324559048E-2,-3.245882758E-2,-3.013732146E-2,7.098130406E0,5.074612402E0,-3.565326790E0,-3.617109975E0
5.484275680E1,9.982967396E-1,3.848358298E-2,-3.260064283E-2,-2.932288660E-2,6.689132765E0,4.525563060E0,-3.602457794E0,-3.507313456E0
5.485275290E1,9.983474057E-1,3.496986582E-2,-3.395760494E-2,-3.043759385E-2,6.588864571E0,4.131560919E0,-3.765563322E0,-3.628456925E0
5.486272113E1,9.982449951E-1,3.815690477E-2,-3.370862123E-2,-3.024415886E-2,6.790008586E0,4.495716933E0,-3.726329377E0,-3.617076551E0
5.487269092E1,9.982623601E-1,3.803197195E-2,-3.380042638E-2,-2.972138527E-2,6.756323353E0,4.479780060E0,-3.739637809E0,-3.557062455E0
5.488265930E1,9.982985695E-1,3.453739512E-2,-3.485210729E-2,-3.150341397E-2,6.685537497E0,4.089542915E0,-3.865212399E0,-3.753030886E0
5.489262941E1,9.981598131E-1,3.724125572E-2,-3.477283844E-2,-3.287744032E-2,6.952887681E0,4.404903307E0,-3.839909526E0,-3.920792911E0
5.490259800E1,9.980834231E-1,3.871355005E-2,-3.463359334E-2,-3.363414475E-2,7.095779849E0,4.576220232E0,-3.814719463E0,-4.012607675E0
5.491255998E1,9.979962827E-1,3.920380733E-2,-3.480956565E-2,-3.542280713E-2,7.255350355E0,4.640114300E0,-3.824595125E0,-4.220607794E0
5.492252785E1,9.978100912E-1,4.295072824E-2,-3.448194164E-2,-3.662311594E-2,7.585075909E0,5.073285629E0,-3.765144343E0,-4.370885675E0
5.493248295E1,9.976457429E-1,4.636315411E-2,-3.420824228E-2,-3.719174367E-2,7.864657453E0,5.465868574E0,-3.715757997E0,-4.447373166E0
5.494244951E1,9.975904856E-1,4.641645144E-2,-3.422732304E-2,-3.856457578E-2,7.956455424E0,5.477174202E0,-3.710181762E0,-4.605177908E0
5.495240305E1,9.975280159E-1,4.598241486E-2,-3.457249910E-2,-4.035117392E-2,8.058977870E0,5.435752887E0,-3.741964563E0,-4.810536384E0
5.496236832E1,9.974416015E-1,4.634891980E-2,-3.480430084E-2,-4.184124697E-2,8.198688005E0,5.484632301E0,-3.758543528E0,-4.984230243E0
5.497234644E1,9.974429715E-1,4.406237758E-2,-3.530553792E-2,-4.381260577E-2,8.196491507E0,5.232379203E0,-3.816976745E0,-5.204665060E0
5.498231300E1,9.973363493E-1,4.418271681E-2,-3.570875009E-2,-4.574908881E-2,8.365708208E0,5.255909111E0,-3.852297577E0,-5.429660356E0
5.499228712E1,9.972005070E-1,4.645627544E-2,-3.525261731E-2,-4.679974709E-2,8.576472306E0,5.518173867E0,-3.781950805E0,-5.556295646E0
5.500225441E1,9.972547428E-1,4.231640678E-2,-3.595752185E-2,-4.898322488E-2,8.492949670E0,5.055721429E0,-3.874544486E0,-5.795114972E0
5.501221332E1,9.971760595E-1,3.880495177E-2,-3.711711277E-2,-5.250144742E-2,8.613856852E0,4.674086557E0,-4.011113105E0,-6.191461996E0
5.502217977E1,9.969727685E-1,4.051368601E-2,-3.746787061E-2,-5.477315842E-2,8.918669413E0,4.881597831E0,-4.029539396E0,-6.461110107E0
5.503214384E1,9.968607162E-1,4.038186154E-2,-3.794926865E-2,-5.654971889E-2,9.082315688E0,4.877022249E0,-4.076773924E0,-6.667253572E0
5.504211003E1,9.967152571E-1,3.928387195E-2,-3.887165906E-2,-5.919854625E-2,9.290461128E0,4.768660518E0,-4.176943214E0,-6.972022010E0
5.505207082E1,9.964706478E-1,4.336067730E-2,-3.895375618E-2,-6.040450873E-2,9.630369304E0,5.241907622E0,-4.151513151E0,-7.127996879E0
5.506203644E1,9.963122278E-1,4.641798249E-2,-3.867685248E-2,-6.092139867E-2,9.844263435E0,5.592632179E0,-4.095134665E0,-7.198311245E0
5.507202316E1,9.961646087E-1,4.993864987E-2,-3.814771895E-2,-6.088477022E-2,1.003948356E1,5.992309362E0,-4.009496176E0,-7.204985783E0
5.508199092E1,9.960840095E-1,5.320697715E-2,-3.757422402E-2,-5.978161254E-2,1.014449107E1,6.358540946E0,-3.927409993E0,-7.087396514E0
5.509193415E1,9.962715302E-1,5.094323099E-2,-3.705082511E-2,-5.894965332E-2,9.898467675E0,6.091650773E0,-3.888738419E0,-6.979515100E0
5.510189941E1,9.966064710E-1,4.336287985E-2,-3.780926165E-2,-5.886987652E-2,9.443137234E0,5.227366397E0,-4.028712671E0,-6.945087591E0
5.511187456E1,9.968413449E-1,3.080661869E-2,-4.043405255E-2,-6.101944608E-2,9.110309124E0,3.815852944E0,-4.407702490E0,-7.152629678E0
5.512184082E1,9.967065394E-1,2.767398195E-2,-4.237495442E-2,-6.336077866E-2,9.302788091E0,3.481995700E0,-4.643972777E0,-7.416046059E0
5.513181248E1,9.965021741E-1,3.914973023E-2,-4.147497461E-2,-6.107816385E-2,9.587235417E0,4.780870518E0,-4.466570001E0,-7.201385908E0
5.514177925E1,9.966398860E-1,3.968200434E-2,-4.011469849E-2,-5.937244374E-2,9.396504190E0,4.824226456E0,-4.315459394E0,-7.000331527E0
5.515173363E1,9.968855357E-1,3.057771937E-2,-4.138639278E-2,-5.976117648E-2,9.046322843E0,3.791018209E0,-4.523057133E0,-7.011077897E0
5.516169915E1,9.967764061E-1,3.258255114E-2,-4.214331253E-2,-5.999262290E-2,9.203531922E0,4.027618632E0,-4.594629547E0,-7.050214431E0
5.517167967E1,9.967713612E-1,3.740500936E-2,-4.160977171E-2,-5.758772123E-2,9.210734699E0,4.566003067E0,-4.510553451E0,-6.793005433E0
5.518164670E1,9.970024868E-1,3.363269763E-2,-4.201244455E-2,-5.558630684E-2,8.874762157E0,4.126872769E0,-4.590519397E0,-6.547746576E0
5.519164608E1,9.970755696E-1,3.023940874E-2,-4.338954335E-2,-5.516551623E-2,8.765852644E0,3.744972011E0,-4.771891163E0,-6.489682269E0
5.520161634E1,9.970868388E-1,3.158048301E-2,-4.371476188E-2,-5.394004601E-2,8.748938648E0,3.895198389E0,-4.805179315E0,-6.356592682E0
5.521157227E1,9.971856122E-1,3.070347575E-2,-4.403354416E-2,-5.233735222E-2,8.599268439E0,3.788880556E0,-4.853331695E0,-6.169458142E0
5.522154113E1,9.972734743E-1,2.783066556E-2,-4.509207554E-2,-5.135928577E-2,8.463912195E0,3.461090256E0,-4.995616980E0,-6.047249691E0
5.523147253E1,9.972734015E-1,2.991521233E-2,-4.537376443E-2,-4.992057845E-2,8.464025179E0,3.694970643E0,-5.020566675E0,-5.893379570E0
5.524143758E1,9.973364024E-1,3.069628828E-2,-4.529726697E-2,-4.822857989E-2,8.365624722E0,3.775673031E0,-5.013608510E0,-5.702393185E0
5.525142524E1,9.973605448E-1,3.188967228E-2,-4.584750642E-2,-4.640041685E-2,8.327609402E0,3.906759454E0,-5.076950910E0,-5.500594561E0
5.526139258E1,9.973146214E-1,3.746837791E-2,-4.534471383E-2,-4.362938944E-2,8.399774490E0,4.530684659E0,-5.001190817E0,-5.207791434E0
5.527133326E1,9.973925113E-1,4.026150787E-2,-4.451263862E-2,-4.007261505E-2,8.277005816E0,4.829407799E0,-4.908594543E0,-4.808632855E0
5.528129790E1,9.976788026E-1,3.464162464E-2,-4.465116466E-2,-3.798997354E-2,7.809220796E0,4.174114008E0,-4.960156759E0,-4.542223160E0
5.529126555E1,9.978565948E-1,2.812050448E-2,-4.590568114E-2,-3.720378795E-2,7.504078467E0,3.426967140E0,-5.136119909E0,-4.424168671E0
5.530123045E1,9.978845716E-1,3.091358189E-2,-4.576023644E-2,-3.430354191E-2,7.454926762E0,3.732329122E0,-5.117929196E0,-4.104543342E0
5.531124582E1,9.979940849E-1,3.276978392E-2,-4.497251640E-2,-3.018974141E-2,7.259329681E0,3.921377985E0,-5.036249340E0,-3.637907268E0
5.532121582E1,9.981836912E-1,2.814892948E-2,-4.529596015E-2,-2.802199952E-2,6.907616688E0,3.380543351E0,-5.097440321E0,-3.366604314E0
5.533116144E1,9.982022573E-1,3.101800984E-2,-4.442845632E-2,-2.561735463E-2,6.872210867E0,3.695029667E0,-4.997252492E0,-3.101469591E0
5.534112904E1,9.982271288E-1,3.468485816E-2,-4.324969217E-2,-2.165696233E-2,6.824493091E0,4.093105159E0,-4.867036770E0,-2.659747255E0
5.535109753E1,9.983501622E-1,3.415908135E-2,-4.231855320E-2,-1.841876356E-2,6.583365669E0,4.014407248E0,-4.774775738E0,-2.281319666E0
5.536106519E1,9.985229780E-1,2.991611327E-2,-4.222936379E-2,-1.653993273E-2,6.228946135E0,3.517549277E0,-4.780825787E0,-2.044852142E0
5.537102264E1,9.986187890E-1,2.737337588E-2,-4.217757640E-2,-1.524023035E-2,6.023482352E0,3.218987146E0,-4.784271419E0,-1.883189740E0
5.538098930E1,9.986697671E-1,2.726431246E-2,-4.164494523E-2,-1.345555712E-2,5.911253953E0,3.196852361E0,-4.729140328E0,-1.675895422E0
5.539098363E1,9.986923366E-1,2.868055934E-2,-4.076293658E-2,-1.137652158E-2,5.860881492E0,3.348230731E0,-4.632636724E0,-1.440776344E0
5.540095305E1,9.987236587E-1,2.941557426E-2,-3.986672123E-2,-9.819478945E-3,5.790249097E0,3.424081088E0,-4.534190797E0,-1.262227154E0
5.541087847E1,9.987194346E-1,3.138638766E-2,-3.882709213E-2,-8.175726131E-3,5.799824606E0,3.641652811E0,-4.418532847E0,-1.078584779E0
5.542084342E1,9.987044091E-1,3.368706561E-2,-3.762215970E-2,-6.265622009E-3,5.833758893E0,3.896150750E0,-4.285403970E0,-8.647386165E-1
5.543080706E1,9.987638209E-1,3.359166301E-2,-3.634294760E-2,-4.649765343E-3,5.698401770E0,3.877019070E0,-4.145163454E0,-6.738390449E-1
5.544077191E1,9.988673454E-1,3.173164835E-2,-3.531344631E-2,-3.176361621E-3,5.454530454E0,3.656447406E0,-4.033821167E0,-4.932058705E-1
5.545077628E1,9.989437906E-1,3.139836728E-2,-3.353048690E-2,-1.073415004E-3,5.267212924E0,3.608782596E0,-3.837258284E0,-2.440645552E-1
5.546074508E1,9.993141598E-1,1.080688426E-2,-3.526659698E-2,-3.269316542E-3,4.244278972E0,1.253952887E0,-4.037775377E0,-4.190964982E-1
5.547070087E1,9.993424164E-1,5.878658667E-3,-3.545255075E-2,-4.826268805E-3,4.155917576E0,6.945687582E-1,-4.060037310E0,-5.780288085E-1
5.548066837E1,9.991281193E-1,2.639636573E-2,-3.224787168E-2,-2.511529638E-3,4.785504248E0,3.039156929E0,-3.687059341E0,-3.858942020E-1
5.549064602E1,9.988400362E-1,3.719519340E-2,-3.043386266E-2,2.979881426E-3,5.519907943E0,4.258767764E0,-3.498292608E0,2.117513320E-1
5.550061456E1,9.990831231E-1,2.947225970E-2,-3.091593450E-2,2.916156922E-3,4.907454955E0,3.372264144E0,-3.551579534E0,2.298911887E-1
5.551055425E1,9.991582979E-1,2.593922725E-2,-3.177288816E-2,5.795020943E-4,4.701942355E0,2.975147361E0,-3.642014869E0,-2.814895267E-2
5.552051988E1,9.988528377E-1,3.692870049E-2,-3.046876722E-2,9.663862421E-4,5.489358351E0,4.235208549E0,-3.493712368E0,-1.835665786E-2
5.553051660E1,9.988475103E-1,3.818926799E-2,-2.907144996E-2,2.860370579E-4,5.502092344E0,4.381835694E0,-3.330630650E0,-9.464178766E-2
5.554048529E1,9.992161780E-1,2.449518709E-2,-3.082919681E-2,-4.071374312E-3,4.537375548E0,2.825600863E0,-3.520783892E0,-5.537689947E-1
5.555047467E1,9.991175277E-1,2.676269607E-2,-3.157731499E-2,-7.127210641E-3,4.814488031E0,3.097465969E0,-3.595802919E0,-9.146775733E-1
5.556044545E1,9.988260109E-1,3.687681695E-2,-3.078716190E-2,-6.233061233E-3,5.553185256E0,4.254636756E0,-3.499643285E0,-8.451237931E-1
5.557045061E1,9.990144796E-1,3.150753655E-2,-3.028866335E-2,-7.742195934E-3,5.087871248E0,3.642830183E0,-3.441520479E0,-9.975223536E-1
5.558042493E1,9.991985076E-1,1.864367303E-2,-3.283648640E-2,-1.328612120E-2,4.588242254E0,2.189868873E0,-3.734026430E0,-1.595000767E0
5.559029915E1,9.990121434E-1,2.361551501E-2,-3.336529048E-2,-1.742992279E-2,5.093899121E0,2.777217946E0,-3.775166888E0,-2.090639423E0
5.560026326E1,9.988102460E-1,3.081526921E-2,-3.249215863E-2,-1.930728385E-2,5.590353525E0,3.608568795E0,-3.653194738E0,-2.329930009E0
5.561021535E1,9.989054650E-1,2.413507536E-2,-3.270148148E-2,-2.315131379E-2,5.361941633E0,2.856480054E0,-3.681716320E0,-2.747203223E0
5.562017826E1,9.988367503E-1,1.794786268E-2,-3.407160553E-2,-2.901975521E-2,5.527722222E0,2.172989231E0,-3.842973301E0,-3.401265515E0
5.563016055E1,9.985715424E-1,2.779445915E-2,-3.383005443E-2,-3.062466615E-2,6.125661790E0,3.308198111E0,-3.776294607E0,-3.622336544E0
5.564012540E1,9.984149846E-1,3.332922476E-2,-3.226355798E-2,-3.187074168E-2,6.452704132E0,3.941784380E0,-3.571862284E0,-3.779629322E0
5.565011644E1,9.984527704E-1,2.541584121E-2,-2.768146474E-2,-4.098581226E-2,6.375305792E0,3.043682743E0,-3.049224702E0,-4.782295770E0
5.566008394E1,9.982330947E-1,1.826283966E-2,-2.501112633E-2,-5.071095475E-2,6.812997541E0,2.237566396E0,-2.755936247E0,-5.870163987E0
5.567003613E1,9.979697561E-1,5.115669979E-3,-2.495924753E-2,-5.837149727E-2,7.303234272E0,7.529060679E-1,-2.821234144E0,-6.713401392E0
5.568000207E1,9.976890311E-1,-5.736038019E-3,-2.948156692E-2,-6.094696282E-2,7.791989298E0,-4.506868707E-1,-3.412609386E0,-6.978070691E0
5.568998608E1,9.977452832E-1,8.066023767E-3,-3.244966471E-2,-5.819199653E-2,7.696535292E0,1.140999536E0,-3.658772956E0,-6.712262388E0
5.569995384E1,9.977677779E-1,1.652645591E-2,-3.309571741E-2,-5.559686303E-2,7.658031528E0,2.105232015E0,-3.681267508E0,-6.446249992E0
5.570990983E1,9.976705746E-1,1.443775182E-2,-3.267353864E-2,-5.811553826E-2,7.823054768E0,1.872294767E0,-3.641692636E0,-6.727091033E0
5.571987639E1,9.973615934E-1,1.399914816E-2,-3.132109857E-2,-6.397549974E-2,8.325954215E0,1.833259384E0,-3.479173159E0,-7.396071666E0
5.572983008E1,9.970856579E-1,2.002323367E-2,-2.881253762E-2,-6.774288585E-2,8.750712595E0,2.516051936E0,-3.138184606E0,-7.842438782E0
5.573979535E1,9.970438045E-1,1.868620842E-2,-2.698957704E-2,-6.946970720E-2,8.813354653E0,2.353556717E0,-2.936165593E0,-8.031688749E0
5.574977805E1,9.965746141E-1,-1.329987367E-2,-3.064874669E-2,-7.564923093E-2,9.487382780E0,-1.255748815E0,-3.617754311E0,-8.642249271E0
5.575974503E1,9.960663337E-1,-8.030674852E-3,-3.613489497E-2,-8.050861141E-2,1.016737521E1,-5.848437286E-1,-4.202320098E0,-9.220493050E0
5.576971332E1,9.954952875E-1,1.463779934E-2,-3.977169017E-2,-8.481202750E-2,1.088088775E1,2.062864421E0,-4.399029372E0,-9.818441011E0
5.577968045E1,9.945673855E-1,2.789600792E-2,-3.785369532E-2,-9.286886608E-2,1.195002685E1,3.593312120E0,-4.020578695E0,-1.079534959E1
5.578962982E1,9.936270654E-1,3.338037708E-2,-3.791023427E-2,-1.007661625E-1,1.294399307E1,4.252394132E0,-3.934156685E0,-1.172753449E1
5.579959514E1,9.923360396E-1,4.000698136E-2,-4.022873709E-2,-1.097737427E-1,1.419619674E1,5.074814281E0,-4.074724124E0,-1.280561190E1
5.580957920E1,9.906300029E-1,5.480793317E-2,-4.094356942E-2,-1.182028426E-1,1.569918295E1,6.808066716E0,-3.908479912E0,-1.384139633E1
5.581954644E1,9.891670220E-1,7.071836116E-2,-3.903945761E-2,-1.225701300E-1,1.688240818E1,8.612064673E0,-3.433910462E0,-1.438594953E1
5.582951305E1,9.897460773E-1,6.032910760E-2,-4.161980634E-2,-1.226005423E-1,1.642420840E1,7.465163448E0,-3.875766950E0,-1.437554195E1
5.583948019E1,9.899039283E-1,3.819995923E-2,-4.941003889E-2,-1.272384528E-1,1.629708407E1,5.079999881E0,-5.054390009E0,-1.487319802E1
5.584941519E1,9.885601944E-1,4.609237954E-2,-5.388912438E-2,-1.331172297E-1,1.734969480E1,6.081856285E0,-5.409530177E0,-1.562595925E1
5.585937910E1,9.875923658E-1,6.133045897E-2,-5.365941194E-2,-1.342406846E-1,1.807016797E1,7.821767296E0,-5.136060703E0,-1.583258835E1
5.586936972E1,9.874644360E-1,6.366053504E-2,-5.220205952E-2,-1.346709650E-1,1.816328042E1,8.065462221E0,-4.930592716E0,-1.588006214E1
5.587933628E1,9.875060134E-1,5.107006840E-2,-5.300908150E-2,-1.393332654E-1,1.813307071E1,6.667763401E0,-5.190189309E0,-1.636494373E1
5.588929774E1,9.867786426E-1,4.526191685E-2,-5.729581775E-2,-1.446943630E-1,1.865457288E1,6.110198529E0,-5.737920325E0,-1.699051272E1
5.589926378E1,9.861120403E-1,5.175204226E-2,-6.052754362E-2,-1.457435646E-1,1.912012630E1,6.913224391E0,-5.986194274E0,-1.717637601E1
5.590923706E1,9.859005728E-1,5.554419485E-2,-6.161864782E-2,-1.453204913E-1,1.926548559E1,7.362365464E0,-6.047694967E0,-1.715934873E1
5.591920384E1,9.859131272E-1,5.460780256E-2,-6.266860757E-2,-1.451411010E-1,1.925688628E1,7.273472837E0,-6.183896286E0,-1.714269715E1
5.592914972E1,9.860038332E-1,5.927177784E-2,-6.349300923E-2,-1.423092939E-1,1.919464235E1,7.802265101E0,-6.219566467E0,-1.685004521E1
5.593911436E1,9.864220181E-1,6.584681872E-2,-6.357190877E-2,-1.363613253E-1,1.890505171E1,8.516868731E0,-6.168889908E0,-1.620096301E1
5.594910316E1,9.872981119E-1,6.599106835E-2,-6.393913080E-2,-1.296125175E-1,1.828363480E1,8.497319306E0,-6.266170944E0,-1.542401409E1
5.595907019E1,9.883144279E-1,6.001379465E-2,-6.520564561E-2,-1.240208040E-1,1.753543078E1,7.798132923E0,-6.546033147E0,-1.475163907E1
5.596903842E1,9.890678193E-1,5.850865480E-2,-6.687819528E-2,-1.176813206E-1,1.695967290E1,7.608996146E0,-6.806890882E0,-1.402372159E1
5.597900561E1,9.899418722E-1,5.838674348E-2,-6.817162279E-2,-1.093558765E-1,1.626637911E1,7.555957525E0,-7.019204550E0,-1.307154855E1
5.598896071E1,9.909222509E-1,5.613286405E-2,-6.892950434E-2,-1.008509674E-1,1.545203900E1,7.246810237E0,-7.197240562E0,-1.207888186E1
5.599892665E1,9.917836967E-1,5.580246298E-2,-7.043400494E-2,-9.105072753E-2,1.469953726E1,7.155565058E0,-7.443524944E0,-1.095673687E1
5.600890175E1,9.926106554E-1,5.766596919E-2,-7.204237627E-2,-7.879478951E-2,1.393921700E1,7.294930287E0,-7.696896356E0,-9.568785337E0
5.601886863E1,9.933910175E-1,5.897219612E-2,-7.309429307E-2,-6.598326053E-2,1.318179043E1,7.355528824E0,-7.899741246E0,-8.108841804E0
5.602884587E1,9.939116269E-1,6.411445443E-2,-7.238309002E-2,-5.281763774E-2,1.265140754E1,7.838568978E0,-7.880766801E0,-6.624578713E0
5.603881373E1,9.943810977E-1,6.810953012E-2,-7.091639105E-2,-3.921976452E-2,1.215337591E1,8.182855540E0,-7.798715327E0,-5.076012511E0
5.604876753E1,9.953025858E-1,6.007167233E-2,-7.015556944E-2,-2.902331641E-2,1.111135963E1,7.170001451E0,-7.825996269E0,-3.831650807E0
5.605873399E1,9.961706382E-1,4.407147947E-2,-7.176671398E-2,-2.347984550E-2,1.003158403E1,5.284114025E0,-8.100750704E0,-3.074869188E0
5.606869649E1,9.962097533E-1,4.605914282E-2,-7.199947086E-2,-1.614803492E-2,9.980186001E0,5.454612783E0,-8.161604259E0,-2.246753292E0
5.607866253E1,9.958327944E-1,5.807729837E-2,-7.018424549E-2,-4.271372985E-3,1.046504306E1,6.742919867E0,-8.006613671E0,-9.639532009E-1
5.608862920E1,9.960078182E-1,5.689534033E-2,-6.848845016E-2,6.377978665E-3,1.024276883E1,6.519176159E0,-7.883298944E0,2.841049620E-1
5.609859529E1,9.967073581E-1,4.246068428E-2,-6.814500260E-2,1.130447534E-2,9.301631087E0,4.812184433E0,-7.862789940E0,9.687164846E-1
5.610856706E1,9.970244795E-1,3.223103630E-2,-6.863804480E-2,1.386240603E-2,8.842128920E0,3.610169211E0,-7.918318405E0,1.343208709E0
5.611853373E1,9.969128375E-1,3.472823458E-2,-6.773165871E-2,1.926568472E-2,9.006564512E0,3.856667407E0,-7.838613942E0,1.949919613E0
5.612848602E1,9.968449988E-1,3.369927745E-2,-6.750179580E-2,2.465592629E-2,9.105035473E0,3.695750029E0,-7.830296159E0,2.580705557E0
5.613845123E1,9.968922001E-1,3.029027266E-2,-6.705597285E-2,2.814138157E-2,9.036633989E0,3.275918618E0,-7.781749008E0,3.011093121E0
5.614841258E1,9.968595330E-1,3.059516744E-2,-6.580260260E-2,3.170212447E-2,9.084028040E0,3.286935944E0,-7.650602874E0,3.423176670E0
5.615837738E1,9.967957554E-1,3.192180556E-2,-6.404440508E-2,3.574261509E-2,9.175853909E0,3.414900635E0,-7.467299362E0,3.884296977E0
5.616836764E1,9.966686868E-1,3.474633216E-2,-6.132112982E-2,4.103584143E-2,9.356124659E0,3.711745596E0,-7.185686960E0,4.482276084E0
5.617833498E1,9.966114963E-1,3.523908827E-2,-5.841734910E-2,4.594720183E-2,9.436138704E0,3.746418036E0,-6.873466229E0,5.054256240E0
5.618830514E1,9.967603387E-1,3.000381113E-2,-5.644315106E-2,4.881361692E-2,9.226452419E0,3.133829703E0,-6.629568216E0,5.425777111E0
5.619827279E1,9.967644123E-1,2.896264773E-2,-5.436741247E-2,5.163386356E-2,9.220646725E0,3.006530962E0,-6.394521555E0,5.762724974E0
5.620822008E1,9.965357496E-1,3.394820302E-2,-5.137106964E-2,5.590199074E-2,9.541084047E0,3.570102619E0,-6.095257018E0,6.231296523E0
5.621818566E1,9.963497143E-1,3.534993793E-2,-4.911982774E-2,6.020690319E-2,9.794071049E0,3.719178155E0,-5.862280550E0,6.725570671E0
5.622817019E1,9.964880815E-1,3.115151256E-2,-4.740420542E-2,6.159486921E-2,9.606540544E0,3.239987166E0,-5.642033673E0,6.914431609E0
5.623813769E1,9.966635772E-1,2.970275971E-2,-4.489597434E-2,6.134990937E-2,9.363301054E0,3.091634441E0,-5.344095883E0,6.900506039E0
5.624810738E1,9.967882700E-1,3.019152276E-2,-4.221968462E-2,6.098454770E-2,9.186571252E0,3.167390627E0,-5.039966004E0,6.862669912E0
5.625807508E1,9.970869902E-1,2.663611101E-2,-4.030237548E-2,5.902347047E-2,8.748711178E0,2.781599389E0,-4.790594441E0,6.659067116E0
5.626806165E1,9.974190409E-1,2.453748075E-2,-3.835355217E-2,5.551732922E-2,8.234773077E0,2.569469461E0,-4.544516550E0,6.269733120E0
5.627803123E1,9.976633140E-1,2.566573539E-2,-3.603581682E-2,5.206344070E-2,7.835241900E0,2.727837064E0,-4.276844457E0,5.872708368E0
5.628797076E1,9.979782898E-1,2.460232220E-2,-3.419871383E-2,4.758683533E-2,7.287864298E0,2.634531517E0,-4.048486781E0,5.366828513E0
5.629793727E1,9.983144010E-1,2.160220856E-2,-3.335489067E-2,4.229837533E-2,6.654352111E0,2.315641891E0,-3.923518638E0,4.772991076E0
5.630790061E1,9.985740208E-1,2.058168200E-2,-3.267714844E-2,3.685815231E-2,6.120344218E0,2.222625006E0,-3.828964625E0,4.153441482E0
5.631786680E1,9.988169283E-1,1.943380777E-2,-3.184295322E-2,3.119450701E-2,5.574629289E0,2.115417763E0,-3.716691364E0,3.509054460E0
5.632791821E1,9.990367497E-1,1.826687324E-2,-3.078837391E-2,2.537656772E-2,5.030047396E0,2.006006273E0,-3.580137574E0,2.847418821E0
5.633789305E1,9.992371988E-1,1.559206538E-2,-2.991661616E-2,1.966987974E-2,4.476111835E0,1.721325308E0,-3.462828948E0,2.203395283E0
5.634778524E1,9.994340765E-1,8.764275026E-3,-2.981992339E-2,1.286414930E-2,3.855378001E0,9.615530329E-1,-3.430145936E0,1.446084105E0
5.635775170E1,9.995340294E-1,4.744494388E-3,-2.966630358E-2,5.396698496E-3,3.498354112E0,5.260143594E-1,-3.402858110E0,6.030733977E-1
5.636770134E1,9.995740860E-1,6.163334581E-3,-2.850625913E-2,-1.026199915E-3,3.344598550E0,7.104897890E-1,-3.266229401E0,-1.379009113E-1
5.637766608E1,9.995784006E-1,6.808746565E-3,-2.737318160E-2,-6.882656263E-3,3.327613507E0,8.027099279E-1,-3.131602062E0,-8.109570816E-1
5.638763816E1,9.995437011E-1,7.138185049E-3,-2.625318278E-2,-1.312273993E-2,3.461854838E0,8.582873424E-1,-2.997653712E0,-1.526813153E0
5.639760363E1,9.994708259E-1,4.881772762E-3,-2.562432071E-2,-1.943272120E-2,3.728087254E0,6.169906549E-1,-2.925176755E0,-2.243477617E0
5.640756634E1,9.993469361E-1,2.541617619E-3,-2.543219509E-2,-2.554300121E-2,4.141609019E0,3.659712460E-1,-2.906218345E0,-2.937571152E0
5.641753149E1,9.992001941E-1,2.781393769E-3,-2.512017266E-2,-3.098730096E-2,4.583411701E0,4.081826921E-1,-2.867578057E0,-3.562803486E0
5.642749102E1,9.990711917E-1,5.166295043E-3,-2.400897648E-2,-3.540667055E-2,4.939287269E0,6.896743341E-1,-2.728740880E0,-4.075804981E0
5.643745561E1,9.989070711E-1,5.367954560E-3,-2.309474013E-2,-4.028003583E-2,5.358005279E0,7.218230367E-1,-2.619705408E0,-4.634805091E0
5.644742451E1,9.986988696E-1,7.749865706E-3,-2.216141778E-2,-4.527006771E-2,5.846219819E0,1.002880788E0,-2.496794378E0,-5.212628304E0
5.645738951E1,9.984627708E-1,1.190903602E-2,-2.095401592E-2,-4.991191617E-2,6.354663913E0,1.483815811E0,-2.329990826E0,-5.753701974E0
5.646736962E1,9.982148510E-1,1.458732558E-2,-2.004547813E-2,-5.433691149E-2,6.848090441E0,1.795034252E0,-2.202655809E0,-6.266047488E0
5.647733613E1,9.979332948E-1,1.429518345E-2,-2.035014093E-2,-5.925081140E-2,7.368544631E0,1.774520176E0,-2.230639178E0,-6.830276063E0
5.648730358E1,9.975858716E-1,1.810753561E-2,-2.053753200E-2,-6.381814617E-2,7.964072781E0,2.222371487E0,-2.215877891E0,-7.363727490E0
5.649727014E1,9.972827757E-1,2.127768131E-2,-2.068375676E-2,-6.742779623E-2,8.449456152E0,2.594231311E0,-2.199878747E0,-7.785752634E0
5.650722503E1,9.970113028E-1,1.801882975E-2,-2.140215462E-2,-7.201202455E-2,8.861695225E0,2.237611041E0,-2.297100951E0,-8.307225619E0
5.651719045E1,9.965746593E-1,1.470562761E-2,-2.283811580E-2,-7.810962496E-2,9.487320263E0,1.885888426E0,-2.477237004E0,-9.003923464E0
5.652715920E1,9.960879260E-1,1.696570979E-2,-2.380042887E-2,-8.339393184E-2,1.013941359E1,2.166634521E0,-2.555377416E0,-9.619780301E0
5.653712498E1,9.956458782E-1,1.645030237E-2,-2.458957759E-2,-8.839697633E-2,1.069733555E1,2.128687342E0,-2.639788877E0,-1.019629120E1
5.654709972E1,9.951341797E-1,1.413267183E-2,-2.586581513E-2,-9.401697454E-2,1.130894037E1,1.892872672E0,-2.798435193E0,-1.084042967E1
5.655706639E1,9.945320667E-1,1.345644084E-2,-2.769883385E-2,-9.978811094E-2,1.198884428E1,1.853165180E0,-3.004200680E0,-1.150799019E1
5.656702602E1,9.939966090E-1,1.677593548E-2,-2.880504568E-2,-1.042093020E-1,1.256271335E1,2.258666791E0,-3.082155360E0,-1.203067597E1
5.657699196E1,9.935216647E-1,1.884847600E-2,-2.953922348E-2,-1.081058321E-1,1.305070802E1,2.516380381E0,-3.131079832E0,-1.248871556E1
5.658697748E1,9.930638189E-1,2.313714815E-2,-3.009541450E-2,-1.112797824E-1,1.350452104E1,3.022612729E0,-3.131279764E0,-1.287007914E1
5.659694535E1,9.927033506E-1,2.600431484E-2,-3.036328444E-2,-1.137624910E-1,1.385140397E1,3.360849088E0,-3.116526881E0,-1.316645599E1
5.660689993E1,9.924017725E-1,2.497887714E-2,-3.128666034E-2,-1.163439837E-1,1.413510847E1,3.264673412E0,-3.226631996E0,-1.346504522E1
5.661686644E1,9.920263261E-1,2.378788723E-2,-3.224288069E-2,-1.194918462E-1,1.448057674E1,3.152597245E0,-3.341473223E0,-1.382861589E1
5.662682764E1,9.916899456E-1,2.408211074E-2,-3.307227149E-2,-1.219726549E-1,1.478327884E1,3.206319502E0,-3.423750328E0,-1.411957880E1
5.663679363E1,9.914139440E-1,2.194001253E-2,-3.437814453E-2,-1.242383623E-1,1.502711860E1,2.989221343E0,-3.595627835E0,-1.437934256E1
5.664676722E1,9.910991547E-1,2.168325228E-2,-3.568966158E-2,-1.264062899E-1,1.530051014E1,2.987288499E0,-3.741907367E0,-1.463430289E1
5.665673399E1,9.909107684E-1,2.525650229E-2,-3.619815418E-2,-1.270734109E-1,1.546182345E1,3.404245348E0,-3.745193638E0,-1.472667150E1
5.666670644E1,9.909057595E-1,2.661154767E-2,-3.669816980E-2,-1.266919321E-1,1.546608972E1,3.564566642E0,-3.783463675E0,-1.468977939E1
5.667667373E1,9.908824070E-1,2.479370079E-2,-3.808774328E-2,-1.268331649E-1,1.548596440E1,3.378863289E0,-3.967558014E0,-1.470548593E1
5.668662660E1,9.908334618E-1,2.697200952E-2,-3.946174818E-2,-1.263500381E-1,1.552753831E1,3.645538889E0,-4.093495660E0,-1.466448020E1
5.669659243E1,9.909114771E-1,3.036317573E-2,-4.027052325E-2,-1.247028755E-1,1.546121979E1,4.037080582E0,-4.142442871E0,-1.449161038E1
5.670657248E1,9.910540426E-1,3.355275573E-2,-4.082710465E-2,-1.225530286E-1,1.533929278E1,4.399777555E0,-4.169066822E0,-1.425895804E1
5.671653977E1,9.911809428E-1,3.684297283E-2,-4.142283326E-2,-1.203622985E-1,1.522994713E1,4.774317744E0,-4.200450348E0,-1.402260966E1
5.672650774E1,9.913612952E-1,3.884159483E-2,-4.132803112E-2,-1.182628716E-1,1.507318693E1,4.992069866E0,-4.172239858E0,-1.378767547E1
5.673647508E1,9.916879243E-1,3.821050928E-2,-4.043668936E-2,-1.160167744E-1,1.478507918E1,4.898221635E0,-4.090670695E0,-1.352034845E1
5.674643264E1,9.922243357E-1,3.133545477E-2,-4.064103013E-2,-1.133898739E-1,1.429941230E1,4.105548837E0,-4.217556627E0,-1.319002162E1
5.675639899E1,9.925292684E-1,2.216162648E-2,-4.335744724E-2,-1.118688765E-1,1.401586610E1,3.088036342E0,-4.652295432E0,-1.298690953E1
5.676637582E1,9.926796208E-1,2.250790480E-2,-4.626086056E-2,-1.092725836E-1,1.387393661E1,3.153120839E0,-4.986753964E0,-1.270081104E1
5.677634321E1,9.929222547E-1,2.347133870E-2,-4.827838567E-2,-1.059419174E-1,1.364179680E1,3.271999710E0,-5.215395307E0,-1.232956515E1
5.678630858E1,9.929586851E-1,2.182495956E-2,-4.956538483E-2,-1.053565065E-1,1.360660172E1,3.096912442E0,-5.384210597E0,-1.225891186E1
5.679627576E1,9.929109386E-1,2.277098946E-2,-5.035334544E-2,-1.052325551E-1,1.365271080E1,3.214341537E0,-5.462847036E0,-1.225308101E1
5.680623217E1,9.929027413E-1,2.390278546E-2,-5.099953521E-2,-1.047466021E-1,1.366061143E1,3.349222690E0,-5.524287288E0,-1.220595677E1
5.681619821E1,9.928247587E-1,2.478919392E-2,-5.177492463E-2,-1.048992449E-1,1.373554527E1,3.461235917E0,-5.601336727E0,-1.223206204E1
5.682617368E1,9.927768199E-1,2.811531429E-2,-5.281522728E-2,-1.039916671E-1,1.378140868E1,3.849683542E0,-5.682737643E0,-1.215079401E1
5.683614066E1,9.928208650E-1,2.889731665E-2,-5.346178316E-2,-1.030219049E-1,1.373927609E1,3.941686388E0,-5.750793113E0,-1.204645992E1
5.684610113E1,9.927644743E-1,2.632310467E-2,-5.480796729E-2,-1.035465085E-1,1.379319516E1,3.667041923E0,-5.933348340E0,-1.209908234E1
5.685606748E1,9.926295409E-1,2.764364986E-2,-5.570747744E-2,-1.040149036E-1,1.392137090E1,3.832333555E0,-6.018125366E0,-1.216559688E1
5.686605493E1,9.925254773E-1,2.881084137E-2,-5.705090995E-2,-1.039630030E-1,1.401942630E1,3.982628786E0,-6.157300626E0,-1.217367738E1
5.687602337E1,9.923705137E-1,3.204673074E-2,-5.746680897E-2,-1.042657009E-1,1.416419121E1,4.360269990E0,-6.163959247E0,-1.223069640E1
5.688599847E1,9.922787682E-1,3.822343298E-2,-5.733324802E-2,-1.031247499E-1,1.424920907E1,5.058761355E0,-6.078881602E0,-1.213536326E1
5.689596758E1,9.924092263E-1,3.864119254E-2,-5.711162381E-2,-1.018285231E-1,1.412816470E1,5.095870139E0,-6.055205475E0,-1.198663852E1
5.690592535E1,9.925635930E-1,3.265718943E-2,-5.744131692E-2,-1.022326606E-1,1.398359061E1,4.417209861E0,-6.162638007E0,-1.199919707E1
5.691589326E1,9.925163772E-1,2.721698692E-2,-5.899825762E-2,-1.033909190E-1,1.402796854E1,3.821126929E0,-6.400954945E0,-1.210790480E1
5.692585608E1,9.924535677E-1,2.856860883E-2,-6.002959094E-2,-1.030349394E-1,1.408678736E1,3.986632449E0,-6.503622613E0,-1.208083939E1
5.693582347E1,9.925764503E-1,3.008414789E-2,-6.009798937E-2,-1.013664940E-1,1.397148184E1,4.150163794E0,-6.500082748E0,-1.189795749E1
5.694579425E1,9.926924209E-1,2.760805703E-2,-6.095768470E-2,-1.004176941E-1,1.386178672E1,3.870793320E0,-6.631299270E0,-1.177676465E1
5.695576201E1,9.927206042E-1,2.872103627E-2,-6.173839312E-2,-9.934422448E-2,1.383499785E1,4.000705438E0,-6.711577007E0,-1.166411666E1
5.696572686E1,9.928194310E-1,3.451851116E-2,-6.152089966E-2,-9.660863681E-2,1.374064982E1,4.644322655E0,-6.631814266E0,-1.138483721E1
5.697569430E1,9.931470204E-1,3.632574496E-2,-6.048253874E-2,-9.317348639E-2,1.342318804E1,4.816548882E0,-6.509440084E0,-1.099325600E1
5.698565727E1,9.935069059E-1,3.099747776E-2,-6.041591371E-2,-9.128582405E-2,1.306558163E1,4.192203255E0,-6.568326771E0,-1.074013513E1
5.699562425E1,9.935876160E-1,3.124329066E-2,-6.087654306E-2,-9.000862518E-2,1.298403662E1,4.217083753E0,-6.623699131E0,-1.059667724E1
5.700557472E1,9.937243226E-1,3.860590355E-2,-6.018990647E-2,-8.601587144E-2,1.284474004E1,5.028025566E0,-6.487295858E0,-1.017941436E1
5.701554003E1,9.940560892E-1,4.043660257E-2,-5.940477478E-2,-8.178291694E-2,1.250026215E1,5.202405484E0,-6.401174861E0,-9.697596753E0
5.702550352E1,9.943774135E-1,3.808338781E-2,-5.934907804E-2,-7.899938010E-2,1.215736337E1,4.913671143E0,-6.431405992E0,-9.361004566E0
5.703546863E1,9.945475710E-1,3.802735403E-2,-5.959985488E-2,-7.666098474E-2,1.197181953E1,4.894527539E0,-6.472098232E0,-9.092334565E0
5.704543332E1,9.946932385E-1,3.926028223E-2,-5.964579359E-2,-7.407004027E-2,1.181067331E1,5.019723704E0,-6.479200137E0,-8.801672316E0
5.705539837E1,9.948565909E-1,3.748020102E-2,-5.983071982E-2,-7.263527474E-2,1.162731623E1,4.807543239E0,-6.522951129E0,-8.625721129E0
5.706538769E1,9.949289964E-1,3.576083882E-2,-6.047834610E-2,-7.197099563E-2,1.154511551E1,4.611535157E0,-6.614920580E0,-8.541535640E0
5.707535519E1,9.949425261E-1,3.725899371E-2,-6.068881239E-2,-7.083787986E-2,1.152969072E1,4.778077973E0,-6.631603600E0,-8.421925751E0
5.708531321E1,9.949993062E-1,3.897300937E-2,-6.050365833E-2,-6.925888029E-2,1.146473192E1,4.962922447E0,-6.603840890E0,-8.250031363E0
5.709527972E1,9.950826979E-1,3.928710500E-2,-6.033749946E-2,-6.801715944E-2,1.136865787E1,4.989326880E0,-6.588467899E0,-8.107903645E0
5.710523873E1,9.951282254E-1,4.081096549E-2,-6.000509172E-2,-6.673581513E-2,1.131586327E1,5.153170922E0,-6.544705096E0,-7.968143488E0
5.711520451E1,9.952114655E-1,4.202316404E-2,-5.949705796E-2,-6.517892915E-2,1.121869635E1,5.278008822E0,-6.485182534E0,-7.793423234E0
5.712518003E1,9.953350295E-1,4.176605043E-2,-5.933043031E-2,-6.358990559E-2,1.107289168E1,5.236703796E0,-6.476489875E0,-7.607571937E0
5.713514680E1,9.954657698E-1,3.933167111E-2,-5.998171296E-2,-6.247491440E-2,1.091650567E1,4.954778183E0,-6.575074957E0,-7.467073160E0
5.714511399E1,9.954790344E-1,3.998615105E-2,-6.033266973E-2,-6.150259180E-2,1.090051415E1,5.026432346E0,-6.615236535E0,-7.361376389E0
5.715508076E1,9.955537028E-1,3.944342077E-2,-6.024287773E-2,-6.072756458E-2,1.081005538E1,4.958139528E0,-6.612821053E0,-7.267914865E0
5.716503326E1,9.956522179E-1,3.625204615E-2,-6.084776578E-2,-6.049793007E-2,1.068953930E1,4.594270259E0,-6.706307914E0,-7.223599246E0
5.717499858E1,9.956964507E-1,3.333028178E-2,-6.174993173E-2,-6.053607373E-2,1.063498517E1,4.265472792E0,-6.830527389E0,-7.213013756E0
5.718498269E1,9.957095771E-1,3.271803708E-2,-6.228736465E-2,-6.010201627E-2,1.061874216E1,4.196209559E0,-6.898301613E0,-7.161503969E0
5.719494993E1,9.957547788E-1,3.194676012E-2,-6.234997164E-2,-5.970180948E-2,1.056261736E1,4.105171593E0,-6.912649116E0,-7.110323228E0
5.720491055E1,9.957904484E-1,3.119131104E-2,-6.244728115E-2,-5.940388970E-2,1.051811736E1,4.016920431E0,-6.930370137E0,-7.071203671E0
5.721487706E1,9.958327755E-1,3.120417159E-2,-6.227098983E-2,-5.887025365E-2,1.046506687E1,4.013343634E0,-6.912244220E0,-7.008869601E0
5.722484118E1,9.959117766E-1,3.011227560E-2,-6.181020327E-2,-5.858739552E-2,1.036532696E1,3.882284926E0,-6.868245802E0,-6.966479547E0
5.723480748E1,9.959952226E-1,2.831123493E-2,-6.151542281E-2,-5.837673608E-2,1.025892516E1,3.671427200E0,-6.847821568E0,-6.928439184E0
5.724478326E1,9.960762202E-1,2.880239542E-2,-6.138652459E-2,-5.687073162E-2,1.015458190E1,3.716614602E0,-6.835275482E0,-6.757515461E0
5.725475050E1,9.962055554E-1,2.622414361E-2,-6.158189078E-2,-5.562783882E-2,9.985714762E0,3.412788731E0,-6.879340054E0,-6.597311150E0
5.726472342E1,9.962794105E-1,2.369620413E-2,-6.184582615E-2,-5.514453743E-2,9.887995301E0,3.120405154E0,-6.927771253E0,-6.525156212E0
5.727469123E1,9.963487288E-1,2.472280316E-2,-6.128887027E-2,-5.405245561E-2,9.795393852E0,3.227102966E0,-6.860795534E0,-6.404060228E0
5.728464008E1,9.964856634E-1,2.279735654E-2,-6.098404788E-2,-5.270245855E-2,9.609849265E0,2.994179981E0,-6.842270482E0,-6.233950460E0
5.729460597E1,9.965461961E-1,1.626831453E-2,-6.194825222E-2,-5.285295732E-2,9.526679230E0,2.250276797E0,-6.993049241E0,-6.209317956E0
5.730458003E1,9.964978734E-1,1.845325578E-2,-6.222225340E-2,-5.272434831E-2,9.593131027E0,2.502617418E0,-7.011168464E0,-6.210686250E0
5.731454675E1,9.965519486E-1,2.473982235E-2,-6.085533157E-2,-5.068316922E-2,9.518737765E0,3.202971671E0,-6.821883573E0,-6.013896389E0
5.732451795E1,9.967269808E-1,2.174482642E-2,-6.040306066E-2,-4.913205144E-2,9.273857669E0,2.844822663E0,-6.792499786E0,-5.812899285E0
5.733448509E1,9.967790408E-1,1.595351887E-2,-6.114444417E-2,-4.938001700E-2,9.199768087E0,2.184634435E0,-6.910538187E0,-5.804102844E0
5.734444613E1,9.968007134E-1,2.045686225E-2,-6.071437091E-2,-4.778723371E-2,9.168748350E0,2.689273780E0,-6.839304214E0,-5.650113715E0
5.735441264E1,9.969167822E-1,2.446223743E-2,-5.962052260E-2,-4.476518247E-2,9.000805469E0,3.123229438E0,-6.700723946E0,-5.325006696E0
5.736439248E1,9.971026152E-1,1.885487273E-2,-5.944211152E-2,-4.356034702E-2,8.725204751E0,2.468747493E0,-6.713060157E0,-5.147785049E0
5.737436035E1,9.971018671E-1,1.358259488E-2,-6.042531035E-2,-4.418327191E-2,8.726331630E0,1.871571840E0,-6.851712976E0,-5.186475866E0
5.738432415E1,9.970934467E-1,1.741836209E-2,-6.007840655E-2,-4.349533661E-2,8.739005658E0,2.306451021E0,-6.793558664E0,-5.132477198E0
5.739429154E1,9.971525966E-1,1.889124476E-2,-5.934917243E-2,-4.251465164E-2,8.649584122E0,2.465368184E0,-6.704806522E0,-5.027211515E0
5.740424186E1,9.971735891E-1,1.780107587E-2,-5.925796720E-2,-4.261981090E-2,8.617625603E0,2.340121475E0,-6.699588417E0,-5.031724610E0
5.741420758E1,9.971467882E-1,2.082777437E-2,-5.889058192E-2,-4.238379372E-2,8.658406018E0,2.684899437E0,-6.642824245E0,-5.023637584E0
5.742419154E1,9.971379576E-1,2.369964515E-2,-5.829369143E-2,-4.190543901E-2,8.671800751E0,3.009016376E0,-6.561372584E0,-4.985481096E0
5.743415904E1,9.971584497E-1,2.351771122E-2,-5.790618307E-2,-4.205731175E-2,8.640685437E0,2.986995032E0,-6.517408787E0,-5.000391217E0
5.744412248E1,9.971462759E-1,2.365817887E-2,-5.776189733E-2,-4.246361189E-2,8.659183728E0,3.005038024E0,-6.498943805E0,-5.047600319E0
5.745408962E1,9.971227828E-1,2.583563377E-2,-5.724404504E-2,-4.244755980E-2,8.694770714E0,3.252658210E0,-6.428622610E0,-5.057939793E0
5.746404430E1,9.971321711E-1,2.753261804E-2,-5.651915005E-2,-4.213043901E-2,8.680566847E0,3.441914877E0,-6.338040137E0,-5.029423015E0
5.747401014E1,9.971674802E-1,2.830977566E-2,-5.591594692E-2,-4.158100430E-2,8.626937841E0,3.524574277E0,-6.266943367E0,-4.968610181E0
5.748399300E1,9.972175385E-1,2.770287835E-2,-5.571057163E-2,-4.106170491E-2,8.550331609E0,3.450388407E0,-6.248224080E0,-4.904169171E0
5.749396050E1,9.972494872E-1,2.696490451E-2,-5.572214674E-2,-4.076023178E-2,8.501079015E0,3.363656842E0,-6.254190220E0,-4.864872611E0
5.750392488E1,9.972743546E-1,2.733298306E-2,-5.547673920E-2,-4.023805479E-2,8.462545076E0,3.401440454E0,-6.226053628E0,-4.806082284E0
5.751389212E1,9.973090619E-1,2.666907439E-2,-5.558915246E-2,-3.966411075E-2,8.408468806E0,3.322046949E0,-6.244042872E0,-4.736282295E0
5.752384884E1,9.973233218E-1,2.584983210E-2,-5.571635182E-2,-3.966946040E-2,8.386149988E0,3.228482012E0,-6.262488164E0,-4.732244773E0
5.753381498E1,9.973285891E-1,2.687022319E-2,-5.520778139E-2,-3.956990496E-2,8.377890951E0,3.342642188E0,-6.199696701E0,-4.725212671E0
5.754378733E1,9.973705023E-1,2.706780561E-2,-5.455732656E-2,-3.927993315E-2,8.311879408E0,3.360254909E0,-6.125194208E0,-4.690520952E0
5.755375410E1,9.974167329E-1,2.520299200E-2,-5.440031865E-2,-3.956356305E-2,8.238455894E0,3.146698944E0,-6.115054806E0,-4.711132592E0
5.756372399E1,9.974186851E-1,2.544573262E-2,-5.419221363E-2,-3.964448666E-2,8.235341001E0,3.174056257E0,-6.089801893E0,-4.721166983E0
5.757369102E1,9.974337224E-1,2.709124923E-2,-5.349699401E-2,-3.911656070E-2,8.211308430E0,3.356580113E0,-6.004120122E0,-4.667740812E0
5.758365587E1,9.974827189E-1,2.610905467E-2,-5.303135498E-2,-3.916909710E-2,8.132510445E0,3.241587734E0,-5.955175623E0,-4.666122223E0
5.759362269E1,9.974975182E-1,2.472559406E-2,-5.299644005E-2,-3.973315292E-2,8.108559268E0,3.085690913E0,-5.955889896E0,-4.722656619E0
5.760358852E1,9.974836706E-1,2.524635980E-2,-5.295831279E-2,-3.980408741E-2,8.130972376E0,3.145806477E0,-5.948833381E0,-4.733791290E0
5.761355524E1,9.974905925E-1,2.495774194E-2,-5.288190122E-2,-3.991407657E-2,8.119776621E0,3.112884708E0,-5.941101541E0,-4.744452459E0
5.762353550E1,9.974838297E-1,2.375562277E-2,-5.297592920E-2,-4.068452707E-2,8.130715118E0,2.979740528E0,-5.955285584E0,-4.826304953E0
5.763350363E1,9.974619588E-1,2.347708040E-2,-5.281851412E-2,-4.157730168E-2,8.165990260E0,2.952224783E0,-5.935952945E0,-4.926866154E0
5.764344988E1,9.974544221E-1,2.254352488E-2,-5.296608740E-2,-4.208395087E-2,8.178110854E0,2.848693704E0,-5.956021918E0,-4.980134990E0
5.765341576E1,9.974333004E-1,2.059573146E-2,-5.356577894E-2,-4.281745424E-2,8.211983753E0,2.632358572E0,-6.032517209E0,-5.054855941E0
5.766340008E1,9.973887289E-1,1.972167364E-2,-5.398906444E-2,-4.372596511E-2,8.283009500E0,2.539682464E0,-6.083139995E0,-5.155498969E0
5.767336779E1,9.973577784E-1,2.014021219E-2,-5.393322027E-2,-4.430622275E-2,8.331974130E0,2.591045343E0,-6.073073247E0,-5.224695997E0
5.768332206E1,9.973407048E-1,1.867653201E-2,-5.419010616E-2,-4.501264460E-2,8.358862744E0,2.428509257E0,-6.108445487E0,-5.297912024E0
5.769328842E1,9.972855208E-1,1.694466936E-2,-5.483647050E-2,-4.612406898E-2,8.445185168E0,2.239902529E0,-6.189209286E0,-5.417153861E0
5.770325456E1,9.972282180E-1,1.682072437E-2,-5.527633272E-2,-4.687719487E-2,8.533899464E0,2.232884998E0,-6.238607669E0,-5.504397703E0
5.771322087E1,9.971949123E-1,1.705100737E-2,-5.535453884E-2,-4.740722548E-2,8.585041885E0,2.263147681E0,-6.245099163E0,-5.567127713E0
5.772317660E1,9.971671532E-1,1.695292651E-2,-5.529815345E-2,-4.808722400E-2,8.627436046E0,2.255807560E0,-6.237647744E0,-5.644696005E0
5.773314186E1,9.971395199E-1,1.734944562E-2,-5.511851219E-2,-4.872088069E-2,8.669432515E0,2.304293305E0,-6.213358163E0,-5.719650578E0
5.774314035E1,9.971091667E-1,1.706669509E-2,-5.528124406E-2,-4.925466048E-2,8.715329791E0,2.276109771E0,-6.232407165E0,-5.779866156E0
5.775310894E1,9.970641545E-1,1.754652508E-2,-5.548976907E-2,-4.976019299E-2,8.782952495E0,2.335724908E0,-6.252340559E0,-5.841732946E0
5.776304982E1,9.970393527E-1,1.891546691E-2,-5.549795067E-2,-4.974647424E-2,8.819991534E0,2.493080731E0,-6.245299682E0,-5.848746363E0
5.777301561E1,9.970373204E-1,1.943981337E-2,-5.547487329E-2,-4.961062206E-2,8.823019738E0,2.552371838E0,-6.239931869E0,-5.836299111E0
5.778299899E1,9.970273246E-1,1.922924471E-2,-5.558178478E-2,-4.977364155E-2,8.837898621E0,2.529845275E0,-6.252998496E0,-5.854106970E0
5.779296654E1,9.970183864E-1,2.051492414E-2,-5.548513610E-2,-4.954669162E-2,8.851181986E0,2.675645643E0,-6.234993125E0,-5.835684616E0
5.780293618E1,9.970354730E-1,2.110211681E-2,-5.528411028E-2,-4.917960312E-2,8.825771472E0,2.739624351E0,-6.209538035E0,-5.796376125E0
5.781290394E1,9.970412466E-1,2.118955172E-2,-5.525650366E-2,-4.905582879E-2,8.817168736E0,2.748735237E0,-6.206208759E0,-5.782566691E0
5.782286420E1,9.970441987E-1,2.309099021E-2,-5.491470105E-2,-4.851852802E-2,8.812766711E0,2.961927041E0,-6.157626019E0,-5.731249990E0
5.783283118E1,9.970658019E-1,2.613252878E-2,-5.427034417E-2,-4.723989080E-2,8.780486671E0,3.299879982E0,-6.070564100E0,-5.600191479E0
5.784277602E1,9.971316774E-1,2.722975290E-2,-5.361519723E-2,-4.596051594E-2,8.681314361E0,3.414399258E0,-5.993741875E0,-5.456908335E0
5.785274076E1,9.972062117E-1,2.677731224E-2,-5.316561002E-2,-4.512388361E-2,8.567725385E0,3.354755068E0,-5.947524151E0,-5.356092509E0
5.786271373E1,9.972635381E-1,2.624513787E-2,-5.286773873E-2,-4.451550946E-2,8.479327647E0,3.288246627E0,-5.918257955E0,-5.281729922E0
5.787267930E1,9.973140869E-1,2.654342538E-2,-5.246871546E-2,-4.367026977E-2,8.400610636E0,3.315295220E0,-5.873776323E0,-5.184651144E0
5.788266019E1,9.973672513E-1,2.698991873E-2,-5.217683847E-2,-4.251691212E-2,8.317018288E0,3.358237339E0,-5.841903719E0,-5.053385363E0
5.789262732E1,9.974214728E-1,2.765085131E-2,-5.177354903E-2,-4.129570881E-2,8.230890905E0,3.424924831E0,-5.796549117E0,-4.915112375E0
5.790259665E1,9.974840675E-1,2.828649928E-2,-5.120296682E-2,-4.004578809E-2,8.130330711E0,3.487789264E0,-5.732420293E0,-4.772690019E0
5.791256399E1,9.975489436E-1,2.833311843E-2,-5.076088684E-2,-3.894447154E-2,8.024777943E0,3.484587627E0,-5.685394994E0,-4.644483235E0
5.792253378E1,9.976072504E-1,2.822025567E-2,-5.041740482E-2,-3.796678114E-2,7.928716498E0,3.464345319E0,-5.649960297E0,-4.530004744E0
5.793250134E1,9.976789145E-1,2.771003736E-2,-5.023164214E-2,-3.668405115E-2,7.809032638E0,3.397525435E0,-5.635359043E0,-4.378831603E0
5.794247566E1,9.977442899E-1,2.550062733E-2,-5.075301202E-2,-3.577962633E-2,7.698230922E0,3.140790565E0,-5.707629483E0,-4.264159013E0
5.795244389E1,9.977509241E-1,2.740485679E-2,-5.066671311E-2,-3.427756360E-2,7.686897808E0,3.350753839E0,-5.694646565E0,-4.101926730E0
5.796239769E1,9.978074778E-1,2.829573890E-2,-5.046976133E-2,-3.213085094E-2,7.589602083E0,3.440091321E0,-5.675824101E0,-3.859321550E0
5.797236446E1,9.978727847E-1,2.657008881E-2,-5.089478504E-2,-3.088133304E-2,7.475674154E0,3.236246251E0,-5.735254878E0,-3.707303356E0
5.798232076E1,9.978840457E-1,2.870306626E-2,-5.065179070E-2,-2.894756484E-2,7.455853756E0,3.469490274E0,-5.706202037E0,-3.496210842E0
5.799228649E1,9.978857255E-1,3.306378104E-2,-4.981296146E-2,-2.548595852E-2,7.452892531E0,3.948307004E0,-5.608466518E0,-3.119500625E0
5.800226477E1,9.979982025E-1,3.339534314E-2,-4.900091362E-2,-2.198293232E-2,7.251872676E0,3.964185838E0,-5.528299841E0,-2.715174126E0
5.801223170E1,9.981749669E-1,2.937292028E-2,-4.897562152E-2,-1.963047639E-2,6.924191601E0,3.488381240E0,-5.544525935E0,-2.422278965E0
5.802220128E1,9.982541525E-1,2.849436096E-2,-4.863535005E-2,-1.764429623E-2,6.772265666E0,3.375411936E0,-5.514367452E0,-2.187816383E0
5.803216852E1,9.982891410E-1,3.108926792E-2,-4.747860199E-2,-1.407233587E-2,6.704041075E0,3.651636987E0,-5.389147958E0,-1.787145846E0
5.804213003E1,9.984288119E-1,2.912870156E-2,-4.665331636E-2,-1.071888297E-2,6.424489160E0,3.406577234E0,-5.309493819E0,-1.388179268E0
5.805209670E1,9.985660593E-1,2.471963887E-2,-4.670968800E-2,-8.542226125E-3,6.137409832E0,2.888019618E0,-5.328340513E0,-1.114662720E0
5.806206764E1,9.985950352E-1,2.515374580E-2,-4.630170736E-2,-5.603271802E-3,6.075068919E0,2.921790829E0,-5.289690679E0,-7.779829021E-1
5.807203472E1,9.986145209E-1,2.639938830E-2,-4.548140164E-2,-1.884950915E-3,6.032783910E0,3.044766761E0,-5.206022130E0,-3.547537938E-1
5.808201087E1,9.986946368E-1,2.443579275E-2,-4.484743330E-2,7.887843077E-4,5.855723505E0,2.804827963E0,-5.141535307E0,-3.545150592E-2
5.809197884E1,9.987542501E-1,2.256467011E-2,-4.442306018E-2,2.715762300E-3,5.720423183E0,2.579747754E0,-5.097912130E0,1.967287108E-1
5.810195232E1,9.987835815E-1,2.230774040E-2,-4.373629699E-2,4.567086872E-3,5.652663850E0,2.540870489E0,-5.023823615E0,4.124990435E-1
5.811192087E1,9.988159625E-1,2.191596041E-2,-4.297333898E-2,6.297292785E-3,5.576904631E0,2.487420142E0,-4.940486173E0,6.151368148E-1
5.812184930E1,9.988566480E-1,2.084261750E-2,-4.239889533E-2,7.301760420E-3,5.480232585E0,2.359385374E0,-4.876324611E0,7.371869391E-1
5.813181378E1,9.988715354E-1,2.113164872E-2,-4.177109674E-2,8.017777048E-3,5.444430430E0,2.389490286E0,-4.806263422E0,8.194931252E-1
5.814179102E1,9.988942266E-1,2.100930876E-2,-4.120731463E-2,8.419635313E-3,5.389403813E0,2.373873743E0,-4.742472525E0,8.675492919E-1
5.815175675E1,9.989310290E-1,1.961295377E-2,-4.104922789E-2,8.190983543E-3,5.298943393E0,2.214615171E0,-4.722621466E0,8.482677310E-1
5.816171634E1,9.989585542E-1,1.919724223E-2,-4.069730938E-2,7.549960263E-3,5.230264615E0,2.170095099E0,-4.680524052E0,7.773491374E-1
5.817168144E1,9.989961222E-1,1.889394891E-2,-4.009718666E-2,6.479356425E-3,5.135046491E0,2.140561098E0,-4.609184644E0,6.570595750E-1
5.818164764E1,9.990392290E-1,1.800583336E-2,-3.970458607E-2,4.467062308E-3,5.023568597E0,2.047925444E0,-4.559466755E0,4.308401985E-1
5.819161285E1,9.990535792E-1,1.842864238E-2,-3.934044611E-2,2.158789089E-3,4.985905319E0,2.107042649E0,-4.513040635E0,1.645775387E-1
5.820162602E1,9.990498677E-1,1.939587402E-2,-3.902612807E-2,-3.510627455E-4,4.995673645E0,2.229408473E0,-4.471573405E0,-1.273178537E-1
5.821159613E1,9.990393721E-1,1.939540694E-2,-3.913568047E-2,-3.542562749E-3,5.023194590E0,2.243719719E0,-4.476991451E0,-4.940524030E-1
5.822153472E1,9.989990229E-1,1.960969626E-2,-3.957574879E-2,-7.083235322E-3,5.127621222E0,2.284686052E0,-4.519275121E0,-9.026410340E-1
5.823150165E1,9.989336462E-1,2.039919388E-2,-3.992930869E-2,-1.100425848E-2,5.292451519E0,2.393670278E0,-4.549739262E0,-1.357392161E0
5.824147540E1,9.988584271E-1,2.064352455E-2,-4.026892090E-2,-1.530037825E-2,5.475966472E0,2.442003946E0,-4.577885714E0,-1.852784474E0
5.825144300E1,9.987575211E-1,2.160295214E-2,-4.044050408E-2,-1.952670419E-2,5.712906519E0,2.572021303E0,-4.584935669E0,-2.343075359E0
5.826141628E1,9.986537438E-1,2.189127386E-2,-4.036308256E-2,-2.413076173E-2,5.946757330E0,2.626030196E0,-4.563331353E0,-2.873019466E0
5.827138446E1,9.985332181E-1,2.162700407E-2,-4.035916506E-2,-2.889329961E-2,6.207310785E0,2.617424003E0,-4.551215217E0,-3.418895426E0
5.828133337E1,9.983889910E-1,2.184165521E-2,-4.029265289E-2,-3.344946680E-2,6.505413820E0,2.662555489E0,-4.530760344E0,-3.943122892E0
5.829129951E1,9.982406259E-1,2.036602361E-2,-4.046786895E-2,-3.825218148E-2,6.798457901E0,2.515769826E0,-4.544609361E0,-4.488797083E0
5.830126587E1,9.980354542E-1,1.928927258E-2,-4.077267490E-2,-4.348269795E-2,7.184057923E0,2.417612677E0,-4.571761710E0,-5.085921837E0
5.831123206E1,9.978177322E-1,2.209722635E-2,-4.026210942E-2,-4.743889098E-2,7.571826527E0,2.755004640E0,-4.488095259E0,-5.551864844E0
5.832121519E1,9.976577851E-1,2.337215934E-2,-3.991503648E-2,-5.039321246E-2,7.844509616E0,2.912435815E0,-4.432667886E0,-5.896019057E0
5.833118305E1,9.974899554E-1,2.322730652E-2,-3.971273379E-2,-5.382545734E-2,8.120807715E0,2.909742389E0,-4.400381408E0,-6.289287402E0
5.834113425E1,9.973121195E-1,2.618540435E-2,-3.910738999E-2,-5.615579123E-2,8.403688141E0,3.255145728E0,-4.304877984E0,-6.567893634E0
5.835110045E1,9.971907331E-1,3.002982311E-2,-3.834630568E-2,-5.690705059E-2,8.591437816E0,3.693979489E0,-4.189724946E0,-6.667520720E0
5.836107425E1,9.971723717E-1,3.004211901E-2,-3.760711483E-2,-5.770993913E-2,8.619482106E0,3.693550919E0,-4.102105265E0,-6.756757585E0
5.837104118E1,9.971877576E-1,2.817316816E-2,-3.746280956E-2,-5.847552079E-2,8.595988594E0,3.481385681E0,-4.095553046E0,-6.836529558E0
5.838102123E1,9.971944065E-1,2.900874873E-2,-3.708073364E-2,-5.819645504E-2,8.585816278E0,3.573337282E0,-4.047128144E0,-6.806304193E0
5.839098946E1,9.972663032E-1,3.032810370E-2,-3.644153439E-2,-5.667575581E-2,8.475040601E0,3.714025308E0,-3.970686405E0,-6.634158882E0
5.840093430E1,9.974089297E-1,2.883923499E-2,-3.588956311E-2,-5.527806735E-2,8.250894654E0,3.534022036E0,-3.922368599E0,-6.465417116E0
5.841090019E1,9.975530001E-1,2.650258649E-2,-3.551718248E-2,-5.407545284E-2,8.018131954E0,3.258921615E0,-3.898792531E0,-6.316669139E0
5.842086555E1,9.976918145E-1,2.586251879E-2,-3.479227097E-2,-5.226539237E-2,7.787293610E0,3.173854262E0,-3.825644950E0,-6.103572252E0
5.843083139E1,9.978710323E-1,2.511848983E-2,-3.381818536E-2,-4.978749466E-2,7.478753827E0,3.073146689E0,-3.726347970E0,-5.812654970E0
5.844080243E1,9.980813194E-1,2.256842657E-2,-3.297102799E-2,-4.729965497E-2,7.099674456E0,2.766584822E0,-3.651098786E0,-5.514696209E0
5.845076873E1,9.982947558E-1,1.858113782E-2,-3.229414811E-2,-4.493784369E-2,6.693028073E0,2.297058664E0,-3.601013003E0,-5.227031806E0
5.846074738E1,9.984792789E-1,1.289643149E-2,-3.196518920E-2,-4.302369400E-2,6.320442097E0,1.636612771E0,-3.596149832E0,-4.985989564E0
5.847071498E1,9.986174319E-1,1.133210646E-2,-3.128963989E-2,-4.069111162E-2,6.026441516E0,1.445563220E0,-3.529964085E0,-4.711278558E0
5.848068597E1,9.987901413E-1,1.242590877E-2,-3.010500851E-2,-3.684479358E-2,5.637398563E0,1.552201810E0,-3.395129190E0,-4.271305780E0
5.849065389E1,9.989524665E-1,8.947082229E-3,-2.991968219E-2,-3.344745102E-2,5.245531529E0,1.140936966E0,-3.392641348E0,-3.869171925E0
5.850058962E1,9.990550057E-1,6.481370405E-3,-2.981598099E-2,-3.095310342E-2,4.982145613E0,8.492839832E-1,-3.392423622E0,-3.574334489E0
5.851055425E1,9.991703424E-1,9.127593330E-3,-2.899989618E-2,-2.709833770E-2,4.668174712E0,1.137082029E0,-3.293856905E0,-3.139752282E0
5.852057514E1,9.992769907E-1,1.001886656E-2,-2.768973756E-2,-2.404987584E-2,4.357784264E0,1.225496631E0,-3.144683546E0,-2.791014921E0
5.853054545E1,9.993505308E-1,7.952146682E-3,-2.690283662E-2,-2.261674792E-2,4.130193566E0,9.818302626E-1,-3.061683171E0,-2.619169744E0
5.854047811E1,9.993854423E-1,7.986954171E-3,-2.632927739E-2,-2.171901173E-2,4.017641752E0,9.815940518E-1,-2.996746836E0,-2.515630614E0
5.855044462E1,9.994213368E-1,9.130076442E-3,-2.536508747E-2,-2.074236029E-2,3.898535451E0,1.107386408E0,-2.884459954E0,-2.405815748E0
5.856046920E1,9.994534780E-1,7.996700638E-3,-2.461631077E-2,-2.056295806E-2,3.788708683E0,9.750704192E-1,-2.801553046E0,-2.381141349E0
5.857044160E1,9.994591275E-1,6.923762981E-3,-2.422367615E-2,-2.113592741E-2,3.769073817E0,8.526649235E-1,-2.758623789E0,-2.443479431E0
5.858042342E1,9.994536517E-1,7.515510845E-3,-2.367171235E-2,-2.180745668E-2,3.788106544E0,9.209549447E-1,-2.693307297E0,-2.521569982E0
5.859039675E1,9.994401646E-1,7.060659910E-3,-2.317996176E-2,-2.306932608E-2,3.834582281E0,8.708721535E-1,-2.637006573E0,-2.664605853E0
5.860029446E1,9.994016392E-1,5.700796882E-3,-2.320058367E-2,-2.501194414E-2,3.964339523E0,7.201530417E-1,-2.641596618E0,-2.883879489E0
5.861026019E1,9.993450192E-1,5.006618374E-3,-2.374410698E-2,-2.684555240E-2,4.147683471E0,6.471184286E-1,-2.704694795E0,-3.092826663E0
5.862022170E1,9.992774084E-1,3.916691374E-3,-2.467843375E-2,-2.864080265E-2,4.356525365E0,5.301368226E-1,-2.814173561E0,-3.296490545E0
5.863018696E1,9.991688052E-1,4.917936151E-4,-2.536011740E-2,-3.191114585E-2,4.672497870E0,1.492358050E-1,-2.903083540E0,-3.662327943E0
5.864014227E1,9.990169670E-1,-3.340534825E-3,-2.665060003E-2,-3.526593382E-2,5.081445462E0,-2.751157972E-1,-3.065894279E0,-4.036113356E0
5.865010654E1,9.989192442E-1,-2.263371180E-3,-2.727738376E-2,-3.756547817E-2,5.328077640E0,-1.418746218E-1,-3.133684938E0,-4.303433574E0
5.866007535E1,9.988299327E-1,-1.976063684E-3,-2.718099293E-2,-3.995064942E-2,5.543900243E0,-1.018917316E-1,-3.121658537E0,-4.578151861E0
5.867004003E1,9.986410825E-1,-4.958760829E-3,-2.791867933E-2,-4.372580914E-2,5.974662330E0,-4.282510792E-1,-3.221440904E0,-5.002181815E0
5.868001722E1,9.984677183E-1,-3.746882759E-3,-2.843336220E-2,-4.732568310E-2,6.344426975E0,-2.749557835E-1,-3.275334204E0,-5.419523230E0
5.868998316E1,9.983328399E-1,-1.302995025E-3,-2.857673602E-2,-5.013195796E-2,6.617845735E0,1.512620528E-2,-3.278467407E0,-5.749896029E0
5.869992941E1,9.981479858E-1,-2.080450928E-3,-2.917411355E-2,-5.333986516E-2,6.975202631E0,-5.974189796E-2,-3.351543022E0,-6.116072417E0
5.870989337E1,9.979218661E-1,-2.131742146E-3,-3.011598541E-2,-5.692479439E-2,7.388897229E0,-4.740881457E-2,-3.459873921E0,-6.528177001E0
5.871989186E1,9.977599171E-1,9.796304402E-4,-3.050686246E-2,-5.952746852E-2,7.671508606E0,3.206979600E-1,-3.483461223E0,-6.838317713E0
5.872985925E1,9.976127302E-1,2.321354202E-3,-3.108532424E-2,-6.162105505E-2,7.919628534E0,4.858063800E-1,-3.539471161E0,-7.084179213E0
5.873980332E1,9.973922194E-1,1.686772770E-5,-3.185495074E-2,-6.476127378E-2,8.277469285E0,2.388097634E-1,-3.643118432E0,-7.437663408E0
5.874976837E1,9.971208486E-1,-1.122541063E-3,-3.252435906E-2,-6.849028597E-2,8.697694171E0,1.272704603E-1,-3.727725846E0,-7.862868519E0
5.875972878E1,9.969373824E-1,5.516299933E-4,-3.264636900E-2,-7.106170396E-2,8.970670634E0,3.295593144E-1,-3.727678330E0,-8.165020030E0
5.876969337E1,9.967232570E-1,-9.758707561E-4,-3.282937605E-2,-7.391906822E-2,9.279134609E0,1.669809267E-1,-3.760607997E0,-8.488300910E0
5.877966665E1,9.964345872E-1,-2.962982886E-3,-3.365115372E-2,-7.731063293E-2,9.679471712E0,-4.029372927E-2,-3.871584520E0,-8.871707450E0
5.878963206E1,9.962248102E-1,-2.282228898E-3,-3.447196166E-2,-7.964046020E-2,9.960330441E0,5.418788271E-2,-3.959261226E0,-9.143140748E0
5.879959665E1,9.960307686E-1,-3.482845977E-3,-3.531630544E-2,-8.162926223E-2,1.021326484E1,-6.734061043E-2,-4.066879958E0,-9.367968345E0
5.880956201E1,9.958218396E-1,-4.835134295E-3,-3.629861646E-2,-8.365342567E-2,1.047879893E1,-2.043400821E-1,-4.192224977E0,-9.596169522E0
5.881953321E1,9.956948406E-1,-3.770013999E-3,-3.687557299E-2,-8.495742133E-2,1.063697587E1,-7.134935908E-2,-4.248030872E0,-9.751226196E0
5.882949915E1,9.956120890E-1,-3.997700907E-3,-3.736795929E-2,-8.569843727E-2,1.073879274E1,-8.937983762E-2,-4.306576078E0,-9.835985063E0
5.883947045E1,9.955126354E-1,-5.455811672E-3,-3.814825011E-2,-8.642648870E-2,1.085990042E1,-2.453010040E-1,-4.410237783E0,-9.914061309E0
5.884943691E1,9.955202515E-1,-4.157464003E-3,-3.836750089E-2,-8.631384098E-2,1.085067364E1,-9.507246819E-2,-4.422406774E0,-9.906890617E0
5.885941488E1,9.955820382E-1,-3.567722648E-3,-3.825668529E-2,-8.567439902E-2,1.077552965E1,-3.153037848E-2,-4.403886624E0,-9.835682445E0
5.886938253E1,9.955772670E-1,-5.825074913E-3,-3.854719771E-2,-8.547565435E-2,1.078135089E1,-2.878631578E-1,-4.459203159E0,-9.803026283E0
5.887933727E1,9.955390581E-1,-7.596438525E-3,-3.906944495E-2,-8.554447031E-2,1.082785643E1,-4.851450027E-1,-4.536259884E0,-9.803256459E0
5.888930358E1,9.955853162E-1,-7.287614017E-3,-3.921088145E-2,-8.496632058E-2,1.077152837E1,-4.510642587E-1,-4.549133184E0,-9.738040989E0
5.889928311E1,9.956374935E-1,-7.988877119E-3,-3.949790430E-2,-8.415506541E-2,1.070763806E1,-5.322812132E-1,-4.588324195E0,-9.641422259E0
5.890925076E1,9.956766597E-1,-8.292665105E-3,-4.015199061E-2,-8.334889695E-2,1.065942863E1,-5.645459473E-1,-4.665545344E0,-9.547240913E0
5.891921654E1,9.957614710E-1,-7.827615603E-3,-4.074207097E-2,-8.208474238E-2,1.055428267E1,-5.116958713E-1,-4.727900938E0,-9.403822617E0
5.892918399E1,9.958201957E-1,-8.745096913E-3,-4.142726854E-2,-8.092862605E-2,1.048086164E1,-6.159247258E-1,-4.814135048E0,-9.266350199E0
5.893914858E1,9.958841177E-1,-8.807899336E-3,-4.222431342E-2,-7.971419137E-2,1.040035512E1,-6.217447811E-1,-4.905080798E0,-9.126181403E0
5.894911571E1,9.960166536E-1,-7.544196322E-3,-4.298587836E-2,-7.775683262E-2,1.023142037E1,-4.798583369E-1,-4.979685242E0,-8.906937685E0
5.895907743E1,9.961093721E-1,-7.629614885E-3,-4.383711198E-2,-7.606717739E-2,1.011156513E1,-4.907060352E-1,-5.076964884E0,-8.711996487E0
5.896904399E1,9.961622416E-1,-7.375188270E-3,-4.441873136E-2,-7.505578749E-2,1.004258301E1,-4.617183029E-1,-5.140804468E0,-8.596884504E0
5.897900899E1,9.962292381E-1,-6.104495064E-3,-4.463697371E-2,-7.414567366E-2,9.954483827E0,-3.189205970E-1,-5.154549775E0,-8.498577034E0
5.898897540E1,9.962455586E-1,-6.478679554E-3,-4.484337169E-2,-7.376913825E-2,9.932904597E0,-3.620208781E-1,-5.181203977E0,-8.453340640E0
5.899895097E1,9.961701059E-1,-8.619774399E-3,-4.566621297E-2,-7.406359851E-2,1.003228163E1,-5.989638022E-1,-5.293605298E0,-8.476357231E0
5.900891832E1,9.960993855E-1,-8.624327219E-3,-4.663149265E-2,-7.441195513E-2,1.012454255E1,-5.894247101E-1,-5.404281544E0,-8.516682914E0
5.901888920E1,9.960988574E-1,-6.830256219E-3,-4.714844247E-2,-7.427946043E-2,1.012522835E1,-3.800377916E-1,-5.448080267E0,-8.511266503E0
5.902885691E1,9.960392376E-1,-7.020711267E-3,-4.770674763E-2,-7.470350116E-2,1.020235597E1,-3.947689976E-1,-5.513744289E0,-8.559360886E0
5.903881332E1,9.958930817E-1,-8.019413445E-3,-4.839282724E-2,-7.609726110E-2,1.038901576E1,-4.955650670E-1,-5.601483868E0,-8.714838714E0
5.904877983E1,9.957642434E-1,-7.377563503E-3,-4.877602322E-2,-7.758893430E-2,1.055082796E1,-4.101453725E-1,-5.640345365E0,-8.890648535E0
5.905874722E1,9.956363337E-1,-6.512333087E-3,-4.897350202E-2,-7.916739665E-2,1.070906232E1,-3.001811510E-1,-5.655720882E0,-9.077717615E0
5.906871378E1,9.954596270E-1,-6.440659125E-3,-4.944935041E-2,-8.107657306E-2,1.092390341E1,-2.766492993E-1,-5.710035630E0,-9.298714527E0
5.907868456E1,9.952890895E-1,-5.657095954E-3,-5.015524618E-2,-8.277727285E-2,1.112732299E1,-1.703174202E-1,-5.783771165E0,-9.499986580E0
5.908865154E1,9.951447448E-1,-4.636521018E-3,-5.078206793E-2,-8.418207116E-2,1.129664627E1,-3.905766347E-2,-5.845806133E0,-9.668601996E0
5.909861998E1,9.949776284E-1,-4.238803960E-3,-5.138675148E-2,-8.579599784E-2,1.148957540E1,2.203422671E-2,-5.911067795E0,-9.857879915E0
5.910858717E1,9.948256687E-1,-3.417520760E-3,-5.200834951E-2,-8.720860588E-2,1.166224560E1,1.308567510E-1,-5.973850437E0,-1.002656234E1
5.911853868E1,9.947128960E-1,-2.668644565E-3,-5.254592583E-2,-8.819330178E-2,1.178875884E1,2.281144627E-1,-6.027566015E0,-1.014543714E1
5.912850420E1,9.946135708E-1,-2.613588485E-3,-5.292639462E-2,-8.908316728E-2,1.189907599E1,2.437676951E-1,-6.070279538E0,-1.024907455E1
5.913849566E1,9.945593230E-1,-2.306099344E-3,-5.318575512E-2,-8.954166826E-2,1.195889901E1,2.845126557E-1,-6.096640061E0,-1.030426112E1
5.914846384E1,9.945274485E-1,-3.157078455E-3,-5.347691175E-2,-8.969619286E-2,1.199391076E1,1.909591045E-1,-6.138654127E0,-1.031733850E1
5.915841894E1,9.944574605E-1,-5.390300844E-3,-5.405569872E-2,-9.001824973E-2,1.207043213E1,-5.699335360E-2,-6.227853607E0,-1.034153013E1
5.916838576E1,9.943568119E-1,-7.649423337E-3,-5.490788078E-2,-9.044966337E-2,1.217963673E1,-3.043733842E-1,-6.348741072E0,-1.037810235E1
5.917835519E1,9.942465378E-1,-9.232900822E-3,-5.564952349E-2,-9.105880630E-2,1.229817599E1,-4.742538835E-1,-6.450233538E0,-1.043903237E1
5.918832222E1,9.941261902E-1,-1.027639250E-2,-5.610868536E-2,-9.197461112E-2,1.242625822E1,-5.830871171E-1,-6.514148544E0,-1.053850979E1
5.919829035E1,9.940120409E-1,-1.064734143E-2,-5.649378664E-2,-9.292550094E-2,1.254654036E1,-6.152599953E-1,-6.562665086E0,-1.064630487E1
5.920825753E1,9.939323569E-1,-1.045047222E-2,-5.695146333E-2,-9.351891952E-2,1.262982924E1,-5.838453570E-1,-6.613225033E0,-1.071651823E1
5.921821811E1,9.938864213E-1,-1.028398561E-2,-5.740954551E-2,-9.374521436E-2,1.267759532E1,-5.583172677E-1,-6.663919111E0,-1.074410075E1
5.922818456E1,9.938666328E-1,-1.004600954E-2,-5.775763471E-2,-9.376699567E-2,1.269811723E1,-5.271354867E-1,-6.701153971E0,-1.074844681E1
5.923815732E1,9.938533326E-1,-9.840546799E-3,-5.801581104E-2,-9.377037135E-2,1.271189182E1,-5.007708040E-1,-6.728452306E0,-1.075039985E1
5.924812446E1,9.938074370E-1,-1.000328264E-2,-5.839861555E-2,-9.400167170E-2,1.275931077E1,-5.137283516E-1,-6.774071823E0,-1.077636211E1
5.925809951E1,9.937179455E-1,-1.043942119E-2,-5.899167297E-2,-9.452854481E-2,1.285127133E1,-5.537038645E-1,-6.846847192E0,-1.083482576E1
5.926806743E1,9.936054509E-1,-1.047350526E-2,-5.961240885E-2,-9.531460737E-2,1.296594837E1,-5.453785725E-1,-6.918592628E0,-1.092604014E1
5.927803832E1,9.934917137E-1,-9.730814737E-3,-6.015147320E-2,-9.623578493E-2,1.308087436E1,-4.477892397E-1,-6.972496776E0,-1.103824737E1
5.928800654E1,9.933702085E-1,-8.545393397E-3,-6.072698958E-2,-9.723599057E-2,1.320254917E1,-2.983332726E-1,-7.025472942E0,-1.116285541E1
5.929797441E1,9.932290775E-1,-7.139510611E-3,-6.137766464E-2,-9.837585713E-2,1.334249042E1,-1.216035597E-1,-7.084260556E0,-1.130546674E1
5.930794258E1,9.930459054E-1,-5.826417189E-3,-6.198562610E-2,-9.991829008E-2,1.352196851E1,4.707220309E-2,-7.138801865E0,-1.149423437E1
5.931791311E1,9.928079512E-1,-4.845979228E-3,-6.250917994E-2,-1.019876997E-1,1.375164241E1,1.806454672E-1,-7.186974338E0,-1.174178873E1
5.932788149E1,9.925263540E-1,-3.522826623E-3,-6.287706892E-2,-1.045251188E-1,1.401860305E1,3.552666629E-1,-7.212561636E0,-1.204595904E1
5.933784144E1,9.922203331E-1,-1.643382071E-3,-6.310483312E-2,-1.073027955E-1,1.430309704E1,5.937953886E-1,-7.214278767E0,-1.238186230E1
5.934780894E1,9.918843289E-1,3.090855317E-4,-6.325539918E-2,-1.102911469E-1,1.460911809E1,8.412526685E-1,-7.204774081E0,-1.274267909E1
5.935777253E1,9.914992156E-1,1.730800742E-3,-6.342360443E-2,-1.135947010E-1,1.495220558E1,1.030419622E0,-7.202451829E0,-1.313645598E1
5.936773967E1,9.910938743E-1,3.329289959E-3,-6.355636683E-2,-1.169719470E-1,1.530505474E1,1.239872354E0,-7.192408733E0,-1.354009857E1
5.937768988E1,9.907065073E-1,4.890142875E-3,-6.381596308E-2,-1.200176063E-1,1.563486102E1,1.444352285E0,-7.196462162E0,-1.390553018E1
5.938765524E1,9.903024866E-1,5.508005492E-3,-6.419563962E-2,-1.230835761E-1,1.597163622E1,1.542927904E0,-7.226397643E0,-1.426722528E1
5.939763618E1,9.899160442E-1,6.726823674E-3,-6.454995121E-2,-1.259137763E-1,1.628728589E1,1.708321741E0,-7.244518612E0,-1.460593709E1
5.940760311E1,9.895349118E-1,6.833009132E-3,-6.482997397E-2,-1.287285622E-1,1.659275668E1,1.745430567E0,-7.269919239E0,-1.493485303E1
5.941757279E1,9.890740964E-1,5.175394312E-3,-6.564131658E-2,-1.318971750E-1,1.695479430E1,1.592098522E0,-7.381940170E0,-1.529434600E1
5.942754003E1,9.885930563E-1,4.570813706E-3,-6.687921040E-2,-1.348704861E-1,1.732470997E1,1.565101829E0,-7.527365556E0,-1.564039030E1
5.943748691E1,9.881297489E-1,4.509202549E-3,-6.790492509E-2,-1.377250436E-1,1.767372594E1,1.596647044E0,-7.640424084E0,-1.597610095E1
5.944745206E1,9.876123179E-1,4.096733611E-3,-6.905192365E-2,-1.408437364E-1,1.805560304E1,1.592937067E0,-7.772443920E0,-1.634070642E1
5.945742024E1,9.871107528E-1,5.129547322E-3,-7.033842255E-2,-1.436612534E-1,1.841827638E1,1.755078574E0,-7.896832783E0,-1.668220028E1
5.946738571E1,9.866506485E-1,6.292600651E-3,-7.161001498E-2,-1.461263384E-1,1.874485245E1,1.929773641E0,-8.017126877E0,-1.698416844E1
5.947736061E1,9.861603706E-1,6.898613318E-3,-7.306527136E-2,-1.486660646E-1,1.908675088E1,2.045487640E0,-8.166891810E0,-1.729188964E1
5.948732701E1,9.856985035E-1,8.514461794E-3,-7.447089340E-2,-1.509306140E-1,1.940337688E1,2.274105894E0,-8.293359215E0,-1.757597452E1
5.949729233E1,9.853246274E-1,1.044868383E-2,-7.570284678E-2,-1.526279225E-1,1.965598215E1,2.531734138E0,-8.394857472E0,-1.779623949E1
5.950725863E1,9.849856511E-1,1.167518672E-2,-7.674518677E-2,-1.541983578E-1,1.988226087E1,2.704473836E0,-8.487012717E0,-1.799545080E1
5.951722524E1,9.847017538E-1,1.338606946E-2,-7.752125204E-2,-1.554790168E-1,2.006982891E1,2.925322976E0,-8.540479814E0,-1.816370503E1
5.952719154E1,9.844923865E-1,1.487082846E-2,-7.799442371E-2,-1.564303974E-1,2.020705166E1,3.111954566E0,-8.564189669E0,-1.829007855E1
5.953716102E1,9.843759217E-1,1.723422105E-2,-7.827251452E-2,-1.567815035E-1,2.028298690E1,3.389912336E0,-8.551315765E0,-1.835248917E1
5.954712769E1,9.843943180E-1,2.026105704E-2,-7.818541410E-2,-1.563469135E-1,2.027101123E1,3.729739730E0,-8.487581652E0,-1.832615915E1
5.955709045E1,9.844087315E-1,1.980033863E-2,-7.847565814E-2,-1.561696740E-1,2.026162338E1,3.681174621E0,-8.529570282E0,-1.830352378E1
5.956705670E1,9.844521168E-1,1.991569222E-2,-7.873490426E-2,-1.557504729E-1,2.023333948E1,3.695608774E0,-8.558418468E0,-1.825715475E1
5.957702910E1,9.845573243E-1,1.935139304E-2,-7.900714129E-2,-1.550170001E-1,2.016458922E1,3.629952299E0,-8.602270731E0,-1.816845093E1
5.958699592E1,9.845991734E-1,1.735209729E-2,-7.930764107E-2,-1.548343324E-1,2.013717741E1,3.405843313E0,-8.673236946E0,-1.813220743E1
5.959695696E1,9.845823517E-1,1.640108124E-2,-7.936873519E-2,-1.550135511E-1,2.014820030E1,3.300041327E0,-8.696783776E0,-1.814551453E1
5.960692321E1,9.846691174E-1,1.753061096E-2,-7.917984181E-2,-1.544343210E-1,2.009128034E1,3.420271466E0,-8.656902200E0,-1.808613171E1
5.961689232E1,9.847455099E-1,1.691602125E-2,-7.940644614E-2,-1.538984899E-1,2.004103294E1,3.349620601E0,-8.695523109E0,-1.801969329E1
5.962685884E1,9.846632266E-1,1.615110788E-2,-8.002511991E-2,-1.541864199E-1,2.009514989E1,3.276462387E0,-8.778501483E0,-1.805068220E1
5.963682248E1,9.846227952E-1,1.861762604E-2,-8.028551188E-2,-1.540310742E-1,2.012168847E1,3.561560038E0,-8.764093942E0,-1.805520646E1
5.964678873E1,9.846423752E-1,2.023902110E-2,-8.042410709E-2,-1.536285712E-1,2.010884073E1,3.745683758E0,-8.752086809E0,-1.802286060E1
5.965675889E1,9.845452078E-1,1.986003317E-2,-8.102532174E-2,-1.539844476E-1,2.017251885E1,3.716923611E0,-8.825747641E0,-1.806521802E1
5.966672545E1,9.843805146E-1,2.032600928E-2,-8.177400624E-2,-1.545796485E-1,2.027999765E1,3.789671020E0,-8.899948713E0,-1.814386054E1
5.967670222E1,9.842634131E-1,2.149745837E-2,-8.216130417E-2,-1.549610051E-1,2.035607653E1,3.934264991E0,-8.921099391E0,-1.820127386E1
5.968666988E1,9.841738787E-1,2.224365359E-2,-8.235290959E-2,-1.553222285E-1,2.041405623E1,4.026417172E0,-8.927775032E0,-1.825134784E1
5.969662858E1,9.841000258E-1,2.250429464E-2,-8.274506300E-2,-1.555440467E-1,2.046175873E1,4.065704747E0,-8.966561930E0,-1.828232860E1
5.970659529E1,9.840334876E-1,2.237010327E-2,-8.337058082E-2,-1.556503132E-1,2.050464257E1,4.063339768E0,-9.039483437E0,-1.829801360E1
5.971656082E1,9.839546333E-1,2.202767389E-2,-8.408302904E-2,-1.558143302E-1,2.055534956E1,4.039419586E0,-9.125837073E0,-1.831923665E1
5.972652738E1,9.839365428E-1,2.278144000E-2,-8.458321948E-2,-1.555492359E-1,2.056696515E1,4.132641369E0,-9.169853019E0,-1.829849001E1
5.973650561E1,9.840230689E-1,2.409360763E-2,-8.471558469E-2,-1.547299830E-1,2.051134940E1,4.277404795E0,-9.164420887E0,-1.821526651E1
5.974647337E1,9.841219589E-1,2.435223429E-2,-8.465305259E-2,-1.540934761E-1,2.044760337E1,4.299800663E0,-9.155404596E0,-1.814262202E1
5.975642826E1,9.841745668E-1,2.395978007E-2,-8.474378274E-2,-1.537687948E-1,2.041361123E1,4.253643605E0,-9.174208665E0,-1.810178663E1
5.976639467E1,9.841963536E-1,2.365258629E-2,-8.487648134E-2,-1.536036313E-1,2.039951746E1,4.219511356E0,-9.195519903E0,-1.808067517E1
5.977636472E1,9.842107796E-1,2.374153477E-2,-8.491848142E-2,-1.534742077E-1,2.039018012E1,4.229257256E0,-9.199231253E0,-1.806663124E1
5.978633154E1,9.842572854E-1,2.431624620E-2,-8.489078804E-2,-1.531008507E-1,2.036004984E1,4.290903990E0,-9.187340567E0,-1.802788650E1
5.979629993E1,9.843274604E-1,2.432696029E-2,-8.478999856E-2,-1.527033263E-1,2.031450100E1,4.286490530E0,-9.177448027E0,-1.798073017E1
5.980626686E1,9.843522710E-1,2.326938107E-2,-8.478069504E-2,-1.527133790E-1,2.029837283E1,4.165535833E0,-9.195348516E0,-1.797236962E1
5.981623232E1,9.843487771E-1,2.228657473E-2,-8.464597776E-2,-1.529570269E-1,2.030064485E1,4.052956644E0,-9.196712799E0,-1.799111118E1
5.982619910E1,9.843949533E-1,2.220591394E-2,-8.413885324E-2,-1.529513869E-1,2.027059753E1,4.034115976E0,-9.140667422E0,-1.798615080E1
5.983616493E1,9.844888501E-1,2.156615119E-2,-8.349982087E-2,-1.527886943E-1,2.020936158E1,3.947458107E0,-9.080334902E0,-1.795697373E1
5.984613165E1,9.845789858E-1,2.107541243E-2,-8.307863193E-2,-1.525057001E-1,2.015040520E1,3.880853483E0,-9.042479971E0,-1.791663478E1
5.985610472E1,9.847094293E-1,2.114908659E-2,-8.254033303E-2,-1.519445604E-1,2.006478062E1,3.874030080E0,-8.982310063E0,-1.784797460E1
5.986607207E1,9.848288319E-1,2.046439926E-2,-8.202231112E-2,-1.515444511E-1,1.998608510E1,3.782483162E0,-8.937289463E0,-1.779171049E1
5.987602482E1,9.848799424E-1,1.964198301E-2,-8.166033693E-2,-1.515166029E-1,1.995230546E1,3.681540015E0,-8.910943434E0,-1.777890232E1
5.988599066E1,9.849363935E-1,1.950219043E-2,-8.121878090E-2,-1.514050031E-1,1.991493022E1,3.656364293E0,-8.863745175E0,-1.776175197E1
5.989596769E1,9.850061462E-1,1.933786928E-2,-8.071949532E-2,-1.512392206E-1,1.986865211E1,3.626849180E0,-8.810626016E0,-1.773770989E1
5.990593462E1,9.850456861E-1,1.920070496E-2,-8.036080890E-2,-1.511901768E-1,1.984237149E1,3.604107050E0,-8.772541580E0,-1.772848686E1
5.991590300E1,9.850718102E-1,1.972122250E-2,-8.006328939E-2,-1.511107935E-1,1.982498898E1,3.657352453E0,-8.729862384E0,-1.772172673E1
5.992587014E1,9.850956409E-1,2.064123784E-2,-7.985515086E-2,-1.509426134E-1,1.980911923E1,3.757090046E0,-8.690599553E0,-1.770852261E1
5.993583660E1,9.850667343E-1,2.094895343E-2,-7.981430424E-2,-1.511103810E-1,1.982836758E1,3.792966343E0,-8.679876071E0,-1.773046593E1
5.994580358E1,9.849695083E-1,2.081653225E-2,-7.998607581E-2,-1.516705884E-1,1.989297317E1,3.785997235E0,-8.699557158E0,-1.779595647E1
5.995576363E1,9.848689703E-1,2.121369015E-2,-8.017382733E-2,-1.521684859E-1,1.995956185E1,3.839271270E0,-8.711853507E0,-1.785877227E1
5.996572993E1,9.848034766E-1,2.168676645E-2,-8.033341994E-2,-1.524412619E-1,2.000282185E1,3.898700653E0,-8.720433927E0,-1.789574674E1
5.997569373E1,9.847312203E-1,2.166530370E-2,-8.049674010E-2,-1.528244520E-1,2.005044144E1,3.902722103E0,-8.737823137E0,-1.794146577E1
5.998565977E1,9.846619921E-1,2.202040314E-2,-8.071507928E-2,-1.531043408E-1,2.009596072E1,3.949867392E0,-8.755096608E0,-1.797869686E1
5.999563790E1,9.845906005E-1,2.237200532E-2,-8.088054253E-2,-1.534248372E-1,2.014279583E1,3.995995805E0,-8.766244557E0,-1.802030344E1
6.000560514E1,9.844683592E-1,2.222508928E-2,-8.103283793E-2,-1.541485464E-1,2.022274061E1,3.988582088E0,-8.783230934E0,-1.810472675E1
6.001556717E1,9.843109169E-1,2.259155367E-2,-8.114705132E-2,-1.550380492E-1,2.032524809E1,4.040569266E0,-8.785906901E0,-1.821268172E1
6.002553389E1,9.842138498E-1,2.379788012E-2,-8.100231143E-2,-1.555486560E-1,2.038819235E1,4.180080237E0,-8.745382729E0,-1.828166798E1
6.003550837E1,9.841162636E-1,2.369685959E-2,-8.089912399E-2,-1.562337038E-1,2.045127995E1,4.172686941E0,-8.732632731E0,-1.836020190E1
6.004547582E1,9.839517627E-1,2.331593239E-2,-8.095105752E-2,-1.572966062E-1,2.055719316E1,4.139703407E0,-8.741040842E0,-1.848167429E1
6.005543941E1,9.838217915E-1,2.413215707E-2,-8.086624426E-2,-1.580283902E-1,2.064049429E1,4.237712955E0,-8.713215410E0,-1.857360028E1
6.006540644E1,9.837283438E-1,2.465499003E-2,-8.058597969E-2,-1.586712858E-1,2.070018187E1,4.297607803E0,-8.668963791E0,-1.865120171E1
6.007536264E1,9.835762414E-1,2.452310918E-2,-8.034378397E-2,-1.597537821E-1,2.079697148E1,4.287397510E0,-8.639279413E0,-1.877499109E1
6.008532858E1,9.834116789E-1,2.484143204E-2,-8.020494160E-2,-1.607841422E-1,2.090119072E1,4.330041327E0,-8.613061112E0,-1.889721023E1
6.009530462E1,9.832593306E-1,2.501095982E-2,-8.014317553E-2,-1.617176925E-1,2.099721856E1,4.356353033E0,-8.598741235E0,-1.900742288E1
6.010527160E1,9.830811663E-1,2.504272568E-2,-8.017752510E-2,-1.627754493E-1,2.110897077E1,4.369951584E0,-8.597334691E0,-1.913174515E1
6.011522774E1,9.829108164E-1,2.566558028E-2,-8.005606317E-2,-1.637639511E-1,2.121527709E1,4.447164688E0,-8.567226628E0,-1.925173152E1
6.012519363E1,9.827687561E-1,2.578124500E-2,-7.986908282E-2,-1.646870641E-1,2.130352843E1,4.464640549E0,-8.539661923E0,-1.935935890E1
6.013516889E1,9.826016771E-1,2.535462406E-2,-7.977562230E-2,-1.657918492E-1,2.140686171E1,4.423788218E0,-8.532369742E0,-1.948449430E1
6.014513571E1,9.824377937E-1,2.500612284E-2,-7.976382425E-2,-1.668184871E-1,2.150774193E1,4.392814081E0,-8.533232040E0,-1.960176085E1
6.015511701E1,9.822960432E-1,2.480312964E-2,-7.977876909E-2,-1.676741966E-1,2.159462235E1,4.377473753E0,-8.535087475E0,-1.970042730E1
6.016508529E1,9.821547837E-1,2.453812774E-2,-7.983641345E-2,-1.685111517E-1,2.168085963E1,4.355799952E0,-8.543111064E0,-1.979671978E1
6.017502363E1,9.820132638E-1,2.438897405E-2,-7.984404154E-2,-1.693518722E-1,2.176691729E1,4.346326071E0,-8.543206338E0,-1.989405142E1
6.018498889E1,9.818883102E-1,2.437734331E-2,-7.966758189E-2,-1.701592425E-1,2.184262265E1,4.348381185E0,-8.519921230E0,-1.998724818E1
6.019496785E1,9.817813872E-1,2.415251797E-2,-7.937705428E-2,-1.709422327E-1,2.190719864E1,4.323547062E0,-8.488126829E0,-2.007500055E1
6.020493441E1,9.816978746E-1,2.400657768E-2,-7.905579998E-2,-1.715900574E-1,2.195750546E1,4.305830059E0,-8.451909531E0,-2.014734799E1
6.021491040E1,9.816673276E-1,2.406284378E-2,-7.868205673E-2,-1.719283904E-1,2.197587811E1,4.307303526E0,-8.407066422E0,-2.018468729E1
6.022487790E1,9.816861154E-1,2.390695821E-2,-7.835028259E-2,-1.719943643E-1,2.196457986E1,4.283171409E0,-8.372433391E0,-2.018870825E1
6.023483545E1,9.817273261E-1,2.369756965E-2,-7.805618529E-2,-1.719218264E-1,2.193977730E1,4.252563887E0,-8.343737187E0,-2.017636120E1
6.024480196E1,9.818191470E-1,2.367465304E-2,-7.767163405E-2,-1.715744463E-1,2.188441514E1,4.238942036E0,-8.302250262E0,-2.013266171E1
6.025476337E1,9.819669126E-1,2.363386585E-2,-7.716915599E-2,-1.709600666E-1,2.179503033E1,4.218608818E0,-8.248934686E0,-2.005670692E1
6.026472936E1,9.821624789E-1,2.340072397E-2,-7.668037869E-2,-1.700864211E-1,2.167617051E1,4.174586596E0,-8.202081479E0,-1.994900826E1
6.027469196E1,9.823983650E-1,2.329019916E-2,-7.614069168E-2,-1.689781469E-1,2.153194300E1,4.141609273E0,-8.147961218E0,-1.981451186E1
6.028465759E1,9.826694869E-1,2.321915210E-2,-7.554750704E-2,-1.676726710E-1,2.136498294E1,4.110542296E0,-8.087777003E0,-1.965694834E1
6.029463795E1,9.829679008E-1,2.276660287E-2,-7.496206284E-2,-1.662422239E-1,2.117971254E1,4.035381789E0,-8.036334714E0,-1.948195729E1
6.030460509E1,9.832872131E-1,2.242609029E-2,-7.441950687E-2,-1.646361566E-1,2.097967623E1,3.972580722E0,-7.988087466E0,-1.928772322E1
6.031456946E1,9.836472320E-1,2.233135515E-2,-7.376035089E-2,-1.627846561E-1,2.075185254E1,3.933652809E0,-7.922755597E0,-1.906603676E1
6.032453628E1,9.840329739E-1,2.190815001E-2,-7.313910130E-2,-1.607787643E-1,2.050497331E1,3.857110003E0,-7.868377372E0,-1.882421432E1
6.033450337E1,9.844257607E-1,2.132454123E-2,-7.256361320E-2,-1.587000558E-1,2.025052630E1,3.762865702E0,-7.822149570E0,-1.857316067E1
6.034447019E1,9.848437220E-1,2.087165321E-2,-7.198903827E-2,-1.564122623E-1,1.997624990E1,3.682115326E0,-7.774044436E0,-1.829888596E1
6.035443894E1,9.852755601E-1,2.038530992E-2,-7.129755235E-2,-1.540557330E-1,1.968889567E1,3.595103434E0,-7.713202078E0,-1.801583408E1
6.036440592E1,9.857004811E-1,1.966111908E-2,-7.048627863E-2,-1.517882948E-1,1.940203205E1,3.479824657E0,-7.642295314E0,-1.774094909E1
6.037435733E1,9.861219844E-1,1.896610235E-2,-6.964432766E-2,-1.495104895E-1,1.911326391E1,3.367632718E0,-7.566934890E0,-1.746520212E1
6.038432274E1,9.865488175E-1,1.833439614E-2,-6.867850580E-2,-1.472023896E-1,1.881637148E1,3.260648383E0,-7.476044969E0,-1.718600903E1
6.039430274E1,9.869817066E-1,1.759995057E-2,-6.780797988E-2,-1.447737214E-1,1.851044798E1,3.143200021E0,-7.397622723E0,-1.689289457E1
6.040426962E1,9.874282676E-1,1.682338301E-2,-6.714814255E-2,-1.421038957E-1,1.818951960E1,3.023207713E0,-7.344018504E0,-1.657283841E1
6.041423550E1,9.878768170E-1,1.591230196E-2,-6.639521826E-2,-1.394197551E-1,1.786140787E1,2.886551249E0,-7.281458529E0,-1.624998517E1
6.042420227E1,9.883476414E-1,1.517160653E-2,-6.563346337E-2,-1.364954602E-1,1.751044424E1,2.767853012E0,-7.215154911E0,-1.590069572E1
6.043418769E1,9.888389255E-1,1.468766863E-2,-6.453886702E-2,-1.334787864E-1,1.713662886E1,2.672951349E0,-7.106618425E0,-1.554125998E1
6.044415634E1,9.893378941E-1,1.432447545E-2,-6.332493854E-2,-1.303659957E-1,1.674849363E1,2.590048354E0,-6.982412947E0,-1.517138432E1
6.045412347E1,9.898434603E-1,1.401351715E-2,-6.215508399E-2,-1.270837948E-1,1.634589761E1,2.513475906E0,-6.862429016E0,-1.478283567E1
6.046409191E1,9.903465918E-1,1.338025645E-2,-6.113076989E-2,-1.236835714E-1,1.593521583E1,2.402292427E0,-6.763504788E0,-1.437950402E1
6.047402253E1,9.908093076E-1,1.327246954E-2,-5.908308191E-2,-1.209543178E-1,1.554801410E1,2.341725439E0,-6.538418652E0,-1.405381499E1
6.048398717E1,9.913497814E-1,1.339318105E-2,-5.711622746E-2,-1.174051537E-1,1.508324293E1,2.304518434E0,-6.321049162E0,-1.363538051E1
6.049398701E1,9.917931799E-1,1.130151565E-2,-5.589936882E-2,-1.144282508E-1,1.469104012E1,2.029770592E0,-6.217027590E0,-1.327305722E1
6.050395519E1,9.921610748E-1,1.087197024E-2,-5.494534275E-2,-1.117103899E-1,1.435753867E1,1.950920292E0,-6.119370876E0,-1.295238837E1
6.051392404E1,9.925050358E-1,1.161878805E-2,-5.340315216E-2,-1.093016976E-1,1.403860756E1,2.001460051E0,-5.938787018E0,-1.267281737E1
6.052389227E1,9.927617472E-1,1.081082620E-2,-5.181006578E-2,-1.078098157E-1,1.379579740E1,1.879789126E0,-5.770213734E0,-1.249033848E1
6.053385592E1,9.929535443E-1,1.052246863E-2,-5.060794163E-2,-1.066366388E-1,1.361157368E1,1.824838881E0,-5.638896467E0,-1.234926654E1
6.054382368E1,9.931494555E-1,1.080266460E-2,-4.986377113E-2,-1.051240493E-1,1.342080024E1,1.839035151E0,-5.553382085E0,-1.217362595E1
6.055378446E1,9.933007846E-1,9.867709137E-3,-4.974611943E-2,-1.038340175E-1,1.327157138E1,1.723433511E0,-5.553577611E0,-1.201899815E1
6.056375149E1,9.933873974E-1,9.208083274E-3,-4.974620404E-2,-1.030631119E-1,1.318540415E1,1.643667080E0,-5.562786268E0,-1.192625448E1
6.057372519E1,9.934848194E-1,9.579265888E-3,-4.930355970E-2,-1.023000991E-1,1.308780843E1,1.676505596E0,-5.509152464E0,-1.183883219E1
6.058369290E1,9.935603182E-1,8.567939226E-3,-4.907039479E-2,-1.017672875E-1,1.301167372E1,1.555070979E0,-5.495347366E0,-1.177110325E1
6.059362660E1,9.935770852E-1,7.511889916E-3,-4.911917554E-2,-1.016634347E-1,1.299470531E1,1.434282150E0,-5.513483934E0,-1.175348345E1
6.060359087E1,9.936137484E-1,7.908266432E-3,-4.878680694E-2,-1.014348354E-1,1.295752443E1,1.474389409E0,-5.471242425E0,-1.172835066E1
6.061357024E1,9.936680210E-1,7.668581171E-3,-4.851629666E-2,-1.010506102E-1,1.290228963E1,1.441640626E0,-5.443742910E0,-1.168195222E1
6.062353602E1,9.937015364E-1,6.906701465E-3,-4.872858697E-2,-1.006731287E-1,1.286806217E1,1.354924253E0,-5.477376307E0,-1.163475209E1
6.063351087E1,9.937500304E-1,7.056275927E-3,-4.876245642E-2,-1.001664065E-1,1.281837680E1,1.369632506E0,-5.480201089E0,-1.157708820E1
6.064347758E1,9.937912267E-1,6.570740934E-3,-4.854243085E-2,-9.989722463E-2,1.277601715E1,1.310019796E0,-5.461063346E0,-1.154281408E1
6.065344274E1,9.938163259E-1,5.805594778E-3,-4.844531061E-2,-9.974195324E-2,1.275014047E1,1.220495565E0,-5.458995454E0,-1.152050913E1
6.066340925E1,9.938731699E-1,5.972397321E-3,-4.815037975E-2,-9.930757082E-2,1.269134157E1,1.233754353E0,-5.423954389E0,-1.147052578E1
6.067336076E1,9.939599216E-1,5.968316251E-3,-4.779632113E-2,-9.860813894E-2,1.260107953E1,1.225369929E0,-5.384455206E0,-1.138887117E1
6.068332571E1,9.940061742E-1,5.139462312E-3,-4.767797202E-2,-9.824521657E-2,1.255269126E1,1.127210561E0,-5.380791364E0,-1.134226263E1
6.069331540E1,9.940485595E-1,5.182071924E-3,-4.739618164E-2,-9.795003521E-2,1.250818506E1,1.127254327E0,-5.348478360E0,-1.130776824E1
6.070328285E1,9.941102035E-1,5.327225593E-3,-4.708375191E-2,-9.746611899E-2,1.244317364E1,1.137688317E0,-5.311729483E0,-1.125194900E1
6.071324545E1,9.941433777E-1,4.819074297E-3,-4.704427313E-2,-9.717282281E-2,1.240804675E1,1.077530827E0,-5.313254987E0,-1.121531490E1
6.072321243E1,9.941575925E-1,4.735898536E-3,-4.698625503E-2,-9.705948871E-2,1.239296487E1,1.066749061E0,-5.307685855E0,-1.120166402E1
6.073317930E1,9.941810548E-1,4.749552192E-3,-4.680697773E-2,-9.690499932E-2,1.236803142E1,1.065453803E0,-5.287232923E0,-1.118351292E1
6.074314623E1,9.941841008E-1,4.169853773E-3,-4.681936882E-2,-9.689444098E-2,1.236479071E1,9.992143771E-1,-5.295136900E0,-1.117928388E1
6.075311852E1,9.941856758E-1,4.191091565E-3,-4.697850035E-2,-9.680029621E-2,1.236311477E1,1.002940352E0,-5.313161039E0,-1.116884747E1
6.076308597E1,9.942036066E-1,4.386271096E-3,-4.702833870E-2,-9.658304478E-2,1.234401819E1,1.024670239E0,-5.316895744E0,-1.114488424E1
6.077303066E1,9.942065187E-1,4.284675325E-3,-4.699627272E-2,-9.657323705E-2,1.234091404E1,1.012631604E0,-5.314376638E0,-1.114315074E1
6.078299582E1,9.942091659E-1,4.331623746E-3,-4.707219354E-2,-9.650689090E-2,1.233809148E1,1.018503633E0,-5.322589135E0,-1.113589151E1
6.079297576E1,9.942269321E-1,4.520996827E-3,-4.725370741E-2,-9.622606308E-2,1.231913216E1,1.040705636E0,-5.341497900E0,-1.110483267E1
6.080294243E1,9.942286110E-1,4.454167324E-3,-4.743054680E-2,-9.612477642E-2,1.231733898E1,1.034499516E0,-5.362534657E0,-1.109314918E1
6.081292019E1,9.942266492E-1,4.654259592E-3,-4.768195745E-2,-9.601113857E-2,1.231943424E1,1.059603565E0,-5.389140804E0,-1.108161676E1
6.082288795E1,9.942260119E-1,4.842727036E-3,-4.799245571E-2,-9.585358303E-2,1.232011484E1,1.083795851E0,-5.422675416E0,-1.106508847E1
6.083283008E1,9.942104583E-1,4.797953928E-3,-4.825384474E-2,-9.588592518E-2,1.233671327E1,1.081781082E0,-5.452979829E0,-1.106914441E1
6.084279524E1,9.941862152E-1,4.737968570E-3,-4.849744431E-2,-9.601728519E-2,1.236254070E1,1.078375315E0,-5.481314621E0,-1.108451752E1
6.085275998E1,9.941782870E-1,4.976392872E-3,-4.873764220E-2,-9.596567786E-2,1.237097532E1,1.108075162E0,-5.506155174E0,-1.108037413E1
6.086272508E1,9.941728340E-1,5.123990076E-3,-4.892509652E-2,-9.591900690E-2,1.237677342E1,1.126814120E0,-5.525976315E0,-1.107620099E1
6.087269378E1,9.941784768E-1,5.176804101E-3,-4.922357685E-2,-9.570473605E-2,1.237077353E1,1.135010611E0,-5.559716527E0,-1.105239928E1
6.088265920E1,9.941859035E-1,5.220165455E-3,-4.956070050E-2,-9.545090935E-2,1.236287241E1,1.142320717E0,-5.598023075E0,-1.102406682E1
6.089262790E1,9.941879865E-1,4.987551597E-3,-5.005760791E-2,-9.518197156E-2,1.236065546E1,1.119715771E0,-5.657630680E0,-1.099280674E1
6.090259368E1,9.941788999E-1,4.854615841E-3,-5.057996368E-2,-9.500744745E-2,1.237032356E1,1.109316775E0,-5.718936588E0,-1.097305346E1
6.091258727E1,9.941704079E-1,4.804289040E-3,-5.107075219E-2,-9.483615904E-2,1.237935207E1,1.108022749E0,-5.775727421E0,-1.095406710E1
6.092255587E1,9.941678640E-1,4.620042026E-3,-5.176103032E-2,-9.449713851E-2,1.238205550E1,1.092597837E0,-5.856951191E0,-1.091536744E1
6.093249404E1,9.941776010E-1,4.465549648E-3,-5.250547198E-2,-9.399006353E-2,1.237170496E1,1.080114584E0,-5.944213741E0,-1.085752152E1
6.094245951E1,9.942012667E-1,4.317041422E-3,-5.304508419E-2,-9.344208681E-2,1.234651197E1,1.065732355E0,-6.008050086E0,-1.079451098E1
6.095245050E1,9.942473606E-1,4.164023775E-3,-5.361135523E-2,-9.263190293E-2,1.229729571E1,1.049444961E0,-6.075245143E0,-1.070121150E1
6.096241858E1,9.943262987E-1,3.978151845E-3,-5.428064506E-2,-9.139473452E-2,1.221255155E1,1.027740109E0,-6.154980602E0,-1.055856911E1
6.097238706E1,9.944230524E-1,3.703130081E-3,-5.482337341E-2,-9.001931741E-2,1.210787567E1,9.934087415E-1,-6.221277938E0,-1.039909614E1
6.098235519E1,9.945382661E-1,3.479427371E-3,-5.526219212E-2,-8.847384396E-2,1.198203990E1,9.626158691E-1,-6.275256472E0,-1.022003720E1
6.099231118E1,9.946774791E-1,3.412149526E-3,-5.564020875E-2,-8.665585341E-2,1.182821280E1,9.472325473E-1,-6.320893370E0,-1.001032633E1
6.100227805E1,9.948146138E-1,3.371377471E-3,-5.580924197E-2,-8.495791000E-2,1.167470790E1,9.334104142E-1,-6.342228038E0,-9.814231820E0
6.101225847E1,9.949331107E-1,3.293949480E-3,-5.591980162E-2,-8.348790935E-2,1.154042714E1,9.162038027E-1,-6.356990085E0,-9.644136868E0
6.102222670E1,9.950331994E-1,3.390472491E-3,-5.603598547E-2,-8.220343753E-2,1.142578131E1,9.201599294E-1,-6.370538094E0,-9.496599282E0
6.103220384E1,9.951075394E-1,3.467187983E-3,-5.618199975E-2,-8.119449770E-2,1.133988148E1,9.238703239E-1,-6.387448507E0,-9.380833605E0
6.104217295E1,9.951471260E-1,3.465629904E-3,-5.647424237E-2,-8.050370778E-2,1.129387356E1,9.220063985E-1,-6.421530921E0,-9.301612088E0
6.105213337E1,9.951623422E-1,3.612013369E-3,-5.678391192E-2,-8.009028299E-2,1.127613939E1,9.390446266E-1,-6.455981270E0,-9.255412977E0
6.106210160E1,9.951577241E-1,3.617713808E-3,-5.710124480E-2,-7.992161206E-2,1.128152456E1,9.415853946E-1,-6.492388593E0,-9.236601337E0
6.107205436E1,9.951412859E-1,3.688277700E-3,-5.748693751E-2,-7.984653855E-2,1.130067273E1,9.528187856E-1,-6.535930013E0,-9.229163334E0
6.108202102E1,9.951248753E-1,3.879896055E-3,-5.790784817E-2,-7.973775860E-2,1.131975654E1,9.780502260E-1,-6.582418980E0,-9.218706564E0
6.109198165E1,9.951046564E-1,3.981190191E-3,-5.834974483E-2,-7.966291570E-2,1.134322487E1,9.933312757E-1,-6.632113205E0,-9.211639346E0
6.110194769E1,9.950716560E-1,4.030342986E-3,-5.880551836E-2,-7.973748693E-2,1.138142545E1,1.003760277E0,-6.683727900E0,-9.221532426E0
6.111191529E1,9.950320002E-1,4.139185602E-3,-5.930761388E-2,-7.985482218E-2,1.142716167E1,1.021780286E0,-6.740046556E0,-9.236878698E0
6.112188149E1,9.949842623E-1,4.190518144E-3,-5.984086599E-2,-8.004891065E-2,1.148197844E1,1.034035968E0,-6.800379600E0,-9.260794805E0
6.113183660E1,9.949272998E-1,4.221523679E-3,-6.033129538E-2,-8.038645196E-2,1.154704829E1,1.044571884E0,-6.855848712E0,-9.301078220E0
6.114180165E1,9.948700181E-1,4.241858651E-3,-6.083781376E-2,-8.071192064E-2,1.161211631E1,1.053992825E0,-6.913266149E0,-9.339946380E0
6.115180061E1,9.948172380E-1,4.260205935E-3,-6.135379389E-2,-8.097052333E-2,1.167175086E1,1.062846333E0,-6.971852347E0,-9.371109269E0
6.116176904E1,9.947668470E-1,4.253997233E-3,-6.178760994E-2,-8.125955287E-2,1.172840405E1,1.068339308E0,-7.021234011E0,-9.405450048E0
6.117171660E1,9.947201255E-1,4.251239644E-3,-6.217083370E-2,-8.153886340E-2,1.178068909E1,1.073701782E0,-7.064803928E0,-9.438588091E0
6.118168290E1,9.946785456E-1,4.276429305E-3,-6.251218863E-2,-8.178342898E-2,1.182702663E1,1.081645563E0,-7.103355018E0,-9.467820292E0
6.119169206E1,9.946349163E-1,4.272841660E-3,-6.281262527E-2,-8.208349553E-2,1.187545443E1,1.086307388E0,-7.137434810E0,-9.503182071E0
6.120166274E1,9.945865223E-1,4.341870370E-3,-6.310591227E-2,-8.244053403E-2,1.192894172E1,1.099675234E0,-7.169938849E0,-9.545642828E0
6.121158920E1,9.945369706E-1,4.623882871E-3,-6.335533041E-2,-8.283076719E-2,1.198346214E1,1.137344333E0,-7.195333941E0,-9.593380910E0
6.122155540E1,9.944807173E-1,5.288087428E-3,-6.357651690E-2,-8.329565174E-2,1.204505808E1,1.219203767E0,-7.213690543E0,-9.652456870E0
6.123153811E1,9.944434363E-1,5.495349607E-3,-6.378212557E-2,-8.356969261E-2,1.208570744E1,1.247049929E0,-7.234866259E0,-9.686158542E0
6.124150597E1,9.943810368E-1,5.005058952E-3,-6.418231815E-2,-8.403530826E-2,1.215344181E1,1.198131563E0,-7.284839994E0,-9.737468965E0
6.125146404E1,9.943178547E-1,4.909998643E-3,-6.451660679E-2,-8.453107872E-2,1.222164468E1,1.194218260E0,-7.323413776E0,-9.794962638E0
6.126143092E1,9.942758456E-1,5.100344689E-3,-6.482387761E-2,-8.477850146E-2,1.226678290E1,1.221010380E0,-7.356394138E0,-9.825749501E0
6.127140967E1,9.942375900E-1,5.170721008E-3,-6.512146504E-2,-8.499454781E-2,1.230774457E1,1.233708143E0,-7.389476286E0,-9.852017147E0
6.128137769E1,9.942079573E-1,5.253248218E-3,-6.538873952E-2,-8.513080372E-2,1.233938023E1,1.246912572E0,-7.419066083E0,-9.869073729E0
6.129133029E1,9.941946044E-1,5.473117732E-3,-6.562078865E-2,-8.509433372E-2,1.235360934E1,1.274248565E0,-7.443485624E0,-9.867076801E0
6.130129680E1,9.941869863E-1,5.449221105E-3,-6.585252024E-2,-8.500581058E-2,1.236172004E1,1.273181175E0,-7.470343905E0,-9.857252473E0
6.131124508E1,9.941874308E-1,5.391081199E-3,-6.611882041E-2,-8.479734858E-2,1.236124697E1,1.267614019E0,-7.501647565E0,-9.833378726E0
6.132120967E1,9.941966243E-1,5.438138604E-3,-6.634361209E-2,-8.451049686E-2,1.235145799E1,1.273107132E0,-7.527268491E0,-9.801110370E0
6.133119738E1,9.942093364E-1,5.395755916E-3,-6.656619810E-2,-8.418801875E-2,1.233790971E1,1.268013421E0,-7.553561110E0,-9.764040940E0
6.134116430E1,9.942251111E-1,5.354641845E-3,-6.682594693E-2,-8.379766784E-2,1.232107682E1,1.262898992E0,-7.584177480E0,-9.719217416E0
6.135112982E1,9.942433308E-1,5.382583799E-3,-6.705454656E-2,-8.339613202E-2,1.230160636E1,1.265302088E0,-7.610572853E0,-9.673539574E0
6.136109660E1,9.942616856E-1,5.373794898E-3,-6.725104969E-2,-8.301878771E-2,1.228196031E1,1.263331539E0,-7.633622287E0,-9.630299977E0
6.137107748E1,9.942818429E-1,5.342447727E-3,-6.745889322E-2,-8.260976195E-2,1.226034892E1,1.258616768E0,-7.658225916E0,-9.583248532E0
6.138104571E1,9.943015052E-1,5.326999307E-3,-6.764221555E-2,-8.222329619E-2,1.223923163E1,1.255644440E0,-7.679840879E0,-9.538864909E0
6.139100618E1,9.943208117E-1,5.317311957E-3,-6.781019121E-2,-8.185125242E-2,1.221846109E1,1.253280303E0,-7.699625694E0,-9.496154153E0
6.140097358E1,9.943411940E-1,5.340540943E-3,-6.794300662E-2,-8.149120449E-2,1.219649496E1,1.254438046E0,-7.715059369E0,-9.454994533E0
6.141092076E1,9.943661611E-1,5.396962405E-3,-6.805155406E-2,-8.109128445E-2,1.216953387E1,1.258854955E0,-7.727455140E0,-9.409413828E0
6.142088613E1,9.943927102E-1,5.333025053E-3,-6.815389721E-2,-8.068297904E-2,1.214079908E1,1.249296550E0,-7.740284425E0,-9.361917960E0
6.143088014E1,9.944175874E-1,5.222562909E-3,-6.826163113E-2,-8.029157145E-2,1.211381213E1,1.234561326E0,-7.754137165E0,-9.316029629E0
6.144084837E1,9.944426110E-1,5.117085207E-3,-6.836432485E-2,-7.990011228E-2,1.208660580E1,1.220339537E0,-7.767356434E0,-9.270157953E0
6.145080722E1,9.944681616E-1,5.101643160E-3,-6.846462503E-2,-7.949618839E-2,1.205876346E1,1.216341361E0,-7.779475457E0,-9.223533986E0
6.146077451E1,9.944964872E-1,5.220528857E-3,-6.853012786E-2,-7.907657437E-2,1.202782212E1,1.227331420E0,-7.786394205E0,-9.176051577E0
6.147071623E1,9.945286757E-1,5.325970555E-3,-6.858235870E-2,-7.861811079E-2,1.199256463E1,1.236338972E0,-7.791975286E0,-9.123936970E0
6.148068092E1,9.945717433E-1,4.773054332E-3,-6.858363548E-2,-7.810601998E-2,1.194522862E1,1.168713467E0,-7.797774143E0,-9.060363028E0
6.149068217E1,9.945778667E-1,4.118129601E-3,-6.878499627E-2,-7.788794711E-2,1.193848309E1,1.093524291E0,-7.827007409E0,-9.030491359E0
6.150065050E1,9.945986993E-1,4.143503131E-3,-6.888199422E-2,-7.753405387E-2,1.191550561E1,1.094537311E0,-7.838273399E0,-8.989955956E0
6.151061180E1,9.946182289E-1,4.196584272E-3,-6.902126153E-2,-7.715589985E-2,1.189392518E1,1.098926333E0,-7.854159487E0,-8.946929544E0
6.152057946E1,9.946293722E-1,4.235535021E-3,-6.914814454E-2,-7.689607415E-2,1.188159413E1,1.102506482E0,-7.868626953E0,-8.917460051E0
6.153054472E1,9.946437453E-1,4.533958715E-3,-6.930532687E-2,-7.655086406E-2,1.186567026E1,1.135530456E0,-7.884354262E0,-8.880224873E0
6.154051212E1,9.946547428E-1,4.939320244E-3,-6.945879529E-2,-7.624317310E-2,1.185347176E1,1.181116815E0,-7.898687817E0,-8.848177813E0
6.155049227E1,9.946720484E-1,5.186709005E-3,-6.952752864E-2,-7.593771737E-2,1.183425095E1,1.207767206E0,-7.904737452E0,-8.814944645E0
6.156046092E1,9.946824214E-1,4.974853944E-3,-6.962892427E-2,-7.572281256E-2,1.182271508E1,1.182587632E0,-7.918474182E0,-8.788641635E0
6.157046264E1,9.946758875E-1,4.623927110E-3,-6.976249772E-2,-7.570793959E-2,1.182998282E1,1.143292851E0,-7.936875752E0,-8.784459577E0
6.158043467E1,NaN,NaN,NaN,NaN,NaN,NaN,NaN,NaN
